DATE,DESCRIPTION,DEBIT,CREDIT,BALANCE,CLASSIFICATION_TRANS,,
01-02-2019,TIRUMANGALAMBYCHQ TTTFRCRKISHOREMARKETING,,2828,735041.64,CHQ,,
01-02-2019,MUMBAIFORTWITHDRAWALTRANSFERMARSINTERNATIONAIDIBH19032195103CRTRANSFER24,500029,,235012.64,TRANSFER,235012.64,0
01-02-2019,MUMBAIFORTC ACFEESSRICRMEENAKSHIAM729TRANSFER24,,3577,238589.64,TRANSFER,238589.64,0
01-02-2019,MUMBAIFORTC ACFEESCRAMMANFRUITS764TRANSFER23,,32477,271066.64,TRANSFER,271066.64,0
02-02-2019,SERVICEBRANCHCHENNAICHEQUEDEPO00019876CRANDHRABANK,,20575,291641.64,CHQ,291641.64,0
02-02-2019,SERVICEBRANCHCHENNAICHEQUEDEPO00104152CRBANKOFMAHARASHTRA0446CTSG104152 BOM,,10245,301886.64,CHQ,301886.64,0
02-02-2019,SERVICEBRANCHCHENNAICHEQUEDEPO00735398CRSYNDICATEBANK,,3754,305640.64,CHQ,305640.64,0
02-02-2019,SERVICEBRANCHCHENNAICHEQUEDEPO00555464CR2590446CTSG,,6759,312399.64,CHQ,312399.64,0
02-02-2019,SERVICEBRANCHCHENNAICHEQUEDEPO00001397CR2400446CTSG,,3470,315869.64,CHQ,315869.64,0
02-02-2019,SERVICEBRANCHCHENNAICHEQUEDEPO00015585CRVIJAYABANK0446CTSG015585 VJB,,4618,320487.64,OUTWARD-RETURN,320487.64,0
02-02-2019,SERVICEBRANCHCHENNAICHEQUEDEPO00447553CRSTATEBANKOFINDIA0446CTSG447553 SBI,,2145,322632.64,CHQ,322632.64,0
02-02-2019,SERVICEBRANCHCHENNAICHEQUEDEPO00211654CRINDIANOVERSEASBANK0446CTSG211654 IOB,,5683,328315.64,CHQ,328315.64,0
02-02-2019,SERVICEBRANCHCHENNAICHEQUEDEPO00002649CR2400446CTSG,,768,329083.64,CHQ,329083.64,0
02-02-2019,SERVICEBRANCHCHENNAICHEQUEDEPO00177930CRCANARABANK0446CTSG177930 CAB,,847,329930.64,CHQ,329930.64,0
02-02-2019,TIRUMANGALAMCASHDEPOSITCRDepositbySELF,,500000,829930.64,CASH,829930.64,0
02-02-2019,ATMSERVICEBYTRANSFERCRBRANCH IMPS 210 KishoreAgenciesTRANSFE461,,20828,850758.64,IMPS,850758.64,0
02-02-2019,SERVICEBRANCHCHENNAIOUTCHQRETCRFundsinsufficient,4618,,846140.64,OUTWARD-RETURN,846140.64,0
02-02-2019,SERVICEBRANCHCHENNAICHQDISHONOURCR,250,,845890.64,INWARD-CHARGES,845890.64,0
02-02-2019,MUMBAIFORTWITHDRAWALTRANSFERMARSINTERNATIONAIDIBH19033283138CRTRANSFER24,300029,,545861.64,TRANSFER,545861.64,0
02-02-2019,CASHDEPCRCHRGSOTHER,300,,545561.64,DEPOSIT-CHARGES,545561.64,0
04-02-2019,MUMBAIFORTWITHDRAWALTRANSFERCRREDBULLINDIAP796TRANSFER24,200014,,345547.64,TRANSFER,345547.64,0
04-02-2019,MUMBAIFORTC ACFEESCRSANTHOSHSUPERM619TRANSFER27,,5979,351526.64,TRANSFER,351526.64,0
04-02-2019,MUMBAIFORTC ACFEESCRSANTHOSHSUPERM905TRANSFER27,,477,352003.64,TRANSFER,352003.64,0
05-02-2019,SERVICEBRANCHCHENNAICHEQUEDEPO00064342CRDENABANK0446CTSCHQ064342,,1688,353691.64,CHQ,353691.64,0
05-02-2019,SERVICEBRANCHCHENNAICHEQUEDEPO00038593CRANDHRABANK0446CTSG038593 ANB,,1296,354987.64,CHQ,354987.64,0
05-02-2019,SERVICEBRANCHCHENNAICHEQUEDEPO00000283CRKARURVYSYABANKLTD0446CTSCHQ000283,,29659,384646.64,CHQ,384646.64,0
05-02-2019,SERVICEBRANCHCHENNAICHEQUEDEPO00009239CR2400446CTSG,,4608,389254.64,CHQ,389254.64,0
05-02-2019,SERVICEBRANCHCHENNAICHEQUEDEPO00117002CRUNIONBANKOFINDIA0446CTSG117002 UBI,,1846,391100.64,OUTWARD-RETURN,391100.64,0
05-02-2019,SERVICEBRANCHCHENNAICHEQUEDEPO00002291CRSOUTHINDIANBANKLTD0446CTSCLG002291CLG002291 SIB,,3905,395005.64,CHQ,395005.64,0
05-02-2019,SERVICEBRANCHCHENNAICHEQUEDEPO00530246CRTAMILNADUSTATEAPEXCOO0446CTSG,,447,395452.64,CHQ,395452.64,0
05-02-2019,SERVICEBRANCHCHENNAICHEQUEDEPO00007696CRUNITEDBANKOFINDIA0446CTSCLG007696CLG,,13130,408582.64,CHQ,408582.64,0
05-02-2019,SERVICEBRANCHCHENNAICHEQUEDEPO00007697CRUNITEDBANKOFINDIA0446CTSCLG007697CLG,,473,409055.64,CHQ,409055.64,0
05-02-2019,SERVICEBRANCHCHENNAICHEQUEDEPO00000030CR2400446CTSG,,1154,410209.64,CHQ,410209.64,0
05-02-2019,SERVICEBRANCHCHENNAICHEQUEDEPO00079175CRTAMILNADMERCANTILEBANK0446CTSG079175 TMB,,164,410373.64,CHQ,410373.64,0
05-02-2019,SERVICEBRANCHCHENNAICHEQUEDEPO00663758CRSYNDICATEBANK0446CTSG663758 SYB,,1297,411670.64,CHQ,411670.64,0
05-02-2019,SERVICEBRANCHCHENNAICHEQUEDEPO00723490CRTAMILNADMERCANTILEBANK0446CTSG723490 TMB,,7964,419634.64,CHQ,419634.64,0
05-02-2019,SERVICEBRANCHCHENNAICHEQUEDEPO00547351CRFEDERALBANKLTD0446CTSG547351 FBI,,2025,421659.64,CHQ,421659.64,0
05-02-2019,MUMBAIFORTC ACFEESCRSANTHOSHSUPERM230TRANSFER20,,6662,428321.64,TRANSFER,428321.64,0
05-02-2019,MUMBAIFORTC ACFEESCRSANTHOSHSUPERM635TRANSFER29,,14822,443143.64,TRANSFER,443143.64,0
05-02-2019,MUMBAIFORTC ACFEESCRSANTHOSHSUPERM442TRANSFER26,,6223,449366.64,TRANSFER,449366.64,0
05-02-2019,MUMBAIFORTC ACFEESCRSANTHOSHSUPERM786TRANSFER28,,14685,464051.64,TRANSFER,464051.64,0
05-02-2019,SERVICEBRANCHCHENNAIOUTCHQRETCRFundsinsufficient,1846,,462205.64,OUTWARD-RETURN,462205.64,0
05-02-2019,SERVICEBRANCHCHENNAICHQDISHONOURCR,250,,461955.64,INWARD-CHARGES,461955.64,0
05-02-2019,MUMBAIFORTC ACFEESCRLIMRASENTE7639TRANSFE128,,9733,471688.64,TRANSFER,471688.64,0
05-02-2019,MUMBAIFORTC ACFEESSRICRMEENAKSHIAM004TRANSFER29,,4397,476085.64,TRANSFER,476085.64,0
06-02-2019,SERVICEBRANCHCHENNAITOCLGCHQ00898715CRSECEDCWEST,14153,,461932.64,CHQ,461932.64,0
06-02-2019,SERVICEBRANCHCHENNAICHEQUEDEPO00317432CRUCOBANK0446CTSCLG317432CLG317432 UCO,,115640,577572.64,CHQ,577572.64,0
06-02-2019,SERVICEBRANCHCHENNAICHEQUEDEPO00038569CRANDHRABANK0446CTSG038569 ANB,,8510,586082.64,CHQ,586082.64,0
06-02-2019,SERVICEBRANCHCHENNAICHEQUEDEPO00004821CRICICIBANKINGCORPORATION0446CTSG,,14847,600929.64,CHQ,600929.64,0
06-02-2019,SERVICEBRANCHCHENNAICHEQUEDEPO00020023CRANDHRABANK0446CTSG020023 ANB,,1536,602465.64,CHQ,602465.64,0
06-02-2019,SERVICEBRANCHCHENNAICHEQUEDEPO00868583CRSTATEBANKOFINDIA0446CTSG868583 SBI,,9461,611926.64,CHQ,611926.64,0
06-02-2019,SERVICEBRANCHCHENNAICHEQUEDEPO00001692CRCITYUNIONBANKLTD0446CTSCHQ001692,,600,612526.64,CHQ,612526.64,0
06-02-2019,SERVICEBRANCHCHENNAICHEQUEDEPO00181082CRSTATEBANKOFINDIA0446CTSG181082 SBI,,9288,621814.64,CHQ,621814.64,0
06-02-2019,SERVICEBRANCHCHENNAICHEQUEDEPO00671362CRCANARABANK0446CTSG671362 CAB,,1733,623547.64,CHQ,623547.64,0
06-02-2019,SERVICEBRANCHCHENNAICHEQUEDEPO00955714CRVIJAYABANK0446CTSG955714 VJB,,1675,625222.64,CHQ,625222.64,0
06-02-2019,SERVICEBRANCHCHENNAICHEQUEDEPO00020020CRANDHRABANK0446CTSG020020 ANB,,2915,628137.64,CHQ,628137.64,0
06-02-2019,SERVICEBRANCHCHENNAICHEQUEDEPO00038563CRANDHRABANK0446CTSG038563 ANB,,4169,632306.64,CHQ,632306.64,0
06-02-2019,SERVICEBRANCHCHENNAICHEQUEDEPO00233627CRUTIBANKLTD0446CTSG,,1754,634060.64,CHQ,634060.64,0
06-02-2019,TIRUMANGALAMBYCHQ TTTFRCRKISHOREMARKETING,,4969,639029.64,CHQ,639029.64,0
06-02-2019,MUMBAIFORTC ACFEESCRSANTHOSHSUPERM886TRANSFER26,,1934,640963.64,TRANSFER,640963.64,0
06-02-2019,MUMBAIFORTC ACFEESCRHECTORBEVER7179117TRANSFER28,,12097,653060.64,TRANSFER,653060.64,0
06-02-2019,MUMBAIFORTC ACFEESCRHECTORBEVER7179110TRANSFER27,,12581,665641.64,TRANSFER,665641.64,0
06-02-2019,MUMBAIFORTC ACFEESCRHECTORBEVER7179125TRANSFER26,,14032,679673.64,TRANSFER,679673.64,0
07-02-2019,SERVICEBRANCHCHENNAICHEQUEDEPO00019926CRANDHRABANK0446CTSCHQ019026,,9886,689559.64,CHQ,689559.64,0
07-02-2019,SERVICEBRANCHCHENNAICHEQUEDEPO00288757CRUTIBANKLTD0446CTSG,,4325,693884.64,CHQ,693884.64,0
07-02-2019,SERVICEBRANCHCHENNAICHEQUEDEPO00001704CRANDHRABANK0446CTSG001704 ANB,,2139,696023.64,CHQ,696023.64,0
07-02-2019,SERVICEBRANCHCHENNAICHEQUEDEPO00211903CRINDIANOVERSEASBANK0446CTSG211903 IOB,,5713,701736.64,CHQ,701736.64,0
07-02-2019,SERVICEBRANCHCHENNAICHEQUEDEPO00000772CR4850446CTSG000772 KMB,,8999,710735.64,CHQ,710735.64,0
07-02-2019,SERVICEBRANCHCHENNAICHEQUEDEPO00038465CRANDHRABANK0446CTSG038465 ANB,,4325,715060.64,CHQ,715060.64,0
07-02-2019,SERVICEBRANCHCHENNAICHEQUEDEPO00474305CRSOUTHINDIANBANKLTD0446CTSCLG474305CLG474305 SIB,,4278,719338.64,CHQ,719338.64,0
07-02-2019,MUMBAIFORTWITHDRAWALTRANSFERMARSINTERNATIONAIDIBH19038110656CRTRANSFER24,400029,,319309.64,TRANSFER,319309.64,0
07-02-2019,MUMBAIFORTC ACFEESCRSANTHOSHSUPERM319TRANSFER21,,4484,323793.64,TRANSFER,323793.64,0
07-02-2019,MUMBAIFORTC ACFEESCRCHENNAIC5934533TRANSFER20,,3057,326850.64,TRANSFER,326850.64,0
08-02-2019,MUMBAIFORTC ACFEESCRKALIGAMBALFRUI7990TRANSFER24,,8587,335437.64,TRANSFER,335437.64,0
08-02-2019,MUMBAIFORTC ACFEESCRVIKPRIHOME81DCTRANSFE129,,5218,340655.64,TRANSFER,340655.64,0
08-02-2019,TIRUMANGALAMCASHDEPOSITCRDepositbySELF,,920000,1260655.64,CASH,1260655.64,0
08-02-2019,MUMBAIFORTWITHDRAWALTRANSFERMARSINTERNATIONAIDIBH19039199384CRTRANSFER24,500029,,760626.64,TRANSFER,760626.64,0
08-02-2019,MUMBAIFORTWITHDRAWALTRANSFERINBISCOCRINDIAPV681TRANSFER24,115014,,645612.64,TRANSFER,645612.64,0
08-02-2019,MUMBAIFORTWITHDRAWALTRANSFERHECTORBEVERAGESPIDIBH19039200388CRTRANSFER24,100006,,545606.64,TRANSFER,545606.64,0
08-02-2019,MUMBAIFORTC ACFEESCRANNAISUPERMAR0344TRANSFER24,,6506,552112.64,TRANSFER,552112.64,0
08-02-2019,CASHDEPCRCHRGSOTHER,720,,551392.64,DEPOSIT-CHARGES,551392.64,0
11-02-2019,SERVICEBRANCHCHENNAICHEQUEDEPO00001252CRKARURVYSYABANKLTD0446CTSCLG001252CLG001252 KVB,,2093,553485.64,CHQ,553485.64,0
11-02-2019,SERVICEBRANCHCHENNAICHEQUEDEPO00002674CR2400446CTSG,,1030,554515.64,CHQ,554515.64,0
11-02-2019,SERVICEBRANCHCHENNAICHEQUEDEPO00330720CRPUNJABNATIONALBANK0446CTSG330720 PNB,,3226,557741.64,CHQ,557741.64,0
11-02-2019,SERVICEBRANCHCHENNAICHEQUEDEPO00287770CRUTIBANKLTD0446CTSG,,2304,560045.64,CHQ,560045.64,0
11-02-2019,SERVICEBRANCHCHENNAICHEQUEDEPO00030134CRICICIBANKINGCORPORATION0446CTSG,,1369,561414.64,CHQ,561414.64,0
11-02-2019,SERVICEBRANCHCHENNAICHEQUEDEPO00000301CR2400446CTSG,,1009,562423.64,CHQ,562423.64,0
11-02-2019,SERVICEBRANCHCHENNAICHEQUEDEPO00216343CRFEDERALBANKLTD0446CTSG216343 FBI,,2840,565263.64,CHQ,565263.64,0
11-02-2019,SERVICEBRANCHCHENNAICHEQUEDEPO00588709CRVIJAYABANK0446CTSG588709 VJB,,3374,568637.64,CHQ,568637.64,0
11-02-2019,SERVICEBRANCHCHENNAICHEQUEDEPO00216396CRFEDERALBANKLTD0446CTSG216396 FBI,,6308,574945.64,CHQ,574945.64,0
11-02-2019,SERVICEBRANCHCHENNAICHEQUEDEPO00742034CRINDIANOVERSEASBANK0446CTSG742034 IOB,,1699,576644.64,CHQ,576644.64,0
11-02-2019,SERVICEBRANCHCHENNAICHEQUEDEPO00001298CR2400446CTSG,,2160,578804.64,CHQ,578804.64,0
11-02-2019,SERVICEBRANCHCHENNAICHEQUEDEPO00290049CRUTIBANKLTD0446CTSG,,10000,588804.64,CHQ,588804.64,0
11-02-2019,SERVICEBRANCHCHENNAICHEQUEDEPO00909161CRINDIANOVERSEASBANK0446CTSCHQ009161,,2787,591591.64,CHQ,591591.64,0
11-02-2019,SERVICEBRANCHCHENNAICHEQUEDEPO00079261CRUTIBANKLTD0446CTSG,,2116,593707.64,CHQ,593707.64,0
11-02-2019,SERVICEBRANCHCHENNAICHEQUEDEPO00188069CRTAMILNADMERCANTILEBANK0446CTSG188069 TMB,,2139,595846.64,CHQ,595846.64,0
11-02-2019,SERVICEBRANCHCHENNAICHEQUEDEPO00312892CRSYNDICATEBANK0446CTSG312892 SYB,,7509,603355.64,CHQ,603355.64,0
11-02-2019,SERVICEBRANCHCHENNAICHEQUEDEPO00000396CRKARURVYSYABANKLTD0446CTSCLG000396CLG000396 KVB,,2289,605644.64,CHQ,605644.64,0
11-02-2019,SERVICEBRANCHCHENNAICHEQUEDEPO00001333CR2400446CTSG,,2940,608584.64,CHQ,608584.64,0
11-02-2019,SERVICEBRANCHCHENNAICHEQUEDEPO00174726CRSTATEBANKOFINDIA0446CTSG174726 SBI,,1508,610092.64,CHQ,610092.64,0
11-02-2019,SERVICEBRANCHCHENNAICHEQUEDEPO00001030CR2400446CTSG,,1440,611532.64,CHQ,611532.64,0
11-02-2019,SERVICEBRANCHCHENNAICHEQUEDEPO00117002CRUNIONBANKOFINDIA0446CTSG117002 UBI,,1846,613378.64,CHQ,613378.64,0
11-02-2019,SERVICEBRANCHCHENNAICHEQUEDEPO00237339CR2340446CTSG,,2022,615400.64,CHQ,615400.64,0
11-02-2019,SERVICEBRANCHCHENNAICHEQUEDEPO00000322CR7500446CTSGAN,,1680,617080.64,CHQ,617080.64,0
11-02-2019,SERVICEBRANCHCHENNAICHEQUEDEPO00161500CR,,3841,620921.64,CHQ,620921.64,0
11-02-2019,SERVICEBRANCHCHENNAICHEQUEDEPO00237328CR2340446CTSG,,7648,628569.64,CHQ,628569.64,0
11-02-2019,SERVICEBRANCHCHENNAICHEQUEDEPO00000126CRKARURVYSYABANKLTD0446CTSCLG000126CLG000126 KVB,,2726,631295.64,CHQ,631295.64,0
11-02-2019,SERVICEBRANCHCHENNAICHEQUEDEPO00441074CR2590446CTSG,,1534,632829.64,CHQ,632829.64,0
11-02-2019,SERVICEBRANCHCHENNAICHEQUEDEPO00910542CR0020446CTSG910542 SBI,,2181,635010.64,CHQ,635010.64,0
11-02-2019,SERVICEBRANCHCHENNAICHEQUEDEPO00317433CRUCOBANK0446CTSCLG317433CLG317433 UCO,,22802,657812.64,CHQ,657812.64,0
11-02-2019,SERVICEBRANCHCHENNAICHEQUEDEPO00020144CRANDHRABANK0446CTSG020144 ANB,,1443,659255.64,CHQ,659255.64,0
11-02-2019,SERVICEBRANCHCHENNAICHEQUEDEPO00440032CR2590446CTSG,,1903,661158.64,CHQ,661158.64,0
11-02-2019,SERVICEBRANCHCHENNAICHEQUEDEPO00001020CR2400446CTSG,,17408,678566.64,CHQ,678566.64,0
11-02-2019,SERVICEBRANCHCHENNAICHEQUEDEPO00041583CRCENTRALBANKOFINDIA0446CTSCLG041583CLG041583 CBI,,1406,679972.64,CHQ,679972.64,0
11-02-2019,MUMBAIFORTC ACFEESNKNCRENTERPRISES684TRANSFER24,,15000,694972.64,TRANSFER,694972.64,0
11-02-2019,TIRUMANGALAMBYCHQ TTTFRCRKISHOREMARKETING,,13743,708715.64,CHQ,708715.64,0
11-02-2019,TIRUMANGALAMBYCHQ TTTFRCRKISHOREMARKETING,,2358,711073.64,CHQ,711073.64,0
11-02-2019,TIRUMANGALAMBYCHQ TTTFRCRKISHOREMARKETING,,3583,714656.64,CHQ,714656.64,0
12-02-2019,SERVICEBRANCHCHENNAICHEQUEDEPO00883020CRTAMILNADUSTATEAPEXCOO0446CTSG,,706,715362.64,CHQ,715362.64,0
12-02-2019,SERVICEBRANCHCHENNAICHEQUEDEPO00001588CRCITYUNIONBANKLTD0446CTSCLG001588CLG001588 CUB,,1543,716905.64,CHQ,716905.64,0
12-02-2019,MUMBAIFORTC ACFEESCRKARUVALURMARIA9591TRANSFER20,,20403,737308.64,TRANSFER,737308.64,0
12-02-2019,MUMBAIFORTC ACFEESCRAMMANFRUITS397TRANSFER29,,11873,749181.64,TRANSFER,749181.64,0
12-02-2019,SERVICEBRANCHCHENNAICHEQUEDEPO00290050CRUTIBANKLTD0446CTSG,,9556,758737.64,CHQ,758737.64,0
12-02-2019,SERVICEBRANCHCHENNAICHEQUEDEPO00019986CRUTIBANKLTD0446CTSG,,4873,763610.64,CHQ,763610.64,0
12-02-2019,SERVICEBRANCHCHENNAICHEQUEDEPO00427512CRTAMILNADMERCANTILEBANK0446CTSG427751 TMB,,10000,773610.64,CHQ,773610.64,0
12-02-2019,SERVICEBRANCHCHENNAICHEQUEDEPO00000571CRKARURVYSYABANKLTD0446CTSCLG000571CLG000571 KVB,,34422,808032.64,CHQ,808032.64,0
12-02-2019,SERVICEBRANCHCHENNAICHEQUEDEPO00002617CR2400446CTSG,,3784,811816.64,CHQ,811816.64,0
12-02-2019,SERVICEBRANCHCHENNAICHEQUEDEPO00073647CRUTIBANKLTD0446CTSG,,991,812807.64,CHQ,812807.64,0
12-02-2019,SERVICEBRANCHCHENNAICHEQUEDEPO00004479CRCITYUNIONBANKLTD0446CTSCLG004479CLG004479 CUB,,8350,821157.64,OUTWARD-RETURN,821157.64,0
12-02-2019,SERVICEBRANCHCHENNAICHEQUEDEPO00278953CRSTATEBANKOFINDIA0446CTSG278953 SBI,,18594,839751.64,CHQ,839751.64,0
12-02-2019,SERVICEBRANCHCHENNAICHEQUEDEPO00007923CRUNITEDBANKOFINDIA0446CTSCLG007923CLG,,12785,852536.64,CHQ,852536.64,0
12-02-2019,SERVICEBRANCHCHENNAICHEQUEDEPO00962428CRINDIANOVERSEASBANK0446CTSG962428 IOB,,1280,853816.64,CHQ,853816.64,0
12-02-2019,SERVICEBRANCHCHENNAICHEQUEDEPO00824562CRINDIANOVERSEASBANK0446CTSG824562 IOB,,3226,857042.64,CHQ,857042.64,0
12-02-2019,SERVICEBRANCHCHENNAICHEQUEDEPO00795102CR0170446CTSG,,15764,872806.64,CHQ,872806.64,0
12-02-2019,SERVICEBRANCHCHENNAICHEQUEDEPO00003656CRUTIBANKLTD0446CTSG,,1012,873818.64,CHQ,873818.64,0
12-02-2019,MUMBAIFORTC ACFEESCRSANTHOSHSUPERM694TRANSFER26,,4062,877880.64,TRANSFER,877880.64,0
12-02-2019,MUMBAIFORTC ACFEESCRSANTHOSHSUPERM286TRANSFER27,,5723,883603.64,TRANSFER,883603.64,0
12-02-2019,MUMBAIFORTC ACFEESCRSANTHOSHSUPERM499TRANSFER20,,2755,886358.64,TRANSFER,886358.64,0
12-02-2019,TIRUMANGALAMBYCHQ TTTFRCRKISHOREMARKETING,,2127,888485.64,CHQ,888485.64,0
12-02-2019,MUMBAIFORTC ACFEESCRLIMRASENTE6716TRANSFE129,,5538,894023.64,TRANSFER,894023.64,0
12-02-2019,SERVICEBRANCHCHENNAIOUTCHQRETCRFundsinsufficient,8350,,885673.64,OUTWARD-RETURN,885673.64,0
12-02-2019,SERVICEBRANCHCHENNAICHQDISHONOURCR,250,,885423.64,INWARD-CHARGES,885423.64,0
13-02-2019,MUMBAIFORTC ACFEESCRCHENNAIC0379276TRANSFER25,,2904,888327.64,TRANSFER,888327.64,0
13-02-2019,SERVICEBRANCHCHENNAICHEQUEDEPO00001021CR2400446CTSG,,20000,908327.64,CHQ,908327.64,0
13-02-2019,SERVICEBRANCHCHENNAICHEQUEDEPO00020151CRANDHRABANK0446CTSG020151 ANB,,17826,926153.64,CHQ,926153.64,0
13-02-2019,SERVICEBRANCHCHENNAICHEQUEDEPO00536068CRINDIANOVERSEASBANK0446CTSG536068 IOB,,1508,927661.64,CHQ,927661.64,0
13-02-2019,SERVICEBRANCHCHENNAICHEQUEDEPO00219824CRCANARABANK0446CTSG219824 CAB,,5218,932879.64,CHQ,932879.64,0
13-02-2019,SERVICEBRANCHCHENNAICHEQUEDEPO00000556CRKARURVYSYABANKLTD0446CTSCLG000556CLG000556 KVB,,27748,960627.64,CHQ,960627.64,0
13-02-2019,SERVICEBRANCHCHENNAICHEQUEDEPO00001411CRKARURVYSYABANKLTD0446CTSCLG001411CLG001411 KVB,,42682,1003309.64,CHQ,1003309.64,0
13-02-2019,SERVICEBRANCHCHENNAICHEQUEDEPO00459988CRUNITEDBANKOFINDIA0446CTSCLG459988CLG,,611,1003920.64,CHQ,1003920.64,0
13-02-2019,SERVICEBRANCHCHENNAICHEQUEDEPO00009383CR4850446CTSCHQ000383,,8132,1012052.64,CHQ,1012052.64,0
13-02-2019,SERVICEBRANCHCHENNAICHEQUEDEPO00000478CRKARURVYSYABANKLTD0446CTSCLG000478CLG000478 KVB,,2545,1014597.64,CHQ,1014597.64,0
13-02-2019,SERVICEBRANCHCHENNAICHEQUEDEPO00036994CRBANKOFINDIA0446CTSG036994 BOI,,4354,1018951.64,CHQ,1018951.64,0
13-02-2019,SERVICEBRANCHCHENNAICHEQUEDEPO00002712CR2400446CTSG,,6150,1025101.64,CHQ,1025101.64,0
13-02-2019,SERVICEBRANCHCHENNAICHEQUEDEPO00000144CRKARURVYSYABANKLTD0446CTSCLG000144CLG000144 KVB,,828,1025929.64,CHQ,1025929.64,0
13-02-2019,SERVICEBRANCHCHENNAICHEQUEDEPO00000228CRINDIANOVERSEASBANK0446CTSCLG000228,,6944,1032873.64,CHQ,1032873.64,0
13-02-2019,MUMBAIFORTC ACFEESCRMCRENNETTF0592920TRANSFER24,,2603,1035476.64,TRANSFER,1035476.64,0
13-02-2019,SERVICEBRANCHCHENNAICHEQUEDEPO00003799CR2400446CTSG,,16261,1051737.64,CHQ,1051737.64,0
13-02-2019,TIRUMANGALAMCASHDEPOSITCRDepositbySELF,,100000,1151737.64,CASH,1151737.64,0
13-02-2019,MUMBAIFORTC ACFEESCRSANTHOSHSUPERM921TRANSFER23,,1241,1152978.64,TRANSFER,1152978.64,0
14-02-2019,MUMBAIFORTWITHDRAWALTRANSFERMARSINTERNATIONAIDIBH19045461877CRTRANSFER24,400029,,752949.64,TRANSFER,752949.64,0
14-02-2019,MUMBAIFORTWITHDRAWALTRANSFERINVENTZLIFESCIENIDIBH19045462151CRTRANSFER24,80006,,672943.64,TRANSFER,672943.64,0
14-02-2019,SERVICEBRANCHCHENNAICHEQUEDEPO00317434CRUCOBANK0446CTSCLG317434CLG317434 UCO,,60801,733744.64,CHQ,733744.64,0
14-02-2019,SERVICEBRANCHCHENNAICHEQUEDEPO00056647CR2400446CTSG,,80294,814038.64,CHQ,814038.64,0
14-02-2019,TIRUMANGALAMBYCHQ TTTFRCRKISHOREMARKETING,,462,814500.64,CHQ,814500.64,0
14-02-2019,MUMBAIFORTC ACFEESCRSANTHOSHSUPERM849TRANSFER23,,1534,816034.64,TRANSFER,816034.64,0
14-02-2019,TIRUMANGALAMCASHDEPOSITCRDepositbySELF,,90000,906034.64,CASH,906034.64,0
14-02-2019,MUMBAIFORTC ACFEESCRSANTHOSHSUPERM363TRANSFER27,,8475,914509.64,TRANSFER,914509.64,0
14-02-2019,TIRUMANGALAMBYCHQ TTTFRCRkishoremarketing,,8087,922596.64,CHQ,922596.64,0
14-02-2019,TIRUMANGALAMBYCHQ TTTFRCRkishoremarketing,,13052,935648.64,CHQ,935648.64,0
14-02-2019,TIRUMANGALAMBYCHQ TTTFRCRkishoremarketing,,1786,937434.64,CHQ,937434.64,0
14-02-2019,TIRUMANGALAMBYCHQ TTTFRCRkishoremarketing,,13053,950487.64,CHQ,950487.64,0
14-02-2019,MUMBAIFORTWITHDRAWALTRANSFERHECTORBEVERAGESPIDIBH19045106544CRTRANSFER24,75006,,875481.64,TRANSFER,875481.64,0
15-02-2019,SERVICEBRANCHCHENNAICHEQUEDEPO00003692CRKARURVYSYABANKLTD0446CTSCLG003692CLG003692 KVB,,2116,877597.64,CHQ,877597.64,0
15-02-2019,SERVICEBRANCHCHENNAICHEQUEDEPO00427513CRTAMILNADMERCANTILEBANK0446CTSG427513 TMB,,13519,891116.64,CHQ,891116.64,0
15-02-2019,SERVICEBRANCHCHENNAICHEQUEDEPO00170309CR2590446CTSG,,1392,892508.64,CHQ,892508.64,0
15-02-2019,SERVICEBRANCHCHENNAICHEQUEDEPO00000109CRKARURVYSYABANKLTD0446CTSCHQ000100,,2000,894508.64,CHQ,894508.64,0
15-02-2019,SERVICEBRANCHCHENNAICHEQUEDEPO00124447CRCANARABANK0446CTSG124447 CAB,,328,894836.64,CHQ,894836.64,0
15-02-2019,SERVICEBRANCHCHENNAICHEQUEDEPO00000146CRKARURVYSYABANKLTD0446CTSCLG000146CLG000146 KVB,,1009,895845.64,CHQ,895845.64,0
15-02-2019,SERVICEBRANCHCHENNAICHEQUEDEPO00103354CRCENTRALBANKOFINDIA0446CTSCHQ10354,,7253,903098.64,CHQ,903098.64,0
15-02-2019,SERVICEBRANCHCHENNAICHEQUEDEPO00001721CR2400446CTSG,,11181,914279.64,CHQ,914279.64,0
15-02-2019,SERVICEBRANCHCHENNAICHEQUEDEPO00909257CRINDIANOVERSEASBANK0446CTSG909257 IOB,,3870,918149.64,OUTWARD-RETURN,918149.64,0
15-02-2019,SERVICEBRANCHCHENNAICHEQUEDEPO00923730CRSYNDICATEBANK0446CTSG923730 SYB,,571,918720.64,CHQ,918720.64,0
15-02-2019,SERVICEBRANCHCHENNAICHEQUEDEPO00367090CRCANARABANK0446CTSCHQ367000,,306,919026.64,CHQ,919026.64,0
15-02-2019,SERVICEBRANCHCHENNAICHEQUEDEPO00001939CRKARURVYSYABANKLTD0446CTSCLG001939CLG001939 KVB,,3027,922053.64,CHQ,922053.64,0
15-02-2019,TIRUMANGALAMCASHDEPOSITCRDepositbySELF,,380000,1302053.64,CASH,1302053.64,0
15-02-2019,SERVICEBRANCHCHENNAIOUTCHQRETCRFundsinsufficient,3870,,1298183.64,OUTWARD-RETURN,1298183.64,0
15-02-2019,SERVICEBRANCHCHENNAICHQDISHONOURCR,250,,1297933.64,INWARD-CHARGES,1297933.64,0
15-02-2019,MUMBAIFORTWITHDRAWALTRANSFERMARSINTERNATIONAIDIBH19046149624CRTRANSFER24,500029,,797904.64,TRANSFER,797904.64,0
15-02-2019,MUMBAIFORTWITHDRAWALTRANSFERCRREDBULLINDIAP796TRANSFER24,200014,,597890.64,TRANSFER,597890.64,0
15-02-2019,MUMBAIFORTWITHDRAWALTRANSFERINBISCOCRINDIAPV928TRANSFER24,165014,,432876.64,TRANSFER,432876.64,0
15-02-2019,MUMBAIFORTC ACFEESKPNCRFARMFRESHP79TRANSFE121,,9705,442581.64,TRANSFER,442581.64,0
15-02-2019,MUMBAIFORTC ACFEESCRAMMANFRUITS778TRANSFER23,,12555,455136.64,TRANSFER,455136.64,0
15-02-2019,MUMBAIFORTC ACFEESSRICRMEENAKSHIAM555TRANSFER21,,2386,457522.64,TRANSFER,457522.64,0
15-02-2019,CASHDEPCRCHRGSOTHER,180,,457342.64,DEPOSIT-CHARGES,457342.64,0
16-02-2019,MUMBAIFORTC ACFEESNKNCRENTERPRISES362TRANSFER21,,15000,472342.64,TRANSFER,472342.64,0
16-02-2019,TIRUMANGALAMCASHDEPOSITCRDepositbySELF,,100000,572342.64,CASH,572342.64,0
18-02-2019,SERVICEBRANCHCHENNAICHEQUEDEPO00001938CRKARURVYSYABANKLTD0446CTSCLG001938CLG001938 KVB,,2878,575220.64,CHQ,575220.64,0
18-02-2019,SERVICEBRANCHCHENNAICHEQUEDEPO00002713CRICICIBANKINGCORPORATION0446CTSG,,3767,578987.64,CHQ,578987.64,0
18-02-2019,SERVICEBRANCHCHENNAICHEQUEDEPO00104258CRBANKOFMAHARASHTRA0446CTSG104258 BOM,,13064,592051.64,CHQ,592051.64,0
18-02-2019,SERVICEBRANCHCHENNAICHEQUEDEPO00080826CRTAMILNADMERCANTILEBANK0446CTSG080826 TMB,,328,592379.64,CHQ,592379.64,0
18-02-2019,SERVICEBRANCHCHENNAICHEQUEDEPO00000093CRCITYUNIONBANKLTD0446CTSCHQ000093,,4608,596987.64,CHQ,596987.64,0
18-02-2019,SERVICEBRANCHCHENNAICHEQUEDEPO00005666CRKARURVYSYABANKLTD0446CTSCLG005666CLG005666 KVB,,566,597553.64,CHQ,597553.64,0
18-02-2019,SERVICEBRANCHCHENNAICHEQUEDEPO00753705CR2340446CTSG,,742,598295.64,CHQ,598295.64,0
18-02-2019,SERVICEBRANCHCHENNAICHEQUEDEPO00074280CRUTIBANKLTD0446CTSG,,5248,603543.64,CHQ,603543.64,0
18-02-2019,SERVICEBRANCHCHENNAICHEQUEDEPO00278631CRTAMILNADMERCANTILEBANK0446CTSG278631 TMB,,2994,606537.64,CHQ,606537.64,0
18-02-2019,SERVICEBRANCHCHENNAICHEQUEDEPO00219826CRCANARABANK0446CTSG219826 CAB,,4978,611515.64,CHQ,611515.64,0
18-02-2019,SERVICEBRANCHCHENNAICHEQUEDEPO00008838CRKARURVYSYABANKLTD0446CTSCLG008838CLG008838 KVB,,20038,631553.64,CHQ,631553.64,0
18-02-2019,SERVICEBRANCHCHENNAICHEQUEDEPO00002345CRSOUTHINDIANBANKLTD0446CTSCLG002345CLG002345 SIB,,9003,640556.64,CHQ,640556.64,0
18-02-2019,SERVICEBRANCHCHENNAICHEQUEDEPO00000043CR2400446CTSG,,686,641242.64,CHQ,641242.64,0
18-02-2019,SERVICEBRANCHCHENNAICHEQUEDEPO00000136CRINDIANOVERSEASBANK0446CTSG000136 IOB,,1225,642467.64,CHQ,642467.64,0
18-02-2019,SERVICEBRANCHCHENNAICHEQUEDEPO00000186CR7560446CTSG,,1150,643617.64,CHQ,643617.64,0
18-02-2019,SERVICEBRANCHCHENNAICHEQUEDEPO00004567CRCITYUNIONBANKLTD0446CTSCLG004567CLG004567 CUB,,2858,646475.64,CHQ,646475.64,0
18-02-2019,SERVICEBRANCHCHENNAICHEQUEDEPO00886203CRINDIANOVERSEASBANK0446CTSG886203 IOB,,572,647047.64,OUTWARD-RETURN,647047.64,0
18-02-2019,SERVICEBRANCHCHENNAICHEQUEDEPO00795113CRCORPORATIONBANK0446CTSG,,18895,665942.64,CHQ,665942.64,0
18-02-2019,SERVICEBRANCHCHENNAICHEQUEDEPO00609123CRTAMILNADMERCANTILEBANK0446CTSG609123 TMB,,9033,674975.64,CHQ,674975.64,0
18-02-2019,MUMBAIFORTC ACFEESCRPONNUSUPERMAR2942TRANSFER28,,9643,684618.64,TRANSFER,684618.64,0
18-02-2019,TIRUMANGALAMBYCHQ TTTFRCRKISHOREMARKETING,,35508,720126.64,CHQ,720126.64,0
18-02-2019,TIRUMANGALAMCASHDEPOSITCRDepositbySELF,,120000,840126.64,CASH,840126.64,0
18-02-2019,MUMBAIFORTC ACFEESCRANNANAGARSUPE1765TRANSFER28,,21795,861921.64,TRANSFER,861921.64,0
18-02-2019,SERVICEBRANCHCHENNAIOUTCHQRETCRFundsinsufficient,572,,861349.64,OUTWARD-RETURN,861349.64,0
18-02-2019,SERVICEBRANCHCHENNAICHQDISHONOURCR,250,,861099.64,INWARD-CHARGES,861099.64,0
19-02-2019,SERVICEBRANCHCHENNAICHEQUEDEPO00227273CRUTIBANKLTD0446CTSG,,24194,885293.64,CHQ,885293.64,0
19-02-2019,SERVICEBRANCHCHENNAICHEQUEDEPO00000161CRKARURVYSYABANKLTD0446CTSCLG000161CLG000161 KVB,,10184,895477.64,CHQ,895477.64,0
19-02-2019,SERVICEBRANCHCHENNAICHEQUEDEPO00002741CR4850446CTSG002741 KMB,,8659,904136.64,CHQ,904136.64,0
19-02-2019,SERVICEBRANCHCHENNAICHEQUEDEPO00207878CRFEDERALBANKLTD0446CTSG207878 FBI,,8633,912769.64,CHQ,912769.64,0
19-02-2019,SERVICEBRANCHCHENNAICHEQUEDEPO00742065CRINDIANOVERSEASBANK0446CTSG742065 IOB,,3796,916565.64,CHQ,916565.64,0
19-02-2019,SERVICEBRANCHCHENNAICHEQUEDEPO00661981CRSTATEBANKOFINDIA0446CTSG661981 SBI,,1192,917757.64,CHQ,917757.64,0
19-02-2019,SERVICEBRANCHCHENNAICHEQUEDEPO00001353CR2400446CTSG,,2250,920007.64,CHQ,920007.64,0
19-02-2019,SERVICEBRANCHCHENNAICHEQUEDEPO00862154CRSTATEBANKOFINDIA0446CTSG862154 SBI,,1219,921226.64,CHQ,921226.64,0
19-02-2019,SERVICEBRANCHCHENNAICHEQUEDEPO00175623CRTAMILNADMERCANTILEBANK0446CTSG175623 TMB,,2274,923500.64,CHQ,923500.64,0
19-02-2019,SERVICEBRANCHCHENNAICHEQUEDEPO00091896CRVIJAYABANK0446CTSG091896 VJB,,47206,970706.64,CHQ,970706.64,0
19-02-2019,SERVICEBRANCHCHENNAICHEQUEDEPO00317435CRUCOBANK0446CTSCLG317435CLG317435 UCO,,62403,1033109.64,CHQ,1033109.64,0
19-02-2019,SERVICEBRANCHCHENNAICHEQUEDEPO00227274CRUTIBANKLTD0446CTSG,,31817,1064926.64,CHQ,1064926.64,0
19-02-2019,MUMBAIFORTC ACFEESCRVIKPRIHOME81DCTRANSFE129,,8018,1072944.64,TRANSFER,1072944.64,0
19-02-2019,TIRUMANGALAMBYCHQ TTTFRCRKISHOREMARKETING,,7892,1080836.64,CHQ,1080836.64,0
19-02-2019,TIRUMANGALAMCASHDEPOSITCRDepositbySELF,,100000,1180836.64,CASH,1180836.64,0
19-02-2019,MUMBAIFORTC ACFEESCRSANTHOSHSUPERM772TRANSFER24,,3879,1184715.64,TRANSFER,1184715.64,0
19-02-2019,MUMBAIFORTC ACFEESCRSANTHOSHSUPERM913TRANSFER23,,914,1185629.64,TRANSFER,1185629.64,0
19-02-2019,MUMBAIFORTC ACFEESCRSANTHOSHSUPERM585TRANSFER26,,1611,1187240.64,TRANSFER,1187240.64,0
20-02-2019,TIRUMANGALAMBYCHQ TTTFRCRtrfKISHOREMARKETING,,11685,1198925.64,CHQ,1198925.64,0
20-02-2019,MUMBAIFORTC ACFEESCRCHENNAIC5480363TRANSFER29,,7638,1206563.64,TRANSFER,1206563.64,0
20-02-2019,MUMBAIFORTC ACFEESCRLIMRASENTE5134TRANSFE126,,6955,1213518.64,TRANSFER,1213518.64,0
21-02-2019,SERVICEBRANCHCHENNAICHEQUEDEPO00671467CRCANARABANK0446CTSG671467 CAB,,2005,1215523.64,CHQ,1215523.64,0
21-02-2019,SERVICEBRANCHCHENNAICHEQUEDEPO00004861CRSOUTHINDIANBANKLTD0446CTSCLG004861CLG004861 SIB,,10560,1226083.64,CHQ,1226083.64,0
21-02-2019,SERVICEBRANCHCHENNAICHEQUEDEPO00278637CRUTIBANKLTD0446CTSG,,2234,1228317.64,CHQ,1228317.64,0
21-02-2019,SERVICEBRANCHCHENNAICHEQUEDEPO00037030CRBANKOFINDIA0446CTSG037030 BOI,,4214,1232531.64,CHQ,1232531.64,0
21-02-2019,SERVICEBRANCHCHENNAICHEQUEDEPO00094312CRPUNJABNATIONALBANK0446CTSG094312 PNB,,16000,1248531.64,CHQ,1248531.64,0
21-02-2019,SERVICEBRANCHCHENNAICHEQUEDEPO00100777CR2590446CTSG,,1750,1250281.64,CHQ,1250281.64,0
21-02-2019,SERVICEBRANCHCHENNAICHEQUEDEPO00962590CRINDIANOVERSEASBANK0446CTSG962590 IOB,,1724,1252005.64,CHQ,1252005.64,0
21-02-2019,SERVICEBRANCHCHENNAICHEQUEDEPO00003429CRANDHRABANK0446CTSG003429 ANB,,15907,1267912.64,CHQ,1267912.64,0
21-02-2019,TIRUMANGALAMCASHDEPOSITCRDepositbySELF,,200000,1467912.64,CASH,1467912.64,0
21-02-2019,MUMBAIFORTC ACFEESCRSANTHOSHSUPERM492TRANSFER25,,1798,1469710.64,TRANSFER,1469710.64,0
21-02-2019,TIRUMANGALAMBYCHQ TTTFRCRKISHOREMARKETING,,7778,1477488.64,CHQ,1477488.64,0
21-02-2019,MUMBAIFORTWITHDRAWALTRANSFERMARSINTERNATIONAIDIBH19052374389CRTRANSFER24,600029,,877459.64,TRANSFER,877459.64,0
21-02-2019,MUMBAIFORTWITHDRAWALTRANSFERHECTORBEVERAGESPIDIBH19052401870CRTRANSFER24,100006,,777453.64,TRANSFER,777453.64,0
21-02-2019,MUMBAIFORTC ACFEESKPNCRFARMFRESHP990TRANSFER25,,21110,798563.64,TRANSFER,798563.64,0
22-02-2019,MUMBAIFORTWITHDRAWALTRANSFERMARSINTERNATIONAIDIBH19053407962CRTRANSFER24,600029,,198534.64,TRANSFER,198534.64,0
22-02-2019,TIRUMANGALAMBYCHQ TTTFRCRkishoremarketing,,3444,201978.64,CHQ,201978.64,0
22-02-2019,MUMBAIFORTC ACFEESCRSANTHOSHSUPERM838TRANSFER27,,22129,224107.64,TRANSFER,224107.64,0
22-02-2019,SERVICEBRANCHCHENNAICHEQUEDEPO00000251CR7510446CTSG000251 IDF,,2992,227099.64,CHQ,227099.64,0
22-02-2019,SERVICEBRANCHCHENNAICHEQUEDEPO00009906CRDHANALAKSHMIBANKLTD0446CTSCLG009906CLG009906 DNB,,2979,230078.64,CHQ,230078.64,0
22-02-2019,SERVICEBRANCHCHENNAICHEQUEDEPO00317437CRUCOBANK0446CTSCLG317437CLG317437 UCO,,67207,297285.64,CHQ,297285.64,0
22-02-2019,SERVICEBRANCHCHENNAICHEQUEDEPO00000800CRICICIBANKINGCORPORATION0446CTSG,,1887,299172.64,CHQ,299172.64,0
22-02-2019,SERVICEBRANCHCHENNAICHEQUEDEPO00322357CRINDIANOVERSEASBANK,,2000,301172.64,CHQ,301172.64,0
22-02-2019,SERVICEBRANCHCHENNAICHEQUEDEPO00288648CRUTIBANKLTD0446CTSG,,10000,311172.64,CHQ,311172.64,0
22-02-2019,SERVICEBRANCHCHENNAICHEQUEDEPO00170310CR2590446CTSG,,4786,315958.64,CHQ,315958.64,0
22-02-2019,SERVICEBRANCHCHENNAICHEQUEDEPO00094313CRPUNJABNATIONALBANK0446CTSG094313 PNB,,17404,333362.64,CHQ,333362.64,0
22-02-2019,SERVICEBRANCHCHENNAICHEQUEDEPO00038898CRANDHRABANK0446CTSG038898 ANB,,30494,363856.64,CHQ,363856.64,0
22-02-2019,SERVICEBRANCHCHENNAICHEQUEDEPO00009907CRDHANALAKSHMIBANKLTD0446CTSCLG009907CLG009907 DNB,,1261,365117.64,CHQ,365117.64,0
22-02-2019,SERVICEBRANCHCHENNAICHEQUEDEPO00020253CRANDHRABANK0446CTSG020253 ANB,,5058,370175.64,CHQ,370175.64,0
22-02-2019,SERVICEBRANCHCHENNAICHEQUEDEPO00006356CRCITYUNIONBANKLTD0446CTSCLG006356CLG006356 CUB,,1046,371221.64,CHQ,371221.64,0
22-02-2019,SERVICEBRANCHCHENNAICHEQUEDEPO00000006CRINDIANOVERSEASBANK0446CTSG000006 IOB,,1413,372634.64,CHQ,372634.64,0
22-02-2019,SERVICEBRANCHCHENNAICHEQUEDEPO00004904CRICICIBANKINGCORPORATION0446CTSG,,13185,385819.64,CHQ,385819.64,0
22-02-2019,SERVICEBRANCHCHENNAICHEQUEDEPO00002454CRBANKOFBARODA0446CTSCLG002454CLG002454 BOB,,10240,396059.64,CHQ,396059.64,0
22-02-2019,SERVICEBRANCHCHENNAICHEQUEDEPO00000619CR2400446CTSG,,3733,399792.64,CHQ,399792.64,0
22-02-2019,SERVICEBRANCHCHENNAICHEQUEDEPO00001313CR2400446CTSG,,10057,409849.64,CHQ,409849.64,0
22-02-2019,SERVICEBRANCHCHENNAICHEQUEDEPO00663829CRSYNDICATEBANK0446CTSG663829 SYB,,1372,411221.64,CHQ,411221.64,0
22-02-2019,SERVICEBRANCHCHENNAICHEQUEDEPO00220577CRUTIBANKLTD0446CTSG,,1945,413166.64,CHQ,413166.64,0
22-02-2019,SERVICEBRANCHCHENNAICHEQUEDEPO00986301CRINDIANOVERSEASBANK0446CTSG986301 IOB,,10780,423946.64,CHQ,423946.64,0
22-02-2019,SERVICEBRANCHCHENNAICHEQUEDEPO00010655CRICICIBANKINGCORPORATION0446CTSG,,10448,434394.64,CHQ,434394.64,0
22-02-2019,SERVICEBRANCHCHENNAICHEQUEDEPO00288649CRUTIBANKLTD0446CTSG,,9355,443749.64,CHQ,443749.64,0
22-02-2019,SERVICEBRANCHCHENNAICHEQUEDEPO00475277CRSOUTHINDIANBANKLTD0446CTSCLG475277CLG475277 SIB,,22435,466184.64,CHQ,466184.64,0
22-02-2019,MUMBAIFORTC ACFEESCRANNANAGARSUPE1562TRANSFER21,,18338,484522.64,TRANSFER,484522.64,0
22-02-2019,MUMBAIFORTC ACFEESKPNCRFARMFRESHP28TRANSFE123,,3669,488191.64,TRANSFER,488191.64,0
22-02-2019,MUMBAIFORTC ACFEESCRAMMANFRUITS698TRANSFER28,,11484,499675.64,TRANSFER,499675.64,0
22-02-2019,MUMBAIFORTC ACFEESSRICRMEENAKSHIAM438TRANSFER24,,3675,503350.64,TRANSFER,503350.64,0
25-02-2019,TIRUMANGALAMBYCHQ TTTFRCRKISHOREMARKETING,,5321,508671.64,CHQ,508671.64,0
25-02-2019,TIRUMANGALAMCASHDEPOSITCRDepositbySELF,,430000,938671.64,CASH,938671.64,0
25-02-2019,MUMBAIFORTC ACFEESCRLIMRASENTE9365TRANSFE121,,13369,952040.64,TRANSFER,952040.64,0
25-02-2019,CASHDEPCRCHRGSOTHER,230,,951810.64,DEPOSIT-CHARGES,951810.64,0
26-02-2019,SERVICEBRANCHCHENNAICHEQUEDEPO00460103CRUNITEDBANKOFINDIA0446CTSCLG460103CLG,,905,952715.64,CHQ,952715.64,0
26-02-2019,SERVICEBRANCHCHENNAICHEQUEDEPO00000918CRICICIBANKINGCORPORATION,,1150,953865.64,CHQ,953865.64,0
26-02-2019,SERVICEBRANCHCHENNAICHEQUEDEPO00290712CRUTIBANKLTD0446CTSG,,5760,959625.64,CHQ,959625.64,0
26-02-2019,SERVICEBRANCHCHENNAICHEQUEDEPO00167895CRSTATEBANKOFINDIA0446CTSG167895 SBI,,1666,961291.64,CHQ,961291.64,0
26-02-2019,SERVICEBRANCHCHENNAICHEQUEDEPO00486448CRSTATEBANKOFINDIA,,53068,1014359.64,CHQ,1014359.64,0
26-02-2019,SERVICEBRANCHCHENNAICHEQUEDEPO00081286CRTAMILNADUSTATEAPEXCOO0446CTSG,,2080,1016439.64,CHQ,1016439.64,0
26-02-2019,SERVICEBRANCHCHENNAICHEQUEDEPO00824697CRINDIANOVERSEASBANK0446CTSG824697 IOB,,3601,1020040.64,CHQ,1020040.64,0
26-02-2019,SERVICEBRANCHCHENNAICHEQUEDEPO00038899CRANDHRABANK0446CTSCHQ0,,10973,1031013.64,CHQ,1031013.64,0
26-02-2019,SERVICEBRANCHCHENNAICHEQUEDEPO00126420CRUTIBANKLTD0446CTSG,,2272,1033285.64,CHQ,1033285.64,0
26-02-2019,SERVICEBRANCHCHENNAICHEQUEDEPO00038924CRANDHRABANK0446CTSG038924 ANB,,1969,1035254.64,CHQ,1035254.64,0
26-02-2019,SERVICEBRANCHCHENNAICHEQUEDEPO00000242CRINDIANOVERSEASBANK0446CTSG000242 IOB,,3745,1038999.64,CHQ,1038999.64,0
26-02-2019,SERVICEBRANCHCHENNAICHEQUEDEPO00403101CRSTATEBANKOFINDIA0446CTSG403101 SBI,,1307,1040306.64,CHQ,1040306.64,0
26-02-2019,SERVICEBRANCHCHENNAICHEQUEDEPO00000501CRANDHRABANK0446CTSG000501 ANB,,1000,1041306.64,CHQ,1041306.64,0
26-02-2019,SERVICEBRANCHCHENNAICHEQUEDEPO00042094CRCENTRALBANKOFINDIA0446CTSCLG042094CLG042094 CBI,,1983,1043289.64,CHQ,1043289.64,0
26-02-2019,SERVICEBRANCHCHENNAICHEQUEDEPO00317438CRUCOBANK0446CTSCLG317438CLG317438 UCO,,28801,1072090.64,CHQ,1072090.64,0
26-02-2019,SERVICEBRANCHCHENNAICHEQUEDEPO00447411CR2590446CTSG,,2177,1074267.64,CHQ,1074267.64,0
26-02-2019,SERVICEBRANCHCHENNAICHEQUEDEPO00883138CRTAMILNADUSTATEAPEXCOO0446CTSG,,1013,1075280.64,CHQ,1075280.64,0
26-02-2019,SERVICEBRANCHCHENNAICHEQUEDEPO00000425CRKARURVYSYABANKLTD0446CTSCLG000425CLG000425 KVB,,1592,1076872.64,CHQ,1076872.64,0
26-02-2019,MUMBAIFORTC ACFEESCRSANTHOSHSUPERM304TRANSFER24,,20003,1096875.64,TRANSFER,1096875.64,0
26-02-2019,MUMBAIFORTC ACFEESCRSANTHOSHSUPERM341TRANSFER23,,6013,1102888.64,TRANSFER,1102888.64,0
26-02-2019,TIRUMANGALAMCASHDEPOSITCRDepositbySELF,,200000,1302888.64,CASH,1302888.64,0
26-02-2019,MUMBAIFORTWITHDRAWALTRANSFERCRREDBULLINDIAP940TRANSFER24,150014,,1152874.64,TRANSFER,1152874.64,0
26-02-2019,MUMBAIFORTWITHDRAWALTRANSFERINBISCOCRINDIAPV199TRANSFER24,120014,,1032860.64,TRANSFER,1032860.64,0
26-02-2019,MUMBAIFORTC ACFEESCRMERCYSUPER552988TRANSFE120,,919,1033779.64,TRANSFER,1033779.64,0
26-02-2019,MUMBAIFORTC ACFEESCRDRUGSPARKPHAR3067TRANSFER26,,1846,1035625.64,TRANSFER,1035625.64,0
26-02-2019,MUMBAIFORTC ACFEESCRLIMRASENTE9073TRANSFE121,,10875,1046500.64,TRANSFER,1046500.64,0
26-02-2019,MUMBAIFORTC ACFEESCRKARUVALURMARIA4931TRANSFER21,,11062,1057562.64,TRANSFER,1057562.64,0
27-02-2019,MUMBAIFORTC ACFEESCRCHENNAIC9874096TRANSFER25,,1601,1059163.64,TRANSFER,1059163.64,0
27-02-2019,MUMBAIFORTWITHDRAWALTRANSFERHECTORBEVERAGESPIDIBH19058173078CRTRANSFER24,150014,,909149.64,TRANSFER,909149.64,0
27-02-2019,SERVICEBRANCHCHENNAICHEQUEDEPO00015570CRORIENTALBANKOFCOMMERCE0446CTSG015570 OBC,,2375,911524.64,CHQ,911524.64,0
27-02-2019,MUMBAIFORTC ACFEESKPNCRFARMFRESHP681TRANSFER20,,11470,922994.64,TRANSFER,922994.64,0
27-02-2019,TIRUMANGALAMCASHDEPOSITCRDepositbySELF,,140000,1062994.64,CASH,1062994.64,0
27-02-2019,SERVICEBRANCHCHENNAICHEQUEDEPO00010915CRKARURVYSYABANKLTD0446CTSCLG010915CLG010915 KVB,,768,1063762.64,CHQ,1063762.64,0
27-02-2019,SERVICEBRANCHCHENNAICHEQUEDEPO00598650CRSYNDICATEBANK0446CTSG598650 SYB,,1542,1065304.64,CHQ,1065304.64,0
27-02-2019,SERVICEBRANCHCHENNAICHEQUEDEPO00100097CRCATHOLICSYRIANBANKLTD0446CTSG100097 CSB,,2457,1067761.64,CHQ,1067761.64,0
27-02-2019,SERVICEBRANCHCHENNAICHEQUEDEPO00003209CR4850446CTSG003209 KMB,,2011,1069772.64,CHQ,1069772.64,0
27-02-2019,SERVICEBRANCHCHENNAICHEQUEDEPO00983697CRINDIANOVERSEASBANK0446CTSG983697 IOB,,1077,1070849.64,CHQ,1070849.64,0
27-02-2019,SERVICEBRANCHCHENNAICHEQUEDEPO00039043CRANDHRABANK0446CTSG039043 ANB,,8335,1079184.64,CHQ,1079184.64,0
27-02-2019,SERVICEBRANCHCHENNAICHEQUEDEPO00536069CRINDIANOVERSEASBANK0446CTSG536069 IOB,,1071,1080255.64,CHQ,1080255.64,0
27-02-2019,SERVICEBRANCHCHENNAICHEQUEDEPO00615355CRTAMILNADMERCANTILEBANK0446CTSG615355 TMB,,4840,1085095.64,CHQ,1085095.64,0
27-02-2019,SERVICEBRANCHCHENNAICHEQUEDEPO00003539CRKARURVYSYABANKLTD0446CTSCLG003539CLG003539 KVB,,14304,1099399.64,CHQ,1099399.64,0
27-02-2019,SERVICEBRANCHCHENNAICHEQUEDEPO00709290CRSYNDICATEBANK0446CTSG709290 SYB,,1898,1101297.64,CHQ,1101297.64,0
27-02-2019,SERVICEBRANCHCHENNAICHEQUEDEPO00000911CRICICIBANKINGCORPORATION,,2299,1103596.64,CHQ,1103596.64,0
27-02-2019,SERVICEBRANCHCHENNAICHEQUEDEPO00000315CRICICIBANKINGCORPORATION0446CTSG,,686,1104282.64,CHQ,1104282.64,0
27-02-2019,SERVICEBRANCHCHENNAICHEQUEDEPO00184357CRCANARABANK0446CTSG184357 CAB,,582,1104864.64,CHQ,1104864.64,0
27-02-2019,MUMBAIFORTWITHDRAWALTRANSFERINBISCOCRINDIAPV478TRANSFER24,100006,,1004858.64,TRANSFER,1004858.64,0
27-02-2019,MUMBAIFORTC ACFEESCRLEAFINGROCERYP925TRANSFER25,,6893,1011751.64,TRANSFER,1011751.64,0
28-02-2019,SERVICEBRANCHCHENNAICHEQUEDEPO00735447CRSYNDICATEBANK0446CTSG735447 SYB,,4287,1016038.64,CHQ,1016038.64,0
28-02-2019,SERVICEBRANCHCHENNAICHEQUEDEPO00000360CRKARURVYSYABANKLTD0446CTSCLG000360CLG000360 KVB,,30917,1046955.64,OUTWARD-RETURN,1046955.64,0
28-02-2019,SERVICEBRANCHCHENNAICHEQUEDEPO00000227CRKARURVYSYABANKLTD0446CTSCLG000227CLG000227 KVB,,10876,1057831.64,CHQ,1057831.64,0
28-02-2019,SERVICEBRANCHCHENNAICHEQUEDEPO00144372CRSYNDICATEBANK0446CTSG144372 SYB,,1114,1058945.64,CHQ,1058945.64,0
28-02-2019,SERVICEBRANCHCHENNAICHEQUEDEPO00001445CRKARURVYSYABANKLTD0446CTSCLG001445CLG001445 KVB,,37442,1096387.64,CHQ,1096387.64,0
28-02-2019,SERVICEBRANCHCHENNAICHEQUEDEPO00020363CRANDHRABANK0446CTSG020363 ANB,,24642,1121029.64,CHQ,1121029.64,0
28-02-2019,SERVICEBRANCHCHENNAICHEQUEDEPO00005731CRCITYUNIONBANKLTD0446CTSCHQ005731,,5965,1126994.64,CHQ,1126994.64,0
28-02-2019,SERVICEBRANCHCHENNAICHEQUEDEPO00588814CRVIJAYABANK0446CTSG588814 VJB,,1803,1128797.64,CHQ,1128797.64,0
28-02-2019,SERVICEBRANCHCHENNAICHEQUEDEPO00008248CRKARURVYSYABANKLTD0446CTSCHQ008248,,1406,1130203.64,CHQ,1130203.64,0
28-02-2019,SERVICEBRANCHCHENNAICHEQUEDEPO00001865CRKARURVYSYABANKLTD0446CTSCLG001865CLG001865 KVB,,10955,1141158.64,CHQ,1141158.64,0
28-02-2019,SERVICEBRANCHCHENNAICHEQUEDEPO00000334CR2400446CTSG,,711,1141869.64,CHQ,1141869.64,0
28-02-2019,TIRUMANGALAMBYCHQ TTTFRCRKISHOREMARKETING,,1487,1143356.64,CHQ,1143356.64,0
28-02-2019,TIRUMANGALAMCASHDEPOSITCRDepositbySELF,,200000,1343356.64,CASH,1343356.64,0
28-02-2019,MUMBAIFORTC ACFEESCRSANTHOSHSUPERM882TRANSFER24,,4173,1347529.64,TRANSFER,1347529.64,0
28-02-2019,ATMSERVICEBYTRANSFERCRBRANCH IMPS 080 opentxn630568byJAYAPATRANSFE461,,4585,1352114.64,IMPS,1352114.64,0
28-02-2019,MUMBAIFORTC ACFEESCRSANTHOSHSUPERM101TRANSFER27,,10536,1362650.64,TRANSFER,1362650.64,0
28-02-2019,SERVICEBRANCHCHENNAIOUTCHQRETCRFundsinsufficient,30917,,1331733.64,OUTWARD-RETURN,1331733.64,0
28-02-2019,SERVICEBRANCHCHENNAICHQDISHONOURCR,250,,1331483.64,INWARD-CHARGES,1331483.64,0
01-03-2019,TIRUMANGALAMCASHDEPOSITCRDepositbySELF,,100000,1431483.64,CASH,1431483.64,0
01-03-2019,SERVICEBRANCHCHENNAICHEQUEDEPO00004495CR2400446CTSG,,11754,1443237.64,CHQ,1443237.64,0
01-03-2019,SERVICEBRANCHCHENNAICHEQUEDEPO00000060CR7880446CTSG,,1884,1445121.64,CHQ,1445121.64,0
01-03-2019,SERVICEBRANCHCHENNAICHEQUEDEPO00577283CR2340446CTSG,,2157,1447278.64,CHQ,1447278.64,0
01-03-2019,SERVICEBRANCHCHENNAICHEQUEDEPO00007695CRUNITEDBANKOFINDIA0446CTSCLG007695CLG,,6156,1453434.64,CHQ,1453434.64,0
01-03-2019,SERVICEBRANCHCHENNAICHEQUEDEPO00170324CR,,7120,1460554.64,CHQ,1460554.64,0
01-03-2019,SERVICEBRANCHCHENNAICHEQUEDEPO00650708CRSYNDICATEBANK0446CTSCHQ65070,,2803,1463357.64,CHQ,1463357.64,0
01-03-2019,SERVICEBRANCHCHENNAICHEQUEDEPO00019367CRKARURVYSYABANKLTD0446CTSCLG019367CLG019367 KVB,,17063,1480420.64,CHQ,1480420.64,0
01-03-2019,SERVICEBRANCHCHENNAICHEQUEDEPO00188146CRTAMILNADMERCANTILEBANK0446CTSG188146 TMB,,1070,1481490.64,CHQ,1481490.64,0
01-03-2019,SERVICEBRANCHCHENNAICHEQUEDEPO00039055CRANDHRABANK0446CTSG039055 ANB,,10085,1491575.64,CHQ,1491575.64,0
01-03-2019,SERVICEBRANCHCHENNAICHEQUEDEPO00000254CR2400446CTSCHQ00025,,2115,1493690.64,CHQ,1493690.64,0
01-03-2019,MUMBAIFORTWITHDRAWALTRANSFERMARSINTERNATIONAIDIBH19060318082CRTRANSFER24,800029,,693661.64,TRANSFER,693661.64,0
01-03-2019,MUMBAIFORTC ACFEESSRICRMEENAKSHIAM944TRANSFER20,,8087,701748.64,TRANSFER,701748.64,0
01-03-2019,MUMBAIFORTC ACFEESCRAMMANFRUITS655TRANSFER28,,10046,711794.64,TRANSFER,711794.64,0
02-03-2019,SERVICEBRANCHCHENNAICHEQUEDEPO00920574CRINDIANOVERSEASBANK0446CTSG920574 IOB,,1301,713095.64,CHQ,713095.64,0
02-03-2019,SERVICEBRANCHCHENNAICHEQUEDEPO00000223CRCITYUNIONBANKLTD0446CTSCLG000223CLG000223 CUB,,1395,714490.64,CHQ,714490.64,0
02-03-2019,SERVICEBRANCHCHENNAICHEQUEDEPO00740583CRVIJAYABANK,,5571,720061.64,OUTWARD-RETURN,720061.64,0
02-03-2019,SERVICEBRANCHCHENNAICHEQUEDEPO00002724CRICICIBANKINGCORPORATION0446CTSG,,11080,731141.64,CHQ,731141.64,0
02-03-2019,SERVICEBRANCHCHENNAICHEQUEDEPO00174727CRSTATEBANKOFINDIA0446CTSG174727 SBI,,845,731986.64,CHQ,731986.64,0
02-03-2019,SERVICEBRANCHCHENNAICHEQUEDEPO00001495CR2400446CTSG,,8218,740204.64,CHQ,740204.64,0
02-03-2019,SERVICEBRANCHCHENNAICHEQUEDEPO00177970CRTAMILNADMERCANTILEBANK0446CTSG177970 TMB,,2123,742327.64,CHQ,742327.64,0
02-03-2019,SERVICEBRANCHCHENNAIOUTCHQRETCRFundsinsufficient,5571,,736756.64,OUTWARD-RETURN,736756.64,0
02-03-2019,SERVICEBRANCHCHENNAICHQDISHONOURCR,250,,736506.64,INWARD-CHARGES,736506.64,0
04-03-2019,SERVICEBRANCHCHENNAICHEQUEDEPO00001822CRKARURVYSYABANKLTD0446CTSCLG001822CLG001822 KVB,,4303,740809.64,CHQ,740809.64,0
04-03-2019,SERVICEBRANCHCHENNAICHEQUEDEPO00147632CRICICIBANKINGCORPORATION0446CTSG,,3848,744657.64,CHQ,744657.64,0
04-03-2019,SERVICEBRANCHCHENNAICHEQUEDEPO00103443CRCENTRALBANKOFINDIA0446CTSCHQ4,,6272,750929.64,CHQ,750929.64,0
04-03-2019,SERVICEBRANCHCHENNAICHEQUEDEPO00006341CRCITYUNIONBANKLTD0446CTSCLG006341CLG006341 CUB,,4926,755855.64,CHQ,755855.64,0
04-03-2019,SERVICEBRANCHCHENNAICHEQUEDEPO00039155CRANDHRABANK0446CTSG039155 ANB,,3592,759447.64,CHQ,759447.64,0
04-03-2019,SERVICEBRANCHCHENNAICHEQUEDEPO00020408CRUTIBANKLTD0446CTSG,,6258,765705.64,CHQ,765705.64,0
04-03-2019,SERVICEBRANCHCHENNAICHEQUEDEPO00278755CRTAMILNADMERCANTILEBANK0446CTSG278755 TMB,,2777,768482.64,CHQ,768482.64,0
04-03-2019,MUMBAIFORTC ACFEESCRANNAISUPERMAR8459TRANSFER24,,6767,775249.64,TRANSFER,775249.64,0
05-03-2019,MUMBAIFORTC ACFEESCRSANTHOSHSUPERS778TRANSFER21,,84327,859576.64,TRANSFER,859576.64,0
05-03-2019,MUMBAIFORTC ACFEESCRSANTHOSHSUPERS933TRANSFER28,,15069,874645.64,TRANSFER,874645.64,0
05-03-2019,MUMBAIFORTWITHDRAWALTRANSFERCRSNJSugarsandp664TRANSFER24,92098,,782547.64,TRANSFER,782547.64,0
05-03-2019,SERVICEBRANCHCHENNAICHEQUEDEPO00006342CRCITYUNIONBANKLTD0446CTSCLG006342CLG006342 CUB,,5139,787686.64,CHQ,787686.64,0
05-03-2019,SERVICEBRANCHCHENNAICHEQUEDEPO00166514CR2590446CTSG,,1204,788890.64,CHQ,788890.64,0
05-03-2019,SERVICEBRANCHCHENNAICHEQUEDEPO00920723CRINDIANOVERSEASBANK0446CTSG920723 IOB,,7870,796760.64,CHQ,796760.64,0
05-03-2019,SERVICEBRANCHCHENNAICHEQUEDEPO00000006CR2400446CTSG,,1886,798646.64,CHQ,798646.64,0
05-03-2019,SERVICEBRANCHCHENNAICHEQUEDEPO00000204CR2400446CTSG,,17963,816609.64,CHQ,816609.64,0
05-03-2019,SERVICEBRANCHCHENNAICHEQUEDEPO00000831CRICICIBANKINGCORPORATION,,2513,819122.64,CHQ,819122.64,0
05-03-2019,SERVICEBRANCHCHENNAICHEQUEDEPO00448769CRSYNDICATEBANK0446CTSG448769 SYB,,2285,821407.64,CHQ,821407.64,0
05-03-2019,MUMBAIFORTC ACFEESCRKALIGAMBALFRUI2388TRANSFER29,,10983,832390.64,TRANSFER,832390.64,0
06-03-2019,MUMBAIFORTWITHDRAWALTRANSFERMARSINTERNATIONAIDIBH19065118288CRTRANSFER24,500029,,332361.64,TRANSFER,332361.64,0
06-03-2019,MUMBAIFORTC ACFEESCRVOICENATURALSA438TRANSFER23,,1754,334115.64,TRANSFER,334115.64,0
06-03-2019,SERVICEBRANCHCHENNAICHEQUEDEPO00622077CRTAMILNADMERCANTILEBANK0446CTSG622077 TMB,,24789,358904.64,CHQ,358904.64,0
06-03-2019,SERVICEBRANCHCHENNAICHEQUEDEPO00003925CR2400446CTSG,,32219,391123.64,CHQ,391123.64,0
06-03-2019,SERVICEBRANCHCHENNAICHEQUEDEPO00000500CR7560446CTSG,,1232,392355.64,CHQ,392355.64,0
06-03-2019,SERVICEBRANCHCHENNAICHEQUEDEPO00000920CRICICIBANKINGCORPORATION0446CTSCHQ000020,,2567,394922.64,CHQ,394922.64,0
06-03-2019,SERVICEBRANCHCHENNAICHEQUEDEPO00147633CRICICIBANKINGCORPORATION0446CTSG,,4884,399806.64,OUTWARD-RETURN,399806.64,0
06-03-2019,SERVICEBRANCHCHENNAICHEQUEDEPO00002772CR2400446CTSG,,3419,403225.64,CHQ,403225.64,0
06-03-2019,MUMBAIFORTC ACFEESCRSANTHOSHSUPERM016TRANSFER27,,2278,405503.64,TRANSFER,405503.64,0
06-03-2019,MUMBAIFORTC ACFEESCRSANTHOSHSUPERM481TRANSFER28,,8082,413585.64,TRANSFER,413585.64,0
06-03-2019,MUMBAIFORTC ACFEESCRSANTHOSHSUPERM074TRANSFER26,,3068,416653.64,TRANSFER,416653.64,0
06-03-2019,MUMBAIFORTC ACFEESCRCHENNAIC7718444TRANSFER21,,9478,426131.64,TRANSFER,426131.64,0
06-03-2019,ATMSERVICEBYTRANSFERCRBRANCH IMPS TRANSFER61,,1090,427221.64,IMPS,427221.64,0
06-03-2019,ATMSERVICEBYTRANSFERCRBRANCHUPITRAN7899 UPITRANSFE466,,2000,429221.64,UPI,429221.64,0
06-03-2019,MUMBAIFORTC ACFEESCRLIMRASENTE3374TRANSFE121,,12200,441421.64,TRANSFER,441421.64,0
06-03-2019,SERVICEBRANCHCHENNAIOUTCHQRETCRFundsinsufficient,4884,,436537.64,OUTWARD-RETURN,436537.64,0
06-03-2019,SERVICEBRANCHCHENNAICHQDISHONOURCR,250,,436287.64,INWARD-CHARGES,436287.64,0
07-03-2019,MUMBAIFORTC ACFEESKPNCRFARMFRESHP335TRANSFER28,,7439,443726.64,TRANSFER,443726.64,0
07-03-2019,TIRUMANGALAMBYCHQ TTTFRCRKISHOREMARKETING,,10957,454683.64,CHQ,454683.64,0
07-03-2019,TIRUMANGALAMCASHDEPOSITCRDepositbySELF,,230000,684683.64,CASH,684683.64,0
07-03-2019,MUMBAIFORTC ACFEESCRAMMANFRUITS855TRANSFER27,,11274,695957.64,TRANSFER,695957.64,0
07-03-2019,MUMBAIFORTC ACFEESCRHECTORBEVER8475107TRANSFER21,,14464,710421.64,TRANSFER,710421.64,0
07-03-2019,MUMBAIFORTC ACFEESCRHECTORBEVER8474402TRANSFER21,,15000,725421.64,TRANSFER,725421.64,0
07-03-2019,CASHDEPCRCHRGSOTHER,100,,725321.64,DEPOSIT-CHARGES,725321.64,0
08-03-2019,SERVICEBRANCHCHENNAICHEQUEDEPO00001899CRKARURVYSYABANKLTD0446CTSCLG001899CLG001899 KVB,,545,725866.64,CHQ,725866.64,0
08-03-2019,SERVICEBRANCHCHENNAICHEQUEDEPO00317440CRUCOBANK0446CTSCLG317440CLG317440 UCO,,68481,794347.64,CHQ,794347.64,0
08-03-2019,SERVICEBRANCHCHENNAICHEQUEDEPO00650729CRSYNDICATEBANK0446CTSG650729 SYB,,2177,796524.64,CHQ,796524.64,0
08-03-2019,SERVICEBRANCHCHENNAICHEQUEDEPO00290277CRUTIBANKLTD0446CTSG,,6000,802524.64,CHQ,802524.64,0
08-03-2019,SERVICEBRANCHCHENNAICHEQUEDEPO00909257CRINDIANOVERSEASBANK0446CTSG909257 IOB,,3870,806394.64,OUTWARD-RETURN,806394.64,0
08-03-2019,SERVICEBRANCHCHENNAICHEQUEDEPO00173701CRSYNDICATEBANK0446CTSG173701 SYB,,6219,812613.64,CHQ,812613.64,0
08-03-2019,SERVICEBRANCHCHENNAICHEQUEDEPO00001891CRKARURVYSYABANKLTD0446CTSCLG001891CLG001891 KVB,,718,813331.64,CHQ,813331.64,0
08-03-2019,MUMBAIFORTWITHDRAWALTRANSFERINBISCOCRINDIAPV325TRANSFER24,125014,,688317.64,TRANSFER,688317.64,0
08-03-2019,MUMBAIFORTC ACFEESCRVIKPRIHOME31DCTRANSFE129,,10222,698539.64,TRANSFER,698539.64,0
08-03-2019,SERVICEBRANCHCHENNAICHEQUEDEPO00000290CR2400446CTSG,,4265,702804.64,CHQ,702804.64,0
08-03-2019,SERVICEBRANCHCHENNAICHEQUEDEPO00000918CRICICIBANKINGCORPORATION0446CTSCHQ000018,,2271,705075.64,CHQ,705075.64,0
08-03-2019,SERVICEBRANCHCHENNAICHEQUEDEPO00547352CRFEDERALBANKLTD0446CTSG547352 FBI,,15000,720075.64,CHQ,720075.64,0
08-03-2019,SERVICEBRANCHCHENNAICHEQUEDEPO00233822CRUTIBANKLTD0446CTSG,,4005,724080.64,CHQ,724080.64,0
08-03-2019,SERVICEBRANCHCHENNAICHEQUEDEPO00288166CRVIJAYABANK0446CTSG288166 VJB,,1952,726032.64,CHQ,726032.64,0
08-03-2019,SERVICEBRANCHCHENNAICHEQUEDEPO00002775CR2400446CTSCHQ005775,,1193,727225.64,CHQ,727225.64,0
08-03-2019,SERVICEBRANCHCHENNAICHEQUEDEPO00003747CRUTIBANKLTD0446CTSG,,1100,728325.64,CHQ,728325.64,0
08-03-2019,SERVICEBRANCHCHENNAICHEQUEDEPO00003481CRANDHRABANK0446CTSG003481 ANB,,11071,739396.64,CHQ,739396.64,0
08-03-2019,MUMBAIFORTWITHDRAWALTRANSFERMARSINTERNATIONAIDIBH19067265299CRTRANSFER24,400029,,339367.64,TRANSFER,339367.64,0
08-03-2019,MUMBAIFORTWITHDRAWALTRANSFERHECTORBEVERAGESPIDIBH19067265403CRTRANSFER24,150014,,189353.64,TRANSFER,189353.64,0
08-03-2019,MUMBAIFORTC ACFEESCRSANTHOSHSUPERM755TRANSFER20,,1940,191293.64,TRANSFER,191293.64,0
08-03-2019,TIRUMANGALAMCASHDEPOSITCRDepositbySELF,,600000,791293.64,CASH,791293.64,0
08-03-2019,SERVICEBRANCHCHENNAINOFEESCRPresentwithdocument,718,,790575.64,TRANSFER,790575.64,0
08-03-2019,SERVICEBRANCHCHENNAIOUTCHQRETCRFundsinsufficient,3870,,786705.64,OUTWARD-RETURN,786705.64,0
08-03-2019,SERVICEBRANCHCHENNAICHQDISHONOURCR,250,,786455.64,INWARD-CHARGES,786455.64,0
08-03-2019,CASHDEPCRCHRGSOTHER,400,,786055.64,DEPOSIT-CHARGES,786055.64,0
09-03-2019,TIRUMANGALAMBULKCHARGESCRSMSALERTCHARGESQ,15,,786040.64,BANK-CHARGES,786040.64,0
11-03-2019,TIRUMANGALAMBYCHQ TTTFRCRKISHOREMARKETING,,7212,793252.64,CHQ,793252.64,0
11-03-2019,TIRUMANGALAMBYCHQ TTTFRCRKISHOREMARKETING,,1470,794722.64,CHQ,794722.64,0
11-03-2019,TIRUMANGALAMBYCHQ TTTFRCRKISHOREMARKETING,,6722,801444.64,CHQ,801444.64,0
11-03-2019,TIRUMANGALAMCASHDEPOSITCRDepositbySELF,,125000,926444.64,CASH,926444.64,0
11-03-2019,SERVICEBRANCHCHENNAICHEQUEDEPO00290671CRUTIBANKLTD0446CTSG,,11000,937444.64,CHQ,937444.64,0
11-03-2019,SERVICEBRANCHCHENNAICHEQUEDEPO00000090CRICICIBANKINGCORPORATION0446CTSCHQ000090,,5183,942627.64,CHQ,942627.64,0
11-03-2019,SERVICEBRANCHCHENNAICHEQUEDEPO00849465CRTAMILNADUSTATEAPEXCOO0446CTSG,,1853,944480.64,CHQ,944480.64,0
11-03-2019,MUMBAIFORTWITHDRAWALTRANSFERCRREDBULLINDIAP075TRANSFER24,100006,,844474.64,TRANSFER,844474.64,0
11-03-2019,SERVICEBRANCHCHENNAICHEQUEDEPO00125734CRCANARABANK0446CTSG125734 CAB,,17558,862032.64,CHQ,862032.64,0
11-03-2019,SERVICEBRANCHCHENNAICHEQUEDEPO00281498CR2590446CTSG,,1619,863651.64,CHQ,863651.64,0
11-03-2019,MUMBAIFORTC ACFEESCRLIMRASENTE0528TRANSFE120,,11779,875430.64,TRANSFER,875430.64,0
12-03-2019,SERVICEBRANCHCHENNAICHEQUEDEPO00461061CRSTATEBANKOFINDIA0446CTSCHQ401061,,4843,880273.64,CHQ,880273.64,0
12-03-2019,SERVICEBRANCHCHENNAICHEQUEDEPO00094287CRKARNATAKABANKLTD0446CTSCLG094287CLG,,984,881257.64,CHQ,881257.64,0
12-03-2019,MUMBAIFORTC ACFEESCRSANTHOSHSUPERM685TRANSFER27,,6254,887511.64,TRANSFER,887511.64,0
12-03-2019,MUMBAIFORTC ACFEESCRSANTHOSHSUPERM037TRANSFER21,,9478,896989.64,TRANSFER,896989.64,0
12-03-2019,MUMBAIFORTC ACFEESCRSANTHOSHSUPERM936TRANSFER23,,4336,901325.64,TRANSFER,901325.64,0
12-03-2019,MUMBAIFORTC ACFEESCRSANTHOSHSUPERM956TRANSFER24,,5387,906712.64,TRANSFER,906712.64,0
12-03-2019,TIRUMANGALAMCASHDEPOSITCRDepositbySELF,,130000,1036712.64,CASH,1036712.64,0
12-03-2019,TIRUMANGALAMBYCHQ TTTFRCRKISHOREMARKETING,,7212,1043924.64,CHQ,1043924.64,0
12-03-2019,SERVICEBRANCHCHENNAICHEQUEDEPO00402533CRANDHRABANK0446CTSG402533 ANB,,5168,1049092.64,CHQ,1049092.64,0
12-03-2019,SERVICEBRANCHCHENNAICHEQUEDEPO00000075CR7560446CTSG,,2800,1051892.64,CHQ,1051892.64,0
12-03-2019,SERVICEBRANCHCHENNAICHEQUEDEPO00460329CRUNITEDBANKOFINDIA0446CTSCLG460329CLG,,1369,1053261.64,CHQ,1053261.64,0
12-03-2019,SERVICEBRANCHCHENNAICHEQUEDEPO00116985CRUNIONBANKOFINDIA0446CTSCHQ116985,,1967,1055228.64,OUTWARD-RETURN,1055228.64,0
12-03-2019,SERVICEBRANCHCHENNAICHEQUEDEPO00082857CRTAMILNADMERCANTILEBANK0446CTSG082857 TMB,,564,1055792.64,CHQ,1055792.64,0
12-03-2019,SERVICEBRANCHCHENNAICHEQUEDEPO00460211CRUNITEDBANKOFINDIA0446CTSCLG460211CLG,,6753,1062545.64,CHQ,1062545.64,0
12-03-2019,SERVICEBRANCHCHENNAICHEQUEDEPO00000526CRKARURVYSYABANKLTD0446CTSCHQ000526,,1600,1064145.64,CHQ,1064145.64,0
12-03-2019,SERVICEBRANCHCHENNAICHEQUEDEPO00010340CRCITYUNIONBANKLTD0446CTSCLG010340CLG010340 CUB,,1102,1065247.64,CHQ,1065247.64,0
12-03-2019,SERVICEBRANCHCHENNAICHEQUEDEPO00632829CRSTATEBANKOFINDIA0446CTSG632829 SBI,,11342,1076589.64,CHQ,1076589.64,0
12-03-2019,SERVICEBRANCHCHENNAICHEQUEDEPO00001891CRKARURVYSYABANKLTD0446CTSCLG001891CLG001891 KVB,,718,1077307.64,CHQ,1077307.64,0
12-03-2019,SERVICEBRANCHCHENNAICHEQUEDEPO00001688CRKARURVYSYABANKLTD0446CTSCLG001688CLG001688 KVB,,2813,1080120.64,CHQ,1080120.64,0
12-03-2019,SERVICEBRANCHCHENNAICHEQUEDEPO00009421CR4850446CTSG009421 KMB,,1698,1081818.64,CHQ,1081818.64,0
12-03-2019,SERVICEBRANCHCHENNAICHEQUEDEPO00170508CRDENABANK0446CTSG170508 DEB,,2836,1084654.64,CHQ,1084654.64,0
12-03-2019,SERVICEBRANCHCHENNAICHEQUEDEPO00071267CRTAMILNADUSTATEAPEXCOO0446CTSG,,2400,1087054.64,CHQ,1087054.64,0
12-03-2019,SERVICEBRANCHCHENNAICHEQUEDEPO00192856CRCANARABANK0446CTSG192856 CAB,,1144,1088198.64,CHQ,1088198.64,0
12-03-2019,SERVICEBRANCHCHENNAICHEQUEDEPO00883152CRTAMILNADUSTATEAPEXCOO0446CTSG,,1804,1090002.64,CHQ,1090002.64,0
12-03-2019,SERVICEBRANCHCHENNAIOUTCHQRETCRFundsinsufficient,1967,,1088035.64,OUTWARD-RETURN,1088035.64,0
12-03-2019,SERVICEBRANCHCHENNAICHQDISHONOURCR,250,,1087785.64,INWARD-CHARGES,1087785.64,0
13-03-2019,SERVICEBRANCHCHENNAICHEQUEDEPO00000298CRKARURVYSYABANKLTD0446CTSCLG000298CLG000298 KVB,,11604,1099389.64,CHQ,1099389.64,0
13-03-2019,SERVICEBRANCHCHENNAICHEQUEDEPO00290690CRUTIBANKLTD0446CTSG,,10567,1109956.64,CHQ,1109956.64,0
13-03-2019,SERVICEBRANCHCHENNAICHEQUEDEPO00002637CRSOUTHINDIANBANKLTD0446CTSCLG002637CLG002637 SIB,,5513,1115469.64,CHQ,1115469.64,0
13-03-2019,SERVICEBRANCHCHENNAICHEQUEDEPO00227332CRUTIBANKLTD0446CTSG,,36345,1151814.64,CHQ,1151814.64,0
13-03-2019,SERVICEBRANCHCHENNAICHEQUEDEPO00317443CRUCOBANK0446CTSCLG317443CLG317443 UCO,,65040,1216854.64,CHQ,1216854.64,0
13-03-2019,SERVICEBRANCHCHENNAICHEQUEDEPO00000135CR7500446CTSGAN,,563,1217417.64,OUTWARD-RETURN,1217417.64,0
13-03-2019,SERVICEBRANCHCHENNAICHEQUEDEPO00956455CRCANARABANK0446CTSG956455 CAB,,6864,1224281.64,CHQ,1224281.64,0
13-03-2019,SERVICEBRANCHCHENNAICHEQUEDEPO00039382CRANDHRABANK,,3963,1228244.64,CHQ,1228244.64,0
13-03-2019,SERVICEBRANCHCHENNAICHEQUEDEPO00000015CR2400446CTSG,,1556,1229800.64,CHQ,1229800.64,0
13-03-2019,SERVICEBRANCHCHENNAICHEQUEDEPO00003758CRUTIBANKLTD0446CTSG,,1302,1231102.64,CHQ,1231102.64,0
13-03-2019,TIRUMANGALAMCASHDEPOSITCRDepositbySELF,,70000,1301102.64,CASH,1301102.64,0
13-03-2019,MUMBAIFORTC ACFEESCRSANTHOSHSUPERM268TRANSFER26,,1999,1303101.64,TRANSFER,1303101.64,0
13-03-2019,SERVICEBRANCHCHENNAIOUTCHQRETCRFundsinsufficient,563,,1302538.64,OUTWARD-RETURN,1302538.64,0
13-03-2019,SERVICEBRANCHCHENNAICHQDISHONOURCR,250,,1302288.64,INWARD-CHARGES,1302288.64,0
13-03-2019,MUMBAIFORTC ACFEESCRAMMANFRUITS671TRANSFER29,,14842,1317130.64,TRANSFER,1317130.64,0
14-03-2019,SERVICEBRANCHCHENNAICHEQUEDEPO00002189CRANDHRABANK0446CTSG002189 ANB,,15462,1332592.64,CHQ,1332592.64,0
14-03-2019,SERVICEBRANCHCHENNAICHEQUEDEPO00317444CRUCOBANK0446CTSCLG317444CLG317444 UCO,,69127,1401719.64,CHQ,1401719.64,0
14-03-2019,SERVICEBRANCHCHENNAICHEQUEDEPO00126455CRUTIBANKLTD0446CTSG,,1624,1403343.64,CHQ,1403343.64,0
14-03-2019,SERVICEBRANCHCHENNAICHEQUEDEPO00003752CRUTIBANKLTD0446CTSG,,2346,1405689.64,CHQ,1405689.64,0
14-03-2019,SERVICEBRANCHCHENNAICHEQUEDEPO00004862CRANDHRABANK0446CTSG004862 ANB,,7925,1413614.64,CHQ,1413614.64,0
14-03-2019,SERVICEBRANCHCHENNAICHEQUEDEPO00030202CRICICIBANKINGCORPORATION0446CTSG,,4161,1417775.64,CHQ,1417775.64,0
14-03-2019,TIRUMANGALAMCASHDEPOSITCRDepositbySELF,,125000,1542775.64,CASH,1542775.64,0
14-03-2019,SERVICEBRANCHCHENNAICHEQUEDEPO00563001CRSYNDICATEBANK0446CTSCHQ563001,,1094,1543869.64,CHQ,1543869.64,0
14-03-2019,SERVICEBRANCHCHENNAICHEQUEDEPO00009934CRDHANALAKSHMIBANKLTD0446CTSCLG009934CLG009934 DNB,,4215,1548084.64,CHQ,1548084.64,0
14-03-2019,SERVICEBRANCHCHENNAICHEQUEDEPO00000356CRICICIBANKINGCORPORATION0446CTSG,,1111,1549195.64,CHQ,1549195.64,0
14-03-2019,SERVICEBRANCHCHENNAICHEQUEDEPO00002096CRKARURVYSYABANKLTD0446CTSCLG002096CLG002096 KVB,,1536,1550731.64,CHQ,1550731.64,0
14-03-2019,SERVICEBRANCHCHENNAICHEQUEDEPO00921225CRINDIANOVERSEASBANK0446CTSCHQ021225,,1065,1551796.64,CHQ,1551796.64,0
14-03-2019,SERVICEBRANCHCHENNAICHEQUEDEPO00220619CRUTIBANKLTD0446CTSG,,446,1552242.64,CHQ,1552242.64,0
14-03-2019,SERVICEBRANCHCHENNAICHEQUEDEPO00002091CRKARURVYSYABANKLTD0446CTSCLG002091CLG002091 KVB,,267,1552509.64,CHQ,1552509.64,0
14-03-2019,MUMBAIFORTWITHDRAWALTRANSFERMARSINTERNATIONAIDIBH19073150613CRTRANSFER24,700029,,852480.64,TRANSFER,852480.64,0
14-03-2019,MUMBAIFORTC ACFEESCRSANTHOSHSUPERM007TRANSFER21,,5962,858442.64,TRANSFER,858442.64,0
14-03-2019,MUMBAIFORTC ACFEESCRCHENNAIC5471623TRANSFER21,,10064,868506.64,TRANSFER,868506.64,0
15-03-2019,SERVICEBRANCHCHENNAICHEQUEDEPO00801039CRVIJAYABANK0446CTSG801039 VJB,,1580,870086.64,CHQ,870086.64,0
15-03-2019,SERVICEBRANCHCHENNAICHEQUEDEPO00601622CRDENABANK,,9439,879525.64,CHQ,879525.64,0
15-03-2019,SERVICEBRANCHCHENNAICHEQUEDEPO00171143CR2590446CTSG,,10000,889525.64,CHQ,889525.64,0
15-03-2019,SERVICEBRANCHCHENNAICHEQUEDEPO00002190CRANDHRABANK0446CTSG002190 ANB,,15462,904987.64,CHQ,904987.64,0
15-03-2019,SERVICEBRANCHCHENNAICHEQUEDEPO00058705CR2400446CTSG,,96916,1001903.64,CHQ,1001903.64,0
15-03-2019,SERVICEBRANCHCHENNAICHEQUEDEPO00566049CRINDIANOVERSEASBANK0446CTSG566049 IOB,,2715,1004618.64,CHQ,1004618.64,0
15-03-2019,MUMBAIFORTWITHDRAWALTRANSFERMARSINTERNATIONAIDIBR52019031517988750TRANSFER30002900CRTO,300029,,704589.64,TRANSFER,704589.64,0
15-03-2019,MUMBAIFORTWITHDRAWALTRANSFERHECTORBEVERAGESPIDIBH19074194441CRTRANSFER24,250029,,454560.64,TRANSFER,454560.64,0
15-03-2019,MUMBAIFORTC ACFEESCRVIKPRIHOME61DCTRANSFE129,,13269,467829.64,TRANSFER,467829.64,0
15-03-2019,TIRUMANGALAMCASHDEPOSITCRDepositbySELF,,200000,667829.64,CASH,667829.64,0
15-03-2019,TIRUMANGALAMBYCHQ TTTFRCRkishoremarketing,,4584,672413.64,CHQ,672413.64,0
15-03-2019,MUMBAIFORTWITHDRAWALTRANSFERINBISCOCRINDIAPV518TRANSFER24,235029,,437384.64,TRANSFER,437384.64,0
15-03-2019,MUMBAIFORTC ACFEESCRBANKOFBARODAFO095TRANSFER25,,3683,441067.64,TRANSFER,441067.64,0
16-03-2019,MUMBAIFORTC ACFEESCRVIKPRIHOME91DCTRANSFE121,,18836,459903.64,TRANSFER,459903.64,0
16-03-2019,TIRUMANGALAMBYCHQ TTTFRCRKISHOREMARKETING,,1202,461105.64,CHQ,461105.64,0
16-03-2019,TIRUMANGALAMCASHDEPOSITCRDepositbySELF,,65000,526105.64,CASH,526105.64,0
16-03-2019,SERVICEBRANCHCHENNAICHEQUEDEPO00001110CRBANKOFBARODA0446CTSCLG001110CLG001110 BOB,,1508,527613.64,CHQ,527613.64,0
16-03-2019,SERVICEBRANCHCHENNAICHEQUEDEPO00039383CRANDHRABANK,,13974,541587.64,CHQ,541587.64,0
16-03-2019,SERVICEBRANCHCHENNAICHEQUEDEPO00460438CRUNITEDBANKOFINDIA0446CTSCLG460438CLG,,15409,556996.64,CHQ,556996.64,0
16-03-2019,SERVICEBRANCHCHENNAICHEQUEDEPO00006539CRCITYUNIONBANKLTD0446CTSCLG006539CLG006539 CUB,,4084,561080.64,CHQ,561080.64,0
16-03-2019,SERVICEBRANCHCHENNAICHEQUEDEPO00742130CRINDIANOVERSEASBANK0446CTSG742130 IOB,,3132,564212.64,OUTWARD-RETURN,564212.64,0
16-03-2019,SERVICEBRANCHCHENNAICHEQUEDEPO00000839CRICICIBANKINGCORPORATION0446CTSG,,730,564942.64,CHQ,564942.64,0
16-03-2019,SERVICEBRANCHCHENNAICHEQUEDEPO00002095CRKARURVYSYABANKLTD0446CTSCLG002095CLG002095 KVB,,1915,566857.64,CHQ,566857.64,0
16-03-2019,SERVICEBRANCHCHENNAICHEQUEDEPO00290278CRUTIBANKLTD0446CTSG,,6229,573086.64,CHQ,573086.64,0
16-03-2019,SERVICEBRANCHCHENNAICHEQUEDEPO00000148CRUTIBANKLTD0446CTSG,,2732,575818.64,CHQ,575818.64,0
16-03-2019,SERVICEBRANCHCHENNAICHEQUEDEPO00039381CRANDHRABANK0446CTSG039381 ANB,,4989,580807.64,CHQ,580807.64,0
16-03-2019,SERVICEBRANCHCHENNAICHEQUEDEPO00002839CR4850446CTSG002839 KMB,,2652,583459.64,CHQ,583459.64,0
16-03-2019,SERVICEBRANCHCHENNAICHEQUEDEPO00715472CR2340446CTSG,,1307,584766.64,CHQ,584766.64,0
16-03-2019,SERVICEBRANCHCHENNAICHEQUEDEPO00304403CR2340446CTSG,,2555,587321.64,CHQ,587321.64,0
16-03-2019,SERVICEBRANCHCHENNAICHEQUEDEPO00040502CRKARNATAKABANKLTD,,22142,609463.64,CHQ,609463.64,0
16-03-2019,SERVICEBRANCHCHENNAIOUTCHQRETCRExceedsarrangement,3132,,606331.64,OUTWARD-RETURN,606331.64,0
16-03-2019,SERVICEBRANCHCHENNAICHQDISHONOURCR,250,,606081.64,INWARD-CHARGES,606081.64,0
16-03-2019,SERVICEBRANCHCHENNAINOFEESCRIMAGENOTCLEARPRESENTAGAIN,4989,,601092.64,TRANSFER,601092.64,0
16-03-2019,MUMBAIFORTC ACFEESCRFRESHMART961DCTRANSFE127,,13426,614518.64,TRANSFER,614518.64,0
16-03-2019,MUMBAIFORTC ACFEESCRLIMRASENTE9462TRANSFE127,,15120,629638.64,TRANSFER,629638.64,0
18-03-2019,SERVICEBRANCHCHENNAICHEQUEDEPO00000040CRSTANDARDCHARTEREDBANK0446CTSG000040 SCB,,12000,641638.64,CHQ,641638.64,0
18-03-2019,SERVICEBRANCHCHENNAICHEQUEDEPO00000262CR7510446CTSG000262 IDF,,5327,646965.64,CHQ,646965.64,0
18-03-2019,SERVICEBRANCHCHENNAICHEQUEDEPO00290297CRUTIBANKLTD0446CTSG,,11000,657965.64,CHQ,657965.64,0
18-03-2019,SERVICEBRANCHCHENNAICHEQUEDEPO00785695CRTAMILNADMERCANTILEBANK0446CTSG785695 TMB,,3374,661339.64,CHQ,661339.64,0
18-03-2019,SERVICEBRANCHCHENNAICHEQUEDEPO00171144CR2590446CTSG,,10000,671339.64,CHQ,671339.64,0
18-03-2019,SERVICEBRANCHCHENNAICHEQUEDEPO00679271CRSTATEBANKOFINDIA0446CTSG679271 SBI,,3900,675239.64,CHQ,675239.64,0
18-03-2019,TIRUMANGALAMCHEQUEWDL00898716CRMGSELVAM,6000,,669239.64,CHQ,669239.64,0
19-03-2019,MUMBAIFORTC ACFEESCRPONNUSUPERMAR3949TRANSFER20,,17029,686268.64,TRANSFER,686268.64,0
19-03-2019,MUMBAIFORTWITHDRAWALTRANSFERCRSNJSugarsandp762TRANSFER24,41690,,644578.64,TRANSFER,644578.64,0
19-03-2019,TIRUMANGALAMBYCHQ TTTFRCRKISHOREMARKETING,,5000,649578.64,CHQ,649578.64,0
19-03-2019,TIRUMANGALAMBYCHQ TTTFRCRKISHOREMARKETING,,1928,651506.64,CHQ,651506.64,0
19-03-2019,TIRUMANGALAMBYCHQ TTTFRCRKISHOREMARKETING,,8210,659716.64,CHQ,659716.64,0
19-03-2019,TIRUMANGALAMCASHDEPOSITCRDepositbySELF,,225000,884716.64,CASH,884716.64,0
19-03-2019,MUMBAIFORTC ACFEESCRSANTHOSHSUPERM250TRANSFER27,,3597,888313.64,TRANSFER,888313.64,0
19-03-2019,MUMBAIFORTC ACFEESCRSANTHOSHSUPERM634TRANSFER20,,2016,890329.64,TRANSFER,890329.64,0
19-03-2019,MUMBAIFORTC ACFEESCRSANTHOSHSUPERM761TRANSFER21,,6573,896902.64,TRANSFER,896902.64,0
19-03-2019,MUMBAIFORTC ACFEESCRDRUGSPARKPHAR5770TRANSFER25,,3361,900263.64,TRANSFER,900263.64,0
19-03-2019,MUMBAIFORTWITHDRAWALTRANSFERINVENTZLIFESCIENIDIBH19078406902CRTRANSFER24,53006,,847257.64,TRANSFER,847257.64,0
19-03-2019,MUMBAIFORTC ACFEESSRICRMEENAKSHIAM203TRANSFER25,,4462,851719.64,TRANSFER,851719.64,0
19-03-2019,CASHDEPCRCHRGSOTHER,100,,851619.64,DEPOSIT-CHARGES,851619.64,0
20-03-2019,TIRUMANGALAMCASHDEPOSITCRDepositbySELF,,115000,966619.64,CASH,966619.64,0
20-03-2019,MUMBAIFORTC ACFEESCRSANTHOSHSUPERM419TRANSFER23,,1004,967623.64,TRANSFER,967623.64,0
20-03-2019,TIRUMANGALAMBYCHQ TTTFRCRkishoremarketing,,2437,970060.64,CHQ,970060.64,0
20-03-2019,SERVICEBRANCHCHENNAICHEQUEDEPO00039384CRANDHRABANK0446CTSG039384 ANB,,7844,977904.64,CHQ,977904.64,0
20-03-2019,SERVICEBRANCHCHENNAICHEQUEDEPO00537904CR2340446CTSG,,4564,982468.64,OUTWARD-RETURN,982468.64,0
20-03-2019,SERVICEBRANCHCHENNAICHEQUEDEPO00029043CRPUNJABNATIONALBANK0446CTSG029043 PNB,,2378,984846.64,CHQ,984846.64,0
20-03-2019,SERVICEBRANCHCHENNAICHEQUEDEPO00536073CRINDIANOVERSEASBANK0446CTSG536073 IOB,,1480,986326.64,CHQ,986326.64,0
20-03-2019,SERVICEBRANCHCHENNAICHEQUEDEPO00038186CRBANKOFINDIA0446CTSG038186 BOI,,6872,993198.64,CHQ,993198.64,0
20-03-2019,SERVICEBRANCHCHENNAICHEQUEDEPO00460330CRUNITEDBANKOFINDIA0446CTSCLG460330CLG,,1278,994476.64,CHQ,994476.64,0
20-03-2019,SERVICEBRANCHCHENNAICHEQUEDEPO00709564CRSYNDICATEBANK0446CTSG709564 SYB,,1698,996174.64,CHQ,996174.64,0
20-03-2019,SERVICEBRANCHCHENNAICHEQUEDEPO00986337CRINDIANOVERSEASBANK0446CTSG986337 IOB,,12345,1008519.64,CHQ,1008519.64,0
20-03-2019,SERVICEBRANCHCHENNAICHEQUEDEPO00079352CRUTIBANKLTD0446CTSG,,2069,1010588.64,CHQ,1010588.64,0
20-03-2019,SERVICEBRANCHCHENNAICHEQUEDEPO00000064CR7880446CTSG,,2032,1012620.64,OUTWARD-RETURN,1012620.64,0
20-03-2019,SERVICEBRANCHCHENNAICHEQUEDEPO00000360CRKARURVYSYABANKLTD0446CTSCLG000360CLG000360 KVB,,30917,1043537.64,CHQ,1043537.64,0
20-03-2019,SERVICEBRANCHCHENNAICHEQUEDEPO00002752CRICICIBANKINGCORPORATION0446CTSG,,5317,1048854.64,CHQ,1048854.64,0
20-03-2019,SERVICEBRANCHCHENNAICHEQUEDEPO00019784CRKARURVYSYABANKLTD0446CTSCLG019784CLG019784 KVB,,8801,1057655.64,CHQ,1057655.64,0
20-03-2019,SERVICEBRANCHCHENNAICHEQUEDEPO00460439CRUNITEDBANKOFINDIA0446CTSCLG460439CLG,,3597,1061252.64,CHQ,1061252.64,0
20-03-2019,SERVICEBRANCHCHENNAICHEQUEDEPO00785097CRSTATEBANKOFINDIA0446CTSG785097 SBI,,1882,1063134.64,CHQ,1063134.64,0
20-03-2019,SERVICEBRANCHCHENNAICHEQUEDEPO00000063CR7880446CTSG,,1304,1064438.64,OUTWARD-RETURN,1064438.64,0
20-03-2019,SERVICEBRANCHCHENNAICHEQUEDEPO00000388CRKARURVYSYABANKLTD0446CTSCLG000388CLG000388 KVB,,34800,1099238.64,CHQ,1099238.64,0
20-03-2019,SERVICEBRANCHCHENNAICHEQUEDEPO00000216CRKARURVYSYABANKLTD0446CTSCLG000216CLG000216 KVB,,564,1099802.64,CHQ,1099802.64,0
20-03-2019,SERVICEBRANCHCHENNAICHEQUEDEPO00003588CRKARURVYSYABANKLTD0446CTSCLG003588CLG003588 KVB,,8480,1108282.64,CHQ,1108282.64,0
20-03-2019,MUMBAIFORTC ACFEESKPNCRFARMFRESHP61TRANSFE121,,2563,1110845.64,TRANSFER,1110845.64,0
20-03-2019,SERVICEBRANCHCHENNAIOUTCHQRETCRFundsinsufficient,4564,,1106281.64,OUTWARD-RETURN,1106281.64,0
20-03-2019,SERVICEBRANCHCHENNAICHQDISHONOURCR,250,,1106031.64,INWARD-CHARGES,1106031.64,0
20-03-2019,SERVICEBRANCHCHENNAIOUTCHQRETCRFundsinsufficient,1304,,1104727.64,OUTWARD-RETURN,1104727.64,0
20-03-2019,SERVICEBRANCHCHENNAICHQDISHONOURCR,250,,1104477.64,INWARD-CHARGES,1104477.64,0
20-03-2019,SERVICEBRANCHCHENNAIOUTCHQRETCRFundsinsufficient,2032,,1102445.64,OUTWARD-RETURN,1102445.64,0
20-03-2019,SERVICEBRANCHCHENNAICHQDISHONOURCR,250,,1102195.64,INWARD-CHARGES,1102195.64,0
20-03-2019,MUMBAIFORTC ACFEESSRICRMEENAKSHIAM551TRANSFER21,,4179,1106374.64,TRANSFER,1106374.64,0
20-03-2019,MUMBAIFORTWITHDRAWALTRANSFERMARSINTERNATIONAIDIBH19079480361CRTRANSFER24,500029,,606345.64,TRANSFER,606345.64,0
20-03-2019,MUMBAIFORTC ACFEESKPNCRFARMFRESHP243TRANSFER21,,9371,615716.64,TRANSFER,615716.64,0
20-03-2019,TIRUMANGALAMCASHDEPOSITCRDepositbySELF,,350903,966619.64,CASH,966619.64,0
20-03-2019,MUMBAIFORTC ACFEESCRSANTHOSHSUPERM419TRANSFER23,,1004,967623.64,TRANSFER,967623.64,0
20-03-2019,TIRUMANGALAMBYCHQ TTTFRCRkishoremarketing,,2437,970060.64,CHQ,970060.64,0
20-03-2019,SERVICEBRANCHCHENNAICHEQUEDEPO00039384CRANDHRABANK0446CTSG039384 ANB,,7844,977904.64,CHQ,977904.64,0
20-03-2019,SERVICEBRANCHCHENNAICHEQUEDEPO00537904CR2340446CTSG,,4564,982468.64,OUTWARD-RETURN,982468.64,0
20-03-2019,SERVICEBRANCHCHENNAICHEQUEDEPO00029043CRPUNJABNATIONALBANK0446CTSG029043 PNB,,2378,984846.64,CHQ,984846.64,0
20-03-2019,SERVICEBRANCHCHENNAICHEQUEDEPO00536073CRINDIANOVERSEASBANK0446CTSG536073 IOB,,1480,986326.64,CHQ,986326.64,0
20-03-2019,SERVICEBRANCHCHENNAICHEQUEDEPO00038186CRBANKOFINDIA0446CTSG038186 BOI,,6872,993198.64,CHQ,993198.64,0
20-03-2019,SERVICEBRANCHCHENNAICHEQUEDEPO00460330CRUNITEDBANKOFINDIA0446CTSCLG460330CLG,,1278,994476.64,CHQ,994476.64,0
20-03-2019,SERVICEBRANCHCHENNAICHEQUEDEPO00709564CRSYNDICATEBANK0446CTSG709564 SYB,,1698,996174.64,CHQ,996174.64,0
20-03-2019,SERVICEBRANCHCHENNAICHEQUEDEPO00986337CRINDIANOVERSEASBANK0446CTSG986337 IOB,,12345,1008519.64,CHQ,1008519.64,0
20-03-2019,SERVICEBRANCHCHENNAICHEQUEDEPO00079352CRUTIBANKLTD0446CTSG,,2069,1010588.64,CHQ,1010588.64,0
20-03-2019,SERVICEBRANCHCHENNAICHEQUEDEPO00000064CR7880446CTSG,,2032,1012620.64,OUTWARD-RETURN,1012620.64,0
20-03-2019,SERVICEBRANCHCHENNAICHEQUEDEPO00000360CRKARURVYSYABANKLTD0446CTSCLG000360CLG000360 KVB,,30917,1043537.64,CHQ,1043537.64,0
20-03-2019,SERVICEBRANCHCHENNAICHEQUEDEPO00002752CRICICIBANKINGCORPORATION0446CTSG,,5317,1048854.64,CHQ,1048854.64,0
20-03-2019,SERVICEBRANCHCHENNAICHEQUEDEPO00019784CRKARURVYSYABANKLTD0446CTSCLG019784CLG019784 KVB,,8801,1057655.64,CHQ,1057655.64,0
20-03-2019,SERVICEBRANCHCHENNAICHEQUEDEPO00460439CRUNITEDBANKOFINDIA0446CTSCLG460439CLG,,3597,1061252.64,CHQ,1061252.64,0
20-03-2019,SERVICEBRANCHCHENNAICHEQUEDEPO00785097CRSTATEBANKOFINDIA0446CTSG785097 SBI,,1882,1063134.64,CHQ,1063134.64,0
20-03-2019,SERVICEBRANCHCHENNAICHEQUEDEPO00000063CR7880446CTSG,,1304,1064438.64,OUTWARD-RETURN,1064438.64,0
20-03-2019,SERVICEBRANCHCHENNAICHEQUEDEPO00000388CRKARURVYSYABANKLTD0446CTSCLG000388CLG000388 KVB,,34800,1099238.64,CHQ,1099238.64,0
20-03-2019,SERVICEBRANCHCHENNAICHEQUEDEPO00000216CRKARURVYSYABANKLTD0446CTSCLG000216CLG000216 KVB,,564,1099802.64,CHQ,1099802.64,0
20-03-2019,SERVICEBRANCHCHENNAICHEQUEDEPO00003588CRKARURVYSYABANKLTD0446CTSCLG003588CLG003588 KVB,,8480,1108282.64,CHQ,1108282.64,0
20-03-2019,MUMBAIFORTC ACFEESKPNCRFARMFRESHP61TRANSFE121,,2563,1110845.64,TRANSFER,1110845.64,0
20-03-2019,SERVICEBRANCHCHENNAIOUTCHQRETCRFundsinsufficient,4564,,1106281.64,OUTWARD-RETURN,1106281.64,0
20-03-2019,SERVICEBRANCHCHENNAICHQDISHONOURCR,250,,1106031.64,INWARD-CHARGES,1106031.64,0
20-03-2019,SERVICEBRANCHCHENNAIOUTCHQRETCRFundsinsufficient,1304,,1104727.64,OUTWARD-RETURN,1104727.64,0
20-03-2019,SERVICEBRANCHCHENNAICHQDISHONOURCR,250,,1104477.64,INWARD-CHARGES,1104477.64,0
20-03-2019,SERVICEBRANCHCHENNAIOUTCHQRETCRFundsinsufficient,2032,,1102445.64,OUTWARD-RETURN,1102445.64,0
20-03-2019,SERVICEBRANCHCHENNAICHQDISHONOURCR,250,,1102195.64,INWARD-CHARGES,1102195.64,0
20-03-2019,MUMBAIFORTC ACFEESSRICRMEENAKSHIAM551TRANSFER21,,4179,1106374.64,TRANSFER,1106374.64,0
20-03-2019,MUMBAIFORTWITHDRAWALTRANSFERMARSINTERNATIONAIDIBH19079480361CRTRANSFER24,500029,,606345.64,TRANSFER,606345.64,0
20-03-2019,MUMBAIFORTC ACFEESKPNCRFARMFRESHP243TRANSFER21,,9371,615716.64,TRANSFER,615716.64,0
21-03-2019,SERVICEBRANCHCHENNAITOCLGCHQ00898717CRSECEDCWEST,2770,,612946.64,CHQ,612946.64,0
21-03-2019,MUMBAIFORTWITHDRAWALTRANSFERMARSINTERNATIONAIDIBH19080488949CRTRANSFER24,500029,,112917.64,TRANSFER,112917.64,0
21-03-2019,TIRUMANGALAMCASHDEPOSITCRDepositbySELF,,75000,187917.64,CASH,187917.64,0
21-03-2019,SERVICEBRANCHCHENNAICHEQUEDEPO00623628CRTAMILNADMERCANTILEBANK0446CTSG623628 TMB,,3536,191453.64,CHQ,191453.64,0
21-03-2019,SERVICEBRANCHCHENNAICHEQUEDEPO00000118CRKARURVYSYABANKLTD0446CTSCLG000118CLG000118 KVB,,1000,192453.64,CHQ,192453.64,0
21-03-2019,SERVICEBRANCHCHENNAICHEQUEDEPO00096928CRCANARABANK0446CTSG096928 CAB,,1295,193748.64,CHQ,193748.64,0
21-03-2019,SERVICEBRANCHCHENNAICHEQUEDEPO00003969CR2400446CTSG,,12906,206654.64,CHQ,206654.64,0
21-03-2019,SERVICEBRANCHCHENNAICHEQUEDEPO00064381CRDENABANK,,2250,208904.64,CHQ,208904.64,0
21-03-2019,SERVICEBRANCHCHENNAICHEQUEDEPO00002828CR2400446CTSG,,3851,212755.64,CHQ,212755.64,0
21-03-2019,SERVICEBRANCHCHENNAICHEQUEDEPO00038187CRBANKOFINDIA0446CTSG038187 BOI,,3753,216508.64,CHQ,216508.64,0
21-03-2019,SERVICEBRANCHCHENNAICHEQUEDEPO00391044CRSYNDICATEBANK0446CTSG391044 SYB,,7571,224079.64,CHQ,224079.64,0
21-03-2019,SERVICEBRANCHCHENNAICHEQUEDEPO00001605CR2400446CTSG,,5044,229123.64,CHQ,229123.64,0
21-03-2019,SERVICEBRANCHCHENNAICHEQUEDEPO00295398CRUTIBANKLTD0446CTSG,,707,229830.64,CHQ,229830.64,0
21-03-2019,MUMBAIFORTC ACFEESCRSANTHOSHSUPERM520TRANSFER25,,1685,231515.64,TRANSFER,231515.64,0
21-03-2019,MUMBAIFORTC ACFEESSRICRFIRSTCAREP347TRANSFER27,,711,232226.64,TRANSFER,232226.64,0
21-03-2019,MUMBAIFORTC ACFEESCRAMMANFRUITS047TRANSFER25,,6207,238433.64,TRANSFER,238433.64,0
21-03-2019,ATMSERVICEBYTRANSFERCRBRANCH IMPS 089 opentxn757734byJAYAPATRANSFE461,,6190,244623.64,IMPS,244623.64,0
22-03-2019,MUMBAIFORTC ACFEESCRCHENNAIC0957272TRANSFER29,,7770,252393.64,TRANSFER,252393.64,0
22-03-2019,SERVICEBRANCHCHENNAICHEQUEDEPO00039539CRANDHRABANK0446CTSG039539 ANB,,12414,264807.64,CHQ,264807.64,0
22-03-2019,SERVICEBRANCHCHENNAICHEQUEDEPO00171145CR2590446CTSG,,10380,275187.64,CHQ,275187.64,0
22-03-2019,SERVICEBRANCHCHENNAICHEQUEDEPO00740036CRVIJAYABANK0446CTSG740036 VJB,,6860,282047.64,CHQ,282047.64,0
22-03-2019,SERVICEBRANCHCHENNAICHEQUEDEPO00290462CR2590446CTSG,,708,282755.64,CHQ,282755.64,0
22-03-2019,SERVICEBRANCHCHENNAICHEQUEDEPO00292755CRUTIBANKLTD0446CTSG,,2823,285578.64,CHQ,285578.64,0
22-03-2019,SERVICEBRANCHCHENNAICHEQUEDEPO00104508CRBANKOFMAHARASHTRA0446CTSG104508 BOM,,10308,295886.64,CHQ,295886.64,0
22-03-2019,SERVICEBRANCHCHENNAICHEQUEDEPO00002031CRKARURVYSYABANKLTD0446CTSCLG002031CLG002031 KVB,,8393,304279.64,CHQ,304279.64,0
22-03-2019,SERVICEBRANCHCHENNAICHEQUEDEPO00002022CRKARURVYSYABANKLTD0446CTSCLG002022CLG002022 KVB,,217,304496.64,CHQ,304496.64,0
22-03-2019,SERVICEBRANCHCHENNAICHEQUEDEPO00519885CRSTATEBANKOFINDIA0446CTSG519885 SBI,,1376,305872.64,CHQ,305872.64,0
22-03-2019,SERVICEBRANCHCHENNAICHEQUEDEPO00290296CRUTIBANKLTD0446CTSG,,10742,316614.64,CHQ,316614.64,0
22-03-2019,SERVICEBRANCHCHENNAICHEQUEDEPO00020672CRANDHRABANK0446CTSG020672 ANB,,3341,319955.64,CHQ,319955.64,0
22-03-2019,TIRUMANGALAMCASHDEPOSITCRDepositbySELF,,185000,504955.64,CASH,504955.64,0
22-03-2019,MUMBAIFORTWITHDRAWALTRANSFERCRREDBULLINDIAP468TRANSFER24,200014,,304941.64,TRANSFER,304941.64,0
22-03-2019,MUMBAIFORTWITHDRAWALTRANSFERINBISCOCRINDIAPV547TRANSFER24,146014,,158927.64,TRANSFER,158927.64,0
22-03-2019,COREBANKINGBYTRANSFERCRDATACENTRETransfer87844KISHOREMARKETINGTRANSFE58,,2571,161498.64,TRANSFER,161498.64,0
22-03-2019,ATMSERVICEBYTRANSFERCRBRANCH IMPS 400 KSNSUPERMARKTRANSFE461,,2498,163996.64,IMPS,163996.64,0
22-03-2019,ATMSERVICEBYTRANSFERCRBRANCH IMPS 412 KSNSUPERMARKTRANSFE461,,3913,167909.64,IMPS,167909.64,0
25-03-2019,SERVICEBRANCHCHENNAICHEQUEDEPO00374912CR2340446CTSG,,1024,168933.64,CHQ,168933.64,0
25-03-2019,SERVICEBRANCHCHENNAICHEQUEDEPO00883313CRTAMILNADUSTATEAPEXCOO0446CTSG,,705,169638.64,CHQ,169638.64,0
25-03-2019,SERVICEBRANCHCHENNAICHEQUEDEPO00628751CRSTATEBANKOFINDIA0446CTSG628751 SBI,,1040,170678.64,CHQ,170678.64,0
25-03-2019,SERVICEBRANCHCHENNAICHEQUEDEPO00001079CR2400446CTSG,,10224,180902.64,CHQ,180902.64,0
25-03-2019,SERVICEBRANCHCHENNAICHEQUEDEPO00000292CRCITYUNIONBANKLTD0446CTSCLG000292CLG000292 CUB,,1298,182200.64,CHQ,182200.64,0
25-03-2019,SERVICEBRANCHCHENNAICHEQUEDEPO00001078CR2400446CTSG,,10000,192200.64,CHQ,192200.64,0
25-03-2019,SERVICEBRANCHCHENNAICHEQUEDEPO00403120CRSTATEBANKOFINDIA0446CTSG403120 SBI,,1734,193934.64,CHQ,193934.64,0
25-03-2019,SERVICEBRANCHCHENNAICHEQUEDEPO00317445CRUCOBANK0446CTSCLG317445CLG317445 UCO,,19920,213854.64,CHQ,213854.64,0
25-03-2019,MUMBAIFORTC ACFEESCRVIKPRIHOME91DCTRANSFE121,,6210,220064.64,TRANSFER,220064.64,0
25-03-2019,TIRUMANGALAMCASHDEPOSITCRDepositbySELF,,200000,420064.64,CASH,420064.64,0
25-03-2019,TIRUMANGALAMBYCHQ TTTFRCRKISHOREMARKETING,,1634,421698.64,CHQ,421698.64,0
25-03-2019,TIRUMANGALAMBYCHQ TTTFRCRKISHOREMARKETING,,1490,423188.64,CHQ,423188.64,0
25-03-2019,TIRUMANGALAMBYCHQ TTTFRCRKISHOREMARKETING,,7289,430477.64,CHQ,430477.64,0
25-03-2019,MUMBAIFORTC ACFEESCRSAARALRESORTSA838TRANSFER23,,11517,441994.64,TRANSFER,441994.64,0
25-03-2019,MUMBAIFORTC ACFEESCRLIMRASENTE2913TRANSFE123,,12866,454860.64,TRANSFER,454860.64,0
25-03-2019,MUMBAIFORTC ACFEESCRBANKOFBARODAFO068TRANSFER28,,4941,459801.64,TRANSFER,459801.64,0
25-03-2019,MUMBAIFORTC ACFEESCRANNANAGARSUPE8358TRANSFER29,,30477,490278.64,TRANSFER,490278.64,0
25-03-2019,MUMBAIFORTC ACFEESCRKARUVALURMARIA0951TRANSFER24,,8605,498883.64,TRANSFER,498883.64,0
25-03-2019,MUMBAIFORTC ACFEESCRVENKATESWARA72006TRANSFE127,,7399,506282.64,TRANSFER,506282.64,0
25-03-2019,MUMBAIFORTC ACFEESCRANNAISUPERMAR2301TRANSFER21,,2887,509169.64,TRANSFER,509169.64,0
25-03-2019,MUMBAIFORTC ACFEESCRKALIGAMBALFRUI8214TRANSFER28,,10608,519777.64,TRANSFER,519777.64,0
26-03-2019,TIRUMANGALAMCASHDEPOSITCRDepositbySELF,,160000,679777.64,CASH,679777.64,0
26-03-2019,MUMBAIFORTC ACFEESCRSANTHOSHSUPERM196TRANSFER20,,1784,681561.64,TRANSFER,681561.64,0
26-03-2019,MUMBAIFORTC ACFEESCRSANTHOSHSUPERM091TRANSFER29,,4936,686497.64,TRANSFER,686497.64,0
26-03-2019,MUMBAIFORTC ACFEESCRSANTHOSHSUPERM202TRANSFER25,,899,687396.64,TRANSFER,687396.64,0
26-03-2019,SERVICEBRANCHCHENNAICHEQUEDEPO00921716CRINDIANOVERSEASBANK0446CTSG921716 IOB,,3767,691163.64,CHQ,691163.64,0
26-03-2019,SERVICEBRANCHCHENNAICHEQUEDEPO00005705CRKARURVYSYABANKLTD0446CTSCLG005705CLG005705 KVB,,1435,692598.64,CHQ,692598.64,0
26-03-2019,SERVICEBRANCHCHENNAICHEQUEDEPO00921759CRINDIANOVERSEASBANK0446CTSG921759 IOB,,9977,702575.64,CHQ,702575.64,0
26-03-2019,SERVICEBRANCHCHENNAICHEQUEDEPO00001570CR2400446CTSG,,6287,708862.64,CHQ,708862.64,0
27-03-2019,SERVICEBRANCHCHENNAICHEQUEDEPO00183510CRTAMILNADMERCANTILEBANK0446CTSG183510 TMB,,6949,715811.64,CHQ,715811.64,0
27-03-2019,SERVICEBRANCHCHENNAICHEQUEDEPO00208974CRFEDERALBANKLTD0446CTSG208974 FBI,,11634,727445.64,CHQ,727445.64,0
27-03-2019,SERVICEBRANCHCHENNAICHEQUEDEPO00074424CRUTIBANKLTD0446CTSG,,5477,732922.64,CHQ,732922.64,0
27-03-2019,MUMBAIFORTC ACFEESCRPONNUSUPER4325126TRANSFER20,,7951,740873.64,TRANSFER,740873.64,0
27-03-2019,TIRUMANGALAMCASHDEPOSITCRDepositbySELF,,445000,1185873.64,CASH,1185873.64,0
27-03-2019,SERVICEBRANCHCHENNAICHEQUEDEPO00074489CRUTIBANKLTD0446CTSG,,1160,1187033.64,CHQ,1187033.64,0
27-03-2019,SERVICEBRANCHCHENNAICHEQUEDEPO00632871CRSTATEBANKOFINDIA0446CTSG632871 SBI,,12247,1199280.64,CHQ,1199280.64,0
27-03-2019,MUMBAIFORTC ACFEESKPNCRFARMFRESHP078TRANSFER25,,18196,1217476.64,TRANSFER,1217476.64,0
27-03-2019,ATMSERVICEBYTRANSFERCRBRANCH IMPS 377 LEAFINPYMTTRANSFE461,,3632,1221108.64,IMPS,1221108.64,0
27-03-2019,MUMBAIFORTC ACFEESCRSANTHOSHSUPERM488TRANSFER21,,2059,1223167.64,TRANSFER,1223167.64,0
27-03-2019,MUMBAIFORTC ACFEESCRSANTHOSHSUPERM976TRANSFER24,,435,1223602.64,TRANSFER,1223602.64,0
27-03-2019,SERVICEBRANCHCHENNAICHEQUEDEPO00126494CRUTIBANKLTD0446CTSG,,1734,1225336.64,CHQ,1225336.64,0
27-03-2019,SERVICEBRANCHCHENNAICHEQUEDEPO00603073CRSOUTHINDIANBANKLTD0446CTSCLG603073CLG603073 SIB,,14003,1239339.64,CHQ,1239339.64,0
27-03-2019,SERVICEBRANCHCHENNAICHEQUEDEPO00405432CRCANARABANK0446CTSG405432 CAB,,825,1240164.64,CHQ,1240164.64,0
27-03-2019,SERVICEBRANCHCHENNAICHEQUEDEPO00004709CRSOUTHINDIANBANKLTD0446CTSCLG004709CLG004709 SIB,,3364,1243528.64,CHQ,1243528.64,0
27-03-2019,SERVICEBRANCHCHENNAICHEQUEDEPO00962631CRINDIANOVERSEASBANK0446CTSG962631 IOB,,956,1244484.64,CHQ,1244484.64,0
27-03-2019,SERVICEBRANCHCHENNAICHEQUEDEPO00882278CRSYNDICATEBANK0446CTSG882278 SYB,,3450,1247934.64,CHQ,1247934.64,0
27-03-2019,SERVICEBRANCHCHENNAICHEQUEDEPO00079388CRUTIBANKLTD0446CTSG,,8308,1256242.64,CHQ,1256242.64,0
27-03-2019,SERVICEBRANCHCHENNAICHEQUEDEPO00704775CRSYNDICATEBANK0446CTSG704775 SYB,,1840,1258082.64,CHQ,1258082.64,0
27-03-2019,SERVICEBRANCHCHENNAICHEQUEDEPO00000373CRICICIBANKINGCORPORATION0446CTSG,,1997,1260079.64,CHQ,1260079.64,0
27-03-2019,SERVICEBRANCHCHENNAICHEQUEDEPO00227368CRUTIBANKLTD0446CTSG,,6386,1266465.64,CHQ,1266465.64,0
27-03-2019,SERVICEBRANCHCHENNAICHEQUEDEPO00447522CR2590446CTSG,,1910,1268375.64,CHQ,1268375.64,0
27-03-2019,SERVICEBRANCHCHENNAICHEQUEDEPO00001620CR2400446CTSG,,5944,1274319.64,CHQ,1274319.64,0
27-03-2019,SERVICEBRANCHCHENNAICHEQUEDEPO00006614CRUTIBANKLTD0446CTSG,,10903,1285222.64,CHQ,1285222.64,0
27-03-2019,SERVICEBRANCHCHENNAICHEQUEDEPO00001602CR2400446CTSG,,6481,1291703.64,CHQ,1291703.64,0
27-03-2019,MUMBAIFORTC ACFEESKPNCRFARMFRESHP99TRANSFE123,,3540,1295243.64,TRANSFER,1295243.64,0
27-03-2019,TIRUMANGALAMBYCHQ TTTFRCRKISHOREMARKETING,,13112,1308355.64,CHQ,1308355.64,0
27-03-2019,TIRUMANGALAMBYCHQ TTTFRCRKISHOREMARKETING,,1014,1309369.64,CHQ,1309369.64,0
27-03-2019,SERVICEBRANCHCHENNAICHEQUEDEPO00004708CRSOUTHINDIANBANKLTD0446CTSCLG004708CLG004708 SIB,,10000,1319369.64,CHQ,1319369.64,0
27-03-2019,SERVICEBRANCHCHENNAICHEQUEDEPO00000041CRSTANDARDCHARTEREDBANK0446CTSG000041 SCB,,4000,1323369.64,CHQ,1323369.64,0
27-03-2019,SERVICEBRANCHCHENNAICHEQUEDEPO00547354CRFEDERALBANKLTD0446CTSG547354 FBI,,2000,1325369.64,CHQ,1325369.64,0
27-03-2019,TIRUMANGALAMBYCHQ TTTFRCRKISHOREMARKETING,,28362,1353731.64,CHQ,1353731.64,0
27-03-2019,SERVICEBRANCHCHENNAICHEQUEDEPO00671276CR2340446CTSG,,2407,1356138.64,CHQ,1356138.64,0
27-03-2019,SERVICEBRANCHCHENNAICHEQUEDEPO00022164CRICICIBANKINGCORPORATION0446CTSG,,70000,1426138.64,CHQ,1426138.64,0
27-03-2019,MUMBAIFORTC ACFEESCRCHENNAIC4645249TRANSFER24,,1062,1427200.64,TRANSFER,1427200.64,0
27-03-2019,SERVICEBRANCHCHENNAICHEQUEDEPO00000962CRICICIBANKINGCORPORATION0446CTSG,,775,1427975.64,CHQ,1427975.64,0
27-03-2019,SERVICEBRANCHCHENNAICHEQUEDEPO00317446CRUCOBANK0446CTSCLG317446CLG317446 UCO,,90741,1518716.64,CHQ,1518716.64,0
27-03-2019,SERVICEBRANCHCHENNAICHEQUEDEPO00347798CRFEDERALBANKLTD0446CTSG347798 FBI,,1759,1520475.64,CHQ,1520475.64,0
27-03-2019,SERVICEBRANCHCHENNAICHEQUEDEPO00074426CRUTIBANKLTD0446CTSG,,1070,1521545.64,CHQ,1521545.64,0
27-03-2019,CASHDEPCRCHRGSOTHER,245,,1521300.64,DEPOSIT-CHARGES,1521300.64,0
28-03-2019,MUMBAIFORTC ACFEESCRMCRENNETTF5164358TRANSFER24,,3079,1524379.64,TRANSFER,1524379.64,0
28-03-2019,MUMBAIFORTWITHDRAWALTRANSFERCRREDBULLINDIAP737TRANSFER24,55006,,1469373.64,TRANSFER,1469373.64,0
28-03-2019,SERVICEBRANCHCHENNAICHEQUEDEPO00020667CRANDHRABANK0446CTSG020667 ANB,,11362,1480735.64,CHQ,1480735.64,0
28-03-2019,SERVICEBRANCHCHENNAICHEQUEDEPO00759536CRSYNDICATEBANK0446CTSG759536 SYB,,4483,1485218.64,OUTWARD-RETURN,1485218.64,0
28-03-2019,SERVICEBRANCHCHENNAICHEQUEDEPO00020653CR0720446CTSG020653 DCB,,10954,1496172.64,CHQ,1496172.64,0
28-03-2019,SERVICEBRANCHCHENNAICHEQUEDEPO00441802CR2590446CTSG,,3532,1499704.64,CHQ,1499704.64,0
28-03-2019,SERVICEBRANCHCHENNAICHEQUEDEPO00004877CR,,7170,1506874.64,CHQ,1506874.64,0
28-03-2019,SERVICEBRANCHCHENNAICHEQUEDEPO00082867CRUTIBANKLTD0446CTSG,,2090,1508964.64,CHQ,1508964.64,0
28-03-2019,SERVICEBRANCHCHENNAICHEQUEDEPO00000181CRLAKSHMIVILASBANKLTD0446CTSCLG000181CLG000181 LVB,,1548,1510512.64,CHQ,1510512.64,0
28-03-2019,SERVICEBRANCHCHENNAICHEQUEDEPO00709615CRSYNDICATEBANK0446CTSG709615 SYB,,1747,1512259.64,CHQ,1512259.64,0
28-03-2019,SERVICEBRANCHCHENNAICHEQUEDEPO00233082CRUTIBANKLTD0446CTSG,,6280,1518539.64,CHQ,1518539.64,0
28-03-2019,SERVICEBRANCHCHENNAICHEQUEDEPO00020652CR0720446CTSG020652 DCB,,10940,1529479.64,CHQ,1529479.64,0
28-03-2019,SERVICEBRANCHCHENNAICHEQUEDEPO00292678CRUTIBANKLTD0446CTSG,,5259,1534738.64,CHQ,1534738.64,0
28-03-2019,SERVICEBRANCHCHENNAICHEQUEDEPO00147633CRICICIBANKINGCORPORATION0446CTSG,,4884,1539622.64,CHQ,1539622.64,0
28-03-2019,TIRUMANGALAMCASHDEPOSITCRDepositbySELF,,100000,1639622.64,CASH,1639622.64,0
28-03-2019,MUMBAIFORTWITHDRAWALTRANSFERMARSINTERNATIONAIDIBH19087359248CRTRANSFER24,400029,,1239593.64,TRANSFER,1239593.64,0
28-03-2019,MUMBAIFORTWITHDRAWALTRANSFERHECTORBEVERAGESPIDIBH19087359450CRTRANSFER24,200014,,1039579.64,TRANSFER,1039579.64,0
28-03-2019,MUMBAIFORTWITHDRAWALTRANSFERINBISCOCRINDIAPV605TRANSFER24,217029,,822550.64,TRANSFER,822550.64,0
28-03-2019,MUMBAIFORTC ACFEESSRICRMEENAKSHIAM394TRANSFER26,,2899,825449.64,TRANSFER,825449.64,0
28-03-2019,SERVICEBRANCHCHENNAIOUTCHQRETCRFundsinsufficient,4483,,820966.64,OUTWARD-RETURN,820966.64,0
28-03-2019,SERVICEBRANCHCHENNAICHQDISHONOURCR,250,,820716.64,INWARD-CHARGES,820716.64,0
28-03-2019,MUMBAIFORTC ACFEESCRANNANAGARS6289669TRANSFER21,,11634,832350.64,TRANSFER,832350.64,0
29-03-2019,TIRUMANGALAMCASHDEPOSITCRDepositbySELF,,66000,898350.64,CASH,898350.64,0
29-03-2019,MUMBAIFORTWITHDRAWALTRANSFERMARSINTERNATIONAIDIBH19088437966CRTRANSFER24,300029,,598321.64,TRANSFER,598321.64,0
29-03-2019,MUMBAIFORTC ACFEESCRAMMANFRUITS803TRANSFER27,,30129,628450.64,TRANSFER,628450.64,0
30-03-2019,SERVICEBRANCHCHENNAICHEQUEDEPO00206960CRINDIANOVERSEASBANK0446CTSG206960 IOB,,5077,633527.64,CHQ,633527.64,0
30-03-2019,SERVICEBRANCHCHENNAICHEQUEDEPO00981673CRVIJAYABANK0446CTSG981673 VJB,,1538,635065.64,CHQ,635065.64,0
30-03-2019,SERVICEBRANCHCHENNAICHEQUEDEPO00002767CRICICIBANKINGCORPORATION0446CTSG,,5692,640757.64,CHQ,640757.64,0
30-03-2019,SERVICEBRANCHCHENNAICHEQUEDEPO00020793CRANDHRABANK0446CTSG020793 ANB,,24240,664997.64,CHQ,664997.64,0
30-03-2019,SERVICEBRANCHCHENNAICHEQUEDEPO00932658CRUNITEDBANKOFINDIA0446CTSCLG932658CLG,,8213,673210.64,CHQ,673210.64,0
30-03-2019,SERVICEBRANCHCHENNAICHEQUEDEPO00489058CRSYNDICATEBANK0446CTSG489058 SYB,,630,673840.64,CHQ,673840.64,0
30-03-2019,SERVICEBRANCHCHENNAICHEQUEDEPO00001080CR2400446CTSG,,5637,679477.64,CHQ,679477.64,0
30-03-2019,SERVICEBRANCHCHENNAICHEQUEDEPO00039730CRANDHRABANK0446CTSG039730 ANB,,5766,685243.64,CHQ,685243.64,0
30-03-2019,SERVICEBRANCHCHENNAICHEQUEDEPO00801091CRVIJAYABANK0446CTSCHQ801091,,1332,686575.64,CHQ,686575.64,0
30-03-2019,SERVICEBRANCHCHENNAICHEQUEDEPO00002222CRKARURVYSYABANKLTD0446CTSCLG002222CLG002222 KVB,,1113,687688.64,CHQ,687688.64,0
30-03-2019,SERVICEBRANCHCHENNAICHEQUEDEPO00039721CRANDHRABANK0446CTSG039721 ANB,,2754,690442.64,CHQ,690442.64,0
30-03-2019,SERVICEBRANCHCHENNAICHEQUEDEPO00009433CR2400446CTSG,,3072,693514.64,CHQ,693514.64,0
30-03-2019,SERVICEBRANCHCHENNAICHEQUEDEPO00003516CRANDHRABANK0446CTSG003516 ANB,,10011,703525.64,CHQ,703525.64,0
30-03-2019,SERVICEBRANCHCHENNAICHEQUEDEPO00039381CRANDHRABANK0446CTSG039381 ANB,,4989,708514.64,CHQ,708514.64,0
30-03-2019,SERVICEBRANCHCHENNAICHEQUEDEPO00001058CRICICIBANKINGCORPORATION0446CTSG,,3063,711577.64,CHQ,711577.64,0
30-03-2019,TIRUMANGALAMCASHDEPOSITCRDepositbySELF,,110000,821577.64,CASH,821577.64,0
30-03-2019,MUMBAIFORTC ACFEESCRELLIOTFOODS574TRANSFER21,,7787,829364.64,TRANSFER,829364.64,0
01-04-2019,COREBANKINGWITHDRAWALTRANSFERTECHPROCESS760080851 BharatCRDATACENTREPetroleumCorporationTRANSFERTO,10008.26,,819356.38,ONLINE-PAYMENT,819356.38,0
02-04-2019,TIRUMANGALAMCASHDEPOSITCRDepositbySELF,,200000,1019356.38,CASH,1019356.38,0
02-04-2019,TIRUMANGALAMBYCHQ TTTFRCRKISHOREMARKETING,,4313,1023669.38,CHQ,1023669.38,0
02-04-2019,TIRUMANGALAMBYCHQ TTTFRCRKISHOREMARKETING,,2188,1025857.38,CHQ,1025857.38,0
02-04-2019,MUMBAIFORTC ACFEESCRCHENNAIC9652540TRANSFER21,,6659,1032516.38,TRANSFER,1032516.38,0
02-04-2019,MUMBAIFORTC ACFEESCRLIMRASENTE1628TRANSFE120,,12817,1045333.38,TRANSFER,1045333.38,0
03-04-2019,MUMBAIFORTC ACFEESCRBANKOFBARODAFO830TRANSFER28,,6023,1051356.38,TRANSFER,1051356.38,0
03-04-2019,SERVICEBRANCHCHENNAICHEQUEDEPO00000027CR2400446CTSG,,2775,1054131.38,CHQ,1054131.38,0
03-04-2019,SERVICEBRANCHCHENNAICHEQUEDEPO00039769CRANDHRABANK0446CTSG039769 ANB,,4349,1058480.38,CHQ,1058480.38,0
03-04-2019,SERVICEBRANCHCHENNAICHEQUEDEPO00004622CR2400446CTSG,,8140,1066620.38,CHQ,1066620.38,0
03-04-2019,SERVICEBRANCHCHENNAICHEQUEDEPO00001669CR2400446CTSG,,1516,1068136.38,CHQ,1068136.38,0
03-04-2019,SERVICEBRANCHCHENNAICHEQUEDEPO00113814CRUTIBANKLTD0446CTSG,,4237,1072373.38,CHQ,1072373.38,0
03-04-2019,SERVICEBRANCHCHENNAICHEQUEDEPO00809721CRTAMILNADMERCANTILEBANK0446CTSG809721 TMB,,4403,1076776.38,CHQ,1076776.38,0
03-04-2019,SERVICEBRANCHCHENNAICHEQUEDEPO00000475CRKARURVYSYABANKLTD0446CTSCLG000475CLG000475 KVB,,27748,1104524.38,CHQ,1104524.38,0
03-04-2019,SERVICEBRANCHCHENNAICHEQUEDEPO00040551CRKARNATAKABANKLTD,,11021,1115545.38,CHQ,1115545.38,0
03-04-2019,SERVICEBRANCHCHENNAICHEQUEDEPO00000365CR7500446CTSGAN,,3300,1118845.38,OUTWARD-RETURN,1118845.38,0
03-04-2019,SERVICEBRANCHCHENNAICHEQUEDEPO00000203CR2400446CTSG,,2295,1121140.38,CHQ,1121140.38,0
03-04-2019,SERVICEBRANCHCHENNAICHEQUEDEPO00005951CRCITYUNIONBANKLTD0446CTSCLG005951CLG005951 CUB,,3474,1124614.38,CHQ,1124614.38,0
03-04-2019,SERVICEBRANCHCHENNAICHEQUEDEPO00601338CRVIJAYABANK0446CTSG601338 VJB,,18080,1142694.38,CHQ,1142694.38,0
03-04-2019,SERVICEBRANCHCHENNAICHEQUEDEPO00858123CRSTATEBANKOFINDIA0446CTSG858123 SBI,,19864,1162558.38,CHQ,1162558.38,0
03-04-2019,SERVICEBRANCHCHENNAICHEQUEDEPO00206961CRINDIANOVERSEASBANK0446CTSG206961 IOB,,1160,1163718.38,CHQ,1163718.38,0
03-04-2019,SERVICEBRANCHCHENNAICHEQUEDEPO00519914CRSTATEBANKOFINDIA0446CTSG519914 SBI,,1864,1165582.38,CHQ,1165582.38,0
03-04-2019,SERVICEBRANCHCHENNAICHEQUEDEPO00000243CRKARURVYSYABANKLTD0446CTSCLG000243CLG000243 KVB,,7059,1172641.38,CHQ,1172641.38,0
03-04-2019,SERVICEBRANCHCHENNAICHEQUEDEPO00871661CRTAMILNADUSTATEAPEXCOO0446CTSG,,848,1173489.38,CHQ,1173489.38,0
03-04-2019,SERVICEBRANCHCHENNAICHEQUEDEPO00126290CRUTIBANKLTD0446CTSG,,2148,1175637.38,CHQ,1175637.38,0
03-04-2019,MUMBAIFORTC ACFEESCRANNAISUPERMAR6747TRANSFER27,,5094,1180731.38,TRANSFER,1180731.38,0
03-04-2019,SERVICEBRANCHCHENNAIOUTCHQRETCRExceedsarrangement,3300,,1177431.38,OUTWARD-RETURN,1177431.38,0
03-04-2019,SERVICEBRANCHCHENNAICHQDISHONOURCR,250,,1177181.38,INWARD-CHARGES,1177181.38,0
04-04-2019,MUMBAIFORTWITHDRAWALTRANSFERMARSINTERNATIONAIDIBH19094288881CRTRANSFER24,500029,,677152.38,TRANSFER,677152.38,0
04-04-2019,SERVICEBRANCHCHENNAICHEQUEDEPO00040551CRKARNATAKABANKLTD,,11021,688173.38,CHQ,688173.38,0
04-04-2019,MUMBAIFORTC ACFEESSRICRMEENAKSHIAM918TRANSFER24,,3847,692020.38,TRANSFER,692020.38,0
04-04-2019,MUMBAIFORTC ACFEESCRHAWIEEXIM969TRANSFER24,,29866,721886.38,TRANSFER,721886.38,0
04-04-2019,MUMBAIFORTC ACFEESCRAMMANFRUITS641TRANSFER27,,8487,730373.38,TRANSFER,730373.38,0
04-04-2019,TIRUMANGALAMBYCHQ TTTFRCRKISHOREMARKETING,,2305,732678.38,CHQ,732678.38,0
04-04-2019,MUMBAIFORTC ACFEESCRPONNUSUPER3108784TRANSFER28,,3646,736324.38,TRANSFER,736324.38,0
04-04-2019,MUMBAIFORTWITHDRAWALTRANSFERINVENTZLIFESCIENIDIBH19094328189CRTRANSFER24,53006,,683318.38,TRANSFER,683318.38,0
04-04-2019,SERVICEBRANCHCHENNAINOFEESCRKindlycontactDrawer DraweeBankandpleasepre,11021,,672297.38,TRANSFER,672297.38,0
04-04-2019,MUMBAIFORTC ACFEESKPNCRFARMFRESHP134TRANSFER21,,50284,722581.38,TRANSFER,722581.38,0
05-04-2019,MUMBAIFORTC ACFEESCRSARAVANAST3900282TRANSFER25,,86532,809113.38,TRANSFER,809113.38,0
05-04-2019,SERVICEBRANCHCHENNAICHEQUEDEPO00000366CRKARURVYSYABANKLTD0446CTSCLG000366CLG000366 KVB,,9395,818508.38,CHQ,818508.38,0
05-04-2019,SERVICEBRANCHCHENNAICHEQUEDEPO00000432CRKARURVYSYABANKLTD0446CTSCLG000432CLG000432 KVB,,12411,830919.38,CHQ,830919.38,0
05-04-2019,SERVICEBRANCHCHENNAICHEQUEDEPO00317449CRUCOBANK0446CTSCLG317449CLG317449 UCO,,100000,930919.38,CHQ,930919.38,0
05-04-2019,SERVICEBRANCHCHENNAICHEQUEDEPO00220625CRUTIBANKLTD0446CTSG,,1680,932599.38,CHQ,932599.38,0
05-04-2019,SERVICEBRANCHCHENNAICHEQUEDEPO00709651CRSYNDICATEBANK0446CTSG709651 SYB,,2657,935256.38,CHQ,935256.38,0
05-04-2019,SERVICEBRANCHCHENNAICHEQUEDEPO00000483CRUCOBANK0446CTSCLG000483CLG000483 UCO,,3781,939037.38,CHQ,939037.38,0
05-04-2019,SERVICEBRANCHCHENNAICHEQUEDEPO00175508CRTAMILNADMERCANTILEBANK0446CTSG175508 TMB,,4717,943754.38,CHQ,943754.38,0
05-04-2019,TIRUMANGALAMCASHDEPOSITCRDepositbySELF,,135000,1078754.38,CASH,1078754.38,0
05-04-2019,SERVICEBRANCHCHENNAICHEQUEDEPO00035939CRCENTRALBANKOFINDIA0446CTSCLG035939CLG035939 CBI,,9341,1088095.38,CHQ,1088095.38,0
05-04-2019,SERVICEBRANCHCHENNAICHEQUEDEPO00085876CRCANARABANK0446CTSG085876 CAB,,306,1088401.38,CHQ,1088401.38,0
05-04-2019,SERVICEBRANCHCHENNAICHEQUEDEPO00004879CRANDHRABANK0446CTSCHQ004879,,8145,1096546.38,CHQ,1096546.38,0
05-04-2019,SERVICEBRANCHCHENNAICHEQUEDEPO00164396CRUTIBANKLTD0446CTSG,,1644,1098190.38,CHQ,1098190.38,0
05-04-2019,SERVICEBRANCHCHENNAICHEQUEDEPO00628908CRTAMILNADMERCANTILEBANK0446CTSG628908 TMB,,2401,1100591.38,CHQ,1100591.38,0
05-04-2019,SERVICEBRANCHCHENNAICHEQUEDEPO00039769CRANDHRABANK0446CTSG039769 ANB,,4349,1104940.38,CHQ,1104940.38,0
05-04-2019,SERVICEBRANCHCHENNAICHEQUEDEPO00368527CRCANARABANK0446CTSG368527 CAB,,5264,1110204.38,CHQ,1110204.38,0
05-04-2019,SERVICEBRANCHCHENNAICHEQUEDEPO00501146CRINDIANOVERSEASBANK0446CTSG501146 IOB,,2485,1112689.38,CHQ,1112689.38,0
05-04-2019,SERVICEBRANCHCHENNAICHEQUEDEPO00019119CRORIENTALBANKOFCOMMERCE0446CTSG019119 OBC,,1456,1114145.38,CHQ,1114145.38,0
05-04-2019,SERVICEBRANCHCHENNAICHEQUEDEPO00219908CRFEDERALBANKLTD0446CTSG219908 FBI,,6545,1120690.38,CHQ,1120690.38,0
05-04-2019,TIRUMANGALAMBYCHQ TTTFRCRkishoremarketing,,5755,1126445.38,CHQ,1126445.38,0
05-04-2019,TIRUMANGALAMBYCHQ TTTFRCRkishoremarketing,,4287,1130732.38,CHQ,1130732.38,0
05-04-2019,SERVICEBRANCHCHENNAICHEQUEDEPO00040551CRKARNATAKABANKLTD0446CTSCHQ040551,,11021,1141753.38,OUTWARD-RETURN,1141753.38,0
05-04-2019,SERVICEBRANCHCHENNAINOFEESCRItemListedTwice,4349,,1137404.38,TRANSFER,1137404.38,0
05-04-2019,SERVICEBRANCHCHENNAIOUTCHQRETCRAlterationrequiredrawerauthentication,11021,,1126383.38,OUTWARD-RETURN,1126383.38,0
05-04-2019,SERVICEBRANCHCHENNAICHQDISHONOURCR,250,,1126133.38,INWARD-CHARGES,1126133.38,0
05-04-2019,MUMBAIFORTWITHDRAWALTRANSFERMARSINTERNATIONAIDIBH19095424431CRTRANSFER24,500029,,626104.38,TRANSFER,626104.38,0
05-04-2019,MUMBAIFORTC ACFEESCRKARUVALURMARIA2182TRANSFER20,,12279,638383.38,TRANSFER,638383.38,0
05-04-2019,ATMSERVICEBYTRANSFERCRBRANCH IMPS 243 KSNSUPERMARKETTRANSFE461,,2471,640854.38,IMPS,640854.38,0
06-04-2019,SERVICEBRANCHCHENNAITOCLGCHQ00898718CRSECEDCWEST,23121,,617733.38,CHQ,617733.38,0
06-04-2019,SERVICEBRANCHCHENNAICHEQUEDEPO00683530CRSTATEBANKOFINDIA0446CTSG683530 SBI,,1209,618942.38,OUTWARD-RETURN,618942.38,0
06-04-2019,SERVICEBRANCHCHENNAICHEQUEDEPO00839486CRINDIANOVERSEASBANK0446CTSG839486 IOB,,3910,622852.38,CHQ,622852.38,0
06-04-2019,SERVICEBRANCHCHENNAICHEQUEDEPO00020087CRKARURVYSYABANKLTD0446CTSCLG020087CLG020087 KVB,,2240,625092.38,CHQ,625092.38,0
06-04-2019,SERVICEBRANCHCHENNAICHEQUEDEPO00317450CRUCOBANK0446CTSCLG317450CLG317450 UCO,,97205,722297.38,CHQ,722297.38,0
06-04-2019,SERVICEBRANCHCHENNAICHEQUEDEPO00000854CRICICIBANKINGCORPORATION0446CTSG,,988,723285.38,CHQ,723285.38,0
06-04-2019,MUMBAIFORTC ACFEESCRHECTORBEVER1054646TRANSFER21,,15000,738285.38,TRANSFER,738285.38,0
06-04-2019,MUMBAIFORTC ACFEESCRHECTORBEVER1054794TRANSFER26,,14032,752317.38,TRANSFER,752317.38,0
06-04-2019,SERVICEBRANCHCHENNAIOUTCHQRETCRFundsinsufficient,1209,,751108.38,OUTWARD-RETURN,751108.38,0
06-04-2019,SERVICEBRANCHCHENNAICHQDISHONOURCR,250,,750858.38,INWARD-CHARGES,750858.38,0
06-04-2019,MUMBAIFORTC ACFEESCRFRESHMART101DCTRANSFE120,,12231,763089.38,TRANSFER,763089.38,0
08-04-2019,TIRUMANGALAMBYCHQ TTTFRCRKISHOREMARKETING,,5755,768844.38,CHQ,768844.38,0
08-04-2019,TIRUMANGALAMBYCHQ TTTFRCRKISHOREMARKETING,,7860,776704.38,CHQ,776704.38,0
08-04-2019,MUMBAIFORTC ACFEESCRLIMRASENTE2140TRANSFE120,,5214,781918.38,TRANSFER,781918.38,0
08-04-2019,COREBANKINGWITHDRAWALTRANSFERTECHPROCESS768214261 BharatCRDATACENTREPetroleumCorporationTRANSFERTO,10008.26,,771910.12,ONLINE-PAYMENT,771910.12,0
09-04-2019,MUMBAIFORTC ACFEESCRMERCYSUPER606759TRANSFE128,,1088,772998.12,TRANSFER,772998.12,0
09-04-2019,MUMBAIFORTC ACFEESCRMERCYSUPER610650TRANSFE125,,774,773772.12,TRANSFER,773772.12,0
09-04-2019,TIRUMANGALAMCASHDEPOSITCRDepositbySELF,,170000,943772.12,CASH,943772.12,0
09-04-2019,MUMBAIFORTC ACFEESCRSANTHOSHSUPERM964TRANSFER29,,6531,950303.12,TRANSFER,950303.12,0
09-04-2019,TIRUMANGALAMBYCHQ TTTFRCRKISHOREMARKETING,,5755,956058.12,CHQ,956058.12,0
09-04-2019,MUMBAIFORTC ACFEESCRBANKOFBARODAFO377TRANSFER27,,2160,958218.12,TRANSFER,958218.12,0
10-04-2019,MUMBAIFORTWITHDRAWALTRANSFERCRSNJSugarsandp264TRANSFER24,99877,,858341.12,TRANSFER,858341.12,0
10-04-2019,MUMBAIFORTWITHDRAWALTRANSFERCRREDBULLINDIAP190TRANSFER24,200014,,658327.12,TRANSFER,658327.12,0
10-04-2019,TIRUMANGALAMCASHDEPOSITCRDepositbySELF,,230000,888327.12,CASH,888327.12,0
10-04-2019,TIRUMANGALAMBYCHQ TTTFRCRKISHOREMARKETING,,5749,894076.12,CHQ,894076.12,0
10-04-2019,TIRUMANGALAMBYCHQ TTTFRCRKISHOREMARKETING,,2865,896941.12,CHQ,896941.12,0
10-04-2019,MUMBAIFORTC ACFEESCRPRAVEENAAGENCIE887TRANSFER28,,11070,908011.12,TRANSFER,908011.12,0
10-04-2019,SERVICEBRANCHCHENNAICHEQUEDEPO00405488CRCANARABANK0446CTSG405488 CAB,,1071,909082.12,CHQ,909082.12,0
10-04-2019,SERVICEBRANCHCHENNAICHEQUEDEPO00001081CR2400446CTSG,,12000,921082.12,CHQ,921082.12,0
10-04-2019,SERVICEBRANCHCHENNAICHEQUEDEPO00079423CRUTIBANKLTD0446CTSG,,3693,924775.12,CHQ,924775.12,0
10-04-2019,SERVICEBRANCHCHENNAICHEQUEDEPO00963327CRVYSYABANKLTD0446CTSG963327 ING,,1160,925935.12,CHQ,925935.12,0
10-04-2019,SERVICEBRANCHCHENNAICHEQUEDEPO00003471CRKARURVYSYABANKLTD0446CTSCLG003471CLG003471 KVB,,4189,930124.12,CHQ,930124.12,0
10-04-2019,SERVICEBRANCHCHENNAICHEQUEDEPO00795293CRCORPORATIONBANK0446CTSG,,17600,947724.12,CHQ,947724.12,0
10-04-2019,SERVICEBRANCHCHENNAICHEQUEDEPO00000126CRKARURVYSYABANKLTD0446CTSCLG000126CLG000126 KVB,,1000,948724.12,CHQ,948724.12,0
10-04-2019,SERVICEBRANCHCHENNAICHEQUEDEPO00001030CRICICIBANKINGCORPORATION0446CTSG,,1736,950460.12,CHQ,950460.12,0
10-04-2019,SERVICEBRANCHCHENNAICHEQUEDEPO00292756CRUTIBANKLTD0446CTSG,,1125,951585.12,CHQ,951585.12,0
10-04-2019,SERVICEBRANCHCHENNAICHEQUEDEPO00854067CRSTATEBANKOFINDIA0446CTSG854067 SBI,,9897,961482.12,CHQ,961482.12,0
10-04-2019,SERVICEBRANCHCHENNAICHEQUEDEPO00020870CRANDHRABANK0446CTSG020870 ANB,,5725,967207.12,CHQ,967207.12,0
10-04-2019,SERVICEBRANCHCHENNAICHEQUEDEPO00002692CR2400446CTSG,,3521,970728.12,CHQ,970728.12,0
10-04-2019,SERVICEBRANCHCHENNAICHEQUEDEPO00010847CRICICIBANKINGCORPORATION0446CTSG,,19616,990344.12,CHQ,990344.12,0
10-04-2019,SERVICEBRANCHCHENNAICHEQUEDEPO00932659CRUNITEDBANKOFINDIA0446CTSCHQ932659,,10766,1001110.12,CHQ,1001110.12,0
10-04-2019,SERVICEBRANCHCHENNAICHEQUEDEPO00789171CRCANARABANK0446CTSG789171 CAB,,759,1001869.12,CHQ,1001869.12,0
10-04-2019,SERVICEBRANCHCHENNAICHEQUEDEPO00029082CRPUNJABNATIONALBANK0446CTSG029082 PNB,,2826,1004695.12,CHQ,1004695.12,0
10-04-2019,SERVICEBRANCHCHENNAICHEQUEDEPO00685479CRINDIANOVERSEASBANK0446CTSG685479 IOB,,1536,1006231.12,CHQ,1006231.12,0
10-04-2019,SERVICEBRANCHCHENNAICHEQUEDEPO00005237CRSOUTHINDIANBANKLTD0446CTSCLG005237CLG005237 SIB,,7333,1013564.12,CHQ,1013564.12,0
10-04-2019,SERVICEBRANCHCHENNAICHEQUEDEPO00839487CRINDIANOVERSEASBANK0446CTSCHQ839487,,9951,1023515.12,CHQ,1023515.12,0
10-04-2019,SERVICEBRANCHCHENNAICHEQUEDEPO00005265CRSOUTHINDIANBANKLTD0446CTSCLG005265CLG005265 SIB,,6584,1030099.12,CHQ,1030099.12,0
10-04-2019,SERVICEBRANCHCHENNAICHEQUEDEPO00000545CR7560446CTSG,,14172,1044271.12,CHQ,1044271.12,0
10-04-2019,SERVICEBRANCHCHENNAICHEQUEDEPO00005080CR0110446CTSG005080 ANB,,972,1045243.12,CHQ,1045243.12,0
10-04-2019,CASHDEPCRCHRGSOTHER,100,,1045143.12,DEPOSIT-CHARGES,1045143.12,0
11-04-2019,TIRUMANGALAMCASHDEPOSITCRDepositbySELF,,100000,1145143.12,CASH,1145143.12,0
11-04-2019,ATMSERVICEBYTRANSFERCRBRANCH IMPS 994 opentxn859109byJAYAPATRANSFE461,,5427,1150570.12,IMPS,1150570.12,0
11-04-2019,TIRUMANGALAMBYCHQ TTTFRCRkishoremarketing,,2100,1152670.12,CHQ,1152670.12,0
11-04-2019,TIRUMANGALAMBYCHQ TTTFRCRkishoremarketing,,813,1153483.12,CHQ,1153483.12,0
11-04-2019,MUMBAIFORTWITHDRAWALTRANSFERMARSINTERNATIONAIDIBH19101280882CRTRANSFER24,500029,,653454.12,TRANSFER,653454.12,0
11-04-2019,SERVICEBRANCHCHENNAICHEQUEDEPO00002918CR4850446CTSG002918 KMB,,5855,659309.12,CHQ,659309.12,0
11-04-2019,SERVICEBRANCHCHENNAICHEQUEDEPO00002878CR2400446CTSG,,5244,664553.12,CHQ,664553.12,0
11-04-2019,SERVICEBRANCHCHENNAICHEQUEDEPO00000014CR7510446CTSG000014 IDF,,1000,665553.12,CHQ,665553.12,0
11-04-2019,SERVICEBRANCHCHENNAICHEQUEDEPO00038583CRBANKOFINDIA0446CTSG038583 BOI,,2177,667730.12,CHQ,667730.12,0
11-04-2019,SERVICEBRANCHCHENNAICHEQUEDEPO00000300CR2400446CTSG,,950,668680.12,CHQ,668680.12,0
11-04-2019,SERVICEBRANCHCHENNAICHEQUEDEPO00020313CRKARURVYSYABANKLTD0446CTSCLG020313CLG020313 KVB,,5124,673804.12,CHQ,673804.12,0
11-04-2019,SERVICEBRANCHCHENNAICHEQUEDEPO00001826CRKARURVYSYABANKLTD0446CTSCLG001826CLG001826 KVB,,7664,681468.12,CHQ,681468.12,0
11-04-2019,SERVICEBRANCHCHENNAICHEQUEDEPO00622347CRTAMILNADMERCANTILEBANK0446CTSG622347 TMB,,4914,686382.12,CHQ,686382.12,0
11-04-2019,SERVICEBRANCHCHENNAICHEQUEDEPO00811726CRINDIANOVERSEASBANK0446CTSG811726 IOB,,1832,688214.12,CHQ,688214.12,0
11-04-2019,SERVICEBRANCHCHENNAICHEQUEDEPO00000278CR7510446CTSG000278 IDF,,3460,691674.12,CHQ,691674.12,0
11-04-2019,SERVICEBRANCHCHENNAICHEQUEDEPO00679324CRSTATEBANKOFINDIA0446CTSG679324 SBI,,3900,695574.12,CHQ,695574.12,0
11-04-2019,SERVICEBRANCHCHENNAICHEQUEDEPO00038631CRBANKOFINDIA0446CTSG038631 BOI,,2219,697793.12,CHQ,697793.12,0
11-04-2019,SERVICEBRANCHCHENNAICHEQUEDEPO00397304CRTAMILNADMERCANTILEBANK0446CTSG397304 TMB,,8000,705793.12,OUTWARD-RETURN,705793.12,0
11-04-2019,SERVICEBRANCHCHENNAICHEQUEDEPO00986370CRINDIANOVERSEASBANK0446CTSG986370 IOB,,8517,714310.12,CHQ,714310.12,0
11-04-2019,SERVICEBRANCHCHENNAICHEQUEDEPO00200631CRTAMILNADMERCANTILEBANK0446CTSG200631 TMB,,3019,717329.12,OUTWARD-RETURN,717329.12,0
11-04-2019,SERVICEBRANCHCHENNAIOUTCHQRETCRDrawersignaturerequired,3019,,714310.12,OUTWARD-RETURN,714310.12,0
11-04-2019,SERVICEBRANCHCHENNAICHQDISHONOURCR,250,,714060.12,INWARD-CHARGES,714060.12,0
11-04-2019,SERVICEBRANCHCHENNAIOUTCHQRETCRExceedsarrangement,8000,,706060.12,OUTWARD-RETURN,706060.12,0
11-04-2019,SERVICEBRANCHCHENNAICHQDISHONOURCR,250,,705810.12,INWARD-CHARGES,705810.12,0
12-04-2019,MUMBAIFORTC ACFEESCRSANTHOSHSUPERS368TRANSFER20,,1958,707768.12,TRANSFER,707768.12,0
12-04-2019,MUMBAIFORTC ACFEESCRSANTHOSHSUPERS591TRANSFER21,,49674,757442.12,TRANSFER,757442.12,0
12-04-2019,MUMBAIFORTWITHDRAWALTRANSFERMARSINTERNATIONAIDIBH19102321578CRTRANSFER24,500029,,257413.12,TRANSFER,257413.12,0
12-04-2019,MUMBAIFORTC ACFEESCRVIKPRIHOME11DCTRANSFE124,,8228,265641.12,TRANSFER,265641.12,0
12-04-2019,TIRUMANGALAMCASHDEPOSITCRDepositbySELF,,350000,615641.12,CASH,615641.12,0
12-04-2019,SERVICEBRANCHCHENNAICHEQUEDEPO00038630CRBANKOFINDIA0446CTSG038630 BOI,,4054,619695.12,CHQ,619695.12,0
12-04-2019,SERVICEBRANCHCHENNAICHEQUEDEPO00287078CRUTIBANKLTD0446CTSG,,5979,625674.12,CHQ,625674.12,0
12-04-2019,SERVICEBRANCHCHENNAICHEQUEDEPO00801171CRVIJAYABANK0446CTSG801171 VJB,,1684,627358.12,CHQ,627358.12,0
12-04-2019,SERVICEBRANCHCHENNAICHEQUEDEPO00000003CRUCOBANK0446CTSCLG000003CLG000003 UCO,,1200,628558.12,CHQ,628558.12,0
12-04-2019,SERVICEBRANCHCHENNAICHEQUEDEPO00001991CRKARURVYSYABANKLTD0446CTSCLG001991CLG001991 KVB,,3133,631691.12,CHQ,631691.12,0
12-04-2019,SERVICEBRANCHCHENNAICHEQUEDEPO00001985CRKARURVYSYABANKLTD0446CTSCLG001985CLG001985 KVB,,300,631991.12,CHQ,631991.12,0
12-04-2019,SERVICEBRANCHCHENNAICHEQUEDEPO00606291CRPUNJABNATIONALBANK0446CTSG606291 PNB,,20000,651991.12,CHQ,651991.12,0
12-04-2019,SERVICEBRANCHCHENNAICHEQUEDEPO00506128CRCANARABANK0446CTSG506128 CAB,,2873,654864.12,CHQ,654864.12,0
12-04-2019,SERVICEBRANCHCHENNAICHEQUEDEPO00920365CRCANARABANK0446CTSG920365 CAB,,909,655773.12,CHQ,655773.12,0
12-04-2019,SERVICEBRANCHCHENNAICHEQUEDEPO00397305CRTAMILNADMERCANTILEBANK0446CTSG397305 TMB,,8057,663830.12,CHQ,663830.12,0
12-04-2019,SERVICEBRANCHCHENNAICHEQUEDEPO00974439CRUNITEDBANKOFINDIA0446CTSCLG974439CLG,,1800,665630.12,CHQ,665630.12,0
12-04-2019,SERVICEBRANCHCHENNAICHEQUEDEPO00001344CRKARURVYSYABANKLTD0446CTSCLG001344CLG001344 KVB,,2865,668495.12,CHQ,668495.12,0
12-04-2019,SERVICEBRANCHCHENNAICHEQUEDEPO00052826CRUTIBANKLTD0446CTSG,,5000,673495.12,CHQ,673495.12,0
12-04-2019,SERVICEBRANCHCHENNAICHEQUEDEPO00547355CRFEDERALBANKLTD0446CTSG547355 FBI,,993,674488.12,CHQ,674488.12,0
12-04-2019,SERVICEBRANCHCHENNAICHEQUEDEPO00183543CRTAMILNADMERCANTILEBANK0446CTSG183543 TMB,,1200,675688.12,CHQ,675688.12,0
12-04-2019,SERVICEBRANCHCHENNAICHEQUEDEPO00058875CR2400446CTSG,,58885,734573.12,CHQ,734573.12,0
12-04-2019,SERVICEBRANCHCHENNAICHEQUEDEPO00060315CR2400446CTSG,,57234,791807.12,CHQ,791807.12,0
12-04-2019,SERVICEBRANCHCHENNAICHEQUEDEPO00000169CRCITYUNIONBANKLTD0446CTSCLG000169CLG000169 CUB,,3487,795294.12,CHQ,795294.12,0
12-04-2019,SERVICEBRANCHCHENNAICHEQUEDEPO00932905CRUNITEDBANKOFINDIA0446CTSCLG932905CLG,,9711,805005.12,CHQ,805005.12,0
12-04-2019,SERVICEBRANCHCHENNAICHEQUEDEPO00709813CRSYNDICATEBANK0446CTSG709813 SYB,,2685,807690.12,CHQ,807690.12,0
12-04-2019,MUMBAIFORTWITHDRAWALTRANSFERINBISCOCRINDIAPV083TRANSFER24,186014,,621676.12,TRANSFER,621676.12,0
12-04-2019,MUMBAIFORTC ACFEESCRCHENNAIC1236598TRANSFER28,,4558,626234.12,TRANSFER,626234.12,0
12-04-2019,CASHDEPCRCHRGSOTHER,150,,626084.12,DEPOSIT-CHARGES,626084.12,0
15-04-2019,SERVICEBRANCHCHENNAICHEQUEDEPO00288646CRUTIBANKLTD0446CTSG,,10000,636084.12,CHQ,636084.12,0
15-04-2019,SERVICEBRANCHCHENNAICHEQUEDEPO00715477CR2340446CTSG,,1947,638031.12,CHQ,638031.12,0
15-04-2019,SERVICEBRANCHCHENNAICHEQUEDEPO00021155CRUTIBANKLTD0446CTSG,,11846,649877.12,CHQ,649877.12,0
15-04-2019,SERVICEBRANCHCHENNAICHEQUEDEPO00042878CRCENTRALBANKOFINDIA0446CTSCLG042878CLG042878 CBI,,1448,651325.12,CHQ,651325.12,0
15-04-2019,SERVICEBRANCHCHENNAICHEQUEDEPO00193179CRCANARABANK0446CTSG193179 CAB,,1250,652575.12,CHQ,652575.12,0
15-04-2019,SERVICEBRANCHCHENNAICHEQUEDEPO00021026CRANDHRABANK0446CTSG021026 ANB,,3081,655656.12,CHQ,655656.12,0
15-04-2019,SERVICEBRANCHCHENNAICHEQUEDEPO00883983CRTAMILNADUSTATEAPEXCOO0446CTSG,,881,656537.12,CHQ,656537.12,0
15-04-2019,SERVICEBRANCHCHENNAICHEQUEDEPO00295410CRUTIBANKLTD0446CTSG,,972,657509.12,OUTWARD-RETURN,657509.12,0
15-04-2019,SERVICEBRANCHCHENNAICHEQUEDEPO00606292CRPUNJABNATIONALBANK0446CTSG606292 PNB,,19875,677384.12,OUTWARD-RETURN,677384.12,0
15-04-2019,TIRUMANGALAMBYCHQ TTTFRCRKISHOREMARKETING,,1112,678496.12,CHQ,678496.12,0
15-04-2019,TIRUMANGALAMBYCHQ TTTFRCRKISHOREMARKETINGS,,6004,684500.12,CHQ,684500.12,0
15-04-2019,MUMBAIFORTWITHDRAWALTRANSFERHECTORBEVERAGESPIDIBH19105407320CRTRANSFER24,250029,,434471.12,TRANSFER,434471.12,0
15-04-2019,MUMBAIFORTC ACFEESCRPONNUSUPER2000953TRANSFER29,,1951,436422.12,TRANSFER,436422.12,0
15-04-2019,SERVICEBRANCHCHENNAIOUTCHQRETCRFundsinsufficient,19875,,416547.12,OUTWARD-RETURN,416547.12,0
15-04-2019,SERVICEBRANCHCHENNAICHQDISHONOURCR,250,,416297.12,INWARD-CHARGES,416297.12,0
15-04-2019,SERVICEBRANCHCHENNAIOUTCHQRETCRFundsinsufficient,972,,415325.12,OUTWARD-RETURN,415325.12,0
15-04-2019,SERVICEBRANCHCHENNAICHQDISHONOURCR,250,,415075.12,INWARD-CHARGES,415075.12,0
15-04-2019,MUMBAIFORTC ACFEESCRLIMRASENTE4957TRANSFE123,,11613,426688.12,TRANSFER,426688.12,0
16-04-2019,TIRUMANGALAMBYCHQ TTTFRCRKISHOREMARKETINGS,,8007,434695.12,CHQ,434695.12,0
16-04-2019,TIRUMANGALAMBYCHQ TTTFRCRKISHOREMARKETING,,5638,440333.12,CHQ,440333.12,0
16-04-2019,TIRUMANGALAMCASHDEPOSITCRDepositbySELF,,120000,560333.12,CASH,560333.12,0
16-04-2019,MUMBAIFORTC ACFEESCRSANTHOSHSUPERM931TRANSFER28,,2506,562839.12,TRANSFER,562839.12,0
16-04-2019,MUMBAIFORTC ACFEESCRSANTHOSHSUPERM462TRANSFER23,,4063,566902.12,TRANSFER,566902.12,0
16-04-2019,MUMBAIFORTC ACFEESCRSANTHOSHSUPERM531TRANSFER24,,6223,573125.12,TRANSFER,573125.12,0
16-04-2019,MUMBAIFORTC ACFEESCRANNAISUPERMAR2410TRANSFER24,,7514,580639.12,TRANSFER,580639.12,0
16-04-2019,SERVICEBRANCHCHENNAICHEQUEDEPO00176345CR2590446CTSG,,5968,586607.12,CHQ,586607.12,0
16-04-2019,SERVICEBRANCHCHENNAICHEQUEDEPO00447639CR,,7074,593681.12,CHQ,593681.12,0
16-04-2019,SERVICEBRANCHCHENNAICHEQUEDEPO00001945CR2400446CTSG,,37113,630794.12,CHQ,630794.12,0
16-04-2019,SERVICEBRANCHCHENNAICHEQUEDEPO00000266CR7560446CTSG,,1295,632089.12,CHQ,632089.12,0
16-04-2019,SERVICEBRANCHCHENNAICHEQUEDEPO00001082CR2400446CTSG,,12616,644705.12,CHQ,644705.12,0
16-04-2019,SERVICEBRANCHCHENNAICHEQUEDEPO00219833CRFEDERALBANKLTD0446CTSG219833 FBI,,3473,648178.12,CHQ,648178.12,0
16-04-2019,SERVICEBRANCHCHENNAICHEQUEDEPO00002777CRICICIBANKINGCORPORATION0446CTSG,,4230,652408.12,CHQ,652408.12,0
16-04-2019,SERVICEBRANCHCHENNAICHEQUEDEPO00074526CRUTIBANKLTD0446CTSG,,2000,654408.12,CHQ,654408.12,0
16-04-2019,SERVICEBRANCHCHENNAICHEQUEDEPO00003205CRKARURVYSYABANKLTD0446CTSCLG003205CLG003205 KVB,,18385,672793.12,CHQ,672793.12,0
16-04-2019,SERVICEBRANCHCHENNAICHEQUEDEPO00000049CR2400446CTSG,,2109,674902.12,CHQ,674902.12,0
16-04-2019,MUMBAIFORTC ACFEESKPNCRFARMFRESHP826TRANSFER29,,16487,691389.12,TRANSFER,691389.12,0
17-04-2019,MUMBAIFORTC ACFEESCRMERCYSUPER255782TRANSFE121,,593,691982.12,TRANSFER,691982.12,0
17-04-2019,MUMBAIFORTC ACFEESCRMERCYSUPER256755TRANSFE121,,553,692535.12,TRANSFER,692535.12,0
17-04-2019,MUMBAIFORTC ACFEESCRMCRENNETTF3805634TRANSFER29,,3173,695708.12,TRANSFER,695708.12,0
17-04-2019,SERVICEBRANCHCHENNAICHEQUEDEPO00042736CRCENTRALBANKOFINDIA,,3297,699005.12,CHQ,699005.12,0
17-04-2019,SERVICEBRANCHCHENNAICHEQUEDEPO00040027CRANDHRABANK0446CTSG040027 ANB,,7888,706893.12,CHQ,706893.12,0
17-04-2019,SERVICEBRANCHCHENNAICHEQUEDEPO00741186CRPUNJABNATIONALBANK0446CTSG741186 PNB,,2535,709428.12,OUTWARD-RETURN,709428.12,0
17-04-2019,SERVICEBRANCHCHENNAICHEQUEDEPO00815453CRTAMILNADMERCANTILEBANK0446CTSG815453 TMB,,4791,714219.12,CHQ,714219.12,0
17-04-2019,SERVICEBRANCHCHENNAICHEQUEDEPO00170476CR2590446CTSG,,726,714945.12,CHQ,714945.12,0
17-04-2019,SERVICEBRANCHCHENNAICHEQUEDEPO00016657CRSOUTHINDIANBANKLTD0446CTSCLG016657CLG016657 SIB,,8542,723487.12,CHQ,723487.12,0
17-04-2019,SERVICEBRANCHCHENNAICHEQUEDEPO00000048CRANDHRABANK0446CTSG000048 ANB,,1512,724999.12,OUTWARD-RETURN,724999.12,0
17-04-2019,SERVICEBRANCHCHENNAICHEQUEDEPO00264098CRSYNDICATEBANK0446CTSG264098 SYB,,1308,726307.12,CHQ,726307.12,0
17-04-2019,SERVICEBRANCHCHENNAICHEQUEDEPO00074614CRUTIBANKLTD0446CTSG,,1143,727450.12,CHQ,727450.12,0
17-04-2019,MUMBAIFORTWITHDRAWALTRANSFERINBISCOCRINDIAPV778TRANSFER24,84006,,643444.12,TRANSFER,643444.12,0
17-04-2019,SERVICEBRANCHCHENNAIOUTCHQRETCRExceedsarrangement,2535,,640909.12,OUTWARD-RETURN,640909.12,0
17-04-2019,SERVICEBRANCHCHENNAICHQDISHONOURCR,250,,640659.12,INWARD-CHARGES,640659.12,0
17-04-2019,SERVICEBRANCHCHENNAIOUTCHQRETCRFundsinsufficient,1512,,639147.12,OUTWARD-RETURN,639147.12,0
17-04-2019,SERVICEBRANCHCHENNAICHQDISHONOURCR,250,,638897.12,INWARD-CHARGES,638897.12,0
18-04-2019,MUMBAIFORTC ACFEESCRVIKPRIHOME61DCTRANSFE129,,13962,652859.12,TRANSFER,652859.12,0
20-04-2019,MUMBAIFORTC ACFEESCRCHENNAIC5214794TRANSFER23,,5446,658305.12,TRANSFER,658305.12,0
20-04-2019,MUMBAIFORTC ACFEESCRSANTHOSHSUPERM972TRANSFER28,,535,658840.12,TRANSFER,658840.12,0
20-04-2019,TIRUMANGALAMCASHDEPOSITCRDepositbySELF,,325000,983840.12,CASH,983840.12,0
20-04-2019,TIRUMANGALAMBYCHQ TTTFRCRKISHOREMARKETING,,2319,986159.12,CHQ,986159.12,0
20-04-2019,MUMBAIFORTC ACFEESCRLIMRASENTE1050TRANSFE129,,6211,992370.12,TRANSFER,992370.12,0
20-04-2019,MUMBAIFORTC ACFEESCRELLIOTFOODS997TRANSFER20,,2273,994643.12,TRANSFER,994643.12,0
20-04-2019,CASHDEPCRCHRGSOTHER,125,,994518.12,DEPOSIT-CHARGES,994518.12,0
22-04-2019,COREBANKINGWITHDRAWALTRANSFERTECHPROCESS780943594 BharatCRDATACENTREPetroleumCorporationTRANSFERTO,10008.26,,984509.86,ONLINE-PAYMENT,984509.86,0
22-04-2019,MUMBAIFORTWITHDRAWALTRANSFERINVENTZLIFESCIENIDIBH19112220717CRTRANSFER24,127694,,856815.86,TRANSFER,856815.86,0
22-04-2019,TIRUMANGALAMCASHDEPOSITCRDepositbySELF,,80000,936815.86,CASH,936815.86,0
22-04-2019,MUMBAIFORTC ACFEESCRAMMANFRUITS717TRANSFER21,,6124,942939.86,TRANSFER,942939.86,0
22-04-2019,SERVICEBRANCHCHENNAICHEQUEDEPO00005123CRANDHRABANK0446CTSCHQ00512,,15273,958212.86,CHQ,958212.86,0
22-04-2019,SERVICEBRANCHCHENNAICHEQUEDEPO00233756CRUTIBANKLTD0446CTSG,,4273,962485.86,CHQ,962485.86,0
22-04-2019,SERVICEBRANCHCHENNAICHEQUEDEPO00001128CRBANKOFBARODA0446CTSCLG001128CLG001128 BOB,,1648,964133.86,CHQ,964133.86,0
22-04-2019,SERVICEBRANCHCHENNAICHEQUEDEPO00000014CR4850446CTSG000014 KMB,,578,964711.86,CHQ,964711.86,0
22-04-2019,SERVICEBRANCHCHENNAICHEQUEDEPO00040028CRANDHRABANK0446CTSG040028 ANB,,7979,972690.86,CHQ,972690.86,0
22-04-2019,SERVICEBRANCHCHENNAICHEQUEDEPO00909222CRINDIANOVERSEASBANK0446CTSG909222 IOB,,1819,974509.86,CHQ,974509.86,0
22-04-2019,SERVICEBRANCHCHENNAICHEQUEDEPO00000522CRKARURVYSYABANKLTD0446CTSCLG000522CLG000522 KVB,,6928,981437.86,CHQ,981437.86,0
22-04-2019,SERVICEBRANCHCHENNAICHEQUEDEPO00002171CRKARURVYSYABANKLTD0446CTSCLG002171CLG002171 KVB,,600,982037.86,CHQ,982037.86,0
22-04-2019,SERVICEBRANCHCHENNAICHEQUEDEPO00227440CRUTIBANKLTD0446CTSG,,19933,1001970.86,CHQ,1001970.86,0
22-04-2019,SERVICEBRANCHCHENNAICHEQUEDEPO00021101CRANDHRABANK0446CTSG021101 ANB,,2655,1004625.86,CHQ,1004625.86,0
22-04-2019,SERVICEBRANCHCHENNAICHEQUEDEPO00348822CRFEDERALBANKLTD0446CTSG348822 FBI,,2030,1006655.86,CHQ,1006655.86,0
22-04-2019,MUMBAIFORTC ACFEESCRLIMRASENTE3328TRANSFE121,,8033,1014688.86,TRANSFER,1014688.86,0
22-04-2019,SERVICEBRANCHCHENNAICHEQUEDEPO00000119CR7500446CTSGAN,,3800,1018488.86,CHQ,1018488.86,0
22-04-2019,SERVICEBRANCHCHENNAICHEQUEDEPO00040029CRANDHRABANK0446CTSG040029 ANB,,7640,1026128.86,CHQ,1026128.86,0
22-04-2019,SERVICEBRANCHCHENNAICHEQUEDEPO00074626CRUTIBANKLTD0446CTSG,,1890,1028018.86,CHQ,1028018.86,0
22-04-2019,SERVICEBRANCHCHENNAICHEQUEDEPO00040102CRANDHRABANK0446CTSG040102 ANB,,4401,1032419.86,CHQ,1032419.86,0
22-04-2019,SERVICEBRANCHCHENNAICHEQUEDEPO00001819CR2400446CTSG,,9676,1042095.86,CHQ,1042095.86,0
22-04-2019,SERVICEBRANCHCHENNAICHEQUEDEPO00000657CR2400446CTSG,,4238,1046333.86,CHQ,1046333.86,0
22-04-2019,SERVICEBRANCHCHENNAICHEQUEDEPO00849692CRTAMILNADUSTATEAPEXCOO0446CTSG,,1338,1047671.86,CHQ,1047671.86,0
22-04-2019,SERVICEBRANCHCHENNAICHEQUEDEPO00176344CR2590446CTSG,,2192,1049863.86,CHQ,1049863.86,0
22-04-2019,SERVICEBRANCHCHENNAICHEQUEDEPO00038739CRCENTRALBANKOFINDIA0446CTSCLG038739CLG038739 CBI,,3571,1053434.86,CHQ,1053434.86,0
22-04-2019,SERVICEBRANCHCHENNAICHEQUEDEPO00009986CRSYNDICATEBANK0446CTSG009986 SYB,,4483,1057917.86,CHQ,1057917.86,0
22-04-2019,SERVICEBRANCHCHENNAICHEQUEDEPO00176347CR2590446CTSG,,1769,1059686.86,CHQ,1059686.86,0
22-04-2019,SERVICEBRANCHCHENNAICHEQUEDEPO00016658CRSOUTHINDIANBANKLTD0446CTSCLG016658CLG016658 SIB,,9361,1069047.86,CHQ,1069047.86,0
22-04-2019,MUMBAIFORTWITHDRAWALTRANSFERTKarthikaIDIBH19112256058CRTRANSFER24,23006,,1046041.86,TRANSFER,1046041.86,0
22-04-2019,MUMBAIFORTC ACFEESCRANNANAGARSUPE8660TRANSFER27,,20000,1066041.86,TRANSFER,1066041.86,0
22-04-2019,SERVICEBRANCHCHENNAINOFEESCR,4401,,1061640.86,TRANSFER,1061640.86,0
23-04-2019,MUMBAIFORTWITHDRAWALTRANSFERMARSINTERNATIONAIDIBH19113265452CRTRANSFER24,1000029,,61611.86,TRANSFER,61611.86,1.02E-10
23-04-2019,SERVICEBRANCHCHENNAICHEQUEDEPO00290382CRTAMILNADMERCANTILEBANK0446CTSG290382 TMB,,2621,64232.86,CHQ,64232.86,0
23-04-2019,SERVICEBRANCHCHENNAICHEQUEDEPO00001776CR2400446CTSG,,1800,66032.86,CHQ,66032.86,0
23-04-2019,SERVICEBRANCHCHENNAICHEQUEDEPO00933051CRUNITEDBANKOFINDIA0446CTSCLG933051CLG,,1795,67827.86,CHQ,67827.86,0
23-04-2019,SERVICEBRANCHCHENNAICHEQUEDEPO00009969CRSYNDICATEBANK0446CTSG009969 SYB,,5168,72995.86,CHQ,72995.86,0
23-04-2019,SERVICEBRANCHCHENNAICHEQUEDEPO00006522CRICICIBANKINGCORPORATION0446CTSG,,9842,82837.86,CHQ,82837.86,0
23-04-2019,SERVICEBRANCHCHENNAICHEQUEDEPO00131468CRALLAHABADBANK0446CTSG131468 ALB,,6234,89071.86,OUTWARD-RETURN,89071.86,0
23-04-2019,SERVICEBRANCHCHENNAICHEQUEDEPO00040233CRANDHRABANK0446CTSG040233 ANB,,7193,96264.86,CHQ,96264.86,0
23-04-2019,SERVICEBRANCHCHENNAICHEQUEDEPO00921998CRINDIANOVERSEASBANK0446CTSG921998 IOB,,1261,97525.86,CHQ,97525.86,0
23-04-2019,SERVICEBRANCHCHENNAICHEQUEDEPO00003647CRKARURVYSYABANKLTD0446CTSCLG003647CLG003647 KVB,,6930,104455.86,CHQ,104455.86,0
23-04-2019,SERVICEBRANCHCHENNAICHEQUEDEPO00000601CRKARURVYSYABANKLTD0446CTSCLG000601CLG000601 KVB,,7380,111835.86,CHQ,111835.86,0
23-04-2019,SERVICEBRANCHCHENNAICHEQUEDEPO00921956CRINDIANOVERSEASBANK0446CTSG921956 IOB,,6589,118424.86,CHQ,118424.86,0
23-04-2019,SERVICEBRANCHCHENNAICHEQUEDEPO00178003CRTAMILNADMERCANTILEBANK0446CTSG178003 TMB,,3208,121632.86,CHQ,121632.86,0
23-04-2019,SERVICEBRANCHCHENNAICHEQUEDEPO00021023CRANDHRABANK0446CTSG021023 ANB,,19677,141309.86,CHQ,141309.86,0
23-04-2019,SERVICEBRANCHCHENNAICHEQUEDEPO00176346CR2590446CTSG,,7600,148909.86,CHQ,148909.86,0
23-04-2019,TIRUMANGALAMCASHDEPOSITCRDepositbySELF,,110000,258909.86,CASH,258909.86,0
23-04-2019,MUMBAIFORTC ACFEESCRSANTHOSHSUPERM711TRANSFER21,,517,259426.86,TRANSFER,259426.86,0
23-04-2019,SERVICEBRANCHCHENNAIOUTCHQRETCRExceedsarrangement,6234,,253192.86,OUTWARD-RETURN,253192.86,0
23-04-2019,SERVICEBRANCHCHENNAICHQDISHONOURCR,250,,252942.86,INWARD-CHARGES,252942.86,0
24-04-2019,TIRUMANGALAMBYCHQ TTTFRCRkishoremarketing,,7617,260559.86,CHQ,260559.86,0
24-04-2019,TIRUMANGALAMBYCHQ TTTFRCRkishoremarketing,,26849,287408.86,CHQ,287408.86,0
24-04-2019,TIRUMANGALAMCASHDEPOSITCRDepositbySELF,,135000,422408.86,CASH,422408.86,0
24-04-2019,MUMBAIFORTWITHDRAWALTRANSFERMARSINTERNATIONAIDIBH19114330975CRTRANSFER24,298556,,123852.86,TRANSFER,123852.86,0
24-04-2019,MUMBAIFORTC ACFEESCRSANTHOSHSUPERM703TRANSFER29,,1552,125404.86,TRANSFER,125404.86,0
24-04-2019,MUMBAIFORTC ACFEESCRAROCKIYASATRANSFE125,,10000,135404.86,TRANSFER,135404.86,0
24-04-2019,MUMBAIFORTC ACFEESSRICRMEENAKSHIAM461TRANSFER26,,2464,137868.86,TRANSFER,137868.86,0
24-04-2019,MUMBAIFORTC ACFEESKPNCRFARMFRESHP170TRANSFER23,,17559,155427.86,TRANSFER,155427.86,0
25-04-2019,MUMBAIFORTC ACFEESCRAMMANFRUITS658TRANSFER26,,8662,164089.86,TRANSFER,164089.86,0
25-04-2019,SERVICEBRANCHCHENNAICHEQUEDEPO00000442CRICICIBANKINGCORPORATION0446CTSG,,1379,165468.86,CHQ,165468.86,0
25-04-2019,SERVICEBRANCHCHENNAICHEQUEDEPO00000237CRKARURVYSYABANKLTD0446CTSCLG000237CLG000237 KVB,,805,166273.86,CHQ,166273.86,0
25-04-2019,SERVICEBRANCHCHENNAICHEQUEDEPO00289906CRUTIBANKLTD0446CTSG,,17275,183548.86,CHQ,183548.86,0
25-04-2019,SERVICEBRANCHCHENNAICHEQUEDEPO00002932CR2400446CTSG,,3193,186741.86,CHQ,186741.86,0
25-04-2019,SERVICEBRANCHCHENNAICHEQUEDEPO00001361CRKARURVYSYABANKLTD0446CTSCLG001361CLG001361 KVB,,1680,188421.86,CHQ,188421.86,0
25-04-2019,SERVICEBRANCHCHENNAICHEQUEDEPO00004088CR2400446CTSG,,18196,206617.86,CHQ,206617.86,0
25-04-2019,SERVICEBRANCHCHENNAICHEQUEDEPO00292790CRUTIBANKLTD0446CTSG,,4060,210677.86,CHQ,210677.86,0
25-04-2019,SERVICEBRANCHCHENNAICHEQUEDEPO00040262CRANDHRABANK0446CTSG040262 ANB,,11341,222018.86,CHQ,222018.86,0
25-04-2019,SERVICEBRANCHCHENNAICHEQUEDEPO00828769CRINDIANOVERSEASBANK0446CTSG828769 IOB,,15133,237151.86,CHQ,237151.86,0
25-04-2019,SERVICEBRANCHCHENNAICHEQUEDEPO00039448CRBANKOFINDIA0446CTSG039448 BOI,,3979,241130.86,CHQ,241130.86,0
25-04-2019,SERVICEBRANCHCHENNAICHEQUEDEPO00578056CR2590446CTSG,,3133,244263.86,CHQ,244263.86,0
25-04-2019,SERVICEBRANCHCHENNAICHEQUEDEPO00886281CRINDIANOVERSEASBANK0446CTSG886281 IOB,,564,244827.86,CHQ,244827.86,0
25-04-2019,SERVICEBRANCHCHENNAICHEQUEDEPO00860238CRCANARABANK0446CTSG860238 CAB,,617,245444.86,CHQ,245444.86,0
25-04-2019,TIRUMANGALAMBYCHQ TTTFRCRKISHOREMARKETING,,8206,253650.86,CHQ,253650.86,0
25-04-2019,TIRUMANGALAMCASHDEPOSITCRDepositbySELF,,500000,753650.86,CASH,753650.86,0
25-04-2019,MUMBAIFORTWITHDRAWALTRANSFERCRREDBULLINDIAP530TRANSFER24,200014,,553636.86,TRANSFER,553636.86,0
25-04-2019,MUMBAIFORTWITHDRAWALTRANSFERHECTORBEVERAGESPIDIBH19115412855CRTRANSFER24,250029,,303607.86,TRANSFER,303607.86,0
25-04-2019,CASHDEPCRCHRGSOTHER,300,,303307.86,DEPOSIT-CHARGES,303307.86,0
26-04-2019,SERVICEBRANCHCHENNAICHEQUEDEPO00339872CRPUNJABNATIONALBANK0446CTSG339872 PNB,,2150,305457.86,CHQ,305457.86,0
26-04-2019,SERVICEBRANCHCHENNAICHEQUEDEPO00001877CR2400446CTSG,,3960,309417.86,CHQ,309417.86,0
26-04-2019,SERVICEBRANCHCHENNAICHEQUEDEPO00922283CRINDIANOVERSEASBANK0446CTSG922283 IOB,,15353,324770.86,CHQ,324770.86,0
26-04-2019,SERVICEBRANCHCHENNAICHEQUEDEPO00003561CRANDHRABANK0446CTSG003561 ANB,,11071,335841.86,CHQ,335841.86,0
26-04-2019,SERVICEBRANCHCHENNAICHEQUEDEPO00209009CRFEDERALBANKLTD0446CTSG209009 FBI,,9778,345619.86,CHQ,345619.86,0
26-04-2019,SERVICEBRANCHCHENNAICHEQUEDEPO00002105CRKARURVYSYABANKLTD0446CTSCLG002105CLG002105 KVB,,892,346511.86,CHQ,346511.86,0
26-04-2019,SERVICEBRANCHCHENNAICHEQUEDEPO00441834CR2590446CTSG,,2766,349277.86,OUTWARD-RETURN,349277.86,0
26-04-2019,SERVICEBRANCHCHENNAICHEQUEDEPO00001992CRKARURVYSYABANKLTD0446CTSCLG001992CLG001992 KVB,,3691,352968.86,CHQ,352968.86,0
26-04-2019,SERVICEBRANCHCHENNAICHEQUEDEPO00002021CRANDHRABANK0446CTSG002021 ANB,,2549,355517.86,CHQ,355517.86,0
26-04-2019,SERVICEBRANCHCHENNAICHEQUEDEPO00386632CRSTATEBANKOFINDIA0446CTSG386632 SBI,,1807,357324.86,CHQ,357324.86,0
26-04-2019,SERVICEBRANCHCHENNAICHEQUEDEPO00005038CRANDHRABANK0446CTSCHQ005038,,6824,364148.86,CHQ,364148.86,0
26-04-2019,SERVICEBRANCHCHENNAICHEQUEDEPO00397304CRTAMILNADMERCANTILEBANK0446CTSG397304 TMB,,8000,372148.86,CHQ,372148.86,0
26-04-2019,SERVICEBRANCHCHENNAICHEQUEDEPO00001360CRKARURVYSYABANKLTD0446CTSCLG001360CLG001360 KVB,,2016,374164.86,CHQ,374164.86,0
26-04-2019,TIRUMANGALAMBYCHQ TTTFRCRkishoremarketing,,7322,381486.86,CHQ,381486.86,0
26-04-2019,TIRUMANGALAMBYCHQ TTTFRCRkishoremarketing,,2324,383810.86,CHQ,383810.86,0
26-04-2019,MUMBAIFORTC ACFEESCRCHENNAIC9815854TRANSFER21,,6839,390649.86,TRANSFER,390649.86,0
26-04-2019,SERVICEBRANCHCHENNAIOUTCHQRETCRFundsinsufficient,2766,,387883.86,OUTWARD-RETURN,387883.86,0
26-04-2019,SERVICEBRANCHCHENNAICHQDISHONOURCR,250,,387633.86,INWARD-CHARGES,387633.86,0
26-04-2019,MUMBAIFORTC ACFEESSRICRMEENAKSHIAM457TRANSFER21,,3221,390854.86,TRANSFER,390854.86,0
29-04-2019,SERVICEBRANCHCHENNAICHEQUEDEPO00000508CRUCOBANK0446CTSCLG000508CLG000508 UCO,,6481,397335.86,CHQ,397335.86,0
29-04-2019,SERVICEBRANCHCHENNAICHEQUEDEPO00021562CRUTIBANKLTD0446CTSG,,6374,403709.86,CHQ,403709.86,0
29-04-2019,SERVICEBRANCHCHENNAICHEQUEDEPO00516111CRSTATEBANKOFINDIA0446CTSG516111 SBI,,1291,405000.86,CHQ,405000.86,0
29-04-2019,SERVICEBRANCHCHENNAICHEQUEDEPO00815477CRTAMILNADMERCANTILEBANK0446CTSG815477 TMB,,1652,406652.86,CHQ,406652.86,0
29-04-2019,SERVICEBRANCHCHENNAICHEQUEDEPO00002259CRANDHRABANK0446CTSG002259 ANB,,11113,417765.86,CHQ,417765.86,0
29-04-2019,SERVICEBRANCHCHENNAICHEQUEDEPO00000463CRUCOBANK0446CTSCLG000463CLG000463 UCO,,3241,421006.86,CHQ,421006.86,0
29-04-2019,SERVICEBRANCHCHENNAICHEQUEDEPO00631059CRTAMILNADMERCANTILEBANK0446CTSG631059 TMB,,9985,430991.86,CHQ,430991.86,0
29-04-2019,SERVICEBRANCHCHENNAICHEQUEDEPO00000360CRCITYUNIONBANKLTD0446CTSCLG000360CLG000360 CUB,,680,431671.86,CHQ,431671.86,0
29-04-2019,TIRUMANGALAMCASHDEPOSITCRDepositbySELF,,1200000,1631671.86,CASH,1631671.86,0
29-04-2019,SERVICEBRANCHCHENNAICHEQUEDEPO00000634CRKARURVYSYABANKLTD0446CTSCLG000634CLG000634 KVB,,10160,1641831.86,CHQ,1641831.86,0
29-04-2019,SERVICEBRANCHCHENNAICHEQUEDEPO00836119CRINDIANOVERSEASBANK0446CTSCHQ836119,,1501,1643332.86,CHQ,1643332.86,0
29-04-2019,MUMBAIFORTC ACFEESCRBANKOFBARODAFO844TRANSFER27,,10309,1653641.86,TRANSFER,1653641.86,0
29-04-2019,MUMBAIFORTC ACFEESCRKARUVALURMARIA8170TRANSFER27,,15092,1668733.86,TRANSFER,1668733.86,0
29-04-2019,MUMBAIFORTC ACFEESCRKALIGAMBALFRUI9848TRANSFER26,,15698,1684431.86,TRANSFER,1684431.86,0
29-04-2019,CASHDEPCRCHRGSOTHER,1000,,1683431.86,DEPOSIT-CHARGES,1683431.86,0
30-04-2019,TIRUMANGALAMCASHDEPOSITCRDepositbySELF,,200000,1883431.86,CASH,1883431.86,0
30-04-2019,MUMBAIFORTC ACFEESCRSANTHOSHSUPERM760TRANSFER20,,8306,1891737.86,TRANSFER,1891737.86,0
30-04-2019,MUMBAIFORTC ACFEESCRSANTHOSHSUPERM453TRANSFER29,,2414,1894151.86,TRANSFER,1894151.86,0
30-04-2019,MUMBAIFORTC ACFEESCRSANTHOSHSUPERM158TRANSFER29,,53098,1947249.86,TRANSFER,1947249.86,0
30-04-2019,MUMBAIFORTC ACFEESCRSANTHOSHSUPERM707TRANSFER28,,11314,1958563.86,TRANSFER,1958563.86,0
30-04-2019,MUMBAIFORTC ACFEESCRSANTHOSHSUPERM713TRANSFER27,,9633,1968196.86,TRANSFER,1968196.86,0
30-04-2019,MUMBAIFORTWITHDRAWALTRANSFERINBISCOCRINDIAPV784TRANSFER24,360029,,1608167.86,TRANSFER,1608167.86,0
30-04-2019,MUMBAIFORTWITHDRAWALTRANSFERHECTORBEVERAGESPIDIBH19120165208CRTRANSFER24,100006,,1508161.86,TRANSFER,1508161.86,0
30-04-2019,SERVICEBRANCHCHENNAICHEQUEDEPO00004777CRSOUTHINDIANBANKLTD0446CTSCLG004777CLG004777 SIB,,3416,1511577.86,CHQ,1511577.86,0
30-04-2019,SERVICEBRANCHCHENNAICHEQUEDEPO00006523CRICICIBANKINGCORPORATION0446CTSG,,10153,1521730.86,CHQ,1521730.86,0
30-04-2019,SERVICEBRANCHCHENNAICHEQUEDEPO00974441CRUNITEDBANKOFINDIA0446CTSCLG974441CLG,,1054,1522784.86,CHQ,1522784.86,0
30-04-2019,SERVICEBRANCHCHENNAICHEQUEDEPO00785180CRSTATEBANKOFINDIA0446CTSG785180 SBI,,2970,1525754.86,CHQ,1525754.86,0
30-04-2019,SERVICEBRANCHCHENNAICHEQUEDEPO00005750CRKARURVYSYABANKLTD0446CTSCLG005750CLG005750 KVB,,1097,1526851.86,CHQ,1526851.86,0
30-04-2019,SERVICEBRANCHCHENNAICHEQUEDEPO00061588CR2400446CTSG,,116232,1643083.86,CHQ,1643083.86,0
30-04-2019,SERVICEBRANCHCHENNAICHEQUEDEPO00004776CRSOUTHINDIANBANKLTD0446CTSCLG004776CLG004776 SIB,,10000,1653083.86,CHQ,1653083.86,0
30-04-2019,SERVICEBRANCHCHENNAICHEQUEDEPO00021284CRUNITEDBANKOFINDIA0446CTSCLG021284CLG,,15594,1668677.86,CHQ,1668677.86,0
30-04-2019,SERVICEBRANCHCHENNAICHEQUEDEPO00196799CRTAMILNADMERCANTILEBANK0446CTSG196799 TMB,,1268,1669945.86,CHQ,1669945.86,0
30-04-2019,SERVICEBRANCHCHENNAICHEQUEDEPO00021220CRUNITEDBANKOFINDIA0446CTSCLG021220CLG,,3448,1673393.86,CHQ,1673393.86,0
30-04-2019,MUMBAIFORTC ACFEESCRLIMRASENTE4897TRANSFE123,,8489,1681882.86,TRANSFER,1681882.86,0
30-04-2019,SERVICEBRANCHCHENNAICHEQUEDEPO00009666CR4850446CTSG009666 KMB,,3835,1685717.86,CHQ,1685717.86,0
30-04-2019,MUMBAIFORTC ACFEESKPNCRFARMFRESHP867TRANSFER26,,27093,1712810.86,TRANSFER,1712810.86,0
30-04-2019,TIRUMANGALAMBYCHQ TTTFRCRKISHOREMARKETING,,42144,1754954.86,CHQ,1754954.86,0
30-04-2019,MUMBAIFORTC ACFEESCRMCRENNETTF2913464TRANSFER21,,912,1755866.86,TRANSFER,1755866.86,0
01-05-2019,SERVICEBRANCHCHENNAIECSMANDATECRDEBITRANSFERTO,285177,,1470689.86,EMI-DEBIT,1470689.86,0
01-05-2019,MUMBAIFORTC ACFEESCRMERCYSUPER120423TRANSFE123,,695,1471384.86,TRANSFER,1471384.86,0
02-05-2019,TIRUMANGALAMCASHDEPOSITCRDepositbySELF,,180000,1651384.86,CASH,1651384.86,0
02-05-2019,MUMBAIFORTC ACFEESCRELLIOTFOODS485TRANSFER25,,960,1652344.86,TRANSFER,1652344.86,0
02-05-2019,TIRUMANGALAMBYCHQ TTTFRCRKISHOREMARKETING,,51720,1704064.86,CHQ,1704064.86,0
02-05-2019,MUMBAIFORTC ACFEESCRLIMRASENTE9608TRANSFE121,,1807,1705871.86,TRANSFER,1705871.86,0
02-05-2019,MUMBAIFORTC ACFEESCRANNACHIENTE5140457TRANSFER23,,3608,1709479.86,TRANSFER,1709479.86,0
02-05-2019,COREBANKINGWITHDRAWALTRANSFERCRDATACENTREGSTPAYBTRANSFERTO,1000,,1708479.86,GST,1708479.86,0
02-05-2019,COREBANKINGWITHDRAWALTRANSFERCRDATACENTREGSTPAYBTRANSFERTO,72446,,1636033.86,GST,1636033.86,0
02-05-2019,COREBANKINGWITHDRAWALTRANSFERCRDATACENTREGSTPAYATRANSFERTO,76344,,1559689.86,GST,1559689.86,0
02-05-2019,MUMBAIFORTC ACFEESCRCHENNAIC5352973TRANSFER25,,6795,1566484.86,TRANSFER,1566484.86,0
03-05-2019,ATMSERVICEBYTRANSFERCRBRANCH IMPS 204 opentxn969840byJAYAPATRANSFE461,,6624,1573108.86,IMPS,1573108.86,0
03-05-2019,TIRUMANGALAMCASHDEPOSITCRDepositbySELF,,120000,1693108.86,CASH,1693108.86,0
03-05-2019,SERVICEBRANCHCHENNAICHEQUEDEPO00079473CRUTIBANKLTD0446CTSG,,11257,1704365.86,CHQ,1704365.86,0
03-05-2019,SERVICEBRANCHCHENNAICHEQUEDEPO00000687CRKARURVYSYABANKLTD0446CTSCLG000687CLG000687 KVB,,10550,1714915.86,CHQ,1714915.86,0
03-05-2019,SERVICEBRANCHCHENNAICHEQUEDEPO00224570CRSTATEBANKOFINDIA0446CTSG224570 SBI,,9933,1724848.86,CHQ,1724848.86,0
03-05-2019,SERVICEBRANCHCHENNAICHEQUEDEPO00003799CRUTIBANKLTD0446CTSG,,1658,1726506.86,CHQ,1726506.86,0
03-05-2019,SERVICEBRANCHCHENNAICHEQUEDEPO00004111CRUTIBANKLTD0446CTSG,,5300,1731806.86,CHQ,1731806.86,0
03-05-2019,SERVICEBRANCHCHENNAICHEQUEDEPO00064285CRDENABANK0446CTSG064285 DEB,,2250,1734056.86,CHQ,1734056.86,0
03-05-2019,SERVICEBRANCHCHENNAICHEQUEDEPO00000714CRKARURVYSYABANKLTD0446CTSCLG000714CLG000714 KVB,,3328,1737384.86,CHQ,1737384.86,0
03-05-2019,SERVICEBRANCHCHENNAICHEQUEDEPO00002143CRKARURVYSYABANKLTD,,1109,1738493.86,CHQ,1738493.86,0
03-05-2019,TIRUMANGALAMBYCHQ TTTFRCRKISHOREMARKETING,,4000,1742493.86,CHQ,1742493.86,0
03-05-2019,SERVICEBRANCHCHENNAICHEQUEDEPO00000258CRKARURVYSYABANKLTD0446CTSCLG000258CLG000258 KVB,,1366,1743859.86,OUTWARD-RETURN,1743859.86,0
03-05-2019,SERVICEBRANCHCHENNAICHEQUEDEPO00001657CR2400446CTSG,,3026,1746885.86,CHQ,1746885.86,0
03-05-2019,SERVICEBRANCHCHENNAICHEQUEDEPO00001573CRKARURVYSYABANKLTD0446CTSCLG001573CLG001573 KVB,,27600,1774485.86,CHQ,1774485.86,0
03-05-2019,SERVICEBRANCHCHENNAICHEQUEDEPO00000861CRCITYUNIONBANKLTD0446CTSCLG000861CLG000861 CUB,,11070,1785555.86,CHQ,1785555.86,0
03-05-2019,SERVICEBRANCHCHENNAICHEQUEDEPO00308880CRUTIBANKLTD0446CTSG,,956,1786511.86,CHQ,1786511.86,0
03-05-2019,SERVICEBRANCHCHENNAICHEQUEDEPO00000176CRINDIANOVERSEASBANK0446CTSG000176 IOB,,882,1787393.86,CHQ,1787393.86,0
03-05-2019,SERVICEBRANCHCHENNAICHEQUEDEPO00002261CRANDHRABANK0446CTSG002261 ANB,,9907,1797300.86,OUTWARD-RETURN,1797300.86,0
03-05-2019,SERVICEBRANCHCHENNAICHEQUEDEPO00836179CRINDIANOVERSEASBANK0446CTSG836179 IOB,,2818,1800118.86,CHQ,1800118.86,0
03-05-2019,SERVICEBRANCHCHENNAICHEQUEDEPO00000277CRKARURVYSYABANKLTD0446CTSCLG000277CLG000277 KVB,,51139,1851257.86,CHQ,1851257.86,0
03-05-2019,SERVICEBRANCHCHENNAICHEQUEDEPO00077202CRSTATEBANKOFINDIA0446CTSG077202 SBI,,7600,1858857.86,CHQ,1858857.86,0
03-05-2019,SERVICEBRANCHCHENNAICHEQUEDEPO00292691CRUTIBANKLTD0446CTSG,,2160,1861017.86,CHQ,1861017.86,0
03-05-2019,SERVICEBRANCHCHENNAIOUTCHQRETCRFundsinsufficient,1366,,1859651.86,OUTWARD-RETURN,1859651.86,0
03-05-2019,SERVICEBRANCHCHENNAICHQDISHONOURCR,250,,1859401.86,INWARD-CHARGES,1859401.86,0
03-05-2019,SERVICEBRANCHCHENNAIOUTCHQRETCRFundsinsufficient,9907,,1849494.86,OUTWARD-RETURN,1849494.86,0
03-05-2019,SERVICEBRANCHCHENNAICHQDISHONOURCR,250,,1849244.86,INWARD-CHARGES,1849244.86,0
03-05-2019,MUMBAIFORTC ACFEESSRICRMEENAKSHIAM664TRANSFER24,,10699,1859943.86,TRANSFER,1859943.86,0
03-05-2019,MUMBAIFORTC ACFEESCRANNAISUPERMAR9690TRANSFER25,,4234,1864177.86,TRANSFER,1864177.86,0
03-05-2019,MUMBAIFORTC ACFEESKPNCRFARMFRESHP148TRANSFER26,,15166,1879343.86,TRANSFER,1879343.86,0
04-05-2019,STERLINGROADCHEQUEWDL00898719CRIBEASCHOOL,1000,,1878343.86,CHQ,1878343.86,0
04-05-2019,SERVICEBRANCHCHENNAICHEQUEDEPO00002306CRKARURVYSYABANKLTD0446CTSCLG002306CLG002306 KVB,,6312,1884655.86,CHQ,1884655.86,0
04-05-2019,SERVICEBRANCHCHENNAICHEQUEDEPO00180188CRTAMILNADMERCANTILEBANK0446CTSG180188 TMB,,10999,1895654.86,CHQ,1895654.86,0
04-05-2019,SERVICEBRANCHCHENNAICHEQUEDEPO00021285CRUNITEDBANKOFINDIA0446CTSCLG021285CLG,,6474,1902128.86,CHQ,1902128.86,0
04-05-2019,MUMBAIFORTC ACFEESCRVIKPRIHOME31DCTRANSFE127,,6741,1908869.86,TRANSFER,1908869.86,0
06-05-2019,SERVICEBRANCHCHENNAICHEQUEDEPO00102293CRCANARABANK0446CTSG102293 CAB,,1869,1910738.86,CHQ,1910738.86,0
06-05-2019,SERVICEBRANCHCHENNAICHEQUEDEPO00000019CR2400446CTSG,,927,1911665.86,CHQ,1911665.86,0
06-05-2019,SERVICEBRANCHCHENNAICHEQUEDEPO00006097CRCITYUNIONBANKLTD0446CTSCLG006097CLG006097 CUB,,5212,1916877.86,CHQ,1916877.86,0
06-05-2019,SERVICEBRANCHCHENNAICHEQUEDEPO00006859CRCITYUNIONBANKLTD0446CTSCLG006859CLG006859 CUB,,3064,1919941.86,CHQ,1919941.86,0
06-05-2019,SERVICEBRANCHCHENNAICHEQUEDEPO00233294CRUTIBANKLTD0446CTSG,,1016,1920957.86,CHQ,1920957.86,0
06-05-2019,SERVICEBRANCHCHENNAICHEQUEDEPO00192968CRCANARABANK0446CTSG192968 CAB,,5269,1926226.86,CHQ,1926226.86,0
06-05-2019,SERVICEBRANCHCHENNAICHEQUEDEPO00631234CRINDIANOVERSEASBANK0446CTSCHQ631234,,2300,1928526.86,CHQ,1928526.86,0
06-05-2019,SERVICEBRANCHCHENNAICHEQUEDEPO00039497CRBANKOFINDIA0446CTSG039497 BOI,,4730,1933256.86,CHQ,1933256.86,0
06-05-2019,SERVICEBRANCHCHENNAICHEQUEDEPO00040501CRANDHRABANK0446CTSG040501 ANB,,3115,1936371.86,CHQ,1936371.86,0
06-05-2019,SERVICEBRANCHCHENNAICHEQUEDEPO00291074CRUTIBANKLTD0446CTSG,,960,1937331.86,CHQ,1937331.86,0
06-05-2019,SERVICEBRANCHCHENNAIECSMANDATECRDEBITRANSFERTO,751166,,1186165.86,EMI-DEBIT,1186165.86,0
06-05-2019,TIRUMANGALAMBYCHQ TTTFRCRKISHOREMARKETING,,4541,1190706.86,CHQ,1190706.86,0
06-05-2019,TIRUMANGALAMBYCHQ TTTFRCRKISHOREMARKETING,,1408,1192114.86,CHQ,1192114.86,0
06-05-2019,TIRUMANGALAMBYCHQ TTTFRCRKISHOREMARKETING,,6222,1198336.86,CHQ,1198336.86,0
06-05-2019,TIRUMANGALAMBYCHQ TTTFRCRKISHOREMARKETING,,6222,1204558.86,CHQ,1204558.86,0
06-05-2019,TIRUMANGALAMBYCHQ TTTFRCRKISHOREMARKETING,,1062,1205620.86,CHQ,1205620.86,0
06-05-2019,MUMBAIFORTWITHDRAWALTRANSFERCRREDBULLINDIAP821TRANSFER24,200014,,1005606.86,TRANSFER,1005606.86,0
06-05-2019,MUMBAIFORTC ACFEESCRVENKATESWARA92195TRANSFE124,,4025,1009631.86,TRANSFER,1009631.86,0
07-05-2019,MUMBAIFORTC ACFEESCRDRUGSPARKPHAR3063TRANSFER23,,2320,1011951.86,TRANSFER,1011951.86,0
07-05-2019,TIRUMANGALAMBYCHQ TTTFRCRKISHOREMARKETING,,9117,1021068.86,CHQ,1021068.86,0
07-05-2019,TIRUMANGALAMBYCHQ TTTFRCRKISHOREMARKETING,,1740,1022808.86,CHQ,1022808.86,0
07-05-2019,SERVICEBRANCHCHENNAICHEQUEDEPO00006848CRCITYUNIONBANKLTD0446CTSCLG006848CLG006848 CUB,,952,1023760.86,CHQ,1023760.86,0
07-05-2019,SERVICEBRANCHCHENNAICHEQUEDEPO00017077CRSOUTHINDIANBANKLTD0446CTSCLG017077CLG017077 SIB,,7057,1030817.86,CHQ,1030817.86,0
07-05-2019,SERVICEBRANCHCHENNAICHEQUEDEPO00196818CRTAMILNADMERCANTILEBANK0446CTSG196818 TMB,,3019,1033836.86,CHQ,1033836.86,0
07-05-2019,SERVICEBRANCHCHENNAICHEQUEDEPO00002810CRICICIBANKINGCORPORATION0446CTSG,,4735,1038571.86,CHQ,1038571.86,0
07-05-2019,SERVICEBRANCHCHENNAICHEQUEDEPO00650796CRSYNDICATEBANK0446CTSG650796 SYB,,2027,1040598.86,CHQ,1040598.86,0
07-05-2019,SERVICEBRANCHCHENNAICHEQUEDEPO00204728CRTAMILNADMERCANTILEBANK0446CTSG204728 TMB,,1689,1042287.86,CHQ,1042287.86,0
07-05-2019,SERVICEBRANCHCHENNAICHEQUEDEPO00088180CRTAMILNADMERCANTILEBANK0446CTSG088180 TMB,,751,1043038.86,CHQ,1043038.86,0
07-05-2019,SERVICEBRANCHCHENNAICHEQUEDEPO00009700CR4850446CTSG009700 KMB,,5817,1048855.86,CHQ,1048855.86,0
07-05-2019,SERVICEBRANCHCHENNAICHEQUEDEPO00181453CRSYNDICATEBANK0446CTSG181453 SYB,,3164,1052019.86,CHQ,1052019.86,0
07-05-2019,SERVICEBRANCHCHENNAICHEQUEDEPO00617840CRCANARABANK0446CTSG617840 CAB,,425,1052444.86,CHQ,1052444.86,0
07-05-2019,SERVICEBRANCHCHENNAICHEQUEDEPO00080285CRSYNDICATEBANK0446CTSG080285 SYB,,2873,1055317.86,CHQ,1055317.86,0
07-05-2019,SERVICEBRANCHCHENNAICHEQUEDEPO00074643CRUTIBANKLTD0446CTSG,,680,1055997.86,CHQ,1055997.86,0
07-05-2019,MUMBAIFORTC ACFEESCRSANTHOSHSUPERM351TRANSFER21,,6133,1062130.86,TRANSFER,1062130.86,0
07-05-2019,SERVICEBRANCHCHENNAICHEQUEDEPO00021276CRANDHRABANK0446CTSG021276 ANB,,4221,1066351.86,CHQ,1066351.86,0
07-05-2019,SERVICEBRANCHCHENNAICHEQUEDEPO00449009CRSYNDICATEBANK0446CTSG449009 SYB,,6739,1073090.86,CHQ,1073090.86,0
07-05-2019,SERVICEBRANCHCHENNAICHEQUEDEPO00751301CRSYNDICATEBANK0446CTSG751301 SYB,,637,1073727.86,CHQ,1073727.86,0
07-05-2019,MUMBAIFORTC ACFEESCRSANTHOSHSUPERM519TRANSFER23,,13110,1086837.86,TRANSFER,1086837.86,0
07-05-2019,MUMBAIFORTC ACFEESCRSANTHOSHSUPERM598TRANSFER28,,20498,1107335.86,TRANSFER,1107335.86,0
07-05-2019,MUMBAIFORTC ACFEESCRSANTHOSHSUPERM250TRANSFER27,,5853,1113188.86,TRANSFER,1113188.86,0
07-05-2019,MUMBAIFORTC ACFEESCRHECTORBEVER3304088TRANSFER20,,15000,1128188.86,TRANSFER,1128188.86,0
07-05-2019,MUMBAIFORTC ACFEESCRHECTORBEVER3304417TRANSFER29,,14500,1142688.86,TRANSFER,1142688.86,0
08-05-2019,SERVICEBRANCHCHENNAICHEQUEDEPO00290104CRSTATEBANKOFINDIA0446CTSG290104 SBI,,9744,1152432.86,CHQ,1152432.86,0
08-05-2019,SERVICEBRANCHCHENNAICHEQUEDEPO00003023CR4850446CTSG003023 KMB,,1801,1154233.86,OUTWARD-RETURN,1154233.86,0
08-05-2019,SERVICEBRANCHCHENNAICHEQUEDEPO00715488CR2340446CTSG,,1116,1155349.86,OUTWARD-RETURN,1155349.86,0
08-05-2019,SERVICEBRANCHCHENNAICHEQUEDEPO00003609CRKARURVYSYABANKLTD0446CTSCLG003609CLG003609 KVB,,7940,1163289.86,CHQ,1163289.86,0
08-05-2019,SERVICEBRANCHCHENNAICHEQUEDEPO00662150CRSTATEBANKOFINDIA0446CTSG662150 SBI,,1162,1164451.86,CHQ,1164451.86,0
08-05-2019,SERVICEBRANCHCHENNAICHEQUEDEPO00579931CRVIJAYABANK0446CTSG579931 VJB,,1952,1166403.86,CHQ,1166403.86,0
08-05-2019,SERVICEBRANCHCHENNAICHEQUEDEPO00000049CRBANKOFBARODA0446CTSCLG000049CLG000049 BOB,,3543,1169946.86,CHQ,1169946.86,0
08-05-2019,SERVICEBRANCHCHENNAICHEQUEDEPO00000088CR2400446CTSG,,2389,1172335.86,CHQ,1172335.86,0
08-05-2019,SERVICEBRANCHCHENNAICHEQUEDEPO00011004CRICICIBANKINGCORPORATION0446CTSG,,10207,1182542.86,CHQ,1182542.86,0
08-05-2019,MUMBAIFORTWITHDRAWALTRANSFERINBISCOCRINDIAPV752TRANSFER24,50006,,1132536.86,TRANSFER,1132536.86,0
08-05-2019,SERVICEBRANCHCHENNAIOUTCHQRETCRFundsinsufficient,1801,,1130735.86,OUTWARD-RETURN,1130735.86,0
08-05-2019,SERVICEBRANCHCHENNAICHQDISHONOURCR,250,,1130485.86,INWARD-CHARGES,1130485.86,0
08-05-2019,SERVICEBRANCHCHENNAIOUTCHQRETCRFundsinsufficient,1116,,1129369.86,OUTWARD-RETURN,1129369.86,0
08-05-2019,SERVICEBRANCHCHENNAICHQDISHONOURCR,250,,1129119.86,INWARD-CHARGES,1129119.86,0
08-05-2019,MUMBAIFORTC ACFEESCRSANTHOSHSUPERM164TRANSFER28,,13665,1142784.86,TRANSFER,1142784.86,0
08-05-2019,MUMBAIFORTC ACFEESCRSANTHOSHSUPERM255TRANSFER20,,4600,1147384.86,TRANSFER,1147384.86,0
08-05-2019,MUMBAIFORTC ACFEESCRSANTHOSHSUPERM109TRANSFER26,,1139,1148523.86,TRANSFER,1148523.86,0
09-05-2019,MUMBAIFORTC ACFEESSRICRFIRSTCAREP209TRANSFER28,,547,1149070.86,TRANSFER,1149070.86,0
09-05-2019,TIRUMANGALAMBYCHQ TTTFRCRKISHOREMARKETING,,1592,1150662.86,CHQ,1150662.86,0
09-05-2019,MUMBAIFORTC ACFEESCRSANTHOSHSUPERM839TRANSFER23,,1589,1152251.86,TRANSFER,1152251.86,0
09-05-2019,MUMBAIFORTC ACFEESCRSANTHOSHSUPERM797TRANSFER25,,3184,1155435.86,TRANSFER,1155435.86,0
09-05-2019,SERVICEBRANCHCHENNAICHEQUEDEPO00030298CRICICIBANKINGCORPORATION0446CTSCHQ030298,,1766,1157201.86,CHQ,1157201.86,0
09-05-2019,SERVICEBRANCHCHENNAICHEQUEDEPO00002984CR2400446CTSG,,1374,1158575.86,CHQ,1158575.86,0
09-05-2019,SERVICEBRANCHCHENNAICHEQUEDEPO00074687CRUTIBANKLTD0446CTSG,,3746,1162321.86,CHQ,1162321.86,0
09-05-2019,SERVICEBRANCHCHENNAICHEQUEDEPO00290483CR2590446CTSG,,708,1163029.86,CHQ,1163029.86,0
09-05-2019,SERVICEBRANCHCHENNAICHEQUEDEPO00021099CR0720446CTSG021099 DCB,,10030,1173059.86,CHQ,1173059.86,0
09-05-2019,SERVICEBRANCHCHENNAICHEQUEDEPO00189723CRTAMILNADMERCANTILEBANK0446CTSG189723 TMB,,3661,1176720.86,CHQ,1176720.86,0
09-05-2019,SERVICEBRANCHCHENNAICHEQUEDEPO00001119CR2400446CTSG,,10000,1186720.86,CHQ,1186720.86,0
09-05-2019,SERVICEBRANCHCHENNAICHEQUEDEPO00000943CRCITYUNIONBANKLTD0446CTSCLG000943CLG000943 CUB,,14260,1200980.86,CHQ,1200980.86,0
09-05-2019,SERVICEBRANCHCHENNAICHEQUEDEPO00000629CRUCOBANK0446CTSCLG000629CLG000629 UCO,,848,1201828.86,CHQ,1201828.86,0
09-05-2019,MUMBAIFORTC ACFEESCRAMMANFRUITS186TRANSFER21,,49356,1251184.86,TRANSFER,1251184.86,0
10-05-2019,SERVICEBRANCHCHENNAICHEQUEDEPO00040102CRANDHRABANK0446CTSG040102 ANB,,4401,1255585.86,CHQ,1255585.86,0
10-05-2019,SERVICEBRANCHCHENNAICHEQUEDEPO00662161CRSTATEBANKOFINDIA0446CTSG662161 SBI,,1972,1257557.86,CHQ,1257557.86,0
10-05-2019,SERVICEBRANCHCHENNAICHEQUEDEPO00453671CR2590446CTSG,,3750,1261307.86,CHQ,1261307.86,0
10-05-2019,SERVICEBRANCHCHENNAICHEQUEDEPO00005112CRSOUTHINDIANBANKLTD0446CTSCLG005112CLG005112 SIB,,1952,1263259.86,CHQ,1263259.86,0
10-05-2019,SERVICEBRANCHCHENNAICHEQUEDEPO00021100CR0720446CTSG021100 DCB,,10029,1273288.86,CHQ,1273288.86,0
10-05-2019,SERVICEBRANCHCHENNAICHEQUEDEPO00105993CRBANKOFMAHARASHTRA0446CTSG105993 BOM,,16331,1289619.86,CHQ,1289619.86,0
10-05-2019,SERVICEBRANCHCHENNAICHEQUEDEPO00000009CRUCOBANK0446CTSCLG000009CLG000009 UCO,,91081,1380700.86,CHQ,1380700.86,0
10-05-2019,SERVICEBRANCHCHENNAICHEQUEDEPO00000591CRKARURVYSYABANKLTD0446CTSCLG000591CLG000591 KVB,,14270,1394970.86,CHQ,1394970.86,0
10-05-2019,SERVICEBRANCHCHENNAICHEQUEDEPO00135830CRFEDERALBANKLTD0446CTSG135830 FBI,,525,1395495.86,CHQ,1395495.86,0
10-05-2019,ATMSERVICEBYTRANSFERCRBRANCH IMPS 025 ASsupermarketredbullTRANSFE461,,1894,1397389.86,IMPS,1397389.86,0
10-05-2019,MUMBAIFORTC ACFEESCRLIMRASENTE5140TRANSFE120,,5860,1403249.86,TRANSFER,1403249.86,0
10-05-2019,MUMBAIFORTC ACFEESCRSANTHOSHSUPERM734TRANSFER24,,8510,1411759.86,TRANSFER,1411759.86,0
13-05-2019,MUMBAIFORTC ACFEESCRPONNUSUPER3875962TRANSFER27,,7606,1419365.86,TRANSFER,1419365.86,0
13-05-2019,SERVICEBRANCHCHENNAICHEQUEDEPO00062974CR2400446CTSG,,46733,1466098.86,CHQ,1466098.86,0
13-05-2019,SERVICEBRANCHCHENNAICHEQUEDEPO00000940CRICICIBANKINGCORPORATION0446CTSG,,3610,1469708.86,CHQ,1469708.86,0
13-05-2019,SERVICEBRANCHCHENNAICHEQUEDEPO00040696CRANDHRABANK0446CTSG040696 ANB,,9725,1479433.86,CHQ,1479433.86,0
13-05-2019,SERVICEBRANCHCHENNAICHEQUEDEPO00267151CRSTATEBANKOFINDIA0446CTSG267151 SBI,,38443,1517876.86,CHQ,1517876.86,0
13-05-2019,SERVICEBRANCHCHENNAICHEQUEDEPO00004675CRCITYUNIONBANKLTD0446CTSCLG004675CLG004675 CUB,,3914,1521790.86,CHQ,1521790.86,0
13-05-2019,SERVICEBRANCHCHENNAICHEQUEDEPO00113834CRUTIBANKLTD0446CTSG,,2900,1524690.86,CHQ,1524690.86,0
13-05-2019,SERVICEBRANCHCHENNAICHEQUEDEPO00000722CR7500446CTSGAN,,7180,1531870.86,CHQ,1531870.86,0
13-05-2019,MUMBAIFORTC ACFEESCRVIKPRIHOME71DCTRANSFE129,,5682,1537552.86,TRANSFER,1537552.86,0
13-05-2019,TIRUMANGALAMCASHDEPOSITCRDepositbySELF,,400000,1937552.86,CASH,1937552.86,0
13-05-2019,TIRUMANGALAMBYCHQ TTTFRCRAYYANARSTYTOKISHOREMKTG,,2000,1939552.86,CHQ,1939552.86,0
13-05-2019,TIRUMANGALAMBYCHQ TTTFRCRALICEFLYTOKISHOREMKTG,,5344,1944896.86,CHQ,1944896.86,0
13-05-2019,TIRUMANGALAMBYCHQ TTTFRCRANNAITOKISHOREMKTG,,3715,1948611.86,CHQ,1948611.86,0
13-05-2019,TIRUMANGALAMBYCHQ TTTFRCRVALUETOKISHOREMKTG,,2331,1950942.86,CHQ,1950942.86,0
13-05-2019,MUMBAIFORTC ACFEESCRHAWIEEXIM620TRANSFER26,,9955,1960897.86,TRANSFER,1960897.86,0
13-05-2019,SERVICEBRANCHCHENNAICHEQUEDEPO00000892CRICICIBANKINGCORPORATION0446CTSG,,1776,1962673.86,CHQ,1962673.86,0
13-05-2019,SERVICEBRANCHCHENNAICHEQUEDEPO00210738CRINDIANOVERSEASBANK0446CTSG210738 IOB,,4478,1967151.86,CHQ,1967151.86,0
13-05-2019,MUMBAIFORTWITHDRAWALTRANSFERINVENTZLIFESCIENIDIBH19133367268CRTRANSFER24,64006,,1903145.86,TRANSFER,1903145.86,0
13-05-2019,MUMBAIFORTC ACFEESCRLIMRASENTE9506TRANSFE126,,693,1903838.86,TRANSFER,1903838.86,0
13-05-2019,MUMBAIFORTC ACFEESCRLIMRASENTE0477TRANSFE125,,11000,1914838.86,TRANSFER,1914838.86,0
13-05-2019,MUMBAIFORTWITHDRAWALTRANSFERCRSNJSugarsandp124TRANSFER24,104071,,1810767.86,TRANSFER,1810767.86,0
13-05-2019,MUMBAIFORTC ACFEESCRSANTHOSHSUPERM877TRANSFER27,,28166,1838933.86,TRANSFER,1838933.86,0
13-05-2019,MUMBAIFORTC ACFEESCRSANTHOSHSUPERM160TRANSFER20,,5413,1844346.86,TRANSFER,1844346.86,0
13-05-2019,ATMSERVICEBYTRANSFERCRBRANCH IMPS 814 saravanafancyTRANSFE461,,1976,1846322.86,IMPS,1846322.86,0
13-05-2019,CASHDEPCRCHRGSOTHER,200,,1846122.86,DEPOSIT-CHARGES,1846122.86,0
14-05-2019,SERVICEBRANCHCHENNAIECSMANDATECRDEBITRANSFERTO,1330805,,515317.86,EMI-DEBIT,515317.86,0
14-05-2019,TIRUMANGALAMCASHDEPOSITCRDepositbySELF,,180000,695317.86,CASH,695317.86,0
14-05-2019,MUMBAIFORTC ACFEESCRSANTHOSHSUPERM281TRANSFER29,,2914,698231.86,TRANSFER,698231.86,0
14-05-2019,MUMBAIFORTC ACFEESCRSANTHOSHSUPERM348TRANSFER21,,3149,701380.86,TRANSFER,701380.86,0
14-05-2019,MUMBAIFORTC ACFEESCRSANTHOSHSUPERM445TRANSFER20,,1035,702415.86,TRANSFER,702415.86,0
15-05-2019,TIRUMANGALAMBYCHQ TTTFRCRAYYANARTOKISHOREMKTG,,1807,704222.86,CHQ,704222.86,0
15-05-2019,TIRUMANGALAMBYCHQ TTTFRCRALICETOKISHOREMKTG,,9583,713805.86,CHQ,713805.86,0
15-05-2019,MUMBAIFORTC ACFEESSRICRMEENAKSHIAM426TRANSFER21,,4337,718142.86,TRANSFER,718142.86,0
15-05-2019,SERVICEBRANCHCHENNAICHEQUEDEPO00809735CRTAMILNADMERCANTILEBANK0446CTSG809735 TMB,,2687,720829.86,CHQ,720829.86,0
15-05-2019,SERVICEBRANCHCHENNAICHEQUEDEPO00624359CRTAMILNADMERCANTILEBANK0446CTSG624359 TMB,,3692,724521.86,CHQ,724521.86,0
15-05-2019,SERVICEBRANCHCHENNAICHEQUEDEPO00923995CRSYNDICATEBANK0446CTSG923995 SYB,,2481,727002.86,CHQ,727002.86,0
15-05-2019,SERVICEBRANCHCHENNAICHEQUEDEPO00001120CR2400446CTSG,,12713,739715.86,CHQ,739715.86,0
15-05-2019,SERVICEBRANCHCHENNAICHEQUEDEPO00000723CR7500446CTSGAN,,7192,746907.86,CHQ,746907.86,0
15-05-2019,SERVICEBRANCHCHENNAICHEQUEDEPO00884000CRTAMILNADUSTATEAPEXCOO0446CTSG,,847,747754.86,CHQ,747754.86,0
15-05-2019,MUMBAIFORTC ACFEESCRAMMANFRUITS127TRANSFER28,,12888,760642.86,TRANSFER,760642.86,0
15-05-2019,ATMSERVICEBYTRANSFERCRBRANCH IMPS 708 opbyJAYAPTRANSFE461,,5895,766537.86,IMPS,766537.86,0
16-05-2019,TIRUMANGALAMBYCHQ TTTFRCRON5GREENTOKISHOREMKTG,,3740,770277.86,CHQ,770277.86,0
16-05-2019,SERVICEBRANCHCHENNAICHEQUEDEPO00106710CRUNIONBANKOFINDIA0446CTSG106710 UBI,,4255,774532.86,CHQ,774532.86,0
16-05-2019,SERVICEBRANCHCHENNAICHEQUEDEPO00021449CRANDHRABANK0446CTSG021449 ANB,,2190,776722.86,CHQ,776722.86,0
16-05-2019,SERVICEBRANCHCHENNAICHEQUEDEPO00001984CR,,7725,784447.86,CHQ,784447.86,0
16-05-2019,SERVICEBRANCHCHENNAICHEQUEDEPO00074685CRUTIBANKLTD0446CTSG,,4842,789289.86,CHQ,789289.86,0
16-05-2019,SERVICEBRANCHCHENNAICHEQUEDEPO00040570CRANDHRABANK0446CTSG040570 ANB,,2742,792031.86,CHQ,792031.86,0
16-05-2019,SERVICEBRANCHCHENNAICHEQUEDEPO00040437CRANDHRABANK0446CTSG040437 ANB,,4221,796252.86,CHQ,796252.86,0
16-05-2019,SERVICEBRANCHCHENNAICHEQUEDEPO00000581CRANDHRABANK0446CTSG000581 ANB,,1077,797329.86,CHQ,797329.86,0
16-05-2019,SERVICEBRANCHCHENNAICHEQUEDEPO00009740CR4850446CTSG009740 KMB,,1518,798847.86,CHQ,798847.86,0
16-05-2019,SERVICEBRANCHCHENNAICHEQUEDEPO00021529CRANDHRABANK,,5044,803891.86,CHQ,803891.86,0
16-05-2019,SERVICEBRANCHCHENNAICHEQUEDEPO00279225CRUTIBANKLTD0446CTSG,,6471,810362.86,CHQ,810362.86,0
16-05-2019,SERVICEBRANCHCHENNAICHEQUEDEPO00002148CRKARURVYSYABANKLTD0446CTSCLG002148CLG002148 KVB,,2958,813320.86,CHQ,813320.86,0
16-05-2019,SERVICEBRANCHCHENNAICHEQUEDEPO00606292CRPUNJABNATIONALBANK0446CTSG606292 PNB,,19875,833195.86,CHQ,833195.86,0
16-05-2019,SERVICEBRANCHCHENNAICHEQUEDEPO00921862CRINDIANOVERSEASBANK0446CTSG921862 IOB,,5452,838647.86,CHQ,838647.86,0
16-05-2019,SERVICEBRANCHCHENNAICHEQUEDEPO00170560CR2590446CTSG,,379,839026.86,CHQ,839026.86,0
16-05-2019,SERVICEBRANCHCHENNAICHEQUEDEPO00888326CRSYNDICATEBANK0446CTSG888326 SYB,,555,839581.86,CHQ,839581.86,0
16-05-2019,SERVICEBRANCHCHENNAICHEQUEDEPO00296591CR2590446CTSG,,1456,841037.86,CHQ,841037.86,0
16-05-2019,SERVICEBRANCHCHENNAICHEQUEDEPO00000549CRKARURVYSYABANKLTD0446CTSCLG000549CLG000549 KVB,,34655,875692.86,CHQ,875692.86,0
16-05-2019,SERVICEBRANCHCHENNAICHEQUEDEPO00000365CR7500446CTSGAN,,3300,878992.86,OUTWARD-RETURN,878992.86,0
16-05-2019,MUMBAIFORTC ACFEESCRLIMRASENTE6474TRANSFE121,,3060,882052.86,TRANSFER,882052.86,0
16-05-2019,SERVICEBRANCHCHENNAIOUTCHQRETCRExceedsarrangement,3300,,878752.86,OUTWARD-RETURN,878752.86,0
16-05-2019,SERVICEBRANCHCHENNAICHQDISHONOURCR,250,,878502.86,INWARD-CHARGES,878502.86,0
16-05-2019,MUMBAIFORTC ACFEESCRELLIOTFOODS251TRANSFER28,,552,879054.86,TRANSFER,879054.86,0
16-05-2019,MUMBAIFORTC ACFEESCRANNAISUPERMAR9443TRANSFER29,,6386,885440.86,TRANSFER,885440.86,0
16-05-2019,MUMBAIFORTC ACFEESCRMCRENNETTF7855456TRANSFER28,,2329,887769.86,TRANSFER,887769.86,0
17-05-2019,SERVICEBRANCHCHENNAICHEQUEDEPO00002092CR2400446CTSG,,29860,917629.86,CHQ,917629.86,0
17-05-2019,SERVICEBRANCHCHENNAICHEQUEDEPO00021491CRANDHRABANK0446CTSG021491 ANB,,19606,937235.86,CHQ,937235.86,0
17-05-2019,SERVICEBRANCHCHENNAICHEQUEDEPO00020278CRORIENTALBANKOFCOMMERCE0446CTSG020278 OBC,,3152,940387.86,CHQ,940387.86,0
17-05-2019,SERVICEBRANCHCHENNAICHEQUEDEPO00705566CRPUNJABNATIONALBANK0446CTSG705566 PNB,,6418,946805.86,CHQ,946805.86,0
17-05-2019,SERVICEBRANCHCHENNAICHEQUEDEPO00172432CRDENABANK0446CTSG172432 DEB,,3223,950028.86,CHQ,950028.86,0
17-05-2019,MUMBAIFORTC ACFEESCRANNANAGARSUPE9229TRANSFER21,,20725,970753.86,TRANSFER,970753.86,0
17-05-2019,MUMBAIFORTC ACFEESCRANNANAGARSUPE7676TRANSFER20,,12185,982938.86,TRANSFER,982938.86,0
17-05-2019,MUMBAIFORTC ACFEESCRSANTHOSHSUPERM477TRANSFER27,,1935,984873.86,TRANSFER,984873.86,0
17-05-2019,MUMBAIFORTC ACFEESCRBANKOFBARODAFO535TRANSFER29,,4185,989058.86,TRANSFER,989058.86,0
17-05-2019,MUMBAIFORTWITHDRAWALTRANSFERINBISCOCRINDIAPV018TRANSFER24,211029,,778029.86,TRANSFER,778029.86,0
18-05-2019,SERVICEBRANCHCHENNAICHEQUEDEPO00001137CR2400446CTSG,,10417,788446.86,CHQ,788446.86,0
18-05-2019,SERVICEBRANCHCHENNAICHEQUEDEPO00040697CRANDHRABANK0446CTSG040697 ANB,,8473,796919.86,CHQ,796919.86,0
18-05-2019,SERVICEBRANCHCHENNAICHEQUEDEPO00039570CRBANKOFINDIA0446CTSG039570 BOI,,4910,801829.86,CHQ,801829.86,0
18-05-2019,SERVICEBRANCHCHENNAICHEQUEDEPO00986420CRINDIANOVERSEASBANK0446CTSG986420 IOB,,9034,810863.86,CHQ,810863.86,0
18-05-2019,TIRUMANGALAMCASHDEPOSITCRDepositbySELF,,280000,1090863.86,CASH,1090863.86,0
18-05-2019,CASHDEPCRCHRGSOTHER,100,,1090763.86,DEPOSIT-CHARGES,1090763.86,0
20-05-2019,SERVICEBRANCHCHENNAICHEQUEDEPO00180204CRTAMILNADMERCANTILEBANK0446CTSG180204 TMB,,4946,1095709.86,CHQ,1095709.86,0
20-05-2019,SERVICEBRANCHCHENNAICHEQUEDEPO00210532CRINDIANOVERSEASBANK0446CTSG210532 IOB,,4654,1100363.86,CHQ,1100363.86,0
20-05-2019,SERVICEBRANCHCHENNAICHEQUEDEPO00000465CR2400446CTSG,,564,1100927.86,CHQ,1100927.86,0
20-05-2019,SERVICEBRANCHCHENNAICHEQUEDEPO00001613CRKARURVYSYABANKLTD0446CTSCLG001613CLG001613 KVB,,27601,1128528.86,CHQ,1128528.86,0
20-05-2019,SERVICEBRANCHCHENNAICHEQUEDEPO00290145CRSTATEBANKOFINDIA0446CTSG290145 SBI,,3833,1132361.86,CHQ,1132361.86,0
20-05-2019,SERVICEBRANCHCHENNAICHEQUEDEPO00151828CRCANARABANK0446CTSG151828 CAB,,6273,1138634.86,CHQ,1138634.86,0
20-05-2019,SERVICEBRANCHCHENNAICHEQUEDEPO00351044CRFEDERALBANKLTD0446CTSG351044 FBI,,2529,1141163.86,CHQ,1141163.86,0
20-05-2019,SERVICEBRANCHCHENNAICHEQUEDEPO00827896CRTAMILNADMERCANTILEBANK0446CTSG827896 TMB,,3941,1145104.86,CHQ,1145104.86,0
20-05-2019,SERVICEBRANCHCHENNAICHEQUEDEPO00001400CRKARURVYSYABANKLTD0446CTSCLG001400CLG001400 KVB,,2866,1147970.86,CHQ,1147970.86,0
20-05-2019,SERVICEBRANCHCHENNAICHEQUEDEPO00074709CRUTIBANKLTD0446CTSG,,1305,1149275.86,CHQ,1149275.86,0
20-05-2019,SERVICEBRANCHCHENNAICHEQUEDEPO00900062CRCANARABANK0446CTSG900062 CAB,,2531,1151806.86,CHQ,1151806.86,0
20-05-2019,TIRUMANGALAMCASHDEPOSITCRDepositbySELF,,450000,1601806.86,CASH,1601806.86,0
20-05-2019,CASHDEPCRCHRGSOTHER,250,,1601556.86,DEPOSIT-CHARGES,1601556.86,0
21-05-2019,MUMBAIFORTC ACFEESCRDRUGSPARKPHAR6706TRANSFER21,,1894,1603450.86,TRANSFER,1603450.86,0
21-05-2019,SERVICEBRANCHCHENNAICHEQUEDEPO00040854CRANDHRABANK0446CTSG040854 ANB,,1933,1605383.86,CHQ,1605383.86,0
21-05-2019,SERVICEBRANCHCHENNAICHEQUEDEPO00002494CRKARURVYSYABANKLTD0446CTSCLG002494CLG002494 KVB,,1388,1606771.86,CHQ,1606771.86,0
21-05-2019,SERVICEBRANCHCHENNAICHEQUEDEPO00001118CRICICIBANKINGCORPORATION0446CTSG,,3457,1610228.86,CHQ,1610228.86,0
21-05-2019,SERVICEBRANCHCHENNAICHEQUEDEPO00001160CRICICIBANKINGCORPORATION0446CTSG,,5425,1615653.86,CHQ,1615653.86,0
21-05-2019,SERVICEBRANCHCHENNAICHEQUEDEPO00639798CRTAMILNADMERCANTILEBANK0446CTSG639798 TMB,,3405,1619058.86,CHQ,1619058.86,0
21-05-2019,SERVICEBRANCHCHENNAICHEQUEDEPO00005538CRANDHRABANK0446CTSG005538 ANB,,3601,1622659.86,CHQ,1622659.86,0
21-05-2019,SERVICEBRANCHCHENNAICHEQUEDEPO00000039CR2400446CTSG,,904,1623563.86,CHQ,1623563.86,0
21-05-2019,SERVICEBRANCHCHENNAICHEQUEDEPO00174728CRSTATEBANKOFINDIA0446CTSG174728 SBI,,1405,1624968.86,CHQ,1624968.86,0
21-05-2019,SERVICEBRANCHCHENNAICHEQUEDEPO00000874CRCITYUNIONBANKLTD0446CTSCHQ000875,,11071,1636039.86,CHQ,1636039.86,0
21-05-2019,TIRUMANGALAMCASHDEPOSITCRDepositbySELF,,80000,1716039.86,CASH,1716039.86,0
21-05-2019,TIRUMANGALAMBYCHQ TTTFRCRALICEFLYTOKISHOREMKTG,,2565,1718604.86,CHQ,1718604.86,0
21-05-2019,MUMBAIFORTWITHDRAWALTRANSFERCRREDBULLINDIAP706TRANSFER24,200014,,1518590.86,TRANSFER,1518590.86,0
21-05-2019,MUMBAIFORTC ACFEESCRLIMRASENTE3378TRANSFE125,,6554,1525144.86,TRANSFER,1525144.86,0
22-05-2019,MUMBAIFORTWITHDRAWALTRANSFERMARSINTERNATIONAIDIBH19142352332CRTRANSFER24,1000029,,525115.86,TRANSFER,525115.86,0
22-05-2019,MUMBAIFORTC ACFEESKPNCRFARMFRESHP493TRANSFER20,,10419,535534.86,TRANSFER,535534.86,0
22-05-2019,SERVICEBRANCHCHENNAICHEQUEDEPO00635522CRTAMILNADMERCANTILEBANK0446CTSG635522 TMB,,18286,553820.86,CHQ,553820.86,0
22-05-2019,SERVICEBRANCHCHENNAICHEQUEDEPO00000777CRKARURVYSYABANKLTD0446CTSCLG000777CLG000777 KVB,,5805,559625.86,CHQ,559625.86,0
22-05-2019,SERVICEBRANCHCHENNAICHEQUEDEPO00000854CRKARURVYSYABANKLTD0446CTSCLG000854CLG000854 KVB,,7002,566627.86,CHQ,566627.86,0
22-05-2019,SERVICEBRANCHCHENNAICHEQUEDEPO00079497CRUTIBANKLTD0446CTSG,,4420,571047.86,CHQ,571047.86,0
22-05-2019,SERVICEBRANCHCHENNAICHEQUEDEPO00003032CR2400446CTSG,,8264,579311.86,CHQ,579311.86,0
22-05-2019,SERVICEBRANCHCHENNAICHEQUEDEPO00004202CR2400446CTSG,,27679,606990.86,CHQ,606990.86,0
22-05-2019,SERVICEBRANCHCHENNAICHEQUEDEPO00003728CRKARURVYSYABANKLTD0446CTSCLG003728CLG003728 KVB,,9208,616198.86,CHQ,616198.86,0
22-05-2019,SERVICEBRANCHCHENNAICHEQUEDEPO00118234CRUTIBANKLTD0446CTSG,,7703,623901.86,CHQ,623901.86,0
22-05-2019,SERVICEBRANCHCHENNAICHEQUEDEPO00293264CRUTIBANKLTD0446CTSG,,9000,632901.86,CHQ,632901.86,0
22-05-2019,SERVICEBRANCHCHENNAICHEQUEDEPO00807987CRTAMILNADMERCANTILEBANK0446CTSG807987 TMB,,8182,641083.86,CHQ,641083.86,0
23-05-2019,MUMBAIFORTWITHDRAWALTRANSFERMARSINTERNATIONAIDIBH19143401905CRTRANSFER24,217795,,423288.86,TRANSFER,423288.86,0
23-05-2019,MUMBAIFORTC ACFEESCRBANKOFBARODAFO291TRANSFER20,,7395,430683.86,TRANSFER,430683.86,0
23-05-2019,MUMBAIFORTC ACFEESCRAMMANFRUITS984TRANSFER29,,8452,439135.86,TRANSFER,439135.86,0
23-05-2019,TIRUMANGALAMCASHDEPOSITCRDepositbySELF,,50000,489135.86,CASH,489135.86,0
23-05-2019,MUMBAIFORTC ACFEESCRSANTHOSHSUPERM547TRANSFER20,,9200,498335.86,TRANSFER,498335.86,0
24-05-2019,SERVICEBRANCHCHENNAITOCLGCHQ00898720CRSECEDCWEST,5014,,493321.86,CHQ,493321.86,0
24-05-2019,MUMBAIFORTC ACFEESSRICRFIRSTCAREP702TRANSFER28,,547,493868.86,TRANSFER,493868.86,0
24-05-2019,MUMBAIFORTC ACFEESCRELLIOTFOODS773TRANSFER26,,1323,495191.86,TRANSFER,495191.86,0
24-05-2019,TIRUMANGALAMCASHDEPOSITCRDepositbySELF,,70000,565191.86,CASH,565191.86,0
24-05-2019,SERVICEBRANCHCHENNAICHEQUEDEPO00006896CR2400446CTSG,,2304,567495.86,CHQ,567495.86,0
24-05-2019,SERVICEBRANCHCHENNAICHEQUEDEPO00000127CRCITYUNIONBANKLTD0446CTSCLG000127CLG000127 CUB,,1447,568942.86,CHQ,568942.86,0
24-05-2019,SERVICEBRANCHCHENNAICHEQUEDEPO00001139CR2400446CTSG,,1440,570382.86,CHQ,570382.86,0
24-05-2019,SERVICEBRANCHCHENNAICHEQUEDEPO00030330CRICICIBANKINGCORPORATION0446CTSG,,1546,571928.86,CHQ,571928.86,0
24-05-2019,SERVICEBRANCHCHENNAICHEQUEDEPO00000499CRICICIBANKINGCORPORATION0446CTSG,,1642,573570.86,CHQ,573570.86,0
24-05-2019,SERVICEBRANCHCHENNAICHEQUEDEPO00293265CRUTIBANKLTD0446CTSG,,9911,583481.86,CHQ,583481.86,0
24-05-2019,SERVICEBRANCHCHENNAICHEQUEDEPO00040826CRANDHRABANK0446CTSG040826 ANB,,4419,587900.86,CHQ,587900.86,0
24-05-2019,SERVICEBRANCHCHENNAICHEQUEDEPO00800886CRVIJAYABANK0446CTSG800886 VJB,,1544,589444.86,CHQ,589444.86,0
24-05-2019,SERVICEBRANCHCHENNAICHEQUEDEPO00023689CR2400446CTSG,,14392,603836.86,CHQ,603836.86,0
24-05-2019,SERVICEBRANCHCHENNAICHEQUEDEPO00000246CRKARURVYSYABANKLTD0446CTSCLG000246CLG000246 KVB,,2123,605959.86,CHQ,605959.86,0
24-05-2019,SERVICEBRANCHCHENNAICHEQUEDEPO00000092CRBANKOFBARODA0446CTSCLG000092CLG000092 BOB,,1894,607853.86,CHQ,607853.86,0
24-05-2019,SERVICEBRANCHCHENNAICHEQUEDEPO00004740CR2400446CTSG,,7293,615146.86,CHQ,615146.86,0
24-05-2019,SERVICEBRANCHCHENNAICHEQUEDEPO00233361CRUTIBANKLTD0446CTSG,,5349,620495.86,CHQ,620495.86,0
24-05-2019,SERVICEBRANCHCHENNAICHEQUEDEPO00021286CRUNITEDBANKOFINDIA0446CTSCLG021286CLG,,12320,632815.86,CHQ,632815.86,0
24-05-2019,SERVICEBRANCHCHENNAICHEQUEDEPO00074713CRUTIBANKLTD0446CTSG,,2100,634915.86,CHQ,634915.86,0
24-05-2019,SERVICEBRANCHCHENNAICHEQUEDEPO00000841CR4850446CTSG000841 KMB,,18459,653374.86,CHQ,653374.86,0
24-05-2019,SERVICEBRANCHCHENNAICHEQUEDEPO00002368CRKARURVYSYABANKLTD0446CTSCLG002368CLG002368 KVB,,6149,659523.86,CHQ,659523.86,0
24-05-2019,SERVICEBRANCHCHENNAICHEQUEDEPO00021383CRUNITEDBANKOFINDIA0446CTSCLG021383CLG,,1894,661417.86,CHQ,661417.86,0
24-05-2019,SERVICEBRANCHCHENNAICHEQUEDEPO00924046CRSYNDICATEBANK0446CTSG924046 SYB,,1894,663311.86,CHQ,663311.86,0
24-05-2019,SERVICEBRANCHCHENNAICHEQUEDEPO00079495CRUTIBANKLTD0446CTSG,,2432,665743.86,CHQ,665743.86,0
24-05-2019,SERVICEBRANCHCHENNAICHEQUEDEPO00000680CR2400446CTSG,,4589,670332.86,CHQ,670332.86,0
24-05-2019,MUMBAIFORTC ACFEESCRSANTHOSHSUPERM944TRANSFER20,,5060,675392.86,TRANSFER,675392.86,0
24-05-2019,MUMBAIFORTC ACFEESCRKALIGAMBALFRUI8692TRANSFER21,,10487,685879.86,TRANSFER,685879.86,0
27-05-2019,SERVICEBRANCHCHENNAICHEQUEDEPO00065625CR2400446CTSG,,85496,771375.86,CHQ,771375.86,0
27-05-2019,SERVICEBRANCHCHENNAICHEQUEDEPO00002367CRKARURVYSYABANKLTD0446CTSCLG002367CLG002367 KVB,,768,772143.86,CHQ,772143.86,0
27-05-2019,SERVICEBRANCHCHENNAICHEQUEDEPO00220708CRUTIBANKLTD0446CTSCHQ220708,,1085,773228.86,CHQ,773228.86,0
27-05-2019,SERVICEBRANCHCHENNAICHEQUEDEPO00077583CR2590446CTSG,,450,773678.86,CHQ,773678.86,0
27-05-2019,SERVICEBRANCHCHENNAICHEQUEDEPO00900060CRCANARABANK0446CTSG900060 CAB,,3510,777188.86,CHQ,777188.86,0
27-05-2019,SERVICEBRANCHCHENNAICHEQUEDEPO00284869CRUTIBANKLTD0446CTSG,,2936,780124.86,CHQ,780124.86,0
27-05-2019,SERVICEBRANCHCHENNAICHEQUEDEPO00021720CRUTIBANKLTD0446CTSG,,2611,782735.86,OUTWARD-RETURN,782735.86,0
27-05-2019,TIRUMANGALAMCASHDEPOSITCRDepositbySELF,,190000,972735.86,CASH,972735.86,0
27-05-2019,TIRUMANGALAMBYCHQ TTTFRCRNELLAITOKISHOREMKTG,,2110,974845.86,CHQ,974845.86,0
27-05-2019,TIRUMANGALAMBYCHQ TTTFRCRFLYMEDITOKISHOREMKTG,,1313,976158.86,CHQ,976158.86,0
27-05-2019,MUMBAIFORTC ACFEESCRAROCKIYASATRANSFE121,,10000,986158.86,TRANSFER,986158.86,0
27-05-2019,SERVICEBRANCHCHENNAIOUTCHQRETCRAlterationrequiredrawerauthentication,2611,,983547.86,OUTWARD-RETURN,983547.86,0
27-05-2019,SERVICEBRANCHCHENNAICHQDISHONOURCR,250,,983297.86,INWARD-CHARGES,983297.86,0
27-05-2019,MUMBAIFORTC ACFEESCRANNANAGARSUPE4797TRANSFER24,,10081,993378.86,TRANSFER,993378.86,0
27-05-2019,MUMBAIFORTC ACFEESCRRAMKUMARMEDICA0069TRANSFER21,,2820,996198.86,TRANSFER,996198.86,0
28-05-2019,MUMBAIFORTWITHDRAWALTRANSFERHECTORBEVERAGESPIDIBH19148158041CRTRANSFER24,200014,,796184.86,TRANSFER,796184.86,0
28-05-2019,ATMSERVICEBYTRANSFERCRBRANCHUPITRAN1150 boomerbill2749TRANSFE466,,360,796544.86,UPI,796544.86,0
28-05-2019,MUMBAIFORTC ACFEESCRSAARALRESORTSA571TRANSFER28,,5682,802226.86,TRANSFER,802226.86,0
28-05-2019,MUMBAIFORTC ACFEESCRDRUGSPARKPHAR3795TRANSFER28,,3161,805387.86,TRANSFER,805387.86,0
28-05-2019,TIRUMANGALAMBYCHQ TTTFRCRkishoremarketing,,3615,809002.86,CHQ,809002.86,0
28-05-2019,TIRUMANGALAMCASHDEPOSITCRDepositbySELF,,90000,899002.86,CASH,899002.86,0
28-05-2019,MUMBAIFORTC ACFEESCRSARAVANAST5305654TRANSFER20,,48997,947999.86,TRANSFER,947999.86,0
28-05-2019,MUMBAIFORTC ACFEESCRSARAVANAST5301701TRANSFER21,,85621,1033620.86,TRANSFER,1033620.86,0
28-05-2019,MUMBAIFORTC ACFEESCRSARAVANAST5322229TRANSFER20,,48355,1081975.86,TRANSFER,1081975.86,0
28-05-2019,SERVICEBRANCHCHENNAICHEQUEDEPO00004298CR2400446CTSG,,5896,1087871.86,CHQ,1087871.86,0
28-05-2019,SERVICEBRANCHCHENNAICHEQUEDEPO00001775CR2400446CTSG,,9409,1097280.86,CHQ,1097280.86,0
28-05-2019,SERVICEBRANCHCHENNAICHEQUEDEPO00023320CRSTATEBANKOFINDIA0446CTSG023320 SBI,,10741,1108021.86,OUTWARD-RETURN,1108021.86,0
28-05-2019,SERVICEBRANCHCHENNAICHEQUEDEPO00210600CRINDIANOVERSEASBANK0446CTSG210600 IOB,,8151,1116172.86,CHQ,1116172.86,0
28-05-2019,SERVICEBRANCHCHENNAICHEQUEDEPO00005623CRANDHRABANK0446CTSG005623 ANB,,3030,1119202.86,CHQ,1119202.86,0
28-05-2019,SERVICEBRANCHCHENNAICHEQUEDEPO00020299CRORIENTALBANKOFCOMMERCE0446CTSG020299 OBC,,1313,1120515.86,CHQ,1120515.86,0
28-05-2019,SERVICEBRANCHCHENNAICHEQUEDEPO00001624CRICICIBANKINGCORPORATION0446CTSG,,2401,1122916.86,CHQ,1122916.86,0
28-05-2019,SERVICEBRANCHCHENNAICHEQUEDEPO00831739CRTAMILNADMERCANTILEBANK0446CTSG831739 TMB,,3091,1126007.86,OUTWARD-RETURN,1126007.86,0
28-05-2019,SERVICEBRANCHCHENNAICHEQUEDEPO00000009CRINDIANOVERSEASBANK0446CTSG000009 IOB,,20288,1146295.86,CHQ,1146295.86,0
28-05-2019,SERVICEBRANCHCHENNAICHEQUEDEPO00000225CRLAKSHMIVILASBANKLTD0446CTSCLG000225CLG000225 LVB,,4484,1150779.86,CHQ,1150779.86,0
28-05-2019,SERVICEBRANCHCHENNAICHEQUEDEPO00475805CRTAMILNADMERCANTILEBANK0446CTSG475805 TMB,,1380,1152159.86,CHQ,1152159.86,0
28-05-2019,SERVICEBRANCHCHENNAICHEQUEDEPO00005624CRANDHRABANK0446CTSG005624 ANB,,2521,1154680.86,CHQ,1154680.86,0
28-05-2019,MUMBAIFORTC ACFEESSRICRMEENAKSHIAM815TRANSFER21,,1072,1155752.86,TRANSFER,1155752.86,0
28-05-2019,SERVICEBRANCHCHENNAIOUTCHQRETCRFundsinsufficient,10741,,1145011.86,OUTWARD-RETURN,1145011.86,0
28-05-2019,SERVICEBRANCHCHENNAICHQDISHONOURCR,250,,1144761.86,INWARD-CHARGES,1144761.86,0
28-05-2019,SERVICEBRANCHCHENNAIOUTCHQRETCRFundsinsufficient,3091,,1141670.86,OUTWARD-RETURN,1141670.86,0
28-05-2019,SERVICEBRANCHCHENNAICHQDISHONOURCR,250,,1141420.86,INWARD-CHARGES,1141420.86,0
29-05-2019,MUMBAIFORTWITHDRAWALTRANSFERCRREDBULLINDIAP858TRANSFER24,75006,,1066414.86,TRANSFER,1066414.86,0
29-05-2019,MUMBAIFORTWITHDRAWALTRANSFERCRSNJSugarsandp904TRANSFER24,33725,,1032689.86,TRANSFER,1032689.86,0
29-05-2019,SERVICEBRANCHCHENNAICHEQUEDEPO00963729CRINDIANOVERSEASBANK0446CTSG963729 IOB,,14160,1046849.86,CHQ,1046849.86,0
29-05-2019,SERVICEBRANCHCHENNAICHEQUEDEPO00444769CRINDIANOVERSEASBANK0446CTSG444769 IOB,,978,1047827.86,CHQ,1047827.86,0
29-05-2019,SERVICEBRANCHCHENNAICHEQUEDEPO00227540CRUTIBANKLTD0446CTSG,,33566,1081393.86,CHQ,1081393.86,0
29-05-2019,SERVICEBRANCHCHENNAICHEQUEDEPO00005003CRALLAHABADBANK0446CTSG005003 ALB,,3000,1084393.86,OUTWARD-RETURN,1084393.86,0
29-05-2019,SERVICEBRANCHCHENNAICHEQUEDEPO00011203CRICICIBANKINGCORPORATION0446CTSG,,10542,1094935.86,CHQ,1094935.86,0
29-05-2019,SERVICEBRANCHCHENNAICHEQUEDEPO00026738CRSTATEBANKOFINDIA0446CTSCHQ026738,,2286,1097221.86,CHQ,1097221.86,0
29-05-2019,SERVICEBRANCHCHENNAICHEQUEDEPO00352704CRFEDERALBANKLTD0446CTSG352704 FBI,,2721,1099942.86,CHQ,1099942.86,0
29-05-2019,SERVICEBRANCHCHENNAICHEQUEDEPO00501257CRINDIANOVERSEASBANK0446CTSG501257 IOB,,2270,1102212.86,CHQ,1102212.86,0
29-05-2019,TIRUMANGALAMCASHDEPOSITCRDepositbySELF,,85000,1187212.86,CASH,1187212.86,0
29-05-2019,TIRUMANGALAMBYCHQ TTTFRCRKISHOREMARKETING,,3063,1190275.86,CHQ,1190275.86,0
29-05-2019,MUMBAIFORTWITHDRAWALTRANSFERMARSINTERNATIONAIDIBH19149242592CRTRANSFER24,500029,,690246.86,TRANSFER,690246.86,0
29-05-2019,TIRUMANGALAMBYCHQ TTTFRCRkishoremarketing,,6266,696512.86,CHQ,696512.86,0
29-05-2019,SERVICEBRANCHCHENNAIOUTCHQRETCRExceedsarrangement,3000,,693512.86,OUTWARD-RETURN,693512.86,0
29-05-2019,SERVICEBRANCHCHENNAICHQDISHONOURCR,250,,693262.86,INWARD-CHARGES,693262.86,0
29-05-2019,MUMBAIFORTC ACFEESCRLIMRASENTE8623TRANSFE125,,3738,697000.86,TRANSFER,697000.86,0
30-05-2019,MUMBAIFORTC ACFEESKPNCRFARMFRESHP172TRANSFER21,,17559,714559.86,TRANSFER,714559.86,0
30-05-2019,SERVICEBRANCHCHENNAICHEQUEDEPO00010925CRALLAHABADBANK0446CTSG010925 ALB,,1046,715605.86,CHQ,715605.86,0
30-05-2019,SERVICEBRANCHCHENNAICHEQUEDEPO00105079CRSYNDICATEBANK0446CTSG105079 SYB,,3893,719498.86,CHQ,719498.86,0
30-05-2019,SERVICEBRANCHCHENNAICHEQUEDEPO00379704CR5320446CTSG379704 YES,,2368,721866.86,CHQ,721866.86,0
30-05-2019,SERVICEBRANCHCHENNAICHEQUEDEPO00002261CRANDHRABANK0446CTSG002261 ANB,,9907,731773.86,OUTWARD-RETURN,731773.86,0
30-05-2019,SERVICEBRANCHCHENNAICHEQUEDEPO00040873CRANDHRABANK0446CTSG040873 ANB,,5250,737023.86,CHQ,737023.86,0
30-05-2019,SERVICEBRANCHCHENNAICHEQUEDEPO00645726CRUNITEDBANKOFINDIA0446CTSCLG645726CLG,,3788,740811.86,CHQ,740811.86,0
30-05-2019,SERVICEBRANCHCHENNAICHEQUEDEPO00001625CRICICIBANKINGCORPORATION0446CTSG,,1745,742556.86,CHQ,742556.86,0
30-05-2019,SERVICEBRANCHCHENNAICHEQUEDEPO00441834CR2590446CTSG,,2766,745322.86,CHQ,745322.86,0
30-05-2019,SERVICEBRANCHCHENNAICHEQUEDEPO00000003CRANDHRABANK0446CTSG000003 ANB,,3811,749133.86,CHQ,749133.86,0
30-05-2019,SERVICEBRANCHCHENNAICHEQUEDEPO00000875CRCITYUNIONBANKLTD0446CTSCLG000875CLG000875 CUB,,11071,760204.86,CHQ,760204.86,0
30-05-2019,SERVICEBRANCHCHENNAICHEQUEDEPO00227093CR2340446CTSG,,8160,768364.86,CHQ,768364.86,0
30-05-2019,SERVICEBRANCHCHENNAICHEQUEDEPO00002404CRKARURVYSYABANKLTD0446CTSCLG002404CLG002404 KVB,,9195,777559.86,CHQ,777559.86,0
30-05-2019,SERVICEBRANCHCHENNAICHEQUEDEPO00108453CRBANKOFMAHARASHTRA0446CTSG108453 BOM,,7801,785360.86,CHQ,785360.86,0
30-05-2019,SERVICEBRANCHCHENNAICHEQUEDEPO00040521CRBANKOFINDIA0446CTSG040521 BOI,,3085,788445.86,CHQ,788445.86,0
30-05-2019,SERVICEBRANCHCHENNAICHEQUEDEPO00142072CRANDHRABANK0446CTSG142072 ANB,,1250,789695.86,CHQ,789695.86,0
30-05-2019,SERVICEBRANCHCHENNAICHEQUEDEPO00118343CRUTIBANKLTD0446CTSG,,4378,794073.86,CHQ,794073.86,0
30-05-2019,SERVICEBRANCHCHENNAICHEQUEDEPO00005621CRANDHRABANK0446CTSG005621 ANB,,4255,798328.86,CHQ,798328.86,0
30-05-2019,TIRUMANGALAMCASHDEPOSITCRDepositbySELF,,140000,938328.86,CASH,938328.86,0
30-05-2019,MUMBAIFORTC ACFEESCRSANTHOSHSUPERM050TRANSFER27,,6356,944684.86,TRANSFER,944684.86,0
30-05-2019,MUMBAIFORTC ACFEESCRSANTHOSHSUPERM821TRANSFER24,,6616,951300.86,TRANSFER,951300.86,0
30-05-2019,MUMBAIFORTWITHDRAWALTRANSFERMARSINTERNATIONAIDIBH19150278155CRTRANSFER24,500029,,451271.86,TRANSFER,451271.86,0
30-05-2019,MUMBAIFORTC ACFEESCRLIMRASENTE6478TRANSFE128,,9693,460964.86,TRANSFER,460964.86,0
30-05-2019,MUMBAIFORTC ACFEESCRLIMRASENTE7030TRANSFE126,,2138,463102.86,TRANSFER,463102.86,0
30-05-2019,SERVICEBRANCHCHENNAIOUTCHQRETCRFundsinsufficient,9907,,453195.86,OUTWARD-RETURN,453195.86,0
30-05-2019,SERVICEBRANCHCHENNAICHQDISHONOURCR,250,,452945.86,INWARD-CHARGES,452945.86,0
30-05-2019,MUMBAIFORTC ACFEESCRANNANAGARS7702595TRANSFER26,,2584,455529.86,TRANSFER,455529.86,0
30-05-2019,MUMBAIFORTC ACFEESCRANNAISUPERMAR4876TRANSFER24,,2759,458288.86,TRANSFER,458288.86,0
31-05-2019,SERVICEBRANCHCHENNAICHEQUEDEPO00828060CRTAMILNADMERCANTILEBANK0446CTSG828060 TMB,,2557,460845.86,CHQ,460845.86,0
31-05-2019,SERVICEBRANCHCHENNAICHEQUEDEPO00291342CRUTIBANKLTD0446CTSG,,3072,463917.86,CHQ,463917.86,0
31-05-2019,SERVICEBRANCHCHENNAICHEQUEDEPO00187843CR2590446CTSG,,5011,468928.86,CHQ,468928.86,0
31-05-2019,SERVICEBRANCHCHENNAICHEQUEDEPO00040653CRKARNATAKABANKLTD0446CTSCHQ040653,,24267,493195.86,CHQ,493195.86,0
31-05-2019,SERVICEBRANCHCHENNAICHEQUEDEPO00176851CRSYNDICATEBANK0446CTSG176851 SYB,,6475,499670.86,OUTWARD-RETURN,499670.86,0
31-05-2019,SERVICEBRANCHCHENNAICHEQUEDEPO00126620CRUTIBANKLTD0446CTSG,,1649,501319.86,CHQ,501319.86,0
31-05-2019,TIRUMANGALAMCASHDEPOSITCRDepositbySELF,,65000,566319.86,CASH,566319.86,0
31-05-2019,SERVICEBRANCHCHENNAIOUTCHQRETCRFundsinsufficient,6475,,559844.86,OUTWARD-RETURN,559844.86,0
31-05-2019,SERVICEBRANCHCHENNAICHQDISHONOURCR,250,,559594.86,INWARD-CHARGES,559594.86,0
01-06-2019,TIRUMANGALAMCASHDEPOSITCRDepositbySELF,,85000,644594.86,CASH,644594.86,0
01-06-2019,SERVICEBRANCHCHENNAICHEQUEDEPO00000324CRKARURVYSYABANKLTD0446CTSCLG000324CLG000324 KVB,,30917,675511.86,CHQ,675511.86,0
01-06-2019,SERVICEBRANCHCHENNAICHEQUEDEPO00187844CR2590446CTSG,,5079,680590.86,CHQ,680590.86,0
01-06-2019,SERVICEBRANCHCHENNAICHEQUEDEPO00573128CR2590446CTSG,,597,681187.86,CHQ,681187.86,0
03-06-2019,SERVICEBRANCHCHENNAITOCLGCHQ00898723CRVIJAYAGENCIES,80293,,600894.86,CHQ,600894.86,0
03-06-2019,MUMBAIFORTC ACFEESCRPONNUSUPERMAR6975TRANSFER23,,50635,651529.86,TRANSFER,651529.86,0
03-06-2019,TIRUMANGALAMBYCHQ TTTFRCRKISHOREMARKETING,,1131,652660.86,CHQ,652660.86,0
03-06-2019,MUMBAIFORTC ACFEESCRVENKATESWARA229235TRANSFER26,,3683,656343.86,TRANSFER,656343.86,0
04-06-2019,SERVICEBRANCHCHENNAITOCLGCHQ00898724CRSURIYAAGENCIES,65003,,591340.86,CHQ,591340.86,0
04-06-2019,ATMSERVICEBYTRANSFERCRBRANCH IMPS 870 LEAFINPYMTTRANSFE461,,3594,594934.86,IMPS,594934.86,0
04-06-2019,TIRUMANGALAMBYCHQ TTTFRCRKISHOREMARKETING,,1820,596754.86,CHQ,596754.86,0
04-06-2019,MUMBAIFORTC ACFEESCRMCRENNETTF2326156TRANSFER21,,365,597119.86,TRANSFER,597119.86,0
04-06-2019,MUMBAIFORTC ACFEESCRVIKPRIHOME11DCTRANSFE121,,21821,618940.86,TRANSFER,618940.86,0
04-06-2019,MUMBAIFORTC ACFEESCRPONNUSUPER2417511TRANSFER28,,14383,633323.86,TRANSFER,633323.86,0
04-06-2019,MUMBAIFORTC ACFEESCRSANTHOSHSUPERM059TRANSFER28,,13464,646787.86,TRANSFER,646787.86,0
04-06-2019,MUMBAIFORTC ACFEESCRSANTHOSHSUPERM288TRANSFER25,,16535,663322.86,TRANSFER,663322.86,0
04-06-2019,MUMBAIFORTC ACFEESCRSANTHOSHSUPERM822TRANSFER29,,30651,693973.86,TRANSFER,693973.86,0
04-06-2019,MUMBAIFORTC ACFEESCRLIMRASENTE2921TRANSFE126,,11738,705711.86,TRANSFER,705711.86,0
04-06-2019,MUMBAIFORTC ACFEESCRSANTHOSHSUPERM415TRANSFER21,,16189,721900.86,TRANSFER,721900.86,0
06-06-2019,MUMBAIFORTC ACFEESCRSARAVANAST3374233TRANSFER21,,118125,840025.86,TRANSFER,840025.86,0
06-06-2019,MUMBAIFORTC ACFEESCRSANTHOSHSUPERM559TRANSFER28,,1894,841919.86,TRANSFER,841919.86,0
06-06-2019,SERVICEBRANCHCHENNAICHEQUEDEPO00022165CRICICIBANKINGCORPORATION0446CTSG,,80000,921919.86,CHQ,921919.86,0
06-06-2019,SERVICEBRANCHCHENNAICHEQUEDEPO00023320CRSTATEBANKOFINDIA0446CTSG023320 SBI,,10741,932660.86,CHQ,932660.86,0
06-06-2019,SERVICEBRANCHCHENNAICHEQUEDEPO00291155CRUTIBANKLTD0446CTSG,,7313,939973.86,CHQ,939973.86,0
06-06-2019,SERVICEBRANCHCHENNAICHEQUEDEPO00017198CRSOUTHINDIANBANKLTD0446CTSCLG017198CLG017198 SIB,,6149,946122.86,CHQ,946122.86,0
06-06-2019,SERVICEBRANCHCHENNAICHEQUEDEPO00002604CRKARURVYSYABANKLTD0446CTSCLG002604CLG002604 KVB,,9249,955371.86,CHQ,955371.86,0
06-06-2019,SERVICEBRANCHCHENNAICHEQUEDEPO00000165CR2400446CTSG,,3973,959344.86,CHQ,959344.86,0
06-06-2019,SERVICEBRANCHCHENNAICHEQUEDEPO00000403CRICICIBANKINGCORPORATION0446CTSG,,1200,960544.86,CHQ,960544.86,0
06-06-2019,SERVICEBRANCHCHENNAICHEQUEDEPO00438803CRSTATEBANKOFINDIA0446CTSG438803 SBI,,7600,968144.86,CHQ,968144.86,0
06-06-2019,SERVICEBRANCHCHENNAICHEQUEDEPO00065484CR2400446CTSG,,86430,1054574.86,CHQ,1054574.86,0
06-06-2019,SERVICEBRANCHCHENNAICHEQUEDEPO00021487CRUNITEDBANKOFINDIA0446CTSCLG021487CLG,,12548,1067122.86,CHQ,1067122.86,0
06-06-2019,SERVICEBRANCHCHENNAICHEQUEDEPO00000899CRKARURVYSYABANKLTD0446CTSCLG000899CLG000899 KVB,,14282,1081404.86,CHQ,1081404.86,0
06-06-2019,SERVICEBRANCHCHENNAICHEQUEDEPO00801498CRSYNDICATEBANK0446CTSG801498 SYB,,4440,1085844.86,CHQ,1085844.86,0
06-06-2019,SERVICEBRANCHCHENNAICHEQUEDEPO00017207CRSOUTHINDIANBANKLTD0446CTSCLG017207CLG017207 SIB,,12994,1098838.86,CHQ,1098838.86,0
06-06-2019,SERVICEBRANCHCHENNAICHEQUEDEPO00132578CRANDHRABANK0446CTSCHQ132578,,4650,1103488.86,CHQ,1103488.86,0
06-06-2019,SERVICEBRANCHCHENNAICHEQUEDEPO00001839CR2400446CTSG,,4338,1107826.86,CHQ,1107826.86,0
06-06-2019,SERVICEBRANCHCHENNAICHEQUEDEPO00564182CRCANARABANK0446CTSG564182 CAB,,2919,1110745.86,CHQ,1110745.86,0
06-06-2019,SERVICEBRANCHCHENNAICHEQUEDEPO00017205CRSOUTHINDIANBANKLTD0446CTSCLG017205CLG017205 SIB,,11316,1122061.86,CHQ,1122061.86,0
06-06-2019,SERVICEBRANCHCHENNAICHEQUEDEPO00000045CRSTANDARDCHARTEREDBANK0446CTSG000045 SCB,,5507,1127568.86,CHQ,1127568.86,0
06-06-2019,SERVICEBRANCHCHENNAICHEQUEDEPO00483610CRTAMILNADMERCANTILEBANK0446CTSG483610 TMB,,2422,1129990.86,OUTWARD-RETURN,1129990.86,0
06-06-2019,SERVICEBRANCHCHENNAICHEQUEDEPO00000388CR7500446CTSGAN,,2296,1132286.86,CHQ,1132286.86,0
06-06-2019,TIRUMANGALAMCASHDEPOSITCRDepositbySELF,,180000,1312286.86,CASH,1312286.86,0
06-06-2019,MUMBAIFORTWITHDRAWALTRANSFERMARSINTERNATIONAIDIBH19157179724CRTRANSFER24,500029,,812257.86,TRANSFER,812257.86,0
06-06-2019,MUMBAIFORTWITHDRAWALTRANSFERINBISCOCRINDIAPV855TRANSFER24,200014,,612243.86,TRANSFER,612243.86,0
06-06-2019,TIRUMANGALAMBYCHQ TTTFRCRKISHOREMARKETING,,7147,619390.86,CHQ,619390.86,0
06-06-2019,TIRUMANGALAMBYCHQ TTTFRCRKISHOREMARKETING,,2445,621835.86,CHQ,621835.86,0
06-06-2019,SERVICEBRANCHCHENNAIOUTCHQRETCRFundsinsufficient,2422,,619413.86,OUTWARD-RETURN,619413.86,0
06-06-2019,SERVICEBRANCHCHENNAICHQDISHONOURCR,250,,619163.86,INWARD-CHARGES,619163.86,0
06-06-2019,MUMBAIFORTC ACFEESSRICRMEENAKSHIAM393TRANSFER21,,6812,625975.86,TRANSFER,625975.86,0
07-06-2019,SERVICEBRANCHCHENNAITOCLGCHQ00898725CRSECEDCWEST,28599,,597376.86,CHQ,597376.86,0
07-06-2019,MUMBAIFORTWITHDRAWALTRANSFERINVENTZLIFESCIENIDIBH19158234978CRTRANSFER24,122979,,474397.86,TRANSFER,474397.86,0
07-06-2019,SERVICEBRANCHCHENNAICHEQUEDEPO00002438CRKARURVYSYABANKLTD0446CTSCLG002438CLG002438 KVB,,1250,475647.86,CHQ,475647.86,0
07-06-2019,SERVICEBRANCHCHENNAICHEQUEDEPO00000387CR7500446CTSGAN,,5480,481127.86,CHQ,481127.86,0
07-06-2019,SERVICEBRANCHCHENNAICHEQUEDEPO00040949CRANDHRABANK0446CTSG040949 ANB,,8803,489930.86,CHQ,489930.86,0
07-06-2019,SERVICEBRANCHCHENNAICHEQUEDEPO00001642CRICICIBANKINGCORPORATION0446CTSG,,1046,490976.86,OUTWARD-RETURN,490976.86,0
07-06-2019,SERVICEBRANCHCHENNAICHEQUEDEPO00003625CRANDHRABANK0446CTSG003625 ANB,,26077,517053.86,CHQ,517053.86,0
07-06-2019,SERVICEBRANCHCHENNAICHEQUEDEPO00021692CRANDHRABANK0446CTSG021692 ANB,,23437,540490.86,CHQ,540490.86,0
07-06-2019,SERVICEBRANCHCHENNAICHEQUEDEPO00007028CRCITYUNIONBANKLTD0446CTSCLG007028CLG007028 CUB,,1931,542421.86,CHQ,542421.86,0
07-06-2019,SERVICEBRANCHCHENNAICHEQUEDEPO00001829CRKARURVYSYABANKLTD0446CTSCLG001829CLG001829 KVB,,3608,546029.86,CHQ,546029.86,0
07-06-2019,SERVICEBRANCHCHENNAICHEQUEDEPO00209248CRFEDERALBANKLTD0446CTSG209248 FBI,,12430,558459.86,CHQ,558459.86,0
07-06-2019,TIRUMANGALAMBYCHQ TTTFRCRkishoremarketing,,14147,572606.86,CHQ,572606.86,0
07-06-2019,TIRUMANGALAMCASHDEPOSITCRDepositbySELF,,150000,722606.86,CASH,722606.86,0
07-06-2019,MUMBAIFORTC ACFEESCRSANTHOSHSUPERM267TRANSFER20,,12122,734728.86,TRANSFER,734728.86,0
07-06-2019,MUMBAIFORTC ACFEESCRLIMRASENTE2895TRANSFE129,,7121,741849.86,TRANSFER,741849.86,0
07-06-2019,MUMBAIFORTC ACFEESCRLIMRASENTE3078TRANSFE128,,1605,743454.86,TRANSFER,743454.86,0
07-06-2019,SERVICEBRANCHCHENNAIOUTCHQRETCRFundsinsufficient,1046,,742408.86,OUTWARD-RETURN,742408.86,0
07-06-2019,SERVICEBRANCHCHENNAICHQDISHONOURCR,250,,742158.86,INWARD-CHARGES,742158.86,0
07-06-2019,MUMBAIFORTWITHDRAWALTRANSFERMARSINTERNATIONAIDIBH19158281149CRTRANSFER24,200014,,542144.86,TRANSFER,542144.86,0
10-06-2019,MUMBAIFORTC ACFEESCRVIKPRIHOME51DCTRANSFE128,,5682,547826.86,TRANSFER,547826.86,0
10-06-2019,MUMBAIFORTC ACFEESCRAMMANFRUITS877TRANSFER26,,16573,564399.86,TRANSFER,564399.86,0
10-06-2019,MUMBAIFORTC ACFEESCRKARUVALURMARIA8776TRANSFER21,,8429,572828.86,TRANSFER,572828.86,0
10-06-2019,SERVICEBRANCHCHENNAICHEQUEDEPO00210589CRINDIANOVERSEASBANK0446CTSG210589 IOB,,1680,574508.86,CHQ,574508.86,0
10-06-2019,SERVICEBRANCHCHENNAICHEQUEDEPO00645727CRUNITEDBANKOFINDIA0446CTSCLG645727CLG,,2413,576921.86,CHQ,576921.86,0
10-06-2019,SERVICEBRANCHCHENNAICHEQUEDEPO00800960CRVIJAYABANK0446CTSG800960 VJB,,1548,578469.86,CHQ,578469.86,0
10-06-2019,SERVICEBRANCHCHENNAICHEQUEDEPO00002445CRKARURVYSYABANKLTD0446CTSCLG002445CLG002445 KVB,,690,579159.86,CHQ,579159.86,0
10-06-2019,SERVICEBRANCHCHENNAICHEQUEDEPO00021833CRANDHRABANK0446CTSG021833 ANB,,1823,580982.86,CHQ,580982.86,0
10-06-2019,SERVICEBRANCHCHENNAICHEQUEDEPO00922905CRINDIANOVERSEASBANK0446CTSG922905 IOB,,1152,582134.86,CHQ,582134.86,0
10-06-2019,SERVICEBRANCHCHENNAICHEQUEDEPO00001146CRBANKOFBARODA0446CTSCLG001146CLG001146 BOB,,1139,583273.86,CHQ,583273.86,0
10-06-2019,SERVICEBRANCHCHENNAICHEQUEDEPO00113864CRUTIBANKLTD0446CTSG,,2340,585613.86,CHQ,585613.86,0
10-06-2019,SERVICEBRANCHCHENNAICHEQUEDEPO00026803CRSTATEBANKOFINDIA0446CTSCHQ02680,,2462,588075.86,CHQ,588075.86,0
10-06-2019,SERVICEBRANCHCHENNAICHEQUEDEPO00293711CRCORPORATIONBANK0446CTSG,,38000,626075.86,CHQ,626075.86,0
10-06-2019,SERVICEBRANCHCHENNAICHEQUEDEPO00011232CRICICIBANKINGCORPORATION0446CTSG,,5901,631976.86,CHQ,631976.86,0
10-06-2019,SERVICEBRANCHCHENNAICHEQUEDEPO00040950CRANDHRABANK0446CTSG040950 ANB,,9085,641061.86,CHQ,641061.86,0
10-06-2019,SERVICEBRANCHCHENNAICHEQUEDEPO00007029CRCITYUNIONBANKLTD0446CTSCLG007029CLG007029 CUB,,2114,643175.86,CHQ,643175.86,0
10-06-2019,SERVICEBRANCHCHENNAICHEQUEDEPO00453808CR2590446CTSG,,3645,646820.86,CHQ,646820.86,0
10-06-2019,SERVICEBRANCHCHENNAICHEQUEDEPO00002952CRICICIBANKINGCORPORATION0446CTSG,,5995,652815.86,CHQ,652815.86,0
10-06-2019,TIRUMANGALAMCASHDEPOSITCRDepositbySELF,,70000,722815.86,CASH,722815.86,0
10-06-2019,MUMBAIFORTC ACFEESCRMERCYSUPER9630369TRANSFER26,,667,723482.86,TRANSFER,723482.86,0
10-06-2019,MUMBAIFORTC ACFEESCRMERCYSUPER9631076TRANSFER21,,2050,725532.86,TRANSFER,725532.86,0
10-06-2019,MUMBAIFORTC ACFEESMRCRVBALAKUMARO887TRANSFER24,,10000,735532.86,TRANSFER,735532.86,0
10-06-2019,MUMBAIFORTC ACFEESCRANNAISUPERMAR8178TRANSFER25,,4770,740302.86,TRANSFER,740302.86,0
11-06-2019,MUMBAIFORTC ACFEESMRCRVBALAKUMAR307TRANSFER26,,40000,780302.86,TRANSFER,780302.86,0
11-06-2019,MUMBAIFORTC ACFEESCRSANTHOSHSUPERM717TRANSFER28,,44158,824460.86,TRANSFER,824460.86,0
11-06-2019,TIRUMANGALAMCHEQUEWDL00898712CRKISHOREMKTGTOGANESANAE,35000,,789460.86,CHQ,789460.86,0
11-06-2019,MUMBAIFORTC ACFEESKPNCRFARMFRESHP459TRANSFER27,,21152,810612.86,TRANSFER,810612.86,0
11-06-2019,SERVICEBRANCHCHENNAICHEQUEDEPO00021683CRANDHRABANK0446CTSG021683 ANB,,6251,816863.86,CHQ,816863.86,0
11-06-2019,SERVICEBRANCHCHENNAICHEQUEDEPO00002956CRICICIBANKINGCORPORATION0446CTSG,,5325,822188.86,CHQ,822188.86,0
11-06-2019,SERVICEBRANCHCHENNAICHEQUEDEPO00614454CRSYNDICATEBANK0446CTSG614454 SYB,,1894,824082.86,CHQ,824082.86,0
11-06-2019,SERVICEBRANCHCHENNAICHEQUEDEPO00645864CRUNITEDBANKOFINDIA0446CTSCLG645864CLG,,13032,837114.86,CHQ,837114.86,0
11-06-2019,SERVICEBRANCHCHENNAICHEQUEDEPO00591566CRSTATEBANKOFINDIA0446CTSG591566 SBI,,1548,838662.86,CHQ,838662.86,0
11-06-2019,SERVICEBRANCHCHENNAICHEQUEDEPO00075258CRINDIANOVERSEASBANK0446CTSG075258 IOB,,2550,841212.86,CHQ,841212.86,0
11-06-2019,SERVICEBRANCHCHENNAICHEQUEDEPO00742181CRINDIANOVERSEASBANK0446CTSG742181 IOB,,2785,843997.86,CHQ,843997.86,0
11-06-2019,SERVICEBRANCHCHENNAICHEQUEDEPO00809388CRSYNDICATEBANK0446CTSG809388 SYB,,3075,847072.86,CHQ,847072.86,0
11-06-2019,SERVICEBRANCHCHENNAICHEQUEDEPO00001657CRKARURVYSYABANKLTD0446CTSCLG001657CLG001657 KVB,,23000,870072.86,CHQ,870072.86,0
11-06-2019,SERVICEBRANCHCHENNAICHEQUEDEPO00922720CRINDIANOVERSEASBANK0446CTSG922720 IOB,,8330,878402.86,CHQ,878402.86,0
11-06-2019,SERVICEBRANCHCHENNAICHEQUEDEPO00884021CRTAMILNADUSTATEAPEXCOO0446CTSG,,1664,880066.86,CHQ,880066.86,0
11-06-2019,SERVICEBRANCHCHENNAICHEQUEDEPO00118362CRUTIBANKLTD0446CTSG,,4294,884360.86,CHQ,884360.86,0
11-06-2019,SERVICEBRANCHCHENNAICHEQUEDEPO00000193CR4850446CTSG000193 KMB,,1560,885920.86,CHQ,885920.86,0
11-06-2019,SERVICEBRANCHCHENNAICHEQUEDEPO00909276CRINDIANOVERSEASBANK0446CTSG909276 IOB,,3197,889117.86,CHQ,889117.86,0
11-06-2019,SERVICEBRANCHCHENNAICHEQUEDEPO00021918CRUTIBANKLTD0446CTSG,,2812,891929.86,CHQ,891929.86,0
11-06-2019,SERVICEBRANCHCHENNAICHEQUEDEPO00002179CR2400446CTSG,,16459,908388.86,CHQ,908388.86,0
11-06-2019,SERVICEBRANCHCHENNAICHEQUEDEPO00001826CRICICIBANKINGCORPORATION0446CTSG,,11249,919637.86,CHQ,919637.86,0
12-06-2019,SERVICEBRANCHCHENNAICHEQUEDEPO00642137CRTAMILNADMERCANTILEBANK0446CTSG642137 TMB,,5599,925236.86,CHQ,925236.86,0
12-06-2019,SERVICEBRANCHCHENNAICHEQUEDEPO00642272CRTAMILNADMERCANTILEBANK0446CTSG642272 TMB,,8063,933299.86,CHQ,933299.86,0
12-06-2019,SERVICEBRANCHCHENNAICHEQUEDEPO00290193CRSTATEBANKOFINDIA0446CTSG290193 SBI,,2662,935961.86,CHQ,935961.86,0
12-06-2019,SERVICEBRANCHCHENNAICHEQUEDEPO00140287CRUNIONBANKOFINDIA0446CTSG140287 UBI,,3641,939602.86,CHQ,939602.86,0
12-06-2019,SERVICEBRANCHCHENNAICHEQUEDEPO00128738CRUTIBANKLTD0446CTSG,,3150,942752.86,OUTWARD-RETURN,942752.86,0
12-06-2019,SERVICEBRANCHCHENNAICHEQUEDEPO00000317CR7560446CTSG,,2043,944795.86,CHQ,944795.86,0
12-06-2019,SERVICEBRANCHCHENNAICHEQUEDEPO00197638CRTAMILNADMERCANTILEBANK0446CTSG197638 TMB,,1852,946647.86,CHQ,946647.86,0
12-06-2019,SERVICEBRANCHCHENNAICHEQUEDEPO00000304CR2400446CTSG,,11922,958569.86,CHQ,958569.86,0
12-06-2019,SERVICEBRANCHCHENNAICHEQUEDEPO00187865CR2590446CTSG,,13213,971782.86,CHQ,971782.86,0
12-06-2019,SERVICEBRANCHCHENNAICHEQUEDEPO00007050CRCITYUNIONBANKLTD0446CTSCLG007050CLG007050 CUB,,4583,976365.86,CHQ,976365.86,0
12-06-2019,SERVICEBRANCHCHENNAICHEQUEDEPO00001221CRICICIBANKINGCORPORATION0446CTSG,,2017,978382.86,CHQ,978382.86,0
12-06-2019,TIRUMANGALAMCASHDEPOSITCRDepositbySELF,,160000,1138382.86,CASH,1138382.86,0
12-06-2019,SERVICEBRANCHCHENNAICHEQUEDEPO00003794CRKARURVYSYABANKLTD0446CTSCLG003794CLG003794 KVB,,8996,1147378.86,CHQ,1147378.86,0
12-06-2019,SERVICEBRANCHCHENNAICHEQUEDEPO00900178CRCANARABANK0446CTSG900178 CAB,,1291,1148669.86,OUTWARD-RETURN,1148669.86,0
12-06-2019,SERVICEBRANCHCHENNAICHEQUEDEPO00227675CRUTIBANKLTD0446CTSG,,41775,1190444.86,CHQ,1190444.86,0
12-06-2019,MUMBAIFORTC ACFEESCRSANTHOSHSUPERM463TRANSFER20,,8709,1199153.86,TRANSFER,1199153.86,0
12-06-2019,TIRUMANGALAMBYCHQ TTTFRCRKISHOREMARKETING,,2441,1201594.86,CHQ,1201594.86,0
12-06-2019,TIRUMANGALAMBYCHQ TTTFRCRKISHOREMARKETING,,904,1202498.86,CHQ,1202498.86,0
12-06-2019,MUMBAIFORTWITHDRAWALTRANSFERCRREDBULLINDIAP663TRANSFER24,200014,,1002484.86,TRANSFER,1002484.86,0
12-06-2019,MUMBAIFORTWITHDRAWALTRANSFERMARSINTERNATIONAIDIBH19163481793CRTRANSFER24,500029,,502455.86,TRANSFER,502455.86,0
12-06-2019,SERVICEBRANCHCHENNAIOUTCHQRETCRExceedsarrangement,1291,,501164.86,OUTWARD-RETURN,501164.86,0
12-06-2019,SERVICEBRANCHCHENNAICHQDISHONOURCR,250,,500914.86,INWARD-CHARGES,500914.86,0
12-06-2019,SERVICEBRANCHCHENNAIOUTCHQRETCRDrawersignaturetooperateaccountnotreceived,3150,,497764.86,OUTWARD-RETURN,497764.86,0
12-06-2019,SERVICEBRANCHCHENNAICHQDISHONOURCR,250,,497514.86,INWARD-CHARGES,497514.86,0
12-06-2019,MUMBAIFORTC ACFEESCRVIKPRIHOME81DCTRANSFE121,,5682,503196.86,TRANSFER,503196.86,0
13-06-2019,MUMBAIFORTC ACFEESCRANNANAGARSUPE5815TRANSFER21,,4048,507244.86,TRANSFER,507244.86,0
13-06-2019,SERVICEBRANCHCHENNAICHEQUEDEPO00000380CR2400446CTSG,,3728,510972.86,CHQ,510972.86,0
13-06-2019,SERVICEBRANCHCHENNAICHEQUEDEPO00296509CR2590446CTSG,,990,511962.86,CHQ,511962.86,0
13-06-2019,SERVICEBRANCHCHENNAICHEQUEDEPO00003076CR2400446CTSG,,1236,513198.86,CHQ,513198.86,0
13-06-2019,SERVICEBRANCHCHENNAICHEQUEDEPO00000597CRICICIBANKINGCORPORATION0446CTSG,,857,514055.86,CHQ,514055.86,0
13-06-2019,SERVICEBRANCHCHENNAICHEQUEDEPO00785257CRSTATEBANKOFINDIA0446CTSG785257 SBI,,2180,516235.86,CHQ,516235.86,0
13-06-2019,SERVICEBRANCHCHENNAICHEQUEDEPO00000018CRANDHRABANK0446CTSG000018 ANB,,22141,538376.86,CHQ,538376.86,0
13-06-2019,SERVICEBRANCHCHENNAICHEQUEDEPO00000270CRKARURVYSYABANKLTD0446CTSCLG000270CLG000270 KVB,,743,539119.86,CHQ,539119.86,0
13-06-2019,SERVICEBRANCHCHENNAICHEQUEDEPO00172459CRDENABANK0446CTSCHQ172459,,2170,541289.86,CHQ,541289.86,0
13-06-2019,SERVICEBRANCHCHENNAICHEQUEDEPO00011197CRSOUTHINDIANBANKLTD0446CTSCLG011197CLG011197 SIB,,12087,553376.86,CHQ,553376.86,0
13-06-2019,SERVICEBRANCHCHENNAICHEQUEDEPO00624394CRTAMILNADMERCANTILEBANK0446CTSG624394 TMB,,4528,557904.86,CHQ,557904.86,0
13-06-2019,SERVICEBRANCHCHENNAICHEQUEDEPO00001257CRICICIBANKINGCORPORATION0446CTSG,,11245,569149.86,CHQ,569149.86,0
13-06-2019,MUMBAIFORTC ACFEESCRELLIOTFOODS136TRANSFER25,,1064.75,570214.61,TRANSFER,570214.61,0
13-06-2019,MUMBAIFORTC ACFEESCRHAWIEEXIM948TRANSFER26,,19911,590125.61,TRANSFER,590125.61,0
13-06-2019,TIRUMANGALAMCASHDEPOSITCRDepositbySELF,,210000,800125.61,CASH,800125.61,0
13-06-2019,MUMBAIFORTC ACFEESCRSANTHOSHSUPERM189TRANSFER29,,2414,802539.61,TRANSFER,802539.61,0
13-06-2019,CASHDEPCRCHRGSOTHER,100,,802439.61,DEPOSIT-CHARGES,802439.61,0
14-06-2019,MUMBAIFORTC ACFEESCRAMMANFRUITS546TRANSFER21,,11642,814081.61,TRANSFER,814081.61,0
14-06-2019,SERVICEBRANCHCHENNAICHEQUEDEPO00002581CRKARURVYSYABANKLTD0446CTSCLG002581CLG002581 KVB,,2881,816962.61,CHQ,816962.61,0
14-06-2019,SERVICEBRANCHCHENNAICHEQUEDEPO00218483CRCORPORATIONBANK0446CTSG,,18480,835442.61,CHQ,835442.61,0
14-06-2019,SERVICEBRANCHCHENNAICHEQUEDEPO00126991CRCENTRALBANKOFINDIA0446CTSCLG126991CLG126991 CBI,,2280,837722.61,CHQ,837722.61,0
14-06-2019,SERVICEBRANCHCHENNAICHEQUEDEPO00925626CRSTATEBANKOFINDIA0446CTSG925626 SBI,,4917,842639.61,CHQ,842639.61,0
14-06-2019,SERVICEBRANCHCHENNAICHEQUEDEPO00997615CRINDIANOVERSEASBANK0446CTSG997615 IOB,,13368,856007.61,CHQ,856007.61,0
14-06-2019,TIRUMANGALAMCASHDEPOSITCRDepositbySELF,,100000,956007.61,CASH,956007.61,0
14-06-2019,MUMBAIFORTC ACFEESCRSANTHOSHSUPERM192TRANSFER20,,8245,964252.61,TRANSFER,964252.61,0
14-06-2019,MUMBAIFORTWITHDRAWALTRANSFERMARSINTERNATIONAIDIBH19165190943CRTRANSFER24,700029,,264223.61,TRANSFER,264223.61,0
14-06-2019,MUMBAIFORTC ACFEESCRHECTORBEVER8336521TRANSFER21,,15000,279223.61,TRANSFER,279223.61,0
14-06-2019,MUMBAIFORTC ACFEESCRHECTORBEVER8336520TRANSFER23,,14516,293739.61,TRANSFER,293739.61,0
15-06-2019,TIRUMANGALAMCASHDEPOSITCRDepositbySELF,,170000,463739.61,CASH,463739.61,0
15-06-2019,TIRUMANGALAMBYCHQ TTTFRCRkishoremarketing,,28035,491774.61,CHQ,491774.61,0
17-06-2019,SERVICEBRANCHCHENNAICHEQUEDEPO00001203CRKARURVYSYABANKLTD0446CTSCLG001203CLG001203 KVB,,20048,511822.61,CHQ,511822.61,0
17-06-2019,SERVICEBRANCHCHENNAICHEQUEDEPO00900243CRCANARABANK0446CTSG900243 CAB,,1213,513035.61,CHQ,513035.61,0
17-06-2019,SERVICEBRANCHCHENNAICHEQUEDEPO00365558CRUTIBANKLTD0446CTSG,,11336,524371.61,CHQ,524371.61,0
17-06-2019,SERVICEBRANCHCHENNAICHEQUEDEPO00000425CRCITYUNIONBANKLTD0446CTSCLG000425CLG000425 CUB,,2695,527066.61,CHQ,527066.61,0
17-06-2019,SERVICEBRANCHCHENNAICHEQUEDEPO00007122CRCITYUNIONBANKLTD0446CTSCLG007122CLG007122 CUB,,2737,529803.61,CHQ,529803.61,0
17-06-2019,SERVICEBRANCHCHENNAICHEQUEDEPO00041101CRANDHRABANK0446CTSG041101 ANB,,6401,536204.61,CHQ,536204.61,0
17-06-2019,SERVICEBRANCHCHENNAICHEQUEDEPO00008226CRSOUTHINDIANBANKLTD0446CTSCLG008226CLG008226 SIB,,9866,546070.61,CHQ,546070.61,0
17-06-2019,SERVICEBRANCHCHENNAICHEQUEDEPO00570177CRINDIANOVERSEASBANK0446CTSG570177 IOB,,1920,547990.61,CHQ,547990.61,0
17-06-2019,SERVICEBRANCHCHENNAICHEQUEDEPO00118431CRUTIBANKLTD0446CTSG,,5290,553280.61,CHQ,553280.61,0
17-06-2019,MUMBAIFORTC ACFEESCRSHOPPINGSINGAP1561TRANSFER27,,9736,563016.61,TRANSFER,563016.61,0
17-06-2019,MUMBAIFORTC ACFEESkpnCRfarmfreshp896TRANSFER28,,13610,576626.61,TRANSFER,576626.61,0
17-06-2019,TIRUMANGALAMBYCHQ TTTFRCRALICEFAMILYTOKISHOREMKTG,,4767,581393.61,CHQ,581393.61,0
17-06-2019,TIRUMANGALAMBYCHQ TTTFRCRALICEFAMILYTOKISHOREMKTG,,9699,591092.61,CHQ,591092.61,0
17-06-2019,TIRUMANGALAMCASHDEPOSITCRDepositbySELF,,350000,941092.61,CASH,941092.61,0
17-06-2019,MUMBAIFORTC ACFEESCRLIMRASENTE8087TRANSFE126,,10413,951505.61,TRANSFER,951505.61,0
17-06-2019,MUMBAIFORTC ACFEESCRLIMRASENTE8041TRANSFE127,,2475,953980.61,TRANSFER,953980.61,0
17-06-2019,MUMBAIFORTC ACFEESSRICRMEENAKSHIAM844TRANSFER27,,4413,958393.61,TRANSFER,958393.61,0
17-06-2019,CASHDEPCRCHRGSOTHER,150,,958243.61,DEPOSIT-CHARGES,958243.61,0
18-06-2019,MUMBAIFORTC ACFEESKSCRNSUPERMARK566TRANSFER27,,4231,962474.61,TRANSFER,962474.61,0
18-06-2019,MUMBAIFORTWITHDRAWALTRANSFERINBISCOCRINDIAPV050TRANSFER24,200014,,762460.61,TRANSFER,762460.61,0
18-06-2019,SERVICEBRANCHCHENNAICHEQUEDEPO00584016CRSYNDICATEBANK0446CTSG584016 SYB,,7534,769994.61,CHQ,769994.61,0
18-06-2019,SERVICEBRANCHCHENNAICHEQUEDEPO00187889CR2590446CTSG,,1894,771888.61,CHQ,771888.61,0
18-06-2019,SERVICEBRANCHCHENNAICHEQUEDEPO00645863CRUNITEDBANKOFINDIA0446CTSCLG645863CLG,,1894,773782.61,CHQ,773782.61,0
18-06-2019,SERVICEBRANCHCHENNAICHEQUEDEPO00004749CR2400446CTSG,,4568,778350.61,CHQ,778350.61,0
18-06-2019,SERVICEBRANCHCHENNAICHEQUEDEPO00020817CRKARURVYSYABANKLTD0446CTSCLG020817CLG020817 KVB,,8067,786417.61,CHQ,786417.61,0
18-06-2019,SERVICEBRANCHCHENNAICHEQUEDEPO00293507CRUTIBANKLTD0446CTSG,,7910,794327.61,CHQ,794327.61,0
18-06-2019,SERVICEBRANCHCHENNAICHEQUEDEPO00719597CRUTIBANKLTD0446CTSG,,4277,798604.61,CHQ,798604.61,0
18-06-2019,TIRUMANGALAMBYCHQ TTTFRCRKISHOREMARKETING,,11962,810566.61,CHQ,810566.61,0
18-06-2019,TIRUMANGALAMBYCHQ TTTFRCRKISHOREMARKETING,,5990,816556.61,CHQ,816556.61,0
18-06-2019,MUMBAIFORTC ACFEESCRSANTHOSHSUPERM998TRANSFER28,,6680,823236.61,TRANSFER,823236.61,0
18-06-2019,MUMBAIFORTC ACFEESCRSANTHOSHSUPERM997TRANSFER21,,5241,828477.61,TRANSFER,828477.61,0
18-06-2019,MUMBAIFORTC ACFEESCRSANTHOSHSUPERM358TRANSFER20,,7960,836437.61,TRANSFER,836437.61,0
18-06-2019,MUMBAIFORTC ACFEESCRSARAVANAST3758327TRANSFER21,,47080,883517.61,TRANSFER,883517.61,0
19-06-2019,SERVICEBRANCHCHENNAITOCLGCHQ00898713CRSURIYAAGENCIES,197403,,686114.61,CHQ,686114.61,0
19-06-2019,SERVICEBRANCHCHENNAICHEQUEDEPO00041344CRANDHRABANK0446CTSG041344 ANB,,1934,688048.61,CHQ,688048.61,0
19-06-2019,SERVICEBRANCHCHENNAICHEQUEDEPO00008227CRSOUTHINDIANBANKLTD0446CTSCLG008227CLG008227 SIB,,9774,697822.61,CHQ,697822.61,0
19-06-2019,SERVICEBRANCHCHENNAICHEQUEDEPO00001151CR2400446CTSG,,9385,707207.61,CHQ,707207.61,0
19-06-2019,SERVICEBRANCHCHENNAICHEQUEDEPO00008281CRSOUTHINDIANBANKLTD0446CTSCLG008281CLG008281 SIB,,8456,715663.61,CHQ,715663.61,0
19-06-2019,SERVICEBRANCHCHENNAICHEQUEDEPO00288706CRUTIBANKLTD0446CTSG,,6742,722405.61,CHQ,722405.61,0
19-06-2019,SERVICEBRANCHCHENNAICHEQUEDEPO00104847CRTAMILNADUSTATEAPEXCOO0446CTSG,,1045,723450.61,CHQ,723450.61,0
19-06-2019,SERVICEBRANCHCHENNAICHEQUEDEPO00022013CRANDHRABANK0446CTSG022013 ANB,,23568,747018.61,CHQ,747018.61,0
19-06-2019,SERVICEBRANCHCHENNAICHEQUEDEPO00158948CRANDHRABANK0588CTSCHQ158948,,1862,748880.61,CHQ,748880.61,0
19-06-2019,TIRUMANGALAMCASHDEPOSITCRDepositbySELF,,100000,848880.61,CASH,848880.61,0
19-06-2019,MUMBAIFORTC ACFEESCRSANTHOSHSUPERM118TRANSFER24,,8185,857065.61,TRANSFER,857065.61,0
20-06-2019,SERVICEBRANCHCHENNAITOCLGCHQ00898711CR,84601,,772464.61,CHQ,772464.61,0
20-06-2019,MUMBAIFORTC ACFEESCRMCRENNETTF5083793TRANSFER26,,776,773240.61,TRANSFER,773240.61,0
20-06-2019,SERVICEBRANCHCHENNAICHEQUEDEPO00000027CR2400446CTSG,,8285,781525.61,OUTWARD-RETURN,781525.61,0
20-06-2019,SERVICEBRANCHCHENNAICHEQUEDEPO00000993CRKARURVYSYABANKLTD0446CTSCLG000993CLG000993 KVB,,1660,783185.61,CHQ,783185.61,0
20-06-2019,SERVICEBRANCHCHENNAICHEQUEDEPO00001056CRKARURVYSYABANKLTD0446CTSCLG001056CLG001056 KVB,,15068,798253.61,CHQ,798253.61,0
20-06-2019,SERVICEBRANCHCHENNAICHEQUEDEPO00304413CR2590446CTSG,,2137,800390.61,CHQ,800390.61,0
20-06-2019,SERVICEBRANCHCHENNAICHEQUEDEPO00396886CRSYNDICATEBANK0446CTSG396886 SYB,,1220,801610.61,CHQ,801610.61,0
20-06-2019,SERVICEBRANCHCHENNAICHEQUEDEPO00423991CRSTATEBANKOFINDIA0446CTSG423991 SBI,,1250,802860.61,CHQ,802860.61,0
20-06-2019,SERVICEBRANCHCHENNAICHEQUEDEPO00776726CR2340446CTSG,,1350,804210.61,CHQ,804210.61,0
20-06-2019,SERVICEBRANCHCHENNAICHEQUEDEPO00041279CRANDHRABANK0446CTSCHQ051279,,7440,811650.61,CHQ,811650.61,0
20-06-2019,SERVICEBRANCHCHENNAICHEQUEDEPO00005798CRKARURVYSYABANKLTD0446CTSCLG005798CLG005798 KVB,,1271,812921.61,CHQ,812921.61,0
20-06-2019,SERVICEBRANCHCHENNAICHEQUEDEPO00900250CRCANARABANK0446CTSG900250 CAB,,1314,814235.61,CHQ,814235.61,0
20-06-2019,SERVICEBRANCHCHENNAICHEQUEDEPO00001152CR2400446CTSG,,10000,824235.61,CHQ,824235.61,0
20-06-2019,SERVICEBRANCHCHENNAICHEQUEDEPO00291196CRUTIBANKLTD0446CTSG,,8000,832235.61,CHQ,832235.61,0
20-06-2019,SERVICEBRANCHCHENNAICHEQUEDEPO00476772CRPUNJABNATIONALBANK0446CTSG476772 PNB,,2539,834774.61,CHQ,834774.61,0
20-06-2019,TIRUMANGALAMBYCHQ TTTFRCRKISHOREMARKETING,,1592,836366.61,CHQ,836366.61,0
20-06-2019,TIRUMANGALAMCASHDEPOSITCRDepositbySELF,,120000,956366.61,CASH,956366.61,0
20-06-2019,MUMBAIFORTC ACFEESCRLEAFINGROCERYP027TRANSFER27,,6147,962513.61,TRANSFER,962513.61,0
20-06-2019,SERVICEBRANCHCHENNAIOUTCHQRETCRFundsinsufficient,8285,,954228.61,OUTWARD-RETURN,954228.61,0
20-06-2019,SERVICEBRANCHCHENNAICHQDISHONOURCR,250,,953978.61,INWARD-CHARGES,953978.61,0
20-06-2019,MUMBAIFORTC ACFEESCRAMMANFRUITS081TRANSFER26,,29335,983313.61,TRANSFER,983313.61,0
21-06-2019,MUMBAIFORTC ACFEESCRSARAVANAST6020088TRANSFER24,,57689,1041002.61,TRANSFER,1041002.61,0
21-06-2019,MUMBAIFORTC ACFEESCRSANTHOSHSUPERM198TRANSFER20,,6417,1047419.61,TRANSFER,1047419.61,0
21-06-2019,SERVICEBRANCHCHENNAICHEQUEDEPO00294075CRUTIBANKLTD0446CTSG,,11000,1058419.61,CHQ,1058419.61,0
21-06-2019,SERVICEBRANCHCHENNAICHEQUEDEPO00352765CRFEDERALBANKLTD0446CTSG352765 FBI,,2235,1060654.61,CHQ,1060654.61,0
21-06-2019,SERVICEBRANCHCHENNAICHEQUEDEPO00291197CRUTIBANKLTD0446CTSG,,8834,1069488.61,CHQ,1069488.61,0
21-06-2019,SERVICEBRANCHCHENNAICHEQUEDEPO00000938CRICICIBANKINGCORPORATION0446CTSG,,1891,1071379.61,CHQ,1071379.61,0
21-06-2019,SERVICEBRANCHCHENNAICHEQUEDEPO00176312CR2590446CTSG,,585,1071964.61,CHQ,1071964.61,0
21-06-2019,SERVICEBRANCHCHENNAICHEQUEDEPO00001444CRKARURVYSYABANKLTD0446CTSCLG001444CLG001444 KVB,,2750,1074714.61,CHQ,1074714.61,0
21-06-2019,SERVICEBRANCHCHENNAICHEQUEDEPO00021984CRANDHRABANK0446CTSCHQ021984,,2239,1076953.61,CHQ,1076953.61,0
21-06-2019,MUMBAIFORTWITHDRAWALTRANSFERCRREDBULLINDIAP301TRANSFER24,200014,,876939.61,TRANSFER,876939.61,0
21-06-2019,SERVICEBRANCHCHENNAICHEQUEDEPO00030394CRICICIBANKINGCORPORATION0446CTSG,,1672,878611.61,CHQ,878611.61,0
21-06-2019,TIRUMANGALAMBYCHQ TTTFRCRKISHOREMARKETING,,3704,882315.61,CHQ,882315.61,0
21-06-2019,TIRUMANGALAMBYCHQ TTTFRCRKISHOREMARKETING,,1652,883967.61,CHQ,883967.61,0
21-06-2019,MUMBAIFORTC ACFEESCRSANTHOSHSUPERM899TRANSFER29,,7185,891152.61,TRANSFER,891152.61,0
21-06-2019,MUMBAIFORTWITHDRAWALTRANSFERCRSNJSugarsandp035TRANSFER24,96506,,794646.61,TRANSFER,794646.61,0
24-06-2019,MUMBAIFORTC ACFEESkpnCRfarmfreshp192TRANSFER21,,10711,805357.61,TRANSFER,805357.61,0
24-06-2019,SERVICEBRANCHCHENNAICHEQUEDEPO00088405CRTAMILNADMERCANTILEBANK0446CTSG088405 TMB,,893,806250.61,CHQ,806250.61,0
24-06-2019,SERVICEBRANCHCHENNAICHEQUEDEPO00825323CRTAMILNADMERCANTILEBANK0446CTSG825323 TMB,,2016,808266.61,CHQ,808266.61,0
24-06-2019,SERVICEBRANCHCHENNAICHEQUEDEPO00007677CRANDHRABANK0446CTSG007677 ANB,,2304,810570.61,CHQ,810570.61,0
24-06-2019,SERVICEBRANCHCHENNAICHEQUEDEPO00774385CRUNITEDBANKOFINDIA0446CTSCLG774385CLG,,651,811221.61,CHQ,811221.61,0
24-06-2019,SERVICEBRANCHCHENNAICHEQUEDEPO00000037CR4850446CTSG000037 KMB,,817,812038.61,CHQ,812038.61,0
24-06-2019,SERVICEBRANCHCHENNAICHEQUEDEPO00591590CRSTATEBANKOFINDIA0446CTSG591590 SBI,,2719,814757.61,CHQ,814757.61,0
24-06-2019,SERVICEBRANCHCHENNAICHEQUEDEPO00828095CRTAMILNADMERCANTILEBANK0446CTSG828095 TMB,,1397,816154.61,CHQ,816154.61,0
24-06-2019,SERVICEBRANCHCHENNAICHEQUEDEPO00294076CRUTIBANKLTD0446CTSG,,11285,827439.61,CHQ,827439.61,0
24-06-2019,SERVICEBRANCHCHENNAICHEQUEDEPO00293508CRUTIBANKLTD0446CTSG,,2594,830033.61,CHQ,830033.61,0
24-06-2019,SERVICEBRANCHCHENNAICHEQUEDEPO00040639CRBANKOFINDIA0446CTSG040639 BOI,,5079,835112.61,CHQ,835112.61,0
24-06-2019,MUMBAIFORTC ACFEESCRSANTHOSHSUPERM703TRANSFER27,,1334,836446.61,TRANSFER,836446.61,0
24-06-2019,MUMBAIFORTC ACFEESCRANNAISUPERMAR9700TRANSFER23,,6029,842475.61,TRANSFER,842475.61,0
25-06-2019,MUMBAIFORTC ACFEESCRVIKPRIHOME71DCTRANSFE124,,7675,850150.61,TRANSFER,850150.61,0
25-06-2019,TIRUMANGALAMBYCHQ TTTFRCRACTFR,,5990,856140.61,CHQ,856140.61,0
25-06-2019,SERVICEBRANCHCHENNAICHEQUEDEPO00645972CRUNITEDBANKOFINDIA0446CTSCLG645972CLG,,900,857040.61,CHQ,857040.61,0
25-06-2019,SERVICEBRANCHCHENNAICHEQUEDEPO00023690CR2400446CTSG,,14831,871871.61,CHQ,871871.61,0
25-06-2019,SERVICEBRANCHCHENNAICHEQUEDEPO00132664CRANDHRABANK0446CTSG132664 ANB,,1383,873254.61,CHQ,873254.61,0
25-06-2019,TIRUMANGALAMCASHDEPOSITCRDepositbySELF,,50000,923254.61,CASH,923254.61,0
25-06-2019,SERVICEBRANCHCHENNAICHEQUEDEPO00022156CRANDHRABANK0446CTSG022156 ANB,,1536,924790.61,CHQ,924790.61,0
25-06-2019,SERVICEBRANCHCHENNAICHEQUEDEPO00447393CR2590446CTSG,,990,925780.61,CHQ,925780.61,0
25-06-2019,SERVICEBRANCHCHENNAICHEQUEDEPO00041462CRANDHRABANK0446CTSCHQ051462,,2208,927988.61,CHQ,927988.61,0
25-06-2019,SERVICEBRANCHCHENNAICHEQUEDEPO00646079CRUNITEDBANKOFINDIA0446CTSCLG646079CLG,,6418,934406.61,CHQ,934406.61,0
25-06-2019,SERVICEBRANCHCHENNAICHEQUEDEPO00302348CRTAMILNADMERCANTILEBANK0446CTSG302348 TMB,,2500,936906.61,CHQ,936906.61,0
25-06-2019,MUMBAIFORTWITHDRAWALTRANSFERMARSINTERNATIONAIDIBH19176173502CRTRANSFER24,500029,,436877.61,TRANSFER,436877.61,0
25-06-2019,SERVICEBRANCHCHENNAICHEQUEDEPO00003127CR2400446CTSG,,3195,440072.61,CHQ,440072.61,0
25-06-2019,SERVICEBRANCHCHENNAICHEQUEDEPO00438842CRSTATEBANKOFINDIA0446CTSG438842 SBI,,7800,447872.61,CHQ,447872.61,0
25-06-2019,SERVICEBRANCHCHENNAICHEQUEDEPO00424004CRSTATEBANKOFINDIA0446CTSG424004 SBI,,2235,450107.61,CHQ,450107.61,0
25-06-2019,SERVICEBRANCHCHENNAICHEQUEDEPO00909285CRINDIANOVERSEASBANK0446CTSG909285 IOB,,4444,454551.61,CHQ,454551.61,0
25-06-2019,SERVICEBRANCHCHENNAICHEQUEDEPO00001303CRKARURVYSYABANKLTD0446CTSCLG001303CLG001303 KVB,,8238,462789.61,CHQ,462789.61,0
25-06-2019,SERVICEBRANCHCHENNAICHEQUEDEPO00742212CRINDIANOVERSEASBANK0446CTSG742212 IOB,,1353,464142.61,CHQ,464142.61,0
25-06-2019,SERVICEBRANCHCHENNAICHEQUEDEPO00448187CR2590446CTSG,,2465,466607.61,CHQ,466607.61,0
25-06-2019,SERVICEBRANCHCHENNAICHEQUEDEPO00077591CR2590446CTSG,,1338,467945.61,CHQ,467945.61,0
25-06-2019,MUMBAIFORTC ACFEESCRSANTHOSHSUPERM757TRANSFER28,,3788,471733.61,TRANSFER,471733.61,0
25-06-2019,MUMBAIFORTC ACFEESCRSANTHOSHSUPERM641TRANSFER24,,20620,492353.61,TRANSFER,492353.61,0
25-06-2019,MUMBAIFORTC ACFEESCRSANTHOSHSUPERM411TRANSFER23,,44046,536399.61,TRANSFER,536399.61,0
25-06-2019,MUMBAIFORTC ACFEESCRSANTHOSHSUPERM556TRANSFER25,,9387,545786.61,TRANSFER,545786.61,0
25-06-2019,MUMBAIFORTC ACFEESCRSANTHOSHSUPERM703TRANSFER27,,3747,549533.61,TRANSFER,549533.61,0
25-06-2019,MUMBAIFORTC ACFEESCRSANTHOSHSUPERM927TRANSFER26,,4255,553788.61,TRANSFER,553788.61,0
25-06-2019,MUMBAIFORTC ACFEESCRSANTHOSHSUPERM431TRANSFER26,,42084,595872.61,TRANSFER,595872.61,0
25-06-2019,MUMBAIFORTC ACFEESCRLIMRASENTE7836TRANSFE126,,11543,607415.61,TRANSFER,607415.61,0
25-06-2019,MUMBAIFORTC ACFEESSRICRMEENAKSHIAM896TRANSFER28,,3205,610620.61,TRANSFER,610620.61,0
26-06-2019,MUMBAIFORTC ACFEESCRPONNUSUPER9017263TRANSFER21,,19588,630208.61,TRANSFER,630208.61,0
26-06-2019,SERVICEBRANCHCHENNAICHEQUEDEPO00000582CRUCOBANK0446CTSCLG000582CLG000582 UCO,,7329,637537.61,CHQ,637537.61,0
26-06-2019,SERVICEBRANCHCHENNAICHEQUEDEPO00986496CRINDIANOVERSEASBANK0446CTSG986496 IOB,,5861,643398.61,CHQ,643398.61,0
26-06-2019,SERVICEBRANCHCHENNAICHEQUEDEPO00009933CR4850446CTSG009933 KMB,,3350,646748.61,CHQ,646748.61,0
26-06-2019,SERVICEBRANCHCHENNAICHEQUEDEPO00000293CRCITYUNIONBANKLTD0446CTSCLG000293CLG000293 CUB,,457,647205.61,CHQ,647205.61,0
26-06-2019,TIRUMANGALAMCASHDEPOSITCRDepositbySELF,,110000,757205.61,CASH,757205.61,0
26-06-2019,MUMBAIFORTC ACFEESCRANNANAGARSUPE6098TRANSFER28,,7145,764350.61,TRANSFER,764350.61,0
26-06-2019,MUMBAIFORTC ACFEESSRICRMEENAKSHIAM944TRANSFER23,,3932,768282.61,TRANSFER,768282.61,0
26-06-2019,TIRUMANGALAMBULKCHARGESCRSMSALERTCHARGESQ,15,,768267.61,BANK-CHARGES,768267.61,0
27-06-2019,TIRUMANGALAMBYCHQ TTTFRCRWILLIYAMSTOKISHOREMKTG,,1239,769506.61,CHQ,769506.61,0
27-06-2019,TIRUMANGALAMCASHDEPOSITCRDepositbySELF,,175000,944506.61,CASH,944506.61,0
27-06-2019,ATMSERVICEBYTRANSFERCRBRANCH IMPS 509 opbyJAYAPTRANSFE461,,5751,950257.61,IMPS,950257.61,0
27-06-2019,MUMBAIFORTWITHDRAWALTRANSFERCRREDBULLINDIAP509TRANSFER24,85006,,865251.61,TRANSFER,865251.61,0
28-06-2019,SERVICEBRANCHCHENNAICHEQUEDEPO00002330CRANDHRABANK0446CTSCHQ002330,,5201,870452.61,CHQ,870452.61,0
28-06-2019,SERVICEBRANCHCHENNAICHEQUEDEPO00041444CRANDHRABANK0446CTSCHQ041444,,4765,875217.61,CHQ,875217.61,0
28-06-2019,SERVICEBRANCHCHENNAICHEQUEDEPO00023691CR2400446CTSG,,3487,878704.61,CHQ,878704.61,0
28-06-2019,SERVICEBRANCHCHENNAICHEQUEDEPO00923171CRINDIANOVERSEASBANK0446CTSG923171 IOB,,3360,882064.61,CHQ,882064.61,0
28-06-2019,SERVICEBRANCHCHENNAICHEQUEDEPO00962848CRINDIANOVERSEASBANK0446CTSG962848 IOB,,2105,884169.61,CHQ,884169.61,0
28-06-2019,SERVICEBRANCHCHENNAICHEQUEDEPO00883629CRSYNDICATEBANK0446CTSG883629 SYB,,4500,888669.61,CHQ,888669.61,0
28-06-2019,SERVICEBRANCHCHENNAICHEQUEDEPO00016516CRSOUTHINDIANBANKLTD0446CTSCLG016516CLG016516 SIB,,10378,899047.61,OUTWARD-RETURN,899047.61,0
28-06-2019,SERVICEBRANCHCHENNAICHEQUEDEPO00126704CRUTIBANKLTD0446CTSG,,3288,902335.61,CHQ,902335.61,0
28-06-2019,SERVICEBRANCHCHENNAICHEQUEDEPO00041564CRANDHRABANK0446CTSG041564 ANB,,1703,904038.61,CHQ,904038.61,0
28-06-2019,SERVICEBRANCHCHENNAICHEQUEDEPO00118468CRUTIBANKLTD0446CTSG,,3652,907690.61,CHQ,907690.61,0
28-06-2019,SERVICEBRANCHCHENNAICHEQUEDEPO00614488CRSYNDICATEBANK0446CTSG614488 SYB,,1788,909478.61,CHQ,909478.61,0
28-06-2019,SERVICEBRANCHCHENNAICHEQUEDEPO00309007CRSYNDICATEBANK0446CTSG309007 SYB,,6475,915953.61,CHQ,915953.61,0
28-06-2019,SERVICEBRANCHCHENNAICHEQUEDEPO00142073CRANDHRABANK0446CTSG142073 ANB,,2127,918080.61,CHQ,918080.61,0
28-06-2019,SERVICEBRANCHCHENNAICHEQUEDEPO00000697CR2400446CTSG,,3683,921763.61,CHQ,921763.61,0
28-06-2019,SERVICEBRANCHCHENNAICHEQUEDEPO00041145CRANDHRABANK0446CTSG041145 ANB,,4933,926696.61,CHQ,926696.61,0
28-06-2019,SERVICEBRANCHCHENNAICHEQUEDEPO00233477CRUTIBANKLTD0446CTSG,,4325,931021.61,CHQ,931021.61,0
28-06-2019,SERVICEBRANCHCHENNAICHEQUEDEPO00000205CR2400446CTSG,,2484,933505.61,CHQ,933505.61,0
28-06-2019,TIRUMANGALAMCASHDEPOSITCRDepositbySELF,,90000,1023505.61,CASH,1023505.61,0
28-06-2019,MUMBAIFORTWITHDRAWALTRANSFERMARSINTERNATIONAIDIBH19179349770CRTRANSFER24,500029,,523476.61,TRANSFER,523476.61,0
28-06-2019,MUMBAIFORTC ACFEESSRICRFIRSTCAREP687TRANSFER29,,733,524209.61,TRANSFER,524209.61,0
28-06-2019,SERVICEBRANCHCHENNAIOUTCHQRETCRFundsinsufficient,10378,,513831.61,OUTWARD-RETURN,513831.61,0
28-06-2019,SERVICEBRANCHCHENNAICHQDISHONOURCR,250,,513581.61,INWARD-CHARGES,513581.61,0
28-06-2019,SERVICEBRANCHCHENNAINOFEESCROtherreaonsConnectivityfailure,1788,,511793.61,TRANSFER,511793.61,0
29-06-2019,SERVICEBRANCHCHENNAICHEQUEDEPO00000456CRCITYUNIONBANKLTD0446CTSCLG000456CLG000456 CUB,,4063,515856.61,CHQ,515856.61,0
29-06-2019,SERVICEBRANCHCHENNAICHEQUEDEPO00483640CRTAMILNADMERCANTILEBANK0446CTSG483640 TMB,,3914,519770.61,CHQ,519770.61,0
29-06-2019,SERVICEBRANCHCHENNAICHEQUEDEPO00108706CRBANKOFMAHARASHTRA0446CTSG108706 BOM,,5874,525644.61,CHQ,525644.61,0
29-06-2019,SERVICEBRANCHCHENNAICHEQUEDEPO00590244CR2590446CTSG,,3787,529431.61,CHQ,529431.61,0
29-06-2019,SERVICEBRANCHCHENNAICHEQUEDEPO00296521CR2590446CTSG,,1035,530466.61,CHQ,530466.61,0
29-06-2019,SERVICEBRANCHCHENNAICHEQUEDEPO00040669CRBANKOFINDIA0446CTSG040669 BOI,,5495,535961.61,CHQ,535961.61,0
29-06-2019,SERVICEBRANCHCHENNAICHEQUEDEPO00191842CRTAMILNADMERCANTILEBANK0446CTSG191842 TMB,,1741,537702.61,CHQ,537702.61,0
29-06-2019,TIRUMANGALAMCASHDEPOSITCRDepositbySELF,,90000,627702.61,CASH,627702.61,0
29-06-2019,MUMBAIFORTWITHDRAWALTRANSFERINBISCOCRINDIAPV890TRANSFER24,270029,,357673.61,TRANSFER,357673.61,0
29-06-2019,MUMBAIFORTC ACFEESCRLIMRASENTE2454TRANSFE126,,7111,364784.61,TRANSFER,364784.61,0
29-06-2019,MUMBAIFORTWITHDRAWALTRANSFERHECTORBEVERAGESPIDIBH19180427651CRTRANSFER24,100006,,264778.61,TRANSFER,264778.61,0
29-06-2019,MUMBAIFORTC ACFEESCRAMMANFRUITS111TRANSFER21,,9751,274529.61,TRANSFER,274529.61,0
01-07-2019,TIRUMANGALAMBYCHQ TTTFRCRNEWVENMEDTOKISHOREMKTG,,410,274939.61,CHQ,274939.61,0
01-07-2019,TIRUMANGALAMBYCHQ TTTFRCRCHENNAIFOODSTOKISHOREMKTG,,7087,282026.61,CHQ,282026.61,0
01-07-2019,TIRUMANGALAMCASHDEPOSITCRDepositbySELF,,80000,362026.61,CASH,362026.61,0
01-07-2019,MUMBAIFORTC ACFEESCRVENKATESWARA792523TRANSFER21,,4018,366044.61,TRANSFER,366044.61,0
01-07-2019,MUMBAIFORTC ACFEESCRANNAISUPERMAR1212TRANSFER27,,3943,369987.61,TRANSFER,369987.61,0
02-07-2019,MUMBAIFORTC ACFEESCRPONNUSUPER5021915TRANSFER20,,9559,379546.61,TRANSFER,379546.61,0
02-07-2019,TIRUMANGALAMBYCHQ TTTFRCRKOKPAZHAMUDIRTOKISHOREMKTG,,8941,388487.61,CHQ,388487.61,0
02-07-2019,TIRUMANGALAMCASHDEPOSITCRDepositbySELF,,730000,1118487.61,CASH,1118487.61,0
02-07-2019,SERVICEBRANCHCHENNAICHEQUEDEPO00071764CRDENABANK0446CTSG071764 DEB,,1125,1119612.61,CHQ,1119612.61,0
02-07-2019,SERVICEBRANCHCHENNAICHEQUEDEPO00564296CRCANARABANK0446CTSG564296 CAB,,2947,1122559.61,CHQ,1122559.61,0
02-07-2019,SERVICEBRANCHCHENNAICHEQUEDEPO00000009CRINDIANOVERSEASBANK0446CTSG000009 IOB,,11154,1133713.61,CHQ,1133713.61,0
02-07-2019,SERVICEBRANCHCHENNAICHEQUEDEPO00020341CRORIENTALBANKOFCOMMERCE0446CTSG020341 OBC,,1648,1135361.61,CHQ,1135361.61,0
02-07-2019,SERVICEBRANCHCHENNAICHEQUEDEPO00011494CRICICIBANKINGCORPORATION0446CTSG,,10085,1145446.61,CHQ,1145446.61,0
02-07-2019,SERVICEBRANCHCHENNAICHEQUEDEPO00022437CRUTIBANKLTD0446CTSG,,3059,1148505.61,CHQ,1148505.61,0
02-07-2019,SERVICEBRANCHCHENNAICHEQUEDEPO00774387CRUNITEDBANKOFINDIA0446CTSCLG774387CLG,,1372,1149877.61,CHQ,1149877.61,0
02-07-2019,SERVICEBRANCHCHENNAICHEQUEDEPO00000234CRUCOBANK0446CTSCLG000234CLG000234 UCO,,934,1150811.61,CHQ,1150811.61,0
02-07-2019,SERVICEBRANCHCHENNAICHEQUEDEPO00022166CRICICIBANKINGCORPORATION0446CTSG,,140000,1290811.61,CHQ,1290811.61,0
02-07-2019,SERVICEBRANCHCHENNAICHEQUEDEPO00004382CR2400446CTSG,,8285,1299096.61,CHQ,1299096.61,0
02-07-2019,SERVICEBRANCHCHENNAICHEQUEDEPO00022025CRANDHRABANK0446CTSG022025 ANB,,4116,1303212.61,CHQ,1303212.61,0
02-07-2019,SERVICEBRANCHCHENNAICHEQUEDEPO00002280CRKARURVYSYABANKLTD0446CTSCLG002280CLG002282 KVB,,1894,1305106.61,CHQ,1305106.61,0
02-07-2019,SERVICEBRANCHCHENNAICHEQUEDEPO00022615CRUTIBANKLTD0446CTSG,,2611,1307717.61,CHQ,1307717.61,0
02-07-2019,SERVICEBRANCHCHENNAICHEQUEDEPO00483610CRTAMILNADMERCANTILEBANK0446CTSG483610 TMB,,2422,1310139.61,CHQ,1310139.61,0
02-07-2019,SERVICEBRANCHCHENNAICHEQUEDEPO00547359CRFEDERALBANKLTD0446CTSG547359 FBI,,8000,1318139.61,CHQ,1318139.61,0
02-07-2019,MUMBAIFORTWITHDRAWALTRANSFERMARSINTERNATIONAIDIBH19183131651CRTRANSFER24,500028,,818111.61,TRANSFER,818111.61,0
02-07-2019,MUMBAIFORTWITHDRAWALTRANSFERINVENTZLIFESCIENIDIBH19183131915CRTRANSFER24,63848,,754263.61,TRANSFER,754263.61,0
02-07-2019,MUMBAIFORTC ACFEESCRSANTHOSHSUPERM588TRANSFER23,,3360,757623.61,TRANSFER,757623.61,0
02-07-2019,MUMBAIFORTC ACFEESCRKARUVALURMARIA6727TRANSFER29,,14698,772321.61,TRANSFER,772321.61,0
02-07-2019,MUMBAIFORTC ACFEESCRSANTHOSHSUPERM036TRANSFER25,,4255,776576.61,TRANSFER,776576.61,0
02-07-2019,MUMBAIFORTC ACFEESCRSANTHOSHSUPERM949TRANSFER27,,3894,780470.61,TRANSFER,780470.61,0
02-07-2019,MUMBAIFORTC ACFEESCRSANTHOSHSUPERM206TRANSFER24,,9980,790450.61,TRANSFER,790450.61,0
02-07-2019,MUMBAIFORTC ACFEESCRSANTHOSHSUPERM000TRANSFER28,,5220,795670.61,TRANSFER,795670.61,0
02-07-2019,CASHDEPCRCHRGSOTHER,530,,795140.61,DEPOSIT-CHARGES,795140.61,0
03-07-2019,MUMBAIFORTC ACFEESCRMERCYSUPER2467114TRANSFER23,,1150,796290.61,TRANSFER,796290.61,0
03-07-2019,SERVICEBRANCHCHENNAICHEQUEDEPO00022262CRANDHRABANK0446CTSG022262 ANB,,6872,803162.61,CHQ,803162.61,0
03-07-2019,SERVICEBRANCHCHENNAICHEQUEDEPO00591614CRSTATEBANKOFINDIA0446CTSG591614 SBI,,12730,815892.61,CHQ,815892.61,0
03-07-2019,SERVICEBRANCHCHENNAICHEQUEDEPO00040686CRBANKOFINDIA0446CTSG040686 BOI,,3854,819746.61,CHQ,819746.61,0
03-07-2019,SERVICEBRANCHCHENNAICHEQUEDEPO00041515CRKARNATAKABANKLTD,,22139,841885.61,CHQ,841885.61,0
03-07-2019,SERVICEBRANCHCHENNAICHEQUEDEPO00001211CRKARURVYSYABANKLTD0446CTSCLG001211CLG001211 KVB,,6626,848511.61,CHQ,848511.61,0
03-07-2019,SERVICEBRANCHCHENNAICHEQUEDEPO00654945CRTAMILNADMERCANTILEBANK0446CTSG654945 TMB,,11284,859795.61,CHQ,859795.61,0
03-07-2019,SERVICEBRANCHCHENNAICHEQUEDEPO00001122CRKARURVYSYABANKLTD0446CTSCLG001122CLG001122 KVB,,8080,867875.61,CHQ,867875.61,0
03-07-2019,SERVICEBRANCHCHENNAICHEQUEDEPO00001183CRKARURVYSYABANKLTD0446CTSCLG001183CLG001183 KVB,,2332,870207.61,CHQ,870207.61,0
03-07-2019,SERVICEBRANCHCHENNAICHEQUEDEPO00000247CR2400446CTSG,,7134,877341.61,CHQ,877341.61,0
03-07-2019,SERVICEBRANCHCHENNAICHEQUEDEPO00001703CRKARURVYSYABANKLTD0446CTSCLG001703CLG001703 KVB,,19679,897020.61,CHQ,897020.61,0
03-07-2019,SERVICEBRANCHCHENNAICHEQUEDEPO00388812CRSYNDICATEBANKSYB0446CTSG388812 SYB,,1127,898147.61,CHQ,898147.61,0
03-07-2019,ATMSERVICEBYTRANSFERCRBRANCH IMPS 528 peppermintTRANSFER61,,5486,903633.61,IMPS,903633.61,0
03-07-2019,MUMBAIFORTC ACFEESCRMCRENNETTF6688839TRANSFER21,,547,904180.61,TRANSFER,904180.61,0
04-07-2019,MUMBAIFORTRTGSINWCRKARTHIKEYANBRTGSTRANSFE120,,1000000,1904180.61,RTGS,1904180.61,0
04-07-2019,MUMBAIFORTRTGSINWCRKARTHIKEYANBRTGSTRANSFE120,,1000000,2904180.61,RTGS,2904180.61,0
04-07-2019,ATMSERVICEBYTRANSFERCRBRANCH IMPS 548 opbyJAYAPTRANSFE461,,4955,2909135.61,IMPS,2909135.61,0
04-07-2019,MUMBAIFORTC ACFEESCRLEAFINGROCERYP311TRANSFER21,,7094,2916229.61,TRANSFER,2916229.61,0
04-07-2019,MUMBAIFORTC ACFEESCRLEAFINGROCERYP612TRANSFER26,,854,2917083.61,TRANSFER,2917083.61,0
04-07-2019,MUMBAIFORTWITHDRAWALTRANSFERMARSINTERNATIONAIDIBH19185246130CRTRANSFER24,600028,,2317055.61,TRANSFER,2317055.61,0
04-07-2019,MUMBAIFORTC ACFEESCRAMMANFRUITS967TRANSFER27,,4590,2321645.61,TRANSFER,2321645.61,0
05-07-2019,SERVICEBRANCHCHENNAICHEQUEDEPO00077593CR2590446CTSG,,1000,2322645.61,CHQ,2322645.61,0
05-07-2019,SERVICEBRANCHCHENNAICHEQUEDEPO00687395CRSTATEBANKOFINDIA0446CTSG687395 SBI,,2650,2325295.61,CHQ,2325295.61,0
05-07-2019,SERVICEBRANCHCHENNAICHEQUEDEPO00208640CRINDIANOVERSEASBANK0446CTSG208640 IOB,,864,2326159.61,CHQ,2326159.61,0
05-07-2019,SERVICEBRANCHCHENNAICHEQUEDEPO00828110CRTAMILNADMERCANTILEBANK0446CTSG828110 TMB,,4512,2330671.61,CHQ,2330671.61,0
05-07-2019,SERVICEBRANCHCHENNAICHEQUEDEPO00003682CRANDHRABANK0446CTSG003682 ANB,,22142,2352813.61,CHQ,2352813.61,0
05-07-2019,SERVICEBRANCHCHENNAICHEQUEDEPO00824932CRTAMILNADMERCANTILEBANK0446CTSG824932 TMB,,4480,2357293.61,CHQ,2357293.61,0
05-07-2019,SERVICEBRANCHCHENNAICHEQUEDEPO00002550CRKARURVYSYABANKLTD0446CTSCLG002550CLG002550 KVB,,1450,2358743.61,CHQ,2358743.61,0
05-07-2019,SERVICEBRANCHCHENNAICHEQUEDEPO00304418CR2590446CTSG,,1760,2360503.61,CHQ,2360503.61,0
05-07-2019,SERVICEBRANCHCHENNAICHEQUEDEPO00030422CRICICIBANKINGCORPORATION0446CTSG,,1031,2361534.61,CHQ,2361534.61,0
05-07-2019,SERVICEBRANCHCHENNAICHEQUEDEPO00002652CRKARURVYSYABANKLTD0446CTSCLG002652CLG002652 KVB,,300,2361834.61,CHQ,2361834.61,0
05-07-2019,SERVICEBRANCHCHENNAICHEQUEDEPO00924432CRSYNDICATEBANK0446CTSG924432 SYB,,1928,2363762.61,CHQ,2363762.61,0
05-07-2019,SERVICEBRANCHCHENNAICHEQUEDEPO00568830CRSYNDICATEBANK0446CTSG568830 SYB,,13375,2377137.61,CHQ,2377137.61,0
05-07-2019,MUMBAIFORTWITHDRAWALTRANSFERcavinkareprivateIDIBH19186296337CRTRANSFER24,400028,,1977109.61,TRANSFER,1977109.61,0
06-07-2019,MUMBAIFORTWITHDRAWALTRANSFERMARSINTERNATIONAIDIBH19187329536CRTRANSFER24,600028,,1377081.61,TRANSFER,1377081.61,0
06-07-2019,MUMBAIFORTC ACFEESCRANNACHIENTE9550977TRANSFER27,,2612,1379693.61,TRANSFER,1379693.61,0
08-07-2019,SERVICEBRANCHCHENNAITOCLGCHQ00898726CRICICI,19962,,1359731.61,CHQ,1359731.61,0
08-07-2019,TIRUMANGALAMBYCHQ TTTFRCRCGENTTOKISHOREMKTG,,6437,1366168.61,CHQ,1366168.61,0
08-07-2019,TIRUMANGALAMBYCHQ TTTFRCRSAIHARISUDANTOKISHOREMKTG,,1095,1367263.61,CHQ,1367263.61,0
08-07-2019,MUMBAIFORTC ACFEESCRSANTHOSHSUPERM496TRANSFER24,,948,1368211.61,TRANSFER,1368211.61,0
08-07-2019,ATMSERVICEBYTRANSFERCRBRANCH IMPS 639 PurchasepaymentTRANSFE461,,1450,1369661.61,IMPS,1369661.61,0
08-07-2019,MUMBAIFORTC ACFEESCRLIMRASENTE0755TRANSFE129,,1283,1370944.61,TRANSFER,1370944.61,0
08-07-2019,MUMBAIFORTC ACFEESCRLIMRASENTE0765TRANSFE121,,1148,1372092.61,TRANSFER,1372092.61,0
08-07-2019,MUMBAIFORTC ACFEESCRLIMRASENTE0775TRANSFE121,,16733,1388825.61,TRANSFER,1388825.61,0
09-07-2019,MUMBAIFORTC ACFEESCRSARAVANAST1304294TRANSFER25,,49454,1438279.61,TRANSFER,1438279.61,0
09-07-2019,MUMBAIFORTC ACFEESCRSARAVANAST1298395TRANSFER21,,90755,1529034.61,TRANSFER,1529034.61,0
09-07-2019,TIRUMANGALAMBYCHQ TTTFRCRZL,,33880,1562914.61,CHQ,1562914.61,0
10-07-2019,MUMBAIFORTC ACFEESCRSANTHOSHSUPERM298TRANSFER21,,517,1563431.61,TRANSFER,1563431.61,0
10-07-2019,SERVICEBRANCHCHENNAICHEQUEDEPO00000731CRKARURVYSYABANKLTD0446CTSCLG000731CLG000731 KVB,,23822,1587253.61,CHQ,1587253.61,0
10-07-2019,SERVICEBRANCHCHENNAICHEQUEDEPO00641272CRVIJAYABANK0446CTSG641272 VJB,,1035,1588288.61,CHQ,1588288.61,0
10-07-2019,SERVICEBRANCHCHENNAICHEQUEDEPO00012984CRSOUTHINDIANBANKLTD0446CTSCLG012984CLG012984 SIB,,9609,1597897.61,CHQ,1597897.61,0
10-07-2019,SERVICEBRANCHCHENNAICHEQUEDEPO00888924CRUNITEDBANKOFINDIA0446CTSCLG888924CLG,,16129,1614026.61,CHQ,1614026.61,0
10-07-2019,SERVICEBRANCHCHENNAICHEQUEDEPO00614487CRSYNDICATEBANK0446CTSG614487 SYB,,2000,1616026.61,CHQ,1616026.61,0
10-07-2019,SERVICEBRANCHCHENNAICHEQUEDEPO00467830CRTAMILNADMERCANTILEBANK0446CTSG467830 TMB,,3074,1619100.61,CHQ,1619100.61,0
10-07-2019,SERVICEBRANCHCHENNAICHEQUEDEPO00191847CRTAMILNADMERCANTILEBANK0446CTSG191847 TMB,,1894,1620994.61,CHQ,1620994.61,0
10-07-2019,SERVICEBRANCHCHENNAICHEQUEDEPO00293696CRUTIBANKLTD0446CTSG,,7939,1628933.61,CHQ,1628933.61,0
10-07-2019,SERVICEBRANCHCHENNAICHEQUEDEPO00041443CRANDHRABANK,,4326,1633259.61,CHQ,1633259.61,0
10-07-2019,SERVICEBRANCHCHENNAICHEQUEDEPO00016516CRSOUTHINDIANBANKLTD0446CTSCLG016516CLG016516 SIB,,10378,1643637.61,CHQ,1643637.61,0
10-07-2019,SERVICEBRANCHCHENNAICHEQUEDEPO00126732CRUTIBANKLTD0446CTSG,,1016,1644653.61,CHQ,1644653.61,0
10-07-2019,SERVICEBRANCHCHENNAICHEQUEDEPO00021316CRKARURVYSYABANKLTD0446CTSCLG021316CLG021316 KVB,,14432,1659085.61,CHQ,1659085.61,0
10-07-2019,SERVICEBRANCHCHENNAICHEQUEDEPO00924478CRSYNDICATEBANK0446CTSG924478 SYB,,1124,1660209.61,CHQ,1660209.61,0
10-07-2019,SERVICEBRANCHCHENNAICHEQUEDEPO00839670CRINDIANOVERSEASBANK0446CTSG839670 IOB,,3347,1663556.61,CHQ,1663556.61,0
10-07-2019,SERVICEBRANCHCHENNAICHEQUEDEPO00489129CRTAMILNADMERCANTILEBANK0446CTSG489129 TMB,,3936,1667492.61,CHQ,1667492.61,0
10-07-2019,SERVICEBRANCHCHENNAICHEQUEDEPO00165717CRINDIANOVERSEASBANK0446CTSG165717 IOB,,10796,1678288.61,CHQ,1678288.61,0
10-07-2019,SERVICEBRANCHCHENNAICHEQUEDEPO00001337CRICICIBANKINGCORPORATION0446CTSG,,10540,1688828.61,CHQ,1688828.61,0
10-07-2019,SERVICEBRANCHCHENNAICHEQUEDEPO00963832CRINDIANOVERSEASBANK0446CTSG963832 IOB,,9576,1698404.61,CHQ,1698404.61,0
10-07-2019,SERVICEBRANCHCHENNAICHEQUEDEPO00007437CRICICIBANKINGCORPORATION0446CTSG,,10585,1708989.61,CHQ,1708989.61,0
10-07-2019,SERVICEBRANCHCHENNAICHEQUEDEPO00007398CRICICIBANKINGCORPORATION0446CTSG,,1650,1710639.61,CHQ,1710639.61,0
10-07-2019,SERVICEBRANCHCHENNAICHEQUEDEPO00000604CRUCOBANK0446CTSCLG000604CLG000604 UCO,,7440,1718079.61,CHQ,1718079.61,0
10-07-2019,SERVICEBRANCHCHENNAICHEQUEDEPO00002670CRKARURVYSYABANKLTD0446CTSCLG002670CLG002670 KVB,,2240,1720319.61,CHQ,1720319.61,0
10-07-2019,SERVICEBRANCHCHENNAICHEQUEDEPO00043113CRCENTRALBANKOFINDIA0446CTSCLG043113CLG043113 CBI,,4815,1725134.61,CHQ,1725134.61,0
10-07-2019,SERVICEBRANCHCHENNAICHEQUEDEPO00003708CRANDHRABANK0446CTSG003708 ANB,,7870,1733004.61,CHQ,1733004.61,0
10-07-2019,SERVICEBRANCHCHENNAICHEQUEDEPO00041606CRANDHRABANK0446CTSG041606 ANB,,13075,1746079.61,CHQ,1746079.61,0
10-07-2019,SERVICEBRANCHCHENNAICHEQUEDEPO00476840CRPUNJABNATIONALBANK0446CTSG476840 PNB,,2496,1748575.61,CHQ,1748575.61,0
10-07-2019,SERVICEBRANCHCHENNAICHEQUEDEPO00192992CR2590446CTSG,,3046,1751621.61,CHQ,1751621.61,0
10-07-2019,SERVICEBRANCHCHENNAICHEQUEDEPO00652854CRTAMILNADMERCANTILEBANK0446CTSCHQ652854,,5755,1757376.61,CHQ,1757376.61,0
10-07-2019,COREBANKINGWITHDRAWALTRANSFERTECHPROCESS847217424 BharatCRDATACENTREPetroleumCorporationTRANSFERTO,10008.26,,1747368.35,ONLINE-PAYMENT,1747368.35,0
10-07-2019,SERVICEBRANCHCHENNAICHEQUEDEPO00886647CRINDIANOVERSEASBANK0446CTSG886647 IOB,,1249,1748617.35,CHQ,1748617.35,0
10-07-2019,SERVICEBRANCHCHENNAICHEQUEDEPO00012981CRSOUTHINDIANBANKLTD0446CTSCLG012981CLG012981 SIB,,1375,1749992.35,CHQ,1749992.35,0
10-07-2019,SERVICEBRANCHCHENNAICHEQUEDEPO00839671CRINDIANOVERSEASBANK0446CTSG839671 IOB,,3827,1753819.35,CHQ,1753819.35,0
10-07-2019,SERVICEBRANCHCHENNAICHEQUEDEPO00457057CR2590446CTSG,,3292,1757111.35,CHQ,1757111.35,0
10-07-2019,SERVICEBRANCHCHENNAICHEQUEDEPO00012982CRSOUTHINDIANBANKLTD0446CTSCLG012982CLG012982 SIB,,2067,1759178.35,CHQ,1759178.35,0
10-07-2019,SERVICEBRANCHCHENNAICHEQUEDEPO00140990CRFEDERALBANKLTD0446CTSG140990 FBI,,400,1759578.35,CHQ,1759578.35,0
10-07-2019,SERVICEBRANCHCHENNAICHEQUEDEPO00711296CRVIJAYABANK0446CTSG711296 VJB,,3804,1763382.35,CHQ,1763382.35,0
10-07-2019,TIRUMANGALAMCASHDEPOSITCRDepositbySELF,,115000,1878382.35,CASH,1878382.35,0
10-07-2019,MUMBAIFORTC ACFEESCRANNANAGARS2863372TRANSFER29,,5513,1883895.35,TRANSFER,1883895.35,0
10-07-2019,MUMBAIFORTC ACFEESCRSANTHOSHSUPERM568TRANSFER21,,1166,1885061.35,TRANSFER,1885061.35,0
10-07-2019,MUMBAIFORTWITHDRAWALTRANSFERCRREDBULLINDIAP759TRANSFER24,100005,,1785056.35,TRANSFER,1785056.35,0
10-07-2019,MUMBAIFORTC ACFEESCRHECTORBEVER9577847TRANSFER28,,5500,1790556.35,TRANSFER,1790556.35,0
10-07-2019,MUMBAIFORTC ACFEESCRHECTORBEVER9577643TRANSFER29,,9500,1800056.35,TRANSFER,1800056.35,0
10-07-2019,MUMBAIFORTC ACFEESCRHECTORBEVER9577833TRANSFER21,,14000,1814056.35,TRANSFER,1814056.35,0
10-07-2019,MUMBAIFORTC ACFEESCRHECTORBEVER9577633TRANSFER20,,15000,1829056.35,TRANSFER,1829056.35,0
11-07-2019,MUMBAIFORTWITHDRAWALTRANSFERHECTORBEVERAGESPIDIBH19192172632CRTRANSFER24,310028,,1519028.35,TRANSFER,1519028.35,0
11-07-2019,SERVICEBRANCHCHENNAICHEQUEDEPO00001712CRKARURVYSYABANKLTD0446CTSCLG001712CLG001712 KVB,,29519,1548547.35,CHQ,1548547.35,0
11-07-2019,SERVICEBRANCHCHENNAICHEQUEDEPO00066966CR2400446CTSG,,71190,1619737.35,CHQ,1619737.35,0
11-07-2019,SERVICEBRANCHCHENNAICHEQUEDEPO00862195CRVIJAYABANK0446CTSCHQ862195,,1966,1621703.35,CHQ,1621703.35,0
11-07-2019,SERVICEBRANCHCHENNAICHEQUEDEPO00000114CRINDIANOVERSEASBANK0446CTSG000114 IOB,,619,1622322.35,CHQ,1622322.35,0
11-07-2019,SERVICEBRANCHCHENNAICHEQUEDEPO00002700CRKARURVYSYABANKLTD0446CTSCLG002700CLG002700 KVB,,5249,1627571.35,CHQ,1627571.35,0
11-07-2019,SERVICEBRANCHCHENNAICHEQUEDEPO00001047CRCITYUNIONBANKLTD0446CTSCLG001047CLG001047 CUB,,9505,1637076.35,CHQ,1637076.35,0
11-07-2019,SERVICEBRANCHCHENNAICHEQUEDEPO00809397CRSYNDICATEBANK0446CTSG809397 SYB,,6837,1643913.35,CHQ,1643913.35,0
11-07-2019,SERVICEBRANCHCHENNAICHEQUEDEPO00000969CRICICIBANKINGCORPORATION0446CTSG,,1592,1645505.35,CHQ,1645505.35,0
11-07-2019,SERVICEBRANCHCHENNAICHEQUEDEPO00022362CRANDHRABANK0446CTSG022362 ANB,,10456,1655961.35,CHQ,1655961.35,0
11-07-2019,SERVICEBRANCHCHENNAICHEQUEDEPO00003155CR2400446CTSG,,1668,1657629.35,CHQ,1657629.35,0
11-07-2019,TIRUMANGALAMCASHDEPOSITCRDepositbySELF,,125000,1782629.35,CASH,1782629.35,0
11-07-2019,SERVICEBRANCHCHENNAICHEQUEDEPO00962491CRINDIANOVERSEASBANK0446CTSG962491 IOB,,4483,1787112.35,CHQ,1787112.35,0
11-07-2019,SERVICEBRANCHCHENNAICHEQUEDEPO00000902CRCITYUNIONBANKLTD0446CTSCLG000902CLG000902 CUB,,10179,1797291.35,CHQ,1797291.35,0
11-07-2019,SERVICEBRANCHCHENNAICHEQUEDEPO00783397CRSTATEBANKOFINDIA0446CTSG783397 SBI,,7800,1805091.35,CHQ,1805091.35,0
11-07-2019,SERVICEBRANCHCHENNAICHEQUEDEPO00986513CRINDIANOVERSEASBANK0446CTSG986513 IOB,,4322,1809413.35,CHQ,1809413.35,0
11-07-2019,SERVICEBRANCHCHENNAICHEQUEDEPO00000632CR7560446CTSG,,948,1810361.35,CHQ,1810361.35,0
11-07-2019,MUMBAIFORTC ACFEESCRVIKPRIHOME81DCTRANSFE129,,8259,1818620.35,TRANSFER,1818620.35,0
12-07-2019,SERVICEBRANCHCHENNAICHEQUEDEPO00023692CR2400446CTSCHQ023692,,27126,1845746.35,CHQ,1845746.35,0
12-07-2019,SERVICEBRANCHCHENNAICHEQUEDEPO00000008CR2400446CTSG,,2389,1848135.35,CHQ,1848135.35,0
12-07-2019,SERVICEBRANCHCHENNAICHEQUEDEPO00293821CRUTIBANKLTD0446CTSG,,8578,1856713.35,CHQ,1856713.35,0
12-07-2019,SERVICEBRANCHCHENNAICHEQUEDEPO00041742CRANDHRABANK0446CTSG041742 ANB,,6260,1862973.35,CHQ,1862973.35,0
12-07-2019,TIRUMANGALAMCASHDEPOSITCRDepositbySELF,,85000,1947973.35,CASH,1947973.35,0
12-07-2019,TIRUMANGALAMBYCHQ TTTFRCRKSRETAILTOKISHOREMKTG,,10045,1958018.35,CHQ,1958018.35,0
12-07-2019,TIRUMANGALAMBYCHQ TTTFRCRCHFOODSTOKISHOREMKTG,,2138,1960156.35,CHQ,1960156.35,0
12-07-2019,MUMBAIFORTC ACFEESCRSAARALRESORTSA205TRANSFER20,,5682,1965838.35,TRANSFER,1965838.35,0
12-07-2019,MUMBAIFORTWITHDRAWALTRANSFERMARSINTERNATIONAIDIBH19193252312CRTRANSFER24,600028,,1365810.35,TRANSFER,1365810.35,0
12-07-2019,MUMBAIFORTWITHDRAWALTRANSFERCRREDBULLINDIAP836TRANSFER24,100005,,1265805.35,TRANSFER,1265805.35,0
12-07-2019,MUMBAIFORTC ACFEESCRANNAISUPERMAR3704TRANSFER20,,4697,1270502.35,TRANSFER,1270502.35,0
15-07-2019,MUMBAIFORTC ACFEESCRSARAVANAST5804089TRANSFER20,,68344,1338846.35,TRANSFER,1338846.35,0
15-07-2019,SERVICEBRANCHCHENNAICHEQUEDEPO00003231CR2400446CTSG,,4363,1343209.35,CHQ,1343209.35,0
15-07-2019,SERVICEBRANCHCHENNAICHEQUEDEPO00828563CRINDIANOVERSEASBANK0446CTSG828563 IOB,,1667,1344876.35,CHQ,1344876.35,0
15-07-2019,SERVICEBRANCHCHENNAICHEQUEDEPO00006352CRANDHRABANK0446CTSG006352 ANB,,9722,1354598.35,CHQ,1354598.35,0
15-07-2019,SERVICEBRANCHCHENNAICHEQUEDEPO00001895CR2400446CTSG,,6637,1361235.35,CHQ,1361235.35,0
15-07-2019,SERVICEBRANCHCHENNAICHEQUEDEPO00002989CRICICIBANKINGCORPORATION0446CTSG,,3788,1365023.35,CHQ,1365023.35,0
15-07-2019,SERVICEBRANCHCHENNAICHEQUEDEPO00336480CRSYNDICATEBANK0446CTSG336480 SYB,,7576,1372599.35,CHQ,1372599.35,0
15-07-2019,SERVICEBRANCHCHENNAICHEQUEDEPO00591620CR2590446CTSG,,925,1373524.35,CHQ,1373524.35,0
15-07-2019,SERVICEBRANCHCHENNAICHEQUEDEPO00828126CRTAMILNADMERCANTILEBANK0446CTSG828126 TMB,,1363,1374887.35,CHQ,1374887.35,0
15-07-2019,SERVICEBRANCHCHENNAICHEQUEDEPO00293820CRUTIBANKLTD0446CTSG,,9000,1383887.35,CHQ,1383887.35,0
15-07-2019,SERVICEBRANCHCHENNAICHEQUEDEPO00010625CRSOUTHINDIANBANKLTD0446CTSCLG010625CLG010625 SIB,,2540,1386427.35,CHQ,1386427.35,0
15-07-2019,MUMBAIFORTC ACFEESKPNCRFARMFRESHP261TRANSFER23,,13315,1399742.35,TRANSFER,1399742.35,0
15-07-2019,MUMBAIFORTC ACFEESSRICRMURUGAN8314046TRANSFER23,,18357,1418099.35,TRANSFER,1418099.35,0
15-07-2019,TIRUMANGALAMCASHDEPOSITCRDepositbySELF,,150000,1568099.35,CASH,1568099.35,0
15-07-2019,MUMBAIFORTC ACFEESCRSANTHOSHSUPERM679TRANSFER25,,1185,1569284.35,TRANSFER,1569284.35,0
15-07-2019,MUMBAIFORTC ACFEESCRLIMRASENTE2047TRANSFE129,,13727,1583011.35,TRANSFER,1583011.35,0
16-07-2019,MUMBAIFORTWITHDRAWALTRANSFERINBISCOCRINDIAPV899TRANSFER24,217028,,1365983.35,TRANSFER,1365983.35,0
16-07-2019,MUMBAIFORTWITHDRAWALTRANSFERINVENTZLIFESCIENIDIBH19197343063CRTRANSFER24,139859,,1226124.35,TRANSFER,1226124.35,0
16-07-2019,TIRUMANGALAMBYCHQ TTTFRCRALICETOKISHOREMKTG,,9399,1235523.35,CHQ,1235523.35,0
16-07-2019,TIRUMANGALAMCASHDEPOSITCRDepositbySELF,,600000,1835523.35,CASH,1835523.35,0
16-07-2019,MUMBAIFORTC ACFEESCRSANTHOSHSUPERM285TRANSFER21,,13003,1848526.35,TRANSFER,1848526.35,0
16-07-2019,MUMBAIFORTC ACFEESCRANNANAGARS7633945TRANSFER27,,11142,1859668.35,TRANSFER,1859668.35,0
16-07-2019,MUMBAIFORTC ACFEESKPNCR8552911TRANSFER21,,1442,1861110.35,TRANSFER,1861110.35,0
16-07-2019,CASHDEPCRCHRGSOTHER,400,,1860710.35,DEPOSIT-CHARGES,1860710.35,0
17-07-2019,SERVICEBRANCHCHENNAICHEQUEDEPO00309040CRSYNDICATEBANK0446CTSG309040 SYB,,4270,1864980.35,OUTWARD-RETURN,1864980.35,0
17-07-2019,SERVICEBRANCHCHENNAICHEQUEDEPO00000055CR7510446CTSG000055 IDF,,2975,1867955.35,CHQ,1867955.35,0
17-07-2019,SERVICEBRANCHCHENNAICHEQUEDEPO00196471CRTAMILNADMERCANTILEBANK0446CTSG196471 TMB,,3629,1871584.35,CHQ,1871584.35,0
17-07-2019,SERVICEBRANCHCHENNAICHEQUEDEPO00001180CR2400446CTSG,,8000,1879584.35,CHQ,1879584.35,0
17-07-2019,SERVICEBRANCHCHENNAICHEQUEDEPO00010029CR4850446CTSG010029 KMB,,3425,1883009.35,CHQ,1883009.35,0
17-07-2019,SERVICEBRANCHCHENNAICHEQUEDEPO00005546CRANDHRABANK0446CTSG005546 ANB,,1649,1884658.35,CHQ,1884658.35,0
17-07-2019,SERVICEBRANCHCHENNAICHEQUEDEPO00004481CR2400446CTSG,,6384,1891042.35,CHQ,1891042.35,0
17-07-2019,SERVICEBRANCHCHENNAICHEQUEDEPO00034933CRDENABANK0446CTSG034933 DEB,,1105,1892147.35,CHQ,1892147.35,0
17-07-2019,SERVICEBRANCHCHENNAICHEQUEDEPO00850200CRTAMILNADUSTATEAPEXCOO0446CTSG,,1416,1893563.35,CHQ,1893563.35,0
17-07-2019,TIRUMANGALAMBYCHQ TTTFRCRCHFOODSTOKISHOREMKTG,,8734,1902297.35,CHQ,1902297.35,0
17-07-2019,SERVICEBRANCHCHENNAICHEQUEDEPO00217648CRVIJAYABANK0446CTSG217648 VJB,,29519,1931816.35,CHQ,1931816.35,0
17-07-2019,SERVICEBRANCHCHENNAICHEQUEDEPO00447411CR2590446CTSG,,942,1932758.35,CHQ,1932758.35,0
17-07-2019,SERVICEBRANCHCHENNAICHEQUEDEPO00717142CRORIENTALBANKOFCOMMERCE0446CTSG717142 OBC,,15000,1947758.35,CHQ,1947758.35,0
17-07-2019,SERVICEBRANCHCHENNAICHEQUEDEPO00004797CR2400446CTSG,,10193,1957951.35,CHQ,1957951.35,0
17-07-2019,SERVICEBRANCHCHENNAICHEQUEDEPO00002037CR2400446CTSG,,11488,1969439.35,CHQ,1969439.35,0
17-07-2019,SERVICEBRANCHCHENNAICHEQUEDEPO00104958CRUTIBANKLTD0446CTSG,,6149,1975588.35,CHQ,1975588.35,0
17-07-2019,SERVICEBRANCHCHENNAICHEQUEDEPO00002752CRKARURVYSYABANKLTD0446CTSCLG002752CLG002752 KVB,,4255,1979843.35,CHQ,1979843.35,0
17-07-2019,SERVICEBRANCHCHENNAICHEQUEDEPO00041728CRANDHRABANK0446CTSG041728 ANB,,5226,1985069.35,CHQ,1985069.35,0
17-07-2019,SERVICEBRANCHCHENNAICHEQUEDEPO00001721CRKARURVYSYABANKLTD0446CTSCLG001721CLG001721 KVB,,20016,2005085.35,CHQ,2005085.35,0
17-07-2019,SERVICEBRANCHCHENNAICHEQUEDEPO00001178CRICICIBANKINGCORPORATION0446CTSG,,1839,2006924.35,CHQ,2006924.35,0
17-07-2019,SERVICEBRANCHCHENNAICHEQUEDEPO00501355CRINDIANOVERSEASBANK0446CTSG501355 IOB,,2005,2008929.35,CHQ,2008929.35,0
17-07-2019,SERVICEBRANCHCHENNAICHEQUEDEPO00126741CRUTIBANKLTD0446CTSG,,2272,2011201.35,CHQ,2011201.35,0
17-07-2019,SERVICEBRANCHCHENNAICHEQUEDEPO00000235CRKARURVYSYABANKLTD0446CTSCLG000235CLG000235 KVB,,3087,2014288.35,CHQ,2014288.35,0
17-07-2019,SERVICEBRANCHCHENNAICHEQUEDEPO00001732CRICICIBANKINGCORPORATION0446CTSG,,1101,2015389.35,CHQ,2015389.35,0
17-07-2019,SERVICEBRANCHCHENNAICHEQUEDEPO00256551CRVIJAYABANK0446CTSG256551 VJB,,1680,2017069.35,OUTWARD-RETURN,2017069.35,0
17-07-2019,SERVICEBRANCHCHENNAICHEQUEDEPO00000603CR2400446CTSG,,1031,2018100.35,CHQ,2018100.35,0
17-07-2019,SERVICEBRANCHCHENNAICHEQUEDEPO00001265CRKARURVYSYABANKLTD0446CTSCLG001265CLG001265 KVB,,4240,2022340.35,CHQ,2022340.35,0
17-07-2019,SERVICEBRANCHCHENNAICHEQUEDEPO00001301CRKARURVYSYABANKLTD0446CTSCLG001301CLG001301 KVB,,10537,2032877.35,CHQ,2032877.35,0
17-07-2019,SERVICEBRANCHCHENNAICHEQUEDEPO00021058CRKARURVYSYABANKLTD0446CTSCLG021058CLG021058 KVB,,1392,2034269.35,CHQ,2034269.35,0
17-07-2019,SERVICEBRANCHCHENNAICHEQUEDEPO00000296CRKARURVYSYABANKLTD0446CTSCLG000296CLG000296 KVB,,782,2035051.35,CHQ,2035051.35,0
17-07-2019,SERVICEBRANCHCHENNAICHEQUEDEPO00004434CR2400446CTSG,,24958,2060009.35,CHQ,2060009.35,0
17-07-2019,MUMBAIFORTC ACFEESSRICRMEENAKSHIAM777TRANSFER21,,1694,2061703.35,TRANSFER,2061703.35,0
17-07-2019,MUMBAIFORTC ACFEESCRAMMANFRUITS844TRANSFER29,,3313,2065016.35,TRANSFER,2065016.35,0
17-07-2019,MUMBAIFORTC ACFEESCRLIMRASENTE8746TRANSFE120,,1980,2066996.35,TRANSFER,2066996.35,0
17-07-2019,SERVICEBRANCHCHENNAIOUTCHQRETCRFundsinsufficient,1680,,2065316.35,OUTWARD-RETURN,2065316.35,0
17-07-2019,SERVICEBRANCHCHENNAICHQDISHONOURCR,250,,2065066.35,INWARD-CHARGES,2065066.35,0
17-07-2019,SERVICEBRANCHCHENNAIOUTCHQRETCRFundsinsufficient,4270,,2060796.35,OUTWARD-RETURN,2060796.35,0
17-07-2019,SERVICEBRANCHCHENNAICHQDISHONOURCR,250,,2060546.35,INWARD-CHARGES,2060546.35,0
17-07-2019,ATMSERVICEBYTRANSFERCRBRANCH IMPS 772 TRANSFE461,,3363,2063909.35,IMPS,2063909.35,0
17-07-2019,CDPCCHENNAIISSUEOFMICRCRCA,400,,2063509.35,BANK-CHARGES,2063509.35,0
17-07-2019,MUMBAIFORTC ACFEESCRKALIGAMBALFRUI8060TRANSFER28,,10925,2074434.35,TRANSFER,2074434.35,0
17-07-2019,MUMBAIFORTC ACFEESCRKARUVALURMARIA1470TRANSFER26,,3336,2077770.35,TRANSFER,2077770.35,0
18-07-2019,SERVICEBRANCHCHENNAICHEQUEDEPO00923561CRSYNDICATEBANK0446CTSG923561 SYB,,1894,2079664.35,CHQ,2079664.35,0
18-07-2019,SERVICEBRANCHCHENNAICHEQUEDEPO00472740CRSYNDICATEBANK0446CTSG472740 SYB,,934,2080598.35,CHQ,2080598.35,0
18-07-2019,SERVICEBRANCHCHENNAICHEQUEDEPO00997624CRINDIANOVERSEASBANK0446CTSG997624 IOB,,4608,2085206.35,CHQ,2085206.35,0
18-07-2019,SERVICEBRANCHCHENNAICHEQUEDEPO00001181CR2400446CTSG,,8082,2093288.35,CHQ,2093288.35,0
18-07-2019,SERVICEBRANCHCHENNAICHEQUEDEPO00179674CR2590446CTSG,,760,2094048.35,CHQ,2094048.35,0
18-07-2019,SERVICEBRANCHCHENNAICHEQUEDEPO00296533CR2590446CTSG,,2195,2096243.35,CHQ,2096243.35,0
18-07-2019,SERVICEBRANCHCHENNAICHEQUEDEPO00489148CRTAMILNADMERCANTILEBANK0446CTSG489148 TMB,,3915,2100158.35,CHQ,2100158.35,0
18-07-2019,SERVICEBRANCHCHENNAICHEQUEDEPO00030439CRICICIBANKINGCORPORATION0446CTSG,,716,2100874.35,CHQ,2100874.35,0
18-07-2019,MUMBAIFORTC ACFEESCRSANTHOSHSUPERM746TRANSFER27,,12559,2113433.35,TRANSFER,2113433.35,0
18-07-2019,SERVICEBRANCHCHENNAICHEQUEDEPO00143057CRUNIONBANKOFINDIA0446CTSG143057 UBI,,4960,2118393.35,OUTWARD-RETURN,2118393.35,0
18-07-2019,SERVICEBRANCHCHENNAICHEQUEDEPO00109154CRCENTRALBANKOFINDIA0446CTSCLG109154CLG109154 CBI,,6464,2124857.35,CHQ,2124857.35,0
18-07-2019,SERVICEBRANCHCHENNAICHEQUEDEPO00041559CRBANKOFINDIA0446CTSG041559 BOI,,5678,2130535.35,CHQ,2130535.35,0
18-07-2019,SERVICEBRANCHCHENNAICHEQUEDEPO00104962CRUTIBANKLTD0446CTSG,,3828,2134363.35,CHQ,2134363.35,0
18-07-2019,SERVICEBRANCHCHENNAIOUTCHQRETCRFundsinsufficient,4960,,2129403.35,OUTWARD-RETURN,2129403.35,0
18-07-2019,SERVICEBRANCHCHENNAICHQDISHONOURCR,250,,2129153.35,INWARD-CHARGES,2129153.35,0
19-07-2019,COREBANKINGBYTRANSFERCRDATACENTRETransfer87844kishoreTRANSFE09,,12427,2141580.35,TRANSFER,2141580.35,0
19-07-2019,SERVICEBRANCHCHENNAICHEQUEDEPO00888839CRUNITEDBANKOFINDIA0446CTSCLG888839CLG,,900,2142480.35,CHQ,2142480.35,0
19-07-2019,SERVICEBRANCHCHENNAICHEQUEDEPO00092468CRTAMILNADMERCANTILEBANK0446CTSG092468 TMB,,698,2143178.35,CHQ,2143178.35,0
19-07-2019,SERVICEBRANCHCHENNAICHEQUEDEPO00225673CRFEDERALBANKLTD0446CTSG225673 FBI,,3414,2146592.35,CHQ,2146592.35,0
19-07-2019,SERVICEBRANCHCHENNAICHEQUEDEPO00000618CRUCOBANK0446CTSCLG000618CLG000618 UCO,,4025,2150617.35,CHQ,2150617.35,0
19-07-2019,SERVICEBRANCHCHENNAICHEQUEDEPO00110083CRBANKOFMAHARASHTRA0446CTSG110083 BOM,,8245,2158862.35,CHQ,2158862.35,0
19-07-2019,SERVICEBRANCHCHENNAICHEQUEDEPO00886375CRINDIANOVERSEASBANK0446CTSG886375 IOB,,465,2159327.35,CHQ,2159327.35,0
19-07-2019,SERVICEBRANCHCHENNAICHEQUEDEPO00000758CRICICIBANKINGCORPORATION0446CTSG,,1247,2160574.35,CHQ,2160574.35,0
19-07-2019,ATMSERVICEBYTRANSFERCRBRANCH IMPS 498 opbyJAYAPTRANSFE461,,4140,2164714.35,IMPS,2164714.35,0
19-07-2019,MUMBAIFORTC ACFEESCRELLIOTFOODS586TRANSFER27,,912,2165626.35,TRANSFER,2165626.35,0
20-07-2019,MUMBAIFORTC ACFEESCRHAWIEEXIM524TRANSFER24,,19911,2185537.35,TRANSFER,2185537.35,0
20-07-2019,MUMBAIFORTC ACFEESCRAROCKIYASATRANSFE124,,10000,2195537.35,TRANSFER,2195537.35,0
20-07-2019,MUMBAIFORTC ACFEESCRLIMRASENTE0225TRANSFE129,,11094,2206631.35,TRANSFER,2206631.35,0
22-07-2019,SERVICEBRANCHCHENNAITOCLGCHQ00898743CRVIJAYAGENCIES,58401,,2148230.35,CHQ,2148230.35,0
22-07-2019,MUMBAIFORTWITHDRAWALTRANSFERINBISCOCRINDIAPV390TRANSFER24,145013,,2003217.35,TRANSFER,2003217.35,0
22-07-2019,MUMBAIFORTC ACFEESCRSANTHOSHSUPERM051TRANSFER24,,3313,2006530.35,TRANSFER,2006530.35,0
22-07-2019,MUMBAIFORTC ACFEESCRSANTHOSHSUPERM516TRANSFER27,,7184,2013714.35,TRANSFER,2013714.35,0
23-07-2019,MUMBAIFORTC ACFEESCRPONNUSUPERMAR3509TRANSFER28,,13193,2026907.35,TRANSFER,2026907.35,0
23-07-2019,SERVICEBRANCHCHENNAICHEQUEDEPO00000166CRBANKOFBARODA0446CTSCLG000166CLG000166 BOB,,1894,2028801.35,CHQ,2028801.35,0
23-07-2019,SERVICEBRANCHCHENNAICHEQUEDEPO00208883CRTAMILNADMERCANTILEBANK0446CTSG208883 TMB,,1502,2030303.35,CHQ,2030303.35,0
23-07-2019,SERVICEBRANCHCHENNAICHEQUEDEPO00007468CRKARURVYSYABANKLTD0446CTSCLG007468CLG007468 KVB,,4378,2034681.35,CHQ,2034681.35,0
23-07-2019,SERVICEBRANCHCHENNAICHEQUEDEPO00006317CRANDHRABANK0446CTSG006317 ANB,,4143,2038824.35,CHQ,2038824.35,0
23-07-2019,SERVICEBRANCHCHENNAICHEQUEDEPO00293757CRUTIBANKLTD0446CTSG,,11596,2050420.35,CHQ,2050420.35,0
23-07-2019,SERVICEBRANCHCHENNAICHEQUEDEPO00016842CRSOUTHINDIANBANKLTD0446CTSCLG016842CLG016842 SIB,,4968,2055388.35,CHQ,2055388.35,0
23-07-2019,SERVICEBRANCHCHENNAICHEQUEDEPO00001724CRICICIBANKINGCORPORATION0446CTSG,,1372,2056760.35,CHQ,2056760.35,0
23-07-2019,SERVICEBRANCHCHENNAICHEQUEDEPO00888840CRUNITEDBANKOFINDIA0446CTSCLG888840CLG,,6149,2062909.35,CHQ,2062909.35,0
23-07-2019,COREBANKINGWITHDRAWALTRANSFERTECHPROCESS857752611 BharatCRDATACENTREPetroleumCorporationTRANSFERTO,10008.26,,2052901.09,ONLINE-PAYMENT,2052901.09,0
23-07-2019,SERVICEBRANCHCHENNAICHEQUEDEPO00354293CRFEDERALBANKLTD0446CTSG354293 FBI,,2325,2055226.09,CHQ,2055226.09,0
23-07-2019,SERVICEBRANCHCHENNAICHEQUEDEPO00002128CR2400446CTSG,,9611,2064837.09,CHQ,2064837.09,0
23-07-2019,SERVICEBRANCHCHENNAICHEQUEDEPO00489150CRTAMILNADMERCANTILEBANK0446CTSG489150 TMB,,3936,2068773.09,CHQ,2068773.09,0
23-07-2019,SERVICEBRANCHCHENNAICHEQUEDEPO00591661CRSTATEBANKOFINDIA0446CTSG591661 SBI,,8016,2076789.09,CHQ,2076789.09,0
23-07-2019,SERVICEBRANCHCHENNAICHEQUEDEPO00457110CR2590446CTSG,,6361,2083150.09,CHQ,2083150.09,0
23-07-2019,SERVICEBRANCHCHENNAICHEQUEDEPO00292481CRUTIBANKLTD0446CTSG,,11590,2094740.09,CHQ,2094740.09,0
23-07-2019,SERVICEBRANCHCHENNAICHEQUEDEPO00884498CRTAMILNADUSTATEAPEXCOO0446CTSG,,822,2095562.09,CHQ,2095562.09,0
23-07-2019,SERVICEBRANCHCHENNAICHEQUEDEPO00412951CRMADRASCENTRALCOOPBAN0446CTSCHQ412971,,1680,2097242.09,CHQ,2097242.09,0
23-07-2019,SERVICEBRANCHCHENNAICHEQUEDEPO00007099CR2400446CTSG,,5568,2102810.09,CHQ,2102810.09,0
23-07-2019,SERVICEBRANCHCHENNAICHEQUEDEPO00000522CRCITYUNIONBANKLTD0446CTSCLG000522CLG000522 CUB,,4415,2107225.09,CHQ,2107225.09,0
23-07-2019,SERVICEBRANCHCHENNAICHEQUEDEPO00828144CRTAMILNADMERCANTILEBANK0446CTSG828144 TMB,,1949,2109174.09,CHQ,2109174.09,0
23-07-2019,SERVICEBRANCHCHENNAICHEQUEDEPO00042002CRANDHRABANK0446CTSG042002 ANB,,4510,2113684.09,CHQ,2113684.09,0
23-07-2019,SERVICEBRANCHCHENNAICHEQUEDEPO00774390CRUNITEDBANKOFINDIA0446CTSCLG774390CLG,,922,2114606.09,CHQ,2114606.09,0
23-07-2019,SERVICEBRANCHCHENNAICHEQUEDEPO00004789CRCITYUNIONBANKLTD0446CTSCLG004789CLG004789 CUB,,2291,2116897.09,CHQ,2116897.09,0
23-07-2019,SERVICEBRANCHCHENNAICHEQUEDEPO00025178CRUTIBANKLTD0446CTSG,,2962,2119859.09,CHQ,2119859.09,0
23-07-2019,SERVICEBRANCHCHENNAICHEQUEDEPO00002368CRANDHRABANK,,10000,2129859.09,CHQ,2129859.09,0
23-07-2019,SERVICEBRANCHCHENNAICHEQUEDEPO00293891CRUTIBANKLTD0446CTSG,,2160,2132019.09,CHQ,2132019.09,0
23-07-2019,SERVICEBRANCHCHENNAICHEQUEDEPO00889042CRUNITEDBANKOFINDIA0446CTSCLG889042CLG,,4543,2136562.09,CHQ,2136562.09,0
23-07-2019,SERVICEBRANCHCHENNAICHEQUEDEPO00000787CRKARURVYSYABANKLTD0446CTSCLG000787CLG000787 KVB,,17317,2153879.09,CHQ,2153879.09,0
23-07-2019,SERVICEBRANCHCHENNAICHEQUEDEPO00588835CRCANARABANK0446CTSG588835 CAB,,1503,2155382.09,CHQ,2155382.09,0
23-07-2019,SERVICEBRANCHCHENNAICHEQUEDEPO00000786CRKARURVYSYABANKLTD0446CTSCLG000786CLG000786 KVB,,9840,2165222.09,CHQ,2165222.09,0
23-07-2019,SERVICEBRANCHCHENNAICHEQUEDEPO00735231CR2340446CTSG,,4080,2169302.09,CHQ,2169302.09,0
23-07-2019,SERVICEBRANCHCHENNAICHEQUEDEPO00294957CRCANARABANK0446CTSG294957 CAB,,1776,2171078.09,CHQ,2171078.09,0
23-07-2019,MUMBAIFORTC ACFEESCRVIKPRIHOME71DCTRANSFE125,,5682,2176760.09,TRANSFER,2176760.09,0
23-07-2019,MUMBAIFORTC ACFEESCRVIKPRIHOME21DCTRANSFE129,,5689,2182449.09,TRANSFER,2182449.09,0
23-07-2019,TIRUMANGALAMCASHDEPOSITCRDepositbySELF,,230000,2412449.09,CASH,2412449.09,0
23-07-2019,MUMBAIFORTC ACFEESCRSANTHOSHSUPERM583TRANSFER27,,5921,2418370.09,TRANSFER,2418370.09,0
23-07-2019,MUMBAIFORTC ACFEESCRSANTHOSHSUPERM330TRANSFER26,,4910,2423280.09,TRANSFER,2423280.09,0
23-07-2019,MUMBAIFORTC ACFEESCRSANTHOSHSUPERM983TRANSFER29,,504,2423784.09,TRANSFER,2423784.09,0
23-07-2019,MUMBAIFORTC ACFEESCRSANTHOSHSUPERM599TRANSFER21,,4236,2428020.09,TRANSFER,2428020.09,0
23-07-2019,MUMBAIFORTC ACFEESCRSANTHOSHSUPERM168TRANSFER21,,5374,2433394.09,TRANSFER,2433394.09,0
23-07-2019,CASHDEPCRCHRGSOTHER,100,,2433294.09,DEPOSIT-CHARGES,2433294.09,0
24-07-2019,SERVICEBRANCHCHENNAITOCLGCHQ00898744CRCAVINKAREPVTLTD,92390,,2340904.09,CHQ,2340904.09,0
24-07-2019,MUMBAIFORTC ACFEESCRORIENTPHARMAC7404TRANSFER20,,607,2341511.09,TRANSFER,2341511.09,0
24-07-2019,SERVICEBRANCHCHENNAICHEQUEDEPO00000441CRCITYUNIONBANKLTD0446CTSCLG000441CLG000441 CUB,,740,2342251.09,CHQ,2342251.09,0
24-07-2019,SERVICEBRANCHCHENNAICHEQUEDEPO00663059CRTAMILNADMERCANTILEBANK0446CTSG663059 TMB,,4862,2347113.09,CHQ,2347113.09,0
24-07-2019,SERVICEBRANCHCHENNAICHEQUEDEPO00227584CRUTIBANKLTD0446CTSG,,29414,2376527.09,CHQ,2376527.09,0
24-07-2019,SERVICEBRANCHCHENNAICHEQUEDEPO00001420CRKARURVYSYABANKLTD0446CTSCLG001420CLG001420 KVB,,4570,2381097.09,CHQ,2381097.09,0
24-07-2019,SERVICEBRANCHCHENNAICHEQUEDEPO00003725CR4850446CTSG003725 KMB,,1320,2382417.09,CHQ,2382417.09,0
24-07-2019,SERVICEBRANCHCHENNAICHEQUEDEPO00111383CR2590446CTSG,,1000,2383417.09,CHQ,2383417.09,0
24-07-2019,SERVICEBRANCHCHENNAICHEQUEDEPO00458261CRTAMILNADMERCANTILEBANK0446CTSG458261 TMB,,11354,2394771.09,CHQ,2394771.09,0
24-07-2019,SERVICEBRANCHCHENNAICHEQUEDEPO00118518CRUTIBANKLTD0446CTSG,,4114,2398885.09,CHQ,2398885.09,0
24-07-2019,SERVICEBRANCHCHENNAICHEQUEDEPO00933342CR2340446CTSG,,2558,2401443.09,CHQ,2401443.09,0
24-07-2019,SERVICEBRANCHCHENNAICHEQUEDEPO00022583CRANDHRABANK0446CTSG022583 ANB,,11270,2412713.09,CHQ,2412713.09,0
24-07-2019,SERVICEBRANCHCHENNAICHEQUEDEPO00783426CRSTATEBANKOFINDIA0446CTSG783426 SBI,,7800,2420513.09,CHQ,2420513.09,0
24-07-2019,SERVICEBRANCHCHENNAICHEQUEDEPO00001737CRKARURVYSYABANKLTD0446CTSCLG001737CLG001737 KVB,,29519,2450032.09,CHQ,2450032.09,0
24-07-2019,MUMBAIFORTC ACFEESCRKARUVALURMARIA9369TRANSFER26,,12161,2462193.09,TRANSFER,2462193.09,0
24-07-2019,ATMSERVICEBYTRANSFERCRBRANCH IMPS 428 ASsupermarketRedBullTRANSFER61,,3000,2465193.09,IMPS,2465193.09,0
24-07-2019,MUMBAIFORTWITHDRAWALTRANSFERCRREDBULLINDIAP932TRANSFER24,200013,,2265180.09,TRANSFER,2265180.09,0
24-07-2019,MUMBAIFORTWITHDRAWALTRANSFERMARSINTERNATIONAIDIBH19205313050CRTRANSFER24,500028,,1765152.09,TRANSFER,1765152.09,0
25-07-2019,SERVICEBRANCHCHENNAICHEQUEDEPO00023693CR2400446CTSG,,5296,1770448.09,CHQ,1770448.09,0
25-07-2019,SERVICEBRANCHCHENNAICHEQUEDEPO00294335CRUTIBANKLTD0446CTSG,,720,1771168.09,CHQ,1771168.09,0
25-07-2019,SERVICEBRANCHCHENNAICHEQUEDEPO00095273CRTAMILNADMERCANTILEBANK0446CTSG095273 TMB,,603,1771771.09,CHQ,1771771.09,0
25-07-2019,SERVICEBRANCHCHENNAICHEQUEDEPO00000121CR7560446CTSG,,2601,1774372.09,CHQ,1774372.09,0
25-07-2019,SERVICEBRANCHCHENNAICHEQUEDEPO00294421CRUTIBANKLTD0446CTSG,,6186,1780558.09,CHQ,1780558.09,0
25-07-2019,SERVICEBRANCHCHENNAICHEQUEDEPO00390423CRINDIANOVERSEASBANK0446CTSG390423 IOB,,2083,1782641.09,CHQ,1782641.09,0
25-07-2019,SERVICEBRANCHCHENNAICHEQUEDEPO00642867CRTAMILNADMERCANTILEBANK0446CTSG642867 TMB,,5058,1787699.09,OUTWARD-RETURN,1787699.09,0
25-07-2019,SERVICEBRANCHCHENNAICHEQUEDEPO00889119CRUNITEDBANKOFINDIA0446CTSCLG889119CLG,,7905,1795604.09,CHQ,1795604.09,0
25-07-2019,TIRUMANGALAMBYCHQ TTTFRCRKISHOREMARKETING,,1565,1797169.09,CHQ,1797169.09,0
25-07-2019,MUMBAIFORTC ACFEESCRVENKATESWARA193405TRANSFER24,,3725,1800894.09,TRANSFER,1800894.09,0
25-07-2019,TIRUMANGALAMCASHDEPOSITCRDepositbySELF,,319000,2119894.09,CASH,2119894.09,0
25-07-2019,MUMBAIFORTC ACFEESCRLIMRASENTE9302TRANSFE120,,2844,2122738.09,TRANSFER,2122738.09,0
25-07-2019,MUMBAIFORTC ACFEESCRBANKOFBARODAFO235TRANSFER25,,1170,2123908.09,TRANSFER,2123908.09,0
25-07-2019,SERVICEBRANCHCHENNAIOUTCHQRETCRExceedsarrangement,5058,,2118850.09,OUTWARD-RETURN,2118850.09,0
25-07-2019,SERVICEBRANCHCHENNAICHQDISHONOURCR,250,,2118600.09,INWARD-CHARGES,2118600.09,0
25-07-2019,MUMBAIFORTC ACFEESKPNCRFARMFRESH760TRANSFER29,,764,2119364.09,TRANSFER,2119364.09,0
25-07-2019,MUMBAIFORTC ACFEESCRAMMANFRUITS111TRANSFER21,,15724,2135088.09,TRANSFER,2135088.09,0
25-07-2019,MUMBAIFORTC ACFEESCRANNANAGARSUPE3672TRANSFER27,,20813,2155901.09,TRANSFER,2155901.09,0
25-07-2019,CASHDEPCRCHRGSOTHER,119,,2155782.09,DEPOSIT-CHARGES,2155782.09,0
26-07-2019,SERVICEBRANCHCHENNAITOCLGCHQ00898745CRCAVINKAREPVTLTD,368063,,1787719.09,CHQ,1787719.09,0
26-07-2019,COREBANKINGWITHDRAWALTRANSFERCRDATACENTREGSTPAYATRANSFERTO,4348,,1783371.09,GST,1783371.09,0
26-07-2019,COREBANKINGWITHDRAWALTRANSFERCRDATACENTREGSTPAYBTRANSFERTO,23947,,1759424.09,GST,1759424.09,0
26-07-2019,COREBANKINGWITHDRAWALTRANSFERCRDATACENTREGSTPAYATRANSFERTO,42504,,1716920.09,GST,1716920.09,0
26-07-2019,SERVICEBRANCHCHENNAICHEQUEDEPO00673221CRCORPORATIONBANK0446CTSG,,21879,1738799.09,CHQ,1738799.09,0
26-07-2019,SERVICEBRANCHCHENNAICHEQUEDEPO00000634CRUCOBANK0446CTSCLG000634CLG000634 UCO,,5941,1744740.09,CHQ,1744740.09,0
26-07-2019,SERVICEBRANCHCHENNAICHEQUEDEPO00000231CRCITYUNIONBANKLTD0446CTSCLG000231CLG000231 CUB,,740,1745480.09,CHQ,1745480.09,0
26-07-2019,SERVICEBRANCHCHENNAICHEQUEDEPO00110143CRBANKOFMAHARASHTRA0446CTSG110143 BOM,,14323,1759803.09,CHQ,1759803.09,0
26-07-2019,SERVICEBRANCHCHENNAICHEQUEDEPO00001240CR7500446CTSGAN,,8301,1768104.09,CHQ,1768104.09,0
26-07-2019,SERVICEBRANCHCHENNAICHEQUEDEPO00294420CRUTIBANKLTD0446CTSG,,10000,1778104.09,CHQ,1778104.09,0
26-07-2019,SERVICEBRANCHCHENNAICHEQUEDEPO00900316CRCANARABANK0446CTSG900316 CAB,,1879,1779983.09,CHQ,1779983.09,0
26-07-2019,SERVICEBRANCHCHENNAICHEQUEDEPO00003777CRANDHRABANK0446CTSG003777 ANB,,9704,1789687.09,CHQ,1789687.09,0
26-07-2019,TIRUMANGALAMBYCHQ TTTFRCRKOKPAZHAMUDIRTOKISHOREMKTG,,3774,1793461.09,CHQ,1793461.09,0
26-07-2019,TIRUMANGALAMCASHDEPOSITCRDepositbySELF,,150000,1943461.09,CASH,1943461.09,0
26-07-2019,MUMBAIFORTWITHDRAWALTRANSFERMARSINTERNATIONAIDIBH19207391616CRTRANSFER24,600028,,1343433.09,TRANSFER,1343433.09,0
26-07-2019,MUMBAIFORTC ACFEESCRSANTHOSHSUPERM698TRANSFER23,,433,1343866.09,TRANSFER,1343866.09,0
28-07-2019,ATMSERVICEBYTRANSFERCRBRANCH IMPS 044 MBKUMARANMEDICALSSTRANSFE461,,1429,1345295.09,IMPS,1345295.09,0
29-07-2019,MUMBAIFORTC ACFEESCRSANTHOSHSUPERM085TRANSFER25,,4671,1349966.09,TRANSFER,1349966.09,0
29-07-2019,MUMBAIFORTC ACFEESCRVIKPRIHOME01DCTRANSFE121,,5439,1355405.09,TRANSFER,1355405.09,0
29-07-2019,MUMBAIFORTWITHDRAWALTRANSFERCRREDBULLINDIAP436TRANSFER24,86005,,1269400.09,TRANSFER,1269400.09,0
29-07-2019,TIRUMANGALAMCASHDEPOSITCRDepositbySELF,,140000,1409400.09,CASH,1409400.09,0
29-07-2019,TIRUMANGALAMBYCHQ TTTFRCRON5TOKISHOREMKTG,,2457,1411857.09,CHQ,1411857.09,0
29-07-2019,TIRUMANGALAMBYCHQ TTTFRCRDHANATOKISHOREMKTG,,2736,1414593.09,CHQ,1414593.09,0
29-07-2019,SERVICEBRANCHCHENNAICHEQUEDEPO00000048CR2400446CTSG,,7385,1421978.09,CHQ,1421978.09,0
29-07-2019,SERVICEBRANCHCHENNAICHEQUEDEPO00001241CR7500446CTSGAN,,8299,1430277.09,CHQ,1430277.09,0
29-07-2019,SERVICEBRANCHCHENNAICHEQUEDEPO00381228CRSYNDICATEBANK0446CTSG381228 SYB,,7290,1437567.09,CHQ,1437567.09,0
29-07-2019,SERVICEBRANCHCHENNAICHEQUEDEPO00294419CRUTIBANKLTD0446CTSG,,10000,1447567.09,CHQ,1447567.09,0
29-07-2019,SERVICEBRANCHCHENNAICHEQUEDEPO00925683CRSTATEBANKOFINDIA0446CTSG925683 SBI,,2551,1450118.09,CHQ,1450118.09,0
29-07-2019,SERVICEBRANCHCHENNAICHEQUEDEPO00049946CRINDIANOVERSEASBANK0446CTSG049946 IOB,,14598,1464716.09,CHQ,1464716.09,0
29-07-2019,SERVICEBRANCHCHENNAICHEQUEDEPO00001452CRKARURVYSYABANKLTD0446CTSCLG001452CLG001452 KVB,,8718,1473434.09,CHQ,1473434.09,0
29-07-2019,SERVICEBRANCHCHENNAICHEQUEDEPO00020375CRORIENTALBANKOFCOMMERCE0446CTSG020375 OBC,,3261,1476695.09,CHQ,1476695.09,0
29-07-2019,MUMBAIFORTC ACFEESCRSANTHOSHSUPERM657TRANSFER27,,4203,1480898.09,TRANSFER,1480898.09,0
29-07-2019,MUMBAIFORTWITHDRAWALTRANSFERINBISCOCRINDIAPV010TRANSFER24,162013,,1318885.09,TRANSFER,1318885.09,0
29-07-2019,MUMBAIFORTC ACFEESCRLIMRASENTE6072TRANSFE127,,5277,1324162.09,TRANSFER,1324162.09,0
29-07-2019,MUMBAIFORTC ACFEESCRPONNUSUPER6569652TRANSFER27,,3377,1327539.09,TRANSFER,1327539.09,0
30-07-2019,MUMBAIFORTC ACFEESCRSARAVANAST6756600TRANSFER23,,42376,1369915.09,TRANSFER,1369915.09,0
30-07-2019,MUMBAIFORTWITHDRAWALTRANSFERHECTORBEVERAGESPIDIBH19211485804CRTRANSFER24,310228,,1059687.09,TRANSFER,1059687.09,0
30-07-2019,TIRUMANGALAMCASHDEPOSITCRDepositbySELF,,335000,1394687.09,CASH,1394687.09,0
30-07-2019,SERVICEBRANCHCHENNAICHEQUEDEPO00007373CRICICIBANKINGCORPORATION0446CTSG,,5012,1399699.09,CHQ,1399699.09,0
30-07-2019,SERVICEBRANCHCHENNAICHEQUEDEPO00201497CRTAMILNADMERCANTILEBANK0446CTSG201497 TMB,,5690,1405389.09,CHQ,1405389.09,0
30-07-2019,SERVICEBRANCHCHENNAICHEQUEDEPO00302688CRTAMILNADMERCANTILEBANK0446CTSG302688 TMB,,2245,1407634.09,CHQ,1407634.09,0
30-07-2019,SERVICEBRANCHCHENNAICHEQUEDEPO00021942CR0720446CTSG021942 DCB,,7770,1415404.09,CHQ,1415404.09,0
30-07-2019,SERVICEBRANCHCHENNAICHEQUEDEPO00000388CRANDHRABANK0446CTSG000388 ANB,,10473,1425877.09,CHQ,1425877.09,0
30-07-2019,MUMBAIFORTC ACFEESCRSANTHOSHSUPERM334TRANSFER23,,1904,1427781.09,TRANSFER,1427781.09,0
30-07-2019,MUMBAIFORTC ACFEESCRSANTHOSHSUPERM653TRANSFER20,,1419,1429200.09,TRANSFER,1429200.09,0
30-07-2019,MUMBAIFORTC ACFEESCRSANTHOSHSUPERM875TRANSFER23,,9034,1438234.09,TRANSFER,1438234.09,0
30-07-2019,MUMBAIFORTC ACFEESCRSANTHOSHSUPERM101TRANSFER21,,209,1438443.09,TRANSFER,1438443.09,0
30-07-2019,SERVICEBRANCHCHENNAICHEQUEDEPO00000804CRKARURVYSYABANKLTD0446CTSCLG000804CLG000804 KVB,,762,1439205.09,OUTWARD-RETURN,1439205.09,0
30-07-2019,SERVICEBRANCHCHENNAICHEQUEDEPO00214337CRINDIANOVERSEASBANK,,8998,1448203.09,CHQ,1448203.09,0
30-07-2019,SERVICEBRANCHCHENNAICHEQUEDEPO00690298CRSTATEBANKOFINDIA0446CTSG690298 SBI,,1064,1449267.09,CHQ,1449267.09,0
30-07-2019,SERVICEBRANCHCHENNAICHEQUEDEPO00185047CRTAMILNADMERCANTILEBANK0446CTSG185047 TMB,,1287,1450554.09,CHQ,1450554.09,0
30-07-2019,SERVICEBRANCHCHENNAICHEQUEDEPO00002748CRKARURVYSYABANKLTD0446CTSCLG002748CLG002748 KVB,,2717,1453271.09,CHQ,1453271.09,0
30-07-2019,SERVICEBRANCHCHENNAICHEQUEDEPO00764928CRSTATEBANKOFINDIA0446CTSG764928 SBI,,2154,1455425.09,CHQ,1455425.09,0
30-07-2019,SERVICEBRANCHCHENNAICHEQUEDEPO00542900CR0290446CTSG542900 VJB,,8910,1464335.09,CHQ,1464335.09,0
30-07-2019,SERVICEBRANCHCHENNAICHEQUEDEPO00042120CRANDHRABANK0446CTSG042120 ANB,,7212,1471547.09,CHQ,1471547.09,0
30-07-2019,SERVICEBRANCHCHENNAICHEQUEDEPO00217692CRVIJAYABANK0446CTSG217692 VJB,,29522,1501069.09,CHQ,1501069.09,0
30-07-2019,SERVICEBRANCHCHENNAICHEQUEDEPO00860493CRINDIANOVERSEASBANK0446CTSG860493 IOB,,1395,1502464.09,CHQ,1502464.09,0
30-07-2019,SERVICEBRANCHCHENNAIOUTCHQRETCRFundsinsufficient,762,,1501702.09,OUTWARD-RETURN,1501702.09,0
30-07-2019,SERVICEBRANCHCHENNAICHQDISHONOURCR,250,,1501452.09,INWARD-CHARGES,1501452.09,0
30-07-2019,CASHDEPCRCHRGSOTHER,135,,1501317.09,DEPOSIT-CHARGES,1501317.09,0
31-07-2019,MUMBAIFORTC ACFEESCRMCRENNETTF8020260TRANSFER23,,2463,1503780.09,TRANSFER,1503780.09,0
31-07-2019,MUMBAIFORTWITHDRAWALTRANSFERINVENTZLIFESCIENIDIBH19212140985CRTRANSFER24,21285,,1482495.09,TRANSFER,1482495.09,0
31-07-2019,TIRUMANGALAMCASHDEPOSITCRDepositbySELF,,115000,1597495.09,CASH,1597495.09,0
31-07-2019,MUMBAIFORTC ACFEESCRBANKOFBARODAFO364TRANSFER23,,7385,1604880.09,TRANSFER,1604880.09,0
31-07-2019,MUMBAIFORTWITHDRAWALTRANSFERHECTORBEVERAGESPIDIBH19212173173CRTRANSFER24,75005,,1529875.09,TRANSFER,1529875.09,0
01-08-2019,SERVICEBRANCHCHENNAITOCLGCHQ00898742CRSECEDCWEST,3892,,1525983.09,CHQ,1525983.09,0
01-08-2019,MUMBAIFORTC ACFEESCRELLIOTFOODS193TRANSFER26,,1140,1527123.09,TRANSFER,1527123.09,0
01-08-2019,SERVICEBRANCHCHENNAICHEQUEDEPO00658758CRTAMILNADMERCANTILEBANK0446CTSG658758 TMB,,70619.69,1597742.78,CHQ,1597742.78,0
01-08-2019,SERVICEBRANCHCHENNAICHEQUEDEPO00000329CR2400446CTSG,,8839,1606581.78,CHQ,1606581.78,0
01-08-2019,SERVICEBRANCHCHENNAICHEQUEDEPO00021943CR0720446CTSG021943 DCB,,7780,1614361.78,CHQ,1614361.78,0
01-08-2019,MUMBAIFORTC ACFEESCRSANTHOSHSUPERM922TRANSFER21,,22602,1636963.78,TRANSFER,1636963.78,0
01-08-2019,MUMBAIFORTC ACFEESCRSANTHOSHSUPERM727TRANSFER21,,4647,1641610.78,TRANSFER,1641610.78,0
01-08-2019,SERVICEBRANCHCHENNAICHEQUEDEPO00001946CRKARURVYSYABANKLTD0446CTSCLG001946CLG001946 KVB,,1785,1643395.78,CHQ,1643395.78,0
01-08-2019,SERVICEBRANCHCHENNAICHEQUEDEPO00041451CRKARNATAKABANKLTD,,13752,1657147.78,CHQ,1657147.78,0
01-08-2019,SERVICEBRANCHCHENNAICHEQUEDEPO00735241CR,,5100,1662247.78,CHQ,1662247.78,0
01-08-2019,SERVICEBRANCHCHENNAICHEQUEDEPO00041639CRBANKOFINDIA0446CTSG041639 BOI,,5298,1667545.78,CHQ,1667545.78,0
01-08-2019,SERVICEBRANCHCHENNAICHEQUEDEPO00986548CRINDIANOVERSEASBANK0446CTSG986548 IOB,,3039,1670584.78,CHQ,1670584.78,0
01-08-2019,SERVICEBRANCHCHENNAICHEQUEDEPO00000606CRCITYUNIONBANKLTD0446CTSCLG000606CLG000606 CUB,,1173,1671757.78,CHQ,1671757.78,0
01-08-2019,SERVICEBRANCHCHENNAICHEQUEDEPO00296542CR2590446CTSG,,3003,1674760.78,CHQ,1674760.78,0
01-08-2019,SERVICEBRANCHCHENNAICHEQUEDEPO00022254CR0720446CTSG022254 DCB,,473,1675233.78,CHQ,1675233.78,0
01-08-2019,SERVICEBRANCHCHENNAICHEQUEDEPO00000062CR4850446CTSG000062 KMB,,1026,1676259.78,CHQ,1676259.78,0
01-08-2019,SERVICEBRANCHCHENNAICHEQUEDEPO00193025CR2590446CTSG,,3097,1679356.78,CHQ,1679356.78,0
01-08-2019,SERVICEBRANCHCHENNAICHEQUEDEPO00022668CRANDHRABANK0446CTSCHQ02266,,11618,1690974.78,CHQ,1690974.78,0
01-08-2019,SERVICEBRANCHCHENNAICHEQUEDEPO00021944CR0720446CTSG021944 DCB,,7788,1698762.78,CHQ,1698762.78,0
01-08-2019,SERVICEBRANCHCHENNAICHEQUEDEPO00005011CR2400446CTSG,,10150,1708912.78,CHQ,1708912.78,0
01-08-2019,SERVICEBRANCHCHENNAICHEQUEDEPO00042125CRANDHRABANK0446CTSG042125 ANB,,1894,1710806.78,CHQ,1710806.78,0
01-08-2019,SERVICEBRANCHCHENNAICHEQUEDEPO00000039CR2400446CTSG,,5504,1716310.78,CHQ,1716310.78,0
01-08-2019,SERVICEBRANCHCHENNAICHEQUEDEPO00000073CR4850446CTSG000073 KMB,,1372,1717682.78,OUTWARD-RETURN,1717682.78,0
01-08-2019,SERVICEBRANCHCHENNAICHEQUEDEPO00214191CRINDIANOVERSEASBANK0446CTSG214191 IOB,,1894,1719576.78,CHQ,1719576.78,0
01-08-2019,SERVICEBRANCHCHENNAICHEQUEDEPO00472748CRSYNDICATEBANK0446CTSG472748 SYB,,1788,1721364.78,CHQ,1721364.78,0
01-08-2019,SERVICEBRANCHCHENNAICHEQUEDEPO00294376CRUTIBANKLTD0446CTSG,,8132,1729496.78,CHQ,1729496.78,0
01-08-2019,SERVICEBRANCHCHENNAICHEQUEDEPO00233651CRUTIBANKLTD0446CTSG,,7751,1737247.78,CHQ,1737247.78,0
01-08-2019,SERVICEBRANCHCHENNAICHEQUEDEPO00191860CRTAMILNADMERCANTILEBANK0446CTSG191860 TMB,,2154,1739401.78,CHQ,1739401.78,0
01-08-2019,SERVICEBRANCHCHENNAICHEQUEDEPO00002292CRANDHRABANK0446CTSG002292 ANB,,1081,1740482.78,OUTWARD-RETURN,1740482.78,0
01-08-2019,SERVICEBRANCHCHENNAICHEQUEDEPO00118522CRUTIBANKLTD0446CTSG,,3771,1744253.78,CHQ,1744253.78,0
01-08-2019,SERVICEBRANCHCHENNAICHEQUEDEPO00002129CR2400446CTSG,,9473,1753726.78,CHQ,1753726.78,0
01-08-2019,SERVICEBRANCHCHENNAIOUTCHQRETCRFundsinsufficient,1372,,1752354.78,OUTWARD-RETURN,1752354.78,0
01-08-2019,SERVICEBRANCHCHENNAICHQDISHONOURCR,250,,1752104.78,INWARD-CHARGES,1752104.78,0
01-08-2019,SERVICEBRANCHCHENNAIOUTCHQRETCRFundsinsufficient,1081,,1751023.78,OUTWARD-RETURN,1751023.78,0
01-08-2019,SERVICEBRANCHCHENNAICHQDISHONOURCR,250,,1750773.78,INWARD-CHARGES,1750773.78,0
01-08-2019,MUMBAIFORTC ACFEESCRAMMANFRUITS984TRANSFER25,,30007,1780780.78,TRANSFER,1780780.78,0
02-08-2019,SERVICEBRANCHCHENNAITOCLGCHQ00898727CRSECEDCWEST,36719,,1744061.78,CHQ,1744061.78,0
02-08-2019,SERVICEBRANCHCHENNAICHEQUEDEPO00002819CRKARURVYSYABANKLTD0446CTSCLG002819CLG002819 KVB,,130,1744191.78,CHQ,1744191.78,0
02-08-2019,SERVICEBRANCHCHENNAICHEQUEDEPO00042344CRANDHRABANK0446CTSG042344 ANB,,1298,1745489.78,CHQ,1745489.78,0
02-08-2019,SERVICEBRANCHCHENNAICHEQUEDEPO00003180CR4850446CTSG003180 KMB,,8268,1753757.78,CHQ,1753757.78,0
02-08-2019,SERVICEBRANCHCHENNAICHEQUEDEPO00022648CRANDHRABANK,,2067,1755824.78,CHQ,1755824.78,0
02-08-2019,SERVICEBRANCHCHENNAICHEQUEDEPO00216106CRFEDERALBANKLTD0446CTSG216106 FBI,,8234,1764058.78,CHQ,1764058.78,0
02-08-2019,SERVICEBRANCHCHENNAICHEQUEDEPO00000036CR2400446CTSG,,6905,1770963.78,CHQ,1770963.78,0
02-08-2019,SERVICEBRANCHCHENNAICHEQUEDEPO00005850CRANDHRABANK0446CTSG005850 ANB,,3100,1774063.78,CHQ,1774063.78,0
02-08-2019,SERVICEBRANCHCHENNAICHEQUEDEPO00049950CRINDIANOVERSEASBANK0446CTSG049950 IOB,,4186,1778249.78,CHQ,1778249.78,0
02-08-2019,TIRUMANGALAMCASHDEPOSITCRDepositbySELF,,500000,2278249.78,CASH,2278249.78,0
02-08-2019,MUMBAIFORTC ACFEESCRSANTHOSHSUPERM003TRANSFER21,,7681,2285930.78,TRANSFER,2285930.78,0
02-08-2019,MUMBAIFORTWITHDRAWALTRANSFERMARSINTERNATIONAIDIBH19214294091CRTRANSFER24,800028,,1485902.78,TRANSFER,1485902.78,0
02-08-2019,MUMBAIFORTC ACFEESCRANNANAGARSUPE0071TRANSFER21,,1880,1487782.78,TRANSFER,1487782.78,0
02-08-2019,CASHDEPCRCHRGSOTHER,300,,1487482.78,DEPOSIT-CHARGES,1487482.78,0
03-08-2019,MUMBAIFORTC ACFEESCRPONNUSUPER2186318TRANSFER25,,14273,1501755.78,TRANSFER,1501755.78,0
03-08-2019,MUMBAIFORTC ACFEESKPNCRFARMFRESH622TRANSFER23,,4849,1506604.78,TRANSFER,1506604.78,0
05-08-2019,COREBANKINGWITHDRAWALTRANSFERTECHPROCESS867998298 BharatCRDATACENTREPetroleumCorporationTRANSFERTO,10008.26,,1496596.52,ONLINE-PAYMENT,1496596.52,0
05-08-2019,SERVICEBRANCHCHENNAICHEQUEDEPO00003808CRUTIBANKLTD0446CTSG,,28890,1525486.52,CHQ,1525486.52,0
05-08-2019,SERVICEBRANCHCHENNAICHEQUEDEPO00022167CRICICIBANKINGCORPORATION0446CTSG,,120000,1645486.52,CHQ,1645486.52,0
05-08-2019,SERVICEBRANCHCHENNAICHEQUEDEPO00022715CRANDHRABANK0446CTSG022715 ANB,,5820,1651306.52,CHQ,1651306.52,0
05-08-2019,SERVICEBRANCHCHENNAICHEQUEDEPO00471235CR2340446CTSG,,4675,1655981.52,CHQ,1655981.52,0
05-08-2019,SERVICEBRANCHCHENNAICHEQUEDEPO00000900CR4850446CTSG000900 KMB,,9460,1665441.52,CHQ,1665441.52,0
05-08-2019,SERVICEBRANCHCHENNAICHEQUEDEPO00023694CR2400446CTSG,,8393,1673834.52,CHQ,1673834.52,0
05-08-2019,SERVICEBRANCHCHENNAICHEQUEDEPO00143057CRUNIONBANKOFINDIA0446CTSG143057 UBI,,4960,1678794.52,OUTWARD-RETURN,1678794.52,0
05-08-2019,SERVICEBRANCHCHENNAICHEQUEDEPO00002824CRKARURVYSYABANKLTD0446CTSCLG002824CLG002824 KVB,,4709,1683503.52,CHQ,1683503.52,0
05-08-2019,SERVICEBRANCHCHENNAICHEQUEDEPO00126802CRUTIBANKLTD0446CTSG,,1396,1684899.52,CHQ,1684899.52,0
05-08-2019,SERVICEBRANCHCHENNAICHEQUEDEPO00004491CR2400446CTSG,,10075,1694974.52,CHQ,1694974.52,0
05-08-2019,SERVICEBRANCHCHENNAICHEQUEDEPO00666676CRTAMILNADMERCANTILEBANK0446CTSG666676 TMB,,360,1695334.52,CHQ,1695334.52,0
05-08-2019,SERVICEBRANCHCHENNAICHEQUEDEPO00591643CR2590446CTSG,,698,1696032.52,CHQ,1696032.52,0
05-08-2019,SERVICEBRANCHCHENNAICHEQUEDEPO00000063CR2400446CTSG,,487,1696519.52,CHQ,1696519.52,0
05-08-2019,SERVICEBRANCHCHENNAICHEQUEDEPO00004896CRANDHRABANK0446CTSG004896 ANB,,1230,1697749.52,CHQ,1697749.52,0
05-08-2019,SERVICEBRANCHCHENNAICHEQUEDEPO00850538CRTAMILNADUSTATEAPEXCOO0446CTSG,,1565,1699314.52,CHQ,1699314.52,0
05-08-2019,TIRUMANGALAMBYCHQ TTTFRCRACTFR,,1933,1701247.52,CHQ,1701247.52,0
05-08-2019,TIRUMANGALAMBYCHQ TTTFRCRACTFR,,2896,1704143.52,CHQ,1704143.52,0
05-08-2019,MUMBAIFORTWITHDRAWALTRANSFERBKarthikeyanIDIBH19217381793CRTRANSFER24,200013,,1504130.52,TRANSFER,1504130.52,0
05-08-2019,MUMBAIFORTC ACFEESCRLIMRASENTE4125TRANSFE126,,7712,1511842.52,TRANSFER,1511842.52,0
05-08-2019,MUMBAIFORTC ACFEESCRSANTHOSHSUPERM350TRANSFER27,,9536,1521378.52,TRANSFER,1521378.52,0
05-08-2019,SERVICEBRANCHCHENNAIOUTCHQRETCRFundsinsufficient,4960,,1516418.52,OUTWARD-RETURN,1516418.52,0
05-08-2019,SERVICEBRANCHCHENNAICHQDISHONOURCR,250,,1516168.52,INWARD-CHARGES,1516168.52,0
05-08-2019,MUMBAIFORTC ACFEESMRCRVBALAKUMARQ566TRANSFER23,,9533,1525701.52,TRANSFER,1525701.52,0
06-08-2019,MUMBAIFORTC ACFEESCRANNAISUPERMAR2457TRANSFER21,,5082,1530783.52,TRANSFER,1530783.52,0
06-08-2019,SERVICEBRANCHCHENNAITOCLGCHQ00898749CRCAVINKAREPVTLTD,48636,,1482147.52,CHQ,1482147.52,0
06-08-2019,SERVICEBRANCHCHENNAICHEQUEDEPO00003076CRKARURVYSYABANKLTD0446CTSCLG003076CLG003076 KVB,,1278,1483425.52,CHQ,1483425.52,0
06-08-2019,SERVICEBRANCHCHENNAICHEQUEDEPO00023932CR,,1256,1484681.52,CHQ,1484681.52,0
06-08-2019,SERVICEBRANCHCHENNAICHEQUEDEPO00472747CRSYNDICATEBANK0446CTSG472747 SYB,,2721,1487402.52,OUTWARD-RETURN,1487402.52,0
06-08-2019,SERVICEBRANCHCHENNAICHEQUEDEPO00042262CRANDHRABANK0446CTSG042262 ANB,,5073,1492475.52,CHQ,1492475.52,0
06-08-2019,SERVICEBRANCHCHENNAICHEQUEDEPO00000048CR2400446CTSG,,2557,1495032.52,CHQ,1495032.52,0
06-08-2019,SERVICEBRANCHCHENNAICHEQUEDEPO00000003CR7560446CTSG,,28250,1523282.52,CHQ,1523282.52,0
06-08-2019,SERVICEBRANCHCHENNAICHEQUEDEPO00001931CRUTIBANKLTD0446CTSG,,1400,1524682.52,CHQ,1524682.52,0
06-08-2019,SERVICEBRANCHCHENNAICHEQUEDEPO00001595CRKARURVYSYABANKLTD0446CTSCLG001595CLG001595 KVB,,18327,1543009.52,CHQ,1543009.52,0
06-08-2019,SERVICEBRANCHCHENNAICHEQUEDEPO00844054CRTAMILNADMERCANTILEBANK0446CTSG844054 TMB,,1409,1544418.52,CHQ,1544418.52,0
06-08-2019,SERVICEBRANCHCHENNAICHEQUEDEPO00010774CRSOUTHINDIANBANKLTD0446CTSCLG010774CLG010774 SIB,,3871,1548289.52,CHQ,1548289.52,0
06-08-2019,SERVICEBRANCHCHENNAICHEQUEDEPO00474522CRSOUTHINDIANBANKLTD0446CTSCLG474522CLG474522 SIB,,13101,1561390.52,CHQ,1561390.52,0
06-08-2019,SERVICEBRANCHCHENNAICHEQUEDEPO00002382CRANDHRABANK0446CTSCHQ4082,,12192,1573582.52,CHQ,1573582.52,0
06-08-2019,SERVICEBRANCHCHENNAICHEQUEDEPO00742278CRINDIANOVERSEASBANK0446CTSG742278 IOB,,2301,1575883.52,CHQ,1575883.52,0
06-08-2019,SERVICEBRANCHCHENNAICHEQUEDEPO00668548CRSTATEBANKOFINDIA0446CTSG668548 SBI,,41520,1617403.52,CHQ,1617403.52,0
06-08-2019,SERVICEBRANCHCHENNAICHEQUEDEPO00997640CRINDIANOVERSEASBANK0446CTSG997640 IOB,,7064,1624467.52,CHQ,1624467.52,0
06-08-2019,SERVICEBRANCHCHENNAICHEQUEDEPO00774393CRUNITEDBANKOFINDIA0446CTSCLG774393CLG,,961,1625428.52,CHQ,1625428.52,0
06-08-2019,SERVICEBRANCHCHENNAICHEQUEDEPO00900406CRCANARABANK0446CTSG900406 CAB,,1367,1626795.52,CHQ,1626795.52,0
06-08-2019,SERVICEBRANCHCHENNAICHEQUEDEPO00293236CRUTIBANKLTD,,14421,1641216.52,CHQ,1641216.52,0
06-08-2019,SERVICEBRANCHCHENNAICHEQUEDEPO00471238CR2340446CTSG,,1200,1642416.52,CHQ,1642416.52,0
06-08-2019,SERVICEBRANCHCHENNAICHEQUEDEPO00002836CRKARURVYSYABANKLTD0446CTSCLG002836CLG002836 KVB,,2491,1644907.52,CHQ,1644907.52,0
06-08-2019,SERVICEBRANCHCHENNAICHEQUEDEPO00806829CRUTIBANKLTD0446CTSG,,550,1645457.52,CHQ,1645457.52,0
06-08-2019,SERVICEBRANCHCHENNAICHEQUEDEPO00001173CRBANKOFBARODA0446CTSCLG001173CLG001173 BOB,,1909,1647366.52,CHQ,1647366.52,0
06-08-2019,SERVICEBRANCHCHENNAICHEQUEDEPO00217718CRVIJAYABANK0446CTSG217718 VJB,,34560,1681926.52,CHQ,1681926.52,0
06-08-2019,SERVICEBRANCHCHENNAICHEQUEDEPO00010776CRSOUTHINDIANBANKLTD0446CTSCLG010776CLG010776 SIB,,8987,1690913.52,CHQ,1690913.52,0
06-08-2019,MUMBAIFORTWITHDRAWALTRANSFERHECTORBEVERAGESPIDIBH19218432334CRTRANSFER24,100005,,1590908.52,TRANSFER,1590908.52,0
06-08-2019,TIRUMANGALAMBYCHQ TTTFRCRACTFR,,7501,1598409.52,CHQ,1598409.52,0
06-08-2019,MUMBAIFORTC ACFEESCRSANTHOSHSUPERM608TRANSFER20,,2969,1601378.52,TRANSFER,1601378.52,0
06-08-2019,MUMBAIFORTC ACFEESCRSANTHOSHSUPERM366TRANSFER27,,1979,1603357.52,TRANSFER,1603357.52,0
06-08-2019,SERVICEBRANCHCHENNAIOUTCHQRETCRFundsinsufficient,2721,,1600636.52,OUTWARD-RETURN,1600636.52,0
06-08-2019,SERVICEBRANCHCHENNAICHQDISHONOURCR,250,,1600386.52,INWARD-CHARGES,1600386.52,0
07-08-2019,SERVICEBRANCHCHENNAICHEQUEDEPO00900405CRCANARABANK0446CTSG900405 CAB,,3421,1603807.52,CHQ,1603807.52,0
07-08-2019,SERVICEBRANCHCHENNAICHEQUEDEPO00001529CRKARURVYSYABANKLTD0446CTSCLG001529CLG001529 KVB,,4394,1608201.52,CHQ,1608201.52,0
07-08-2019,SERVICEBRANCHCHENNAICHEQUEDEPO00000053CRUCOBANK0446CTSCLG000053CLG000053 UCO,,1486,1609687.52,CHQ,1609687.52,0
07-08-2019,SERVICEBRANCHCHENNAICHEQUEDEPO00913926CRSYNDICATEBANK0446CTSG913926 SYB,,1295,1610982.52,CHQ,1610982.52,0
07-08-2019,SERVICEBRANCHCHENNAICHEQUEDEPO00227623CRUTIBANKLTD0446CTSG,,25156,1636138.52,CHQ,1636138.52,0
07-08-2019,SERVICEBRANCHCHENNAICHEQUEDEPO00000797CRICICIBANKINGCORPORATION0446CTSG,,1432,1637570.52,CHQ,1637570.52,0
07-08-2019,SERVICEBRANCHCHENNAICHEQUEDEPO00002871CRUTIBANKLTD0446CTSG,,2428,1639998.52,CHQ,1639998.52,0
07-08-2019,SERVICEBRANCHCHENNAICHEQUEDEPO00933361CR2340446CTSG,,2140,1642138.52,CHQ,1642138.52,0
07-08-2019,SERVICEBRANCHCHENNAICHEQUEDEPO00000345CR7560446CTSG,,1039,1643177.52,CHQ,1643177.52,0
07-08-2019,TIRUMANGALAMCASHDEPOSITCRDepositbySELF,,220000,1863177.52,CASH,1863177.52,0
07-08-2019,ATMSERVICEBYTRANSFERCRBRANCH IMPS 206 ASsupermarketredbullTRANSFER61,,2712,1865889.52,IMPS,1865889.52,0
07-08-2019,MUMBAIFORTC ACFEESCRHECTORBEVER1208385TRANSFER25,,14032,1879921.52,TRANSFER,1879921.52,0
07-08-2019,MUMBAIFORTC ACFEESCRHECTORBEVER1208760TRANSFER26,,11613,1891534.52,TRANSFER,1891534.52,0
07-08-2019,MUMBAIFORTC ACFEESCRHECTORBEVER1208455TRANSFER24,,15000,1906534.52,TRANSFER,1906534.52,0
07-08-2019,MUMBAIFORTC ACFEESCRHECTORBEVER1208422TRANSFER23,,5806,1912340.52,TRANSFER,1912340.52,0
07-08-2019,MUMBAIFORTC ACFEESCRHECTORBEVER1208501TRANSFER21,,10161,1922501.52,TRANSFER,1922501.52,0
07-08-2019,MUMBAIFORTC ACFEESMACCRS071TRANSFER21,,2777,1925278.52,TRANSFER,1925278.52,0
07-08-2019,CASHDEPCRCHRGSOTHER,100,,1925178.52,DEPOSIT-CHARGES,1925178.52,0
08-08-2019,SERVICEBRANCHCHENNAITOCLGCHQ00898748CRCAVINKAREPVTLTD,553409,,1371769.52,CHQ,1371769.52,0
08-08-2019,MUMBAIFORTWITHDRAWALTRANSFERMARSINTERNATIONAIDIBH19220145807CRTRANSFER24,600028,,771741.52,TRANSFER,771741.52,0
08-08-2019,TIRUMANGALAMCASHDEPOSITCRDepositbySELF,,100000,871741.52,CASH,871741.52,0
08-08-2019,MUMBAIFORTC ACFEESCRVIKPRIHOME81DCTRANSFE120,,6471,878212.52,TRANSFER,878212.52,0
08-08-2019,MUMBAIFORTWITHDRAWALTRANSFERCRSNJSugarsandp517TRANSFER24,122661,,755551.52,TRANSFER,755551.52,0
08-08-2019,MUMBAIFORTC ACFEESCRLIMRASENTE4876TRANSFE127,,1385,756936.52,TRANSFER,756936.52,0
08-08-2019,MUMBAIFORTC ACFEESKPNCRFARMFRESHP702TRANSFER24,,1135,758071.52,TRANSFER,758071.52,0
09-08-2019,SERVICEBRANCHCHENNAICHEQUEDEPO00007444CR0540446CTSG007444 CUB,,2208,760279.52,CHQ,760279.52,0
09-08-2019,SERVICEBRANCHCHENNAICHEQUEDEPO00002854CRKARURVYSYABANKLTD0446CTSCLG002854CLG002854 KVB,,2606,762885.52,CHQ,762885.52,0
09-08-2019,SERVICEBRANCHCHENNAICHEQUEDEPO00214508CRINDIANOVERSEASBANK0446CTSG214508 IOB,,1596,764481.52,CHQ,764481.52,0
09-08-2019,SERVICEBRANCHCHENNAICHEQUEDEPO00001989CR2400446CTSG,,2250,766731.52,CHQ,766731.52,0
09-08-2019,SERVICEBRANCHCHENNAICHEQUEDEPO00023350CRUTIBANKLTD0446CTSG,,5375,772106.52,CHQ,772106.52,0
09-08-2019,SERVICEBRANCHCHENNAICHEQUEDEPO00900465CRCANARABANK0446CTSG900465 CAB,,1304,773410.52,CHQ,773410.52,0
09-08-2019,SERVICEBRANCHCHENNAICHEQUEDEPO00001769CRKARURVYSYABANKLTD0446CTSCLG001769CLG001769 KVB,,29519,802929.52,CHQ,802929.52,0
09-08-2019,SERVICEBRANCHCHENNAICHEQUEDEPO00000271CRCITYUNIONBANKLTD0446CTSCLG000271CLG000271 CUB,,465,803394.52,CHQ,803394.52,0
09-08-2019,SERVICEBRANCHCHENNAICHEQUEDEPO00907135CRSTATEBANKOFINDIA0446CTSG907135 SBI,,1478,804872.52,CHQ,804872.52,0
09-08-2019,SERVICEBRANCHCHENNAICHEQUEDEPO00294377CRUTIBANKLTD0446CTSG,,3025,807897.52,CHQ,807897.52,0
09-08-2019,SERVICEBRANCHCHENNAICHEQUEDEPO00042363CRANDHRABANK0446CTSG042363 ANB,,13565,821462.52,CHQ,821462.52,0
09-08-2019,SERVICEBRANCHCHENNAICHEQUEDEPO00216107CRFEDERALBANKLTD0446CTSG216107 FBI,,5002,826464.52,CHQ,826464.52,0
09-08-2019,SERVICEBRANCHCHENNAICHEQUEDEPO00452087CR2590446CTSG,,1264,827728.52,CHQ,827728.52,0
09-08-2019,SERVICEBRANCHCHENNAICHEQUEDEPO00000223CRLAKSHMIVILASBANKLTD0446CTSCLG000223CLG000223 LVB,,1260,828988.52,CHQ,828988.52,0
09-08-2019,SERVICEBRANCHCHENNAICHEQUEDEPO00000123CRINDIANOVERSEASBANK0446CTSG000123 IOB,,939,829927.52,CHQ,829927.52,0
09-08-2019,SERVICEBRANCHCHENNAICHEQUEDEPO00030488CRICICIBANKINGCORPORATION0446CTSG,,822,830749.52,CHQ,830749.52,0
09-08-2019,SERVICEBRANCHCHENNAICHEQUEDEPO00000671CRKARURVYSYABANKLTD0446CTSCLG000671CLG000671 KVB,,3406,834155.52,CHQ,834155.52,0
09-08-2019,SERVICEBRANCHCHENNAICHEQUEDEPO00003249CR2400446CTSG,,1374,835529.52,CHQ,835529.52,0
09-08-2019,SERVICEBRANCHCHENNAICHEQUEDEPO00746376CRSYNDICATEBANK0446CTSG746376 SYB,,690,836219.52,CHQ,836219.52,0
09-08-2019,SERVICEBRANCHCHENNAICHEQUEDEPO00462516CRTAMILNADMERCANTILEBANK0446CTSG462516 TMB,,9004,845223.52,CHQ,845223.52,0
09-08-2019,SERVICEBRANCHCHENNAICHEQUEDEPO00011425CRICICIBANKINGCORPORATION0446CTSG,,11091,856314.52,CHQ,856314.52,0
09-08-2019,SERVICEBRANCHCHENNAICHEQUEDEPO00001981CRICICIBANKINGCORPORATION0446CTSG,,9786,866100.52,CHQ,866100.52,0
09-08-2019,SERVICEBRANCHCHENNAICHEQUEDEPO00457187CR2590446CTSG,,5547,871647.52,CHQ,871647.52,0
09-08-2019,TIRUMANGALAMBYCHQ TTTFRCRaliceflytokishoremktg,,8621,880268.52,CHQ,880268.52,0
09-08-2019,TIRUMANGALAMCASHDEPOSITCRDepositbySELF,,500000,1380268.52,CASH,1380268.52,0
09-08-2019,MUMBAIFORTWITHDRAWALTRANSFERMARSINTERNATIONAIDIBH19221230839CRTRANSFER24,600028,,780240.52,TRANSFER,780240.52,0
09-08-2019,MUMBAIFORTWITHDRAWALTRANSFERINBISCOCRINDIAPV027TRANSFER24,200013,,580227.52,TRANSFER,580227.52,0
09-08-2019,MUMBAIFORTC ACFEESREDCRBULLINDIAP659TRANSFER20,,28080,608307.52,TRANSFER,608307.52,0
09-08-2019,CASHDEPCRCHRGSOTHER,300,,608007.52,DEPOSIT-CHARGES,608007.52,0
12-08-2019,COREBANKINGBYTRANSFERCRDATACENTRETransfer87844kishoreTRANSFE09,,12123,620130.52,TRANSFER,620130.52,0
13-08-2019,MUMBAIFORTC ACFEESCRPONNUSUPERMAR4762TRANSFER25,,10034,630164.52,TRANSFER,630164.52,0
13-08-2019,TIRUMANGALAMBYCHQ TTTFRCRSREEINDIRATOKISHOREMKTG,,1307,631471.52,CHQ,631471.52,0
13-08-2019,TIRUMANGALAMBYCHQ TTTFRCRKOKPAZHAMUDIRTOKISHOREMKTG,,4049,635520.52,CHQ,635520.52,0
13-08-2019,TIRUMANGALAMBYCHQ TTTFRCRALICEFLYTOKISHOREMKTG,,42064,677584.52,CHQ,677584.52,0
13-08-2019,TIRUMANGALAMBYCHQ TTTFRCRON5TOKISHOREMKTG,,1061,678645.52,CHQ,678645.52,0
13-08-2019,TIRUMANGALAMBYCHQ TTTFRCRVALUESUPERTOKISHOREMKTG,,12455,691100.52,CHQ,691100.52,0
13-08-2019,TIRUMANGALAMBYCHQ TTTFRCRAYYANARSUPTOKISHOREMKTG,,1650,692750.52,CHQ,692750.52,0
13-08-2019,TIRUMANGALAMBYCHQ TTTFRCRASRTOKISHOREMKTG,,38661,731411.52,CHQ,731411.52,0
13-08-2019,MUMBAIFORTC ACFEESCRSANTHOSHSUPERM967TRANSFER23,,11145,742556.52,TRANSFER,742556.52,0
13-08-2019,MUMBAIFORTC ACFEESCRLIMRASENTE9699TRANSFE121,,8025,750581.52,TRANSFER,750581.52,0
13-08-2019,MUMBAIFORTC ACFEESCRLIMRASENTE9749TRANSFE121,,702,751283.52,TRANSFER,751283.52,0
13-08-2019,MUMBAIFORTC ACFEESCRKARUVALURMARIA8035TRANSFER26,,4242,755525.52,TRANSFER,755525.52,0
13-08-2019,MUMBAIFORTC ACFEESCRAMMANFRUITS367TRANSFER24,,6674,762199.52,TRANSFER,762199.52,0
14-08-2019,MUMBAIFORTC ACFEESKSCRNSUPERMARK323TRANSFER26,,2484,764683.52,TRANSFER,764683.52,0
14-08-2019,MUMBAIFORTC ACFEESCRAMMANFRUITS448TRANSFER23,,9943,774626.52,TRANSFER,774626.52,0
14-08-2019,COREBANKINGWITHDRAWALTRANSFERTECHPROCESS875138794 BharatCRDATACENTREPetroleumCorporationTRANSFERTO,10008.26,,764618.26,ONLINE-PAYMENT,764618.26,0
14-08-2019,TIRUMANGALAMBYCHQ TTTFRCRALICEFLYTOKISHOREMKTG,,9407,774025.26,CHQ,774025.26,0
14-08-2019,TIRUMANGALAMBYCHQ TTTFRCRBOOBALANTOKISHOREMKTG,,2557,776582.26,CHQ,776582.26,0
14-08-2019,TIRUMANGALAMBYCHQ TTTFRCRCHFOODSTOKISHOREMKTG,,10316,786898.26,CHQ,786898.26,0
14-08-2019,TIRUMANGALAMBYCHQ TTTFRCRCHFOODSTOKISHOREMKTG,,648,787546.26,CHQ,787546.26,0
14-08-2019,MUMBAIFORTC ACFEESCRSANTHOSHSUPERM649TRANSFER24,,5341,792887.26,TRANSFER,792887.26,0
14-08-2019,TIRUMANGALAMCASHDEPOSITCRDepositbySELF,,450000,1242887.26,CASH,1242887.26,0
14-08-2019,MUMBAIFORTWITHDRAWALTRANSFERINBISCOCRINDIAPV582TRANSFER24,100005,,1142882.26,TRANSFER,1142882.26,0
14-08-2019,MUMBAIFORTC ACFEESCRMERCYSUPERMA3625178TRANSFER29,,1350,1144232.26,TRANSFER,1144232.26,0
14-08-2019,MUMBAIFORTC ACFEESCRMERCYSUPERMA3625246TRANSFER23,,680,1144912.26,TRANSFER,1144912.26,0
14-08-2019,SERVICEBRANCHCHENNAICHEQUEDEPO00000116CR2400446CTSG,,3597,1148509.26,CHQ,1148509.26,0
14-08-2019,SERVICEBRANCHCHENNAICHEQUEDEPO00001557CRKARURVYSYABANKLTD0446CTSCLG001557CLG001557 KVB,,5877,1154386.26,CHQ,1154386.26,0
14-08-2019,SERVICEBRANCHCHENNAICHEQUEDEPO00000904CR4850446CTSG000904 KMB,,24452,1178838.26,CHQ,1178838.26,0
14-08-2019,SERVICEBRANCHCHENNAICHEQUEDEPO00000593CRKARURVYSYABANKLTD0446CTSCLG000593CLG000593 KVB,,1300,1180138.26,CHQ,1180138.26,0
14-08-2019,SERVICEBRANCHCHENNAICHEQUEDEPO00000449CR,,2520,1182658.26,CHQ,1182658.26,0
14-08-2019,SERVICEBRANCHCHENNAICHEQUEDEPO00598195CRANDHRABANK,,10438,1193096.26,CHQ,1193096.26,0
14-08-2019,SERVICEBRANCHCHENNAICHEQUEDEPO00373619CR2590446CTSG,,1830,1194926.26,CHQ,1194926.26,0
14-08-2019,SERVICEBRANCHCHENNAICHEQUEDEPO00045259CRSYNDICATEBANK0446CTSG045259 SYB,,7915,1202841.26,CHQ,1202841.26,0
14-08-2019,SERVICEBRANCHCHENNAICHEQUEDEPO00021558CRKARURVYSYABANKLTD0446CTSCLG021558CLG021558 KVB,,7054,1209895.26,CHQ,1209895.26,0
14-08-2019,SERVICEBRANCHCHENNAICHEQUEDEPO00000004CR2400446CTSG,,1000,1210895.26,CHQ,1210895.26,0
14-08-2019,SERVICEBRANCHCHENNAICHEQUEDEPO00889120CRUNITEDBANKOFINDIA0446CTSCLG889120CLG,,4231,1215126.26,CHQ,1215126.26,0
14-08-2019,SERVICEBRANCHCHENNAICHEQUEDEPO00023695CR2400446CTSG,,6142,1221268.26,CHQ,1221268.26,0
14-08-2019,SERVICEBRANCHCHENNAICHEQUEDEPO00937954CRSTATEBANKOFINDIA0446CTSG937954 SBI,,3653,1224921.26,CHQ,1224921.26,0
14-08-2019,SERVICEBRANCHCHENNAICHEQUEDEPO00001021CRICICIBANKINGCORPORATION0446CTSG,,751,1225672.26,CHQ,1225672.26,0
14-08-2019,SERVICEBRANCHCHENNAICHEQUEDEPO00001794CRICICIBANKINGCORPORATION0446CTSCHQ001704,,2000,1227672.26,CHQ,1227672.26,0
14-08-2019,SERVICEBRANCHCHENNAICHEQUEDEPO00000011CRINDIANOVERSEASBANK0446CTSG000011 IOB,,11071,1238743.26,CHQ,1238743.26,0
14-08-2019,SERVICEBRANCHCHENNAICHEQUEDEPO00000128CRKARURVYSYABANKLTD0446CTSCLG000128CLG000128 KVB,,1336,1240079.26,CHQ,1240079.26,0
14-08-2019,SERVICEBRANCHCHENNAICHEQUEDEPO00390598CRINDIANOVERSEASBANK0446CTSG390598 IOB,,2511,1242590.26,CHQ,1242590.26,0
14-08-2019,SERVICEBRANCHCHENNAICHEQUEDEPO00001332CRKARURVYSYABANKLTD,,7000,1249590.26,CHQ,1249590.26,0
14-08-2019,SERVICEBRANCHCHENNAICHEQUEDEPO00000130CRKARURVYSYABANKLTD0446CTSCLG000130CLG000130 KVB,,5188,1254778.26,CHQ,1254778.26,0
14-08-2019,SERVICEBRANCHCHENNAICHEQUEDEPO00227636CRUTIBANKLTD0446CTSG,,18248,1273026.26,CHQ,1273026.26,0
14-08-2019,SERVICEBRANCHCHENNAICHEQUEDEPO00000021CR2400446CTSCHQ00002,,1760,1274786.26,CHQ,1274786.26,0
14-08-2019,SERVICEBRANCHCHENNAICHEQUEDEPO00832664CRCORPORATIONBANK0446CTSG,,19679,1294465.26,CHQ,1294465.26,0
14-08-2019,SERVICEBRANCHCHENNAICHEQUEDEPO00216181CRFEDERALBANKLTD0446CTSG216181 FBI,,7000,1301465.26,CHQ,1301465.26,0
14-08-2019,SERVICEBRANCHCHENNAICHEQUEDEPO00003317CR2400446CTSG,,3083,1304548.26,CHQ,1304548.26,0
14-08-2019,SERVICEBRANCHCHENNAICHEQUEDEPO00959194CRUNITEDBANKOFINDIA0446CTSCLG959194CLG,,2335,1306883.26,CHQ,1306883.26,0
14-08-2019,SERVICEBRANCHCHENNAICHEQUEDEPO00783457CRSTATEBANKOFINDIA0446CTSG783457 SBI,,8568,1315451.26,CHQ,1315451.26,0
14-08-2019,SERVICEBRANCHCHENNAICHEQUEDEPO00004554CR,,5109,1320560.26,CHQ,1320560.26,0
14-08-2019,SERVICEBRANCHCHENNAICHEQUEDEPO00801667CRSYNDICATEBANK0446CTSG801667 SYB,,4568,1325128.26,CHQ,1325128.26,0
14-08-2019,SERVICEBRANCHCHENNAICHEQUEDEPO00000127CRKARURVYSYABANKLTD0446CTSCLG000127CLG000127 KVB,,1661,1326789.26,CHQ,1326789.26,0
14-08-2019,SERVICEBRANCHCHENNAICHEQUEDEPO00002007CR2400446CTSG,,5435,1332224.26,CHQ,1332224.26,0
14-08-2019,MUMBAIFORTC ACFEESKSCRNSUPERMARK268TRANSFER24,,2079,1334303.26,TRANSFER,1334303.26,0
14-08-2019,MUMBAIFORTWITHDRAWALTRANSFERHECTORBEVERAGESPIDIBH19226413100CRTRANSFER24,310228,,1024075.26,TRANSFER,1024075.26,0
14-08-2019,SERVICEBRANCHCHENNAINOFEESCRPapernotreceived,18248,,1005827.26,TRANSFER,1005827.26,0
14-08-2019,SERVICEBRANCHCHENNAINOFEESCRPapernotreceived,5188,,1000639.26,TRANSFER,1000639.26,0
14-08-2019,SERVICEBRANCHCHENNAINOFEESCRPapernotreceived,6142,,994497.26,TRANSFER,994497.26,0
14-08-2019,MUMBAIFORTC ACFEESCRANNANAGARS2688983TRANSFER25,,1232,995729.26,TRANSFER,995729.26,0
14-08-2019,CASHDEPCRCHRGSOTHER,250,,995479.26,DEPOSIT-CHARGES,995479.26,0
16-08-2019,SERVICEBRANCHCHENNAICHEQUEDEPO00002889CRKARURVYSYABANKLTD0446CTSCLG002889CLG002889 KVB,,6457,1001936.26,CHQ,1001936.26,0
16-08-2019,SERVICEBRANCHCHENNAICHEQUEDEPO00226171CRFEDERALBANKLTD0446CTSG226171 FBI,,3259,1005195.26,CHQ,1005195.26,0
16-08-2019,SERVICEBRANCHCHENNAICHEQUEDEPO00666918CRTAMILNADMERCANTILEBANK0446CTSG666918 TMB,,14729,1019924.26,CHQ,1019924.26,0
16-08-2019,SERVICEBRANCHCHENNAICHEQUEDEPO00862324CRVIJAYABANK0446CTSG862324 VJB,,1388,1021312.26,CHQ,1021312.26,0
16-08-2019,SERVICEBRANCHCHENNAICHEQUEDEPO00923832CRSYNDICATEBANK0446CTSG923832 SYB,,2288,1023600.26,CHQ,1023600.26,0
16-08-2019,SERVICEBRANCHCHENNAICHEQUEDEPO00501416CRINDIANOVERSEASBANK0446CTSG501416 IOB,,1953,1025553.26,CHQ,1025553.26,0
16-08-2019,SERVICEBRANCHCHENNAICHEQUEDEPO00004708CRUTIBANKLTD0446CTSG,,5137,1030690.26,CHQ,1030690.26,0
16-08-2019,SERVICEBRANCHCHENNAICHEQUEDEPO00000260CRICICIBANKINGCORPORATION0446CTSG,,8069,1038759.26,CHQ,1038759.26,0
16-08-2019,SERVICEBRANCHCHENNAICHEQUEDEPO00009734CRKARURVYSYABANKLTD0446CTSCLG009734CLG009734 KVB,,8744,1047503.26,CHQ,1047503.26,0
16-08-2019,SERVICEBRANCHCHENNAICHEQUEDEPO00986575CRINDIANOVERSEASBANK0446CTSG986575 IOB,,4102,1051605.26,CHQ,1051605.26,0
16-08-2019,SERVICEBRANCHCHENNAICHEQUEDEPO00070027CR2400446CTSG,,127042,1178647.26,CHQ,1178647.26,0
16-08-2019,SERVICEBRANCHCHENNAICHEQUEDEPO00000691CRCITYUNIONBANKLTD0446CTSCLG000691CLG000691 CUB,,490,1179137.26,CHQ,1179137.26,0
16-08-2019,SERVICEBRANCHCHENNAICHEQUEDEPO00196803CRSYNDICATEBANK0446CTSG196803 SYB,,2259,1181396.26,CHQ,1181396.26,0
16-08-2019,SERVICEBRANCHCHENNAICHEQUEDEPO00023696CR2400446CTSG,,10433,1191829.26,CHQ,1191829.26,0
16-08-2019,SERVICEBRANCHCHENNAICHEQUEDEPO00001360CRICICIBANKINGCORPORATION0446CTSG,,3342,1195171.26,CHQ,1195171.26,0
16-08-2019,SERVICEBRANCHCHENNAICHEQUEDEPO00001227CR2400446CTSG,,13000,1208171.26,CHQ,1208171.26,0
16-08-2019,SERVICEBRANCHCHENNAICHEQUEDEPO00986576CRINDIANOVERSEASBANK0446CTSG986576 IOB,,2300,1210471.26,CHQ,1210471.26,0
16-08-2019,SERVICEBRANCHCHENNAICHEQUEDEPO00001796CRICICIBANKINGCORPORATION0446CTSG,,4481,1214952.26,CHQ,1214952.26,0
16-08-2019,SERVICEBRANCHCHENNAICHEQUEDEPO00923898CRSYNDICATEBANK0446CTSG923898 SYB,,3654,1218606.26,CHQ,1218606.26,0
16-08-2019,SERVICEBRANCHCHENNAICHEQUEDEPO00038180CRSOUTHINDIANBANKLTD0446CTSCLG038180CLG038180 SIB,,3999,1222605.26,CHQ,1222605.26,0
16-08-2019,SERVICEBRANCHCHENNAICHEQUEDEPO00217541CRTAMILNADMERCANTILEBANK0446CTSG217541 TMB,,1563,1224168.26,CHQ,1224168.26,0
16-08-2019,SERVICEBRANCHCHENNAICHEQUEDEPO00126816CRUTIBANKLTD0446CTSG,,2825,1226993.26,CHQ,1226993.26,0
16-08-2019,SERVICEBRANCHCHENNAICHEQUEDEPO00001018CRICICIBANKINGCORPORATION0446CTSG,,1278,1228271.26,CHQ,1228271.26,0
16-08-2019,SERVICEBRANCHCHENNAICHEQUEDEPO00844457CRKARURVYSYABANKLTD0446CTSCLG844457CLG844457 KVB,,1686,1229957.26,CHQ,1229957.26,0
16-08-2019,MUMBAIFORTWITHDRAWALTRANSFERCRREDBULLINDIAP120TRANSFER24,200013,,1029944.26,TRANSFER,1029944.26,0
16-08-2019,TIRUMANGALAMBYCHQ TTTFRCRCHFOODSTOKISHOREMKTG,,4231,1034175.26,CHQ,1034175.26,0
17-08-2019,SERVICEBRANCHCHENNAITOCLGCHQ00898750CRCAVINKAREPVTLTD,471789,,562386.26,CHQ,562386.26,0
17-08-2019,MUMBAIFORTC ACFEESCRKALIGAMBALFRUI0940TRANSFER24,,6944,569330.26,TRANSFER,569330.26,0
17-08-2019,SERVICEBRANCHCHENNAICHEQUEDEPO00005658CRCITYUNIONBANKLTD0446CTSCLG005658CLG005658 CUB,,2809,572139.26,CHQ,572139.26,0
17-08-2019,SERVICEBRANCHCHENNAICHEQUEDEPO00042576CRBANKOFINDIA0446CTSG042576 BOI,,2189,574328.26,CHQ,574328.26,0
17-08-2019,SERVICEBRANCHCHENNAICHEQUEDEPO00009294CRVIJAYABANK0446CTSG009294 VJB,,29519,603847.26,CHQ,603847.26,0
17-08-2019,SERVICEBRANCHCHENNAICHEQUEDEPO00358105CRFEDERALBANKLTD0446CTSG358105 FBI,,2586,606433.26,CHQ,606433.26,0
17-08-2019,SERVICEBRANCHCHENNAICHEQUEDEPO00002854CR2400446CTSG,,3635,610068.26,CHQ,610068.26,0
17-08-2019,SERVICEBRANCHCHENNAICHEQUEDEPO00001228CR2400446CTSG,,13379,623447.26,CHQ,623447.26,0
17-08-2019,SERVICEBRANCHCHENNAICHEQUEDEPO00000457CR7500446CTSGAN,,2280,625727.26,CHQ,625727.26,0
17-08-2019,SERVICEBRANCHCHENNAICHEQUEDEPO00000461CRANDHRABANK0446CTSG000461 ANB,,9841,635568.26,CHQ,635568.26,0
17-08-2019,SERVICEBRANCHCHENNAICHEQUEDEPO00147994CRUNITEDBANKOFINDIA0446CTSCLG147994CLG,,14861,650429.26,CHQ,650429.26,0
17-08-2019,SERVICEBRANCHCHENNAICHEQUEDEPO00042575CRBANKOFINDIA0446CTSG042575 BOI,,5187,655616.26,CHQ,655616.26,0
17-08-2019,SERVICEBRANCHCHENNAICHEQUEDEPO00110371CRBANKOFMAHARASHTRA0446CTSG110371 BOM,,8828,664444.26,CHQ,664444.26,0
17-08-2019,TIRUMANGALAMCASHDEPOSITCRDepositbySELF,,116000,780444.26,CASH,780444.26,0
17-08-2019,MUMBAIFORTC ACFEESCRPONNUSUPER4046492TRANSFER24,,4486,784930.26,TRANSFER,784930.26,0
17-08-2019,MUMBAIFORTC ACFEESCRMCRENNETTF4237509TRANSFER29,,1140,786070.26,TRANSFER,786070.26,0
19-08-2019,SERVICEBRANCHCHENNAICHEQUEDEPO00007489CRCITYUNIONBANKLTD0446CTSCLG007489CLG007489 CUB,,963,787033.26,CHQ,787033.26,0
19-08-2019,SERVICEBRANCHCHENNAICHEQUEDEPO00226219CRFEDERALBANKLTD0446CTSG226219 FBI,,3075,790108.26,CHQ,790108.26,0
19-08-2019,SERVICEBRANCHCHENNAICHEQUEDEPO00855990CRTAMILNADMERCANTILEBANK0446CTSG855990 TMB,,3115,793223.26,CHQ,793223.26,0
19-08-2019,SERVICEBRANCHCHENNAICHEQUEDEPO00000037CRUCOBANK0446CTSCLG000037CLG000037 UCO,,52204,845427.26,CHQ,845427.26,0
19-08-2019,SERVICEBRANCHCHENNAICHEQUEDEPO00742313CRINDIANOVERSEASBANK0446CTSG742313 IOB,,2971,848398.26,CHQ,848398.26,0
19-08-2019,SERVICEBRANCHCHENNAICHEQUEDEPO00042614CRANDHRABANK0446CTSG042614 ANB,,9101,857499.26,CHQ,857499.26,0
19-08-2019,SERVICEBRANCHCHENNAICHEQUEDEPO00909301CRINDIANOVERSEASBANK0446CTSG909301 IOB,,5660,863159.26,CHQ,863159.26,0
19-08-2019,SERVICEBRANCHCHENNAICHEQUEDEPO00000671CR7560446CTSG,,1983,865142.26,CHQ,865142.26,0
19-08-2019,SERVICEBRANCHCHENNAICHEQUEDEPO00002381CRANDHRABANK0446CTSCHQ092381,,12192,877334.26,CHQ,877334.26,0
19-08-2019,SERVICEBRANCHCHENNAICHEQUEDEPO00216182CRFEDERALBANKLTD0446CTSG216182 FBI,,8237,885571.26,CHQ,885571.26,0
19-08-2019,SERVICEBRANCHCHENNAICHEQUEDEPO00214561CRINDIANOVERSEASBANK0446CTSG214561 IOB,,2557,888128.26,CHQ,888128.26,0
19-08-2019,TIRUMANGALAMBYCHQ TTTFRCRACTFR,,550,888678.26,CHQ,888678.26,0
19-08-2019,SERVICEBRANCHCHENNAICHEQUEDEPO00214544CRINDIANOVERSEASBANK0446CTSG214544 IOB,,6883,895561.26,CHQ,895561.26,0
19-08-2019,SERVICEBRANCHCHENNAICHEQUEDEPO00038164CRSOUTHINDIANBANKLTD,,17228,912789.26,CHQ,912789.26,0
19-08-2019,SERVICEBRANCHCHENNAICHEQUEDEPO00293245CRUTIBANKLTD0446CTSG,,630,913419.26,CHQ,913419.26,0
19-08-2019,SERVICEBRANCHCHENNAICHEQUEDEPO00103627CRSTATEBANKOFINDIA0446CTSG103627 SBI,,17350,930769.26,CHQ,930769.26,0
19-08-2019,SERVICEBRANCHCHENNAICHEQUEDEPO00000129CR4850446CTSG000129 KMB,,2240,933009.26,CHQ,933009.26,0
19-08-2019,SERVICEBRANCHCHENNAICHEQUEDEPO00004924CRANDHRABANK0446CTSG004924 ANB,,1112,934121.26,CHQ,934121.26,0
19-08-2019,MUMBAIFORTC ACFEESCRLIMRASENTE1272TRANSFE120,,18660,952781.26,TRANSFER,952781.26,0
19-08-2019,MUMBAIFORTC ACFEESCRLIMRASENTE2604TRANSFE127,,3093,955874.26,TRANSFER,955874.26,0
20-08-2019,SERVICEBRANCHCHENNAICHEQUEDEPO00132716CRANDHRABANK0446CTSG132716 ANB,,282,956156.26,CHQ,956156.26,0
20-08-2019,SERVICEBRANCHCHENNAICHEQUEDEPO00757266CRCANARABANK0446CTSG757266 CAB,,2666,958822.26,CHQ,958822.26,0
20-08-2019,SERVICEBRANCHCHENNAICHEQUEDEPO00001995CRKARURVYSYABANKLTD0446CTSCLG001995CLG001995 KVB,,1313,960135.26,CHQ,960135.26,0
20-08-2019,SERVICEBRANCHCHENNAICHEQUEDEPO00237451CRCANARABANK0446CTSG237451 CAB,,7014,967149.26,OUTWARD-RETURN,967149.26,0
20-08-2019,SERVICEBRANCHCHENNAICHEQUEDEPO00294479CRUTIBANKLTD0446CTSG,,10000,977149.26,CHQ,977149.26,0
20-08-2019,SERVICEBRANCHCHENNAICHEQUEDEPO00285570CRUTIBANKLTD0446CTSG,,1440,978589.26,CHQ,978589.26,0
20-08-2019,SERVICEBRANCHCHENNAICHEQUEDEPO00003096CRKARURVYSYABANKLTD0446CTSCLG003096CLG003096 KVB,,1278,979867.26,CHQ,979867.26,0
20-08-2019,SERVICEBRANCHCHENNAICHEQUEDEPO00192352CRTAMILNADMERCANTILEBANK0446CTSG192352 TMB,,1915,981782.26,CHQ,981782.26,0
20-08-2019,SERVICEBRANCHCHENNAICHEQUEDEPO00063919CRSYNDICATEBANK0446CTSG063919 SYB,,4270,986052.26,CHQ,986052.26,0
20-08-2019,SERVICEBRANCHCHENNAICHEQUEDEPO00022168CRICICIBANKINGCORPORATION0446CTSG,,40000,1026052.26,CHQ,1026052.26,0
20-08-2019,MUMBAIFORTWITHDRAWALTRANSFERMARSINTERNATIONAIDIBH19232179556CRTRANSFER24,500028,,526024.26,TRANSFER,526024.26,0
20-08-2019,MUMBAIFORTC ACFEESCRPONNUSUPER5540789TRANSFER20,,1442,527466.26,TRANSFER,527466.26,0
20-08-2019,TIRUMANGALAMCASHDEPOSITCRDepositbySELF,,100000,627466.26,CASH,627466.26,0
20-08-2019,MUMBAIFORTC ACFEESCRSANTHOSHSUPERM324TRANSFER27,,4594,632060.26,TRANSFER,632060.26,0
20-08-2019,MUMBAIFORTC ACFEESCRSANTHOSHSUPERM420TRANSFER26,,8602,640662.26,TRANSFER,640662.26,0
20-08-2019,SERVICEBRANCHCHENNAIOUTCHQRETCRFundsinsufficient,7014,,633648.26,OUTWARD-RETURN,633648.26,0
20-08-2019,SERVICEBRANCHCHENNAICHQDISHONOURCR,250,,633398.26,INWARD-CHARGES,633398.26,0
20-08-2019,MUMBAIFORTC ACFEESCRAMMANFRUITS920TRANSFER23,,7683,641081.26,TRANSFER,641081.26,0
21-08-2019,COREBANKINGWITHDRAWALTRANSFERTECHPROCESS880204865 BharatCRDATACENTREPetroleumCorporationTRANSFERTO,10008.26,,631073,ONLINE-PAYMENT,631073,0
21-08-2019,SERVICEBRANCHCHENNAICHEQUEDEPO00666925CRTAMILNADMERCANTILEBANK0446CTSG666925 TMB,,3532,634605,CHQ,634605,0
21-08-2019,SERVICEBRANCHCHENNAICHEQUEDEPO00002227CRKARURVYSYABANKLTD0446CTSCLG002227CLG002227 KVB,,6026,640631,CHQ,640631,0
21-08-2019,SERVICEBRANCHCHENNAICHEQUEDEPO00004570CR2400446CTSG,,3863,644494,CHQ,644494,0
21-08-2019,SERVICEBRANCHCHENNAICHEQUEDEPO00000010CRINDIANOVERSEASBANK0446CTSG000010 IOB,,15202,659696,CHQ,659696,0
21-08-2019,SERVICEBRANCHCHENNAICHEQUEDEPO00004752CRUTIBANKLTD0446CTSG,,2875,662571,CHQ,662571,0
21-08-2019,SERVICEBRANCHCHENNAICHEQUEDEPO00022517CR0720446CTSG022517 DCB,,13753,676324,CHQ,676324,0
21-08-2019,SERVICEBRANCHCHENNAICHEQUEDEPO00858857CRTAMILNADMERCANTILEBANK0446CTSG858857 TMB,,3414,679738,CHQ,679738,0
21-08-2019,SERVICEBRANCHCHENNAICHEQUEDEPO00294480CRUTIBANKLTD0446CTSG,,10987,690725,CHQ,690725,0
21-08-2019,SERVICEBRANCHCHENNAICHEQUEDEPO00774394CRUNITEDBANKOFINDIA0446CTSCLG774394CLG,,1543,692268,CHQ,692268,0
21-08-2019,SERVICEBRANCHCHENNAICHEQUEDEPO00198516CRFEDERALBANKLTD0446CTSG198516 FBI,,5473,697741,CHQ,697741,0
21-08-2019,SERVICEBRANCHCHENNAICHEQUEDEPO00000466CR2400446CTSG,,20000,717741,CHQ,717741,0
21-08-2019,SERVICEBRANCHCHENNAICHEQUEDEPO00000467CR2400446CTSG,,20000,737741,CHQ,737741,0
21-08-2019,SERVICEBRANCHCHENNAICHEQUEDEPO00001033CRICICIBANKINGCORPORATION0446CTSG,,1278,739019,CHQ,739019,0
21-08-2019,SERVICEBRANCHCHENNAICHEQUEDEPO00040577CRUTIBANKLTD0446CTSG,,980,739999,OUTWARD-RETURN,739999,0
21-08-2019,SERVICEBRANCHCHENNAICHEQUEDEPO00000137CR4850446CTSG000137 KMB,,1377,741376,OUTWARD-RETURN,741376,0
21-08-2019,SERVICEBRANCHCHENNAICHEQUEDEPO00598281CRANDHRABANK0446CTSCHQ59281,,5560,746936,CHQ,746936,0
21-08-2019,SERVICEBRANCHCHENNAICHEQUEDEPO00777772CRINDIANOVERSEASBANK0446CTSG777772 IOB,,2440,749376,CHQ,749376,0
21-08-2019,MUMBAIFORTC ACFEESCRHAWIEEXIM896TRANSFER27,,39813,789189,TRANSFER,789189,0
21-08-2019,MUMBAIFORTC ACFEESCRAROCKIYASATRANSFE123,,10000,799189,TRANSFER,799189,0
21-08-2019,MUMBAIFORTC ACFEESCRSANTHOSHSUPERM033TRANSFER25,,11575,810764,TRANSFER,810764,0
21-08-2019,TIRUMANGALAMBYCHQ TTTFRCRKISHOREMARKETING,,1695,812459,CHQ,812459,0
21-08-2019,TIRUMANGALAMCASHDEPOSITCRDepositbySELF,,457000,1269459,CASH,1269459,0
21-08-2019,MUMBAIFORTWITHDRAWALTRANSFERINVENTZLIFESCIENIDIBH19233255963CRTRANSFER24,200013,,1069446,TRANSFER,1069446,0
21-08-2019,SERVICEBRANCHCHENNAIOUTCHQRETCRFundsinsufficient,980,,1068466,OUTWARD-RETURN,1068466,0
21-08-2019,SERVICEBRANCHCHENNAICHQDISHONOURCR,250,,1068216,INWARD-CHARGES,1068216,0
21-08-2019,SERVICEBRANCHCHENNAIOUTCHQRETCRFundsinsufficient,1377,,1066839,OUTWARD-RETURN,1066839,0
21-08-2019,SERVICEBRANCHCHENNAICHQDISHONOURCR,250,,1066589,INWARD-CHARGES,1066589,0
21-08-2019,CASHDEPCRCHRGSOTHER,257,,1066332,DEPOSIT-CHARGES,1066332,0
22-08-2019,MUMBAIFORTWITHDRAWALTRANSFERINBISCOCRINDIAPV516TRANSFER24,215028,,851304,TRANSFER,851304,0
22-08-2019,TIRUMANGALAMCASHDEPOSITCRDepositbySELF,,100000,951304,CASH,951304,0
22-08-2019,TIRUMANGALAMCASHDEPOSITCRDepositbySELF,,920000,1871304,CASH,1871304,0
22-08-2019,MUMBAIFORTWITHDRAWALTRANSFERMARSINTERNATIONAIDIBH19234301359CRTRANSFER24,700028,,1171276,TRANSFER,1171276,0
22-08-2019,MUMBAIFORTC ACFEESCRKALIGAMBALFRUI6939TRANSFER24,,2520,1173796,TRANSFER,1173796,0
22-08-2019,CASHDEPCRCHRGSOTHER,820,,1172976,DEPOSIT-CHARGES,1172976,0
23-08-2019,SERVICEBRANCHCHENNAICHEQUEDEPO00030515CRICICIBANKINGCORPORATION0446CTSG,,1873,1174849,CHQ,1174849,0
23-08-2019,SERVICEBRANCHCHENNAICHEQUEDEPO00003298CR2400446CTSG,,1030,1175879,CHQ,1175879,0
23-08-2019,SERVICEBRANCHCHENNAICHEQUEDEPO00735291CR,,1020,1176899,CHQ,1176899,0
23-08-2019,SERVICEBRANCHCHENNAICHEQUEDEPO00764726CRSTATEBANKOFINDIA0446CTSG764726 SBI,,2722,1179621,CHQ,1179621,0
23-08-2019,SERVICEBRANCHCHENNAICHEQUEDEPO00844082CRTAMILNADMERCANTILEBANK0446CTSG844082 TMB,,1602,1181223,CHQ,1181223,0
23-08-2019,SERVICEBRANCHCHENNAICHEQUEDEPO00002494CR2400446CTSG,,20495,1201718,CHQ,1201718,0
23-08-2019,SERVICEBRANCHCHENNAICHEQUEDEPO00000664CRICICIBANKINGCORPORATION0446CTSG,,5751,1207469,CHQ,1207469,0
23-08-2019,SERVICEBRANCHCHENNAICHEQUEDEPO00015725CRSOUTHINDIANBANKLTD0446CTSCLG015725CLG015725 SIB,,10000,1217469,CHQ,1217469,0
23-08-2019,SERVICEBRANCHCHENNAICHEQUEDEPO00148128CRUNITEDBANKOFINDIA0446CTSCLG148128CLG,,6034,1223503,CHQ,1223503,0
23-08-2019,SERVICEBRANCHCHENNAICHEQUEDEPO00000049CRSTANDARDCHARTEREDBANK0446CTSG000049 SCB,,13218,1236721,CHQ,1236721,0
23-08-2019,SERVICEBRANCHCHENNAICHEQUEDEPO00020279CRSOUTHINDIANBANKLTD0446CTSCLG020279CLG020279 SIB,,865,1237586,CHQ,1237586,0
23-08-2019,SERVICEBRANCHCHENNAICHEQUEDEPO00004818CRCITYUNIONBANKLTD0446CTSCLG004818CLG004818 CUB,,3186,1240772,CHQ,1240772,0
23-08-2019,SERVICEBRANCHCHENNAICHEQUEDEPO00015726CRSOUTHINDIANBANKLTD0446CTSCLG015726CLG015726 SIB,,4164,1244936,OUTWARD-RETURN,1244936,0
23-08-2019,SERVICEBRANCHCHENNAIOUTCHQRETCRFundsinsufficient,4164,,1240772,OUTWARD-RETURN,1240772,0
23-08-2019,SERVICEBRANCHCHENNAICHQDISHONOURCR,250,,1240522,INWARD-CHARGES,1240522,0
26-08-2019,MUMBAIFORTC ACFEESCRKARUVALURMARIA6664TRANSFER24,,6855,1247377,TRANSFER,1247377,0
26-08-2019,TIRUMANGALAMBYCHQ TTTFRCRON5GREENTOKISHOREMKTG,,1278,1248655,CHQ,1248655,0
26-08-2019,TIRUMANGALAMCASHDEPOSITCRDepositbySELF,,410000,1658655,CASH,1658655,0
26-08-2019,MUMBAIFORTWITHDRAWALTRANSFERCRREDBULLINDIAP138TRANSFER24,200013,,1458642,TRANSFER,1458642,0
26-08-2019,MUMBAIFORTC ACFEESCRVENKATESWARA429983TRANSFER28,,3704,1462346,TRANSFER,1462346,0
26-08-2019,MUMBAIFORTC ACFEESCRLIMRASENTE3488TRANSFE126,,8686,1471032,TRANSFER,1471032,0
26-08-2019,MUMBAIFORTC ACFEESCRLIMRASENTE3567TRANSFE121,,1020,1472052,TRANSFER,1472052,0
26-08-2019,MUMBAIFORTC ACFEESCRANNANAGARSUPE5025TRANSFER25,,4731,1476783,TRANSFER,1476783,0
26-08-2019,CASHDEPCRCHRGSOTHER,210,,1476573,DEPOSIT-CHARGES,1476573,0
27-08-2019,TIRUMANGALAMBYCHQ TTTFRCRINDRAMEDTOKISHOREMKTG,,1138,1477711,CHQ,1477711,0
27-08-2019,TIRUMANGALAMCASHDEPOSITCRDepositbySELF,,115000,1592711,CASH,1592711,0
27-08-2019,MUMBAIFORTC ACFEESCRSANTHOSHSUPERM937TRANSFER28,,7018,1599729,TRANSFER,1599729,0
27-08-2019,MUMBAIFORTWITHDRAWALTRANSFERHECTORBEVERAGESPIDIBH19239437459CRTRANSFER24,150013,,1449716,TRANSFER,1449716,0
27-08-2019,MUMBAIFORTC ACFEESCRELLIOTFOODS136TRANSFER21,,1472,1451188,TRANSFER,1451188,0
28-08-2019,SERVICEBRANCHCHENNAICHEQUEDEPO00844462CRKARURVYSYABANKLTD0446CTSCLG844462CLG844462 KVB,,4025,1455213,CHQ,1455213,0
28-08-2019,SERVICEBRANCHCHENNAICHEQUEDEPO00148089CRUNITEDBANKOFINDIA0446CTSCLG148089CLG,,1536,1456749,CHQ,1456749,0
28-08-2019,SERVICEBRANCHCHENNAICHEQUEDEPO00000185CR2400446CTSG,,5204,1461953,CHQ,1461953,0
28-08-2019,SERVICEBRANCHCHENNAICHEQUEDEPO00070660CRORIENTALBANKOFCOMMERCE0446CTSG070660 OBC,,2059,1464012,CHQ,1464012,0
28-08-2019,SERVICEBRANCHCHENNAICHEQUEDEPO00000646CRUCOBANK0446CTSCLG000646CLG000646 UCO,,2526,1466538,CHQ,1466538,0
28-08-2019,SERVICEBRANCHCHENNAICHEQUEDEPO00001872CRKARURVYSYABANKLTD0446CTSCLG001872CLG001872 KVB,,7539,1474077,CHQ,1474077,0
28-08-2019,SERVICEBRANCHCHENNAICHEQUEDEPO00304552CRUNIONBANKOFINDIA0446CTSG304552 UBI,,1196,1475273,CHQ,1475273,0
28-08-2019,SERVICEBRANCHCHENNAICHEQUEDEPO00885521CRTAMILNADUSTATEAPEXCOO0446CTSG,,1413,1476686,CHQ,1476686,0
28-08-2019,SERVICEBRANCHCHENNAICHEQUEDEPO00110470CRBANKOFMAHARASHTRA0446CTSG110470 BOM,,6118,1482804,CHQ,1482804,0
28-08-2019,SERVICEBRANCHCHENNAICHEQUEDEPO00041605CRKARNATAKABANKLTD,,11070,1493874,CHQ,1493874,0
28-08-2019,SERVICEBRANCHCHENNAICHEQUEDEPO00011682CRSOUTHINDIANBANKLTD0446CTSCLG011682CLG011682 SIB,,1968,1495842,CHQ,1495842,0
28-08-2019,SERVICEBRANCHCHENNAICHEQUEDEPO00358305CRFEDERALBANKLTD0446CTSG358305 FBI,,1829,1497671,CHQ,1497671,0
28-08-2019,SERVICEBRANCHCHENNAICHEQUEDEPO00001225CR2400446CTSG,,2196,1499867,CHQ,1499867,0
28-08-2019,SERVICEBRANCHCHENNAICHEQUEDEPO00002370CRANDHRABANK0446CTSCHQ00270,,10783,1510650,OUTWARD-RETURN,1510650,0
28-08-2019,SERVICEBRANCHCHENNAICHEQUEDEPO00000277CRUCOBANK0446CTSCLG000277CLG000277 UCO,,1477,1512127,CHQ,1512127,0
28-08-2019,MUMBAIFORTWITHDRAWALTRANSFERINBISCOCRINDIAPV682TRANSFER24,247028,,1265099,TRANSFER,1265099,0
28-08-2019,MUMBAIFORTWITHDRAWALTRANSFERMARSINTERNATIONAIDIBH19240478820CRTRANSFER24,700028,,565071,TRANSFER,565071,0
28-08-2019,TIRUMANGALAMCASHDEPOSITCRDepositbySELF,,80000,645071,CASH,645071,0
28-08-2019,SERVICEBRANCHCHENNAICHEQUEDEPO00042732CRANDHRABANK0446CTSG042732 ANB,,6725,651796,CHQ,651796,0
28-08-2019,SERVICEBRANCHCHENNAICHEQUEDEPO00096244CRTAMILNADMERCANTILEBANK0446CTSG096244 TMB,,433,652229,CHQ,652229,0
28-08-2019,SERVICEBRANCHCHENNAICHEQUEDEPO00000016CRANDHRABANK0446CTSG000016 ANB,,12141,664370,CHQ,664370,0
28-08-2019,SERVICEBRANCHCHENNAICHEQUEDEPO00001333CRKARURVYSYABANKLTD0446CTSCLG001333CLG001333 KVB,,7000,671370,CHQ,671370,0
28-08-2019,SERVICEBRANCHCHENNAICHEQUEDEPO00753249CRUTIBANKLTD0446CTSG,,2058,673428,CHQ,673428,0
28-08-2019,SERVICEBRANCHCHENNAICHEQUEDEPO00937971CRSTATEBANKOFINDIA0446CTSG937971 SBI,,5161,678589,CHQ,678589,0
28-08-2019,SERVICEBRANCHCHENNAICHEQUEDEPO00087931CRSTATEBANKOFINDIA0446CTSG087931 SBI,,2466,681055,CHQ,681055,0
28-08-2019,SERVICEBRANCHCHENNAICHEQUEDEPO00000732CRKARURVYSYABANKLTD0446CTSCLG000732CLG000732 KVB,,2900,683955,CHQ,683955,0
28-08-2019,SERVICEBRANCHCHENNAICHEQUEDEPO00925688CRSTATEBANKOFINDIA0446CTSG925688 SBI,,3971,687926,CHQ,687926,0
28-08-2019,SERVICEBRANCHCHENNAICHEQUEDEPO00294528CRUTIBANKLTD0446CTSG,,10519,698445,CHQ,698445,0
28-08-2019,SERVICEBRANCHCHENNAICHEQUEDEPO00925687CRSTATEBANKOFINDIA0446CTSG925687 SBI,,3972,702417,CHQ,702417,0
28-08-2019,SERVICEBRANCHCHENNAICHEQUEDEPO00004922CRANDHRABANK0446CTSG004922 ANB,,3549,705966,OUTWARD-RETURN,705966,0
28-08-2019,SERVICEBRANCHCHENNAICHEQUEDEPO00947034CRSYNDICATEBANK0446CTSG947034 SYB,,3196,709162,CHQ,709162,0
28-08-2019,SERVICEBRANCHCHENNAICHEQUEDEPO00002392CR2400446CTSG,,7633,716795,CHQ,716795,0
28-08-2019,SERVICEBRANCHCHENNAICHEQUEDEPO00000470CR2400446CTSG,,33750,750545,CHQ,750545,0
28-08-2019,SERVICEBRANCHCHENNAIOUTCHQRETCRFundsinsufficient,10783,,739762,OUTWARD-RETURN,739762,0
28-08-2019,SERVICEBRANCHCHENNAICHQDISHONOURCR,250,,739512,INWARD-CHARGES,739512,0
28-08-2019,SERVICEBRANCHCHENNAIOUTCHQRETCRFundsinsufficient,3549,,735963,OUTWARD-RETURN,735963,0
28-08-2019,SERVICEBRANCHCHENNAICHQDISHONOURCR,250,,735713,INWARD-CHARGES,735713,0
28-08-2019,MUMBAIFORTC ACFEESKPNCRFARMFRESH372TRANSFER21,,5211,740924,TRANSFER,740924,0
29-08-2019,MUMBAIFORTC ACFEESCRAMMANFRUITS431TRANSFER20,,26199,767123,TRANSFER,767123,0
29-08-2019,ATMSERVICEBYTRANSFERCRBRANCH IMPS 403 KishoreMarketiTRANSFE461,,6775,773898,INTER-FIRM,773898,0
29-08-2019,TIRUMANGALAMCASHDEPOSITCRDepositbySELF,,115000,888898,CASH,888898,0
29-08-2019,TIRUMANGALAMBYCHQ TTTFRCRSUPERSTORETOKISHOREMKTG,,1917,890815,CHQ,890815,0
29-08-2019,TIRUMANGALAMBYCHQ TTTFRCRKOKPAZHAMUDIRTOKISHOREMKTG,,6048,896863,CHQ,896863,0
29-08-2019,TIRUMANGALAMBYCHQ TTTFRCRVALUESUPERMKTTOKISHOREMKTG,,6250,903113,CHQ,903113,0
29-08-2019,MUMBAIFORTC ACFEESCRSANTHOSHSUPERM007TRANSFER26,,1255,904368,TRANSFER,904368,0
29-08-2019,MUMBAIFORTWITHDRAWALTRANSFERINBISCOCRINDIAPV465TRANSFER24,40005,,864363,TRANSFER,864363,0
29-08-2019,MUMBAIFORTC ACFEESSRICRMEENAKSHIAM361TRANSFER21,,1440,865803,TRANSFER,865803,0
29-08-2019,MUMBAIFORTWITHDRAWALTRANSFERCRREDBULLINDIAP831TRANSFER24,77005,,788798,TRANSFER,788798,0
29-08-2019,MUMBAIFORTC ACFEESCRANNAISUPERMAR4023TRANSFER26,,1902,790700,TRANSFER,790700,0
30-08-2019,SERVICEBRANCHCHENNAITOCLGCHQ00898751CRCAVINKAREPVTLTD,70755,,719945,CHQ,719945,0
30-08-2019,COREBANKINGWITHDRAWALTRANSFERTECHPROCESS886888820 BharatCRDATACENTREPetroleumCorporationTRANSFERTO,10008.26,,709936.74,ONLINE-PAYMENT,709936.74,0
30-08-2019,MUMBAIFORTC ACFEESCRPONNUSUPER3497742TRANSFER26,,2402,712338.74,TRANSFER,712338.74,0
30-08-2019,TIRUMANGALAMCASHDEPOSITCRDepositbySELF,,640000,1352338.74,CASH,1352338.74,0
30-08-2019,MUMBAIFORTC ACFEESCRSANTHOSHSUPERM200TRANSFER23,,1181,1353519.74,TRANSFER,1353519.74,0
30-08-2019,MUMBAIFORTC ACFEESCRSANTHOSHSUPERM192TRANSFER28,,18013,1371532.74,TRANSFER,1371532.74,0
30-08-2019,MUMBAIFORTC ACFEESKPNCRFARMFRESHP757TRANSFER21,,4214,1375746.74,TRANSFER,1375746.74,0
30-08-2019,CASHDEPCRCHRGSOTHER,440,,1375306.74,DEPOSIT-CHARGES,1375306.74,0
31-08-2019,SERVICEBRANCHCHENNAITOCLGCHQ00898746CRCAVINKAREPVTLTD,394000,,981306.74,CHQ,981306.74,0
31-08-2019,MUMBAIFORTC ACFEESCRMCRENNETTF4615243TRANSFER25,,1802,983108.74,TRANSFER,983108.74,0
31-08-2019,MUMBAIFORTWITHDRAWALTRANSFERMARSINTERNATIONAIDIBH19243213147CRTRANSFER24,700028,,283080.74,TRANSFER,283080.74,0
31-08-2019,SERVICEBRANCHCHENNAICHEQUEDEPO00229162CRFEDERALBANKLTD0446CTSG229162 FBI,,3908,286988.74,CHQ,286988.74,0
31-08-2019,SERVICEBRANCHCHENNAICHEQUEDEPO00000318CRCITYUNIONBANKLTD0446CTSCLG000318CLG000318 CUB,,553,287541.74,CHQ,287541.74,0
31-08-2019,SERVICEBRANCHCHENNAICHEQUEDEPO00000430CRINDIANOVERSEASBANK0446CTSG000430 IOB,,7172,294713.74,CHQ,294713.74,0
31-08-2019,SERVICEBRANCHCHENNAICHEQUEDEPO00000307CRKARURVYSYABANKLTD0446CTSCLG000307CLG000307 KVB,,2763,297476.74,CHQ,297476.74,0
31-08-2019,SERVICEBRANCHCHENNAICHEQUEDEPO00937760CR2340446CTSG,,1737,299213.74,CHQ,299213.74,0
31-08-2019,SERVICEBRANCHCHENNAICHEQUEDEPO00289380CRUTIBANKLTD0446CTSG,,10000,309213.74,CHQ,309213.74,0
31-08-2019,SERVICEBRANCHCHENNAICHEQUEDEPO00295491CRUTIBANKLTD0446CTSG,,9000,318213.74,CHQ,318213.74,0
31-08-2019,SERVICEBRANCHCHENNAICHEQUEDEPO00022839CRANDHRABANK0446CTSG022839 ANB,,14521,332734.74,CHQ,332734.74,0
31-08-2019,SERVICEBRANCHCHENNAICHEQUEDEPO00000466CR7500446CTSGAN,,3263,335997.74,CHQ,335997.74,0
31-08-2019,SERVICEBRANCHCHENNAICHEQUEDEPO00003110CRKARURVYSYABANKLTD0446CTSCLG003110CLG003110 KVB,,639,336636.74,CHQ,336636.74,0
31-08-2019,SERVICEBRANCHCHENNAICHEQUEDEPO00357111CRFEDERALBANKLTD0446CTSG357111 FBI,,3196,339832.74,CHQ,339832.74,0
31-08-2019,SERVICEBRANCHCHENNAICHEQUEDEPO00022169CRICICIBANKINGCORPORATION0446CTSG,,55000,394832.74,CHQ,394832.74,0
31-08-2019,SERVICEBRANCHCHENNAICHEQUEDEPO00000007CR2400446CTSG,,384,395216.74,CHQ,395216.74,0
31-08-2019,SERVICEBRANCHCHENNAICHEQUEDEPO00022122CRKARURVYSYABANKLTD0446CTSCLG022122CLG022122 KVB,,11455,406671.74,CHQ,406671.74,0
31-08-2019,SERVICEBRANCHCHENNAICHEQUEDEPO00000212CRKARURVYSYABANKLTD0446CTSCLG000212CLG000212 KVB,,3767,410438.74,CHQ,410438.74,0
31-08-2019,SERVICEBRANCHCHENNAICHEQUEDEPO00000213CRKARURVYSYABANKLTD0446CTSCLG000213CLG000213 KVB,,4306,414744.74,CHQ,414744.74,0
31-08-2019,SERVICEBRANCHCHENNAICHEQUEDEPO00042625CRANDHRABANK0446CTSG042625 ANB,,4122,418866.74,CHQ,418866.74,0
31-08-2019,SERVICEBRANCHCHENNAICHEQUEDEPO00022883CR0720446CTSG022883 DCB,,1250,420116.74,CHQ,420116.74,0
31-08-2019,SERVICEBRANCHCHENNAICHEQUEDEPO00022882CR0720446CTSG022882 DCB,,611,420727.74,CHQ,420727.74,0
31-08-2019,SERVICEBRANCHCHENNAICHEQUEDEPO00844579CRKARURVYSYABANKLTD0446CTSCLG844579CLG844579 KVB,,6192,426919.74,CHQ,426919.74,0
31-08-2019,SERVICEBRANCHCHENNAICHEQUEDEPO00591674CR2590446CTSG,,566,427485.74,CHQ,427485.74,0
31-08-2019,SERVICEBRANCHCHENNAICHEQUEDEPO00000586CRKARURVYSYABANKLTD0446CTSCLG000586CLG000586 KVB,,1707,429192.74,CHQ,429192.74,0
31-08-2019,TIRUMANGALAMCASHDEPOSITCRDepositbySELF,,170000,599192.74,CASH,599192.74,0
31-08-2019,TIRUMANGALAMCHQTRANSFE00898738CRHECTORBEVERAGES,310228,,288964.74,CHQ,288964.74,0
31-08-2019,SERVICEBRANCHCHENNAINOFEESCRPresentwithdocument,4306,,284658.74,TRANSFER,284658.74,0
31-08-2019,MUMBAIFORTC ACFEESCRnavasakthivinay297TRANSFER26,,2160,286818.74,TRANSFER,286818.74,0
02-09-2019,SERVICEBRANCHCHENNAICHEQUEDEPO00190321CRTAMILNADMERCANTILEBANK0446CTSG190321 TMB,,29196,316014.74,CHQ,316014.74,0
02-09-2019,SERVICEBRANCHCHENNAICHEQUEDEPO00452115CR2590446CTSG,,1522,317536.74,CHQ,317536.74,0
02-09-2019,SERVICEBRANCHCHENNAICHEQUEDEPO00833546CRSYNDICATEBANK0446CTSG833546 SYB,,1240,318776.74,OUTWARD-RETURN,318776.74,0
02-09-2019,SERVICEBRANCHCHENNAICHEQUEDEPO00001938CRICICIBANKINGCORPORATION0446CTSG,,1154,319930.74,CHQ,319930.74,0
02-09-2019,SERVICEBRANCHCHENNAICHEQUEDEPO00215210CRINDIANOVERSEASBANK0446CTSG215210 IOB,,8748,328678.74,CHQ,328678.74,0
02-09-2019,SERVICEBRANCHCHENNAICHEQUEDEPO00002311CRKARURVYSYABANKLTD0446CTSCLG002311CLG002311 KVB,,5628,334306.74,CHQ,334306.74,0
02-09-2019,SERVICEBRANCHCHENNAICHEQUEDEPO00148129CRUNITEDBANKOFINDIA0446CTSCLG148129CLG,,11755,346061.74,CHQ,346061.74,0
02-09-2019,SERVICEBRANCHCHENNAICHEQUEDEPO00227880CRUTIBANKLTD0446CTSG,,14169,360230.74,CHQ,360230.74,0
02-09-2019,SERVICEBRANCHCHENNAICHEQUEDEPO00295492CRUTIBANKLTD0446CTSG,,8474,368704.74,CHQ,368704.74,0
02-09-2019,SERVICEBRANCHCHENNAICHEQUEDEPO00184573CR2590446CTSG,,639,369343.74,CHQ,369343.74,0
02-09-2019,SERVICEBRANCHCHENNAICHEQUEDEPO00273336CRUTIBANKLTD0446CTSG,,2000,371343.74,CHQ,371343.74,0
02-09-2019,MUMBAIFORTC ACFEESCRSANTHOSHSUPERM485TRANSFER28,,2837,374180.74,TRANSFER,374180.74,0
02-09-2019,MUMBAIFORTC ACFEESCRSANTHOSHSUPERM195TRANSFER21,,7945,382125.74,TRANSFER,382125.74,0
02-09-2019,SERVICEBRANCHCHENNAIOUTCHQRETCRFundsinsufficient,1240,,380885.74,OUTWARD-RETURN,380885.74,0
02-09-2019,SERVICEBRANCHCHENNAICHQDISHONOURCR,250,,380635.74,INWARD-CHARGES,380635.74,0
03-09-2019,MUMBAIFORTC ACFEESCRPONNUSUPER7658761TRANSFER28,,7042,387677.74,TRANSFER,387677.74,0
03-09-2019,MUMBAIFORTC ACFEESSRICRGAYATHRIBHA091TRANSFER21,,1238,388915.74,TRANSFER,388915.74,0
03-09-2019,MUMBAIFORTC ACFEESCRLIMRASENTE0274TRANSFE124,,1136,390051.74,TRANSFER,390051.74,0
03-09-2019,MUMBAIFORTC ACFEESCRLIMRASENTE0382TRANSFE129,,6893,396944.74,TRANSFER,396944.74,0
04-09-2019,MUMBAIFORTC ACFEESMRCRVBALAKUMAR903TRANSFER29,,9000,405944.74,TRANSFER,405944.74,0
04-09-2019,TIRUMANGALAMBYCHQ TTTFRCRSUPERTOKISHOREMKTG,,2351,408295.74,CHQ,408295.74,0
04-09-2019,TIRUMANGALAMCASHDEPOSITCRDepositbySELF,,200000,608295.74,CASH,608295.74,0
04-09-2019,MUMBAIFORTC ACFEESCRSANTHOSHSUPERM744TRANSFER25,,8212,616507.74,TRANSFER,616507.74,0
04-09-2019,MUMBAIFORTC ACFEESCRSANTHOSHSUPERM745TRANSFER21,,2999,619506.74,TRANSFER,619506.74,0
04-09-2019,MUMBAIFORTC ACFEESCRVIKPRIHOME41DCTRANSFE126,,9182,628688.74,TRANSFER,628688.74,0
05-09-2019,MUMBAIFORTC ACFEESCRSARAVANAST9097960TRANSFER23,,41527,670215.74,TRANSFER,670215.74,0
05-09-2019,MUMBAIFORTWITHDRAWALTRANSFERBKarthikeyanIDIBH19248412070CRTRANSFER24,200013,,470202.74,TRANSFER,470202.74,0
05-09-2019,SERVICEBRANCHCHENNAICHEQUEDEPO00002074CR2400446CTSG,,2166,472368.74,CHQ,472368.74,0
05-09-2019,SERVICEBRANCHCHENNAICHEQUEDEPO00001856CRKARURVYSYABANKLTD0446CTSCLG001856CLG001856 KVB,,2781,475149.74,CHQ,475149.74,0
05-09-2019,SERVICEBRANCHCHENNAICHEQUEDEPO00013244CRSOUTHINDIANBANKLTD0446CTSCLG013244CLG013244 SIB,,9549,484698.74,CHQ,484698.74,0
05-09-2019,SERVICEBRANCHCHENNAICHEQUEDEPO00126927CRUTIBANKLTD0446CTSG,,1837,486535.74,CHQ,486535.74,0
05-09-2019,SERVICEBRANCHCHENNAICHEQUEDEPO00000040CR2400446CTSG,,7646,494181.74,CHQ,494181.74,0
05-09-2019,SERVICEBRANCHCHENNAICHEQUEDEPO00774396CRUNITEDBANKOFINDIA0446CTSCLG774396CLG,,1617,495798.74,CHQ,495798.74,0
05-09-2019,SERVICEBRANCHCHENNAICHEQUEDEPO00462435CRTAMILNADMERCANTILEBANK0446CTSG462435 TMB,,13610,509408.74,CHQ,509408.74,0
05-09-2019,SERVICEBRANCHCHENNAICHEQUEDEPO00000012CRINDIANOVERSEASBANK0446CTSG000012 IOB,,7850,517258.74,CHQ,517258.74,0
05-09-2019,SERVICEBRANCHCHENNAICHEQUEDEPO00003121CRKARURVYSYABANKLTD0446CTSCLG003121CLG003121 KVB,,1278,518536.74,CHQ,518536.74,0
05-09-2019,SERVICEBRANCHCHENNAICHEQUEDEPO00148268CRUNITEDBANKOFINDIA0446CTSCLG148268CLG,,6047,524583.74,CHQ,524583.74,0
05-09-2019,SERVICEBRANCHCHENNAICHEQUEDEPO00307807CR2590446CTSG,,963,525546.74,CHQ,525546.74,0
05-09-2019,SERVICEBRANCHCHENNAICHEQUEDEPO00001226CR2400446CTSG,,4551,530097.74,CHQ,530097.74,0
05-09-2019,SERVICEBRANCHCHENNAICHEQUEDEPO00001870CRICICIBANKINGCORPORATION0446CTSG,,1593,531690.74,CHQ,531690.74,0
05-09-2019,SERVICEBRANCHCHENNAICHEQUEDEPO00001933CRICICIBANKINGCORPORATION0446CTSG,,3469,535159.74,CHQ,535159.74,0
05-09-2019,SERVICEBRANCHCHENNAICHEQUEDEPO00282470CRSYNDICATEBANK0446CTSG282470 SYB,,5400,540559.74,CHQ,540559.74,0
05-09-2019,SERVICEBRANCHCHENNAICHEQUEDEPO00001202CR7560446CTSG,,4432,544991.74,CHQ,544991.74,0
05-09-2019,SERVICEBRANCHCHENNAICHEQUEDEPO00000471CR2400446CTSG,,33750,578741.74,CHQ,578741.74,0
05-09-2019,SERVICEBRANCHCHENNAICHEQUEDEPO00004614CR2400446CTSG,,30006,608747.74,CHQ,608747.74,0
05-09-2019,SERVICEBRANCHCHENNAICHEQUEDEPO00042928CRANDHRABANK0446CTSG042928 ANB,,9565,618312.74,CHQ,618312.74,0
05-09-2019,SERVICEBRANCHCHENNAICHEQUEDEPO00087964CRSTATEBANKOFINDIA0446CTSG087964 SBI,,1244,619556.74,CHQ,619556.74,0
05-09-2019,SERVICEBRANCHCHENNAICHEQUEDEPO00003884CRANDHRABANK0446CTSCHQ003884,,32388,651944.74,OUTWARD-RETURN,651944.74,0
05-09-2019,SERVICEBRANCHCHENNAICHEQUEDEPO00357058CR5320446CTSG357058 YES,,5200,657144.74,CHQ,657144.74,0
05-09-2019,SERVICEBRANCHCHENNAICHEQUEDEPO00000369CR7560446CTSG,,2421,659565.74,CHQ,659565.74,0
05-09-2019,SERVICEBRANCHCHENNAICHEQUEDEPO00005968CRANDHRABANK0446CTSG005968 ANB,,1477,661042.74,CHQ,661042.74,0
05-09-2019,SERVICEBRANCHCHENNAICHEQUEDEPO00228016CRSTATEBANKOFINDIA0446CTSG228016 SBI,,7800,668842.74,CHQ,668842.74,0
05-09-2019,MUMBAIFORTC ACFEESCRSANTHOSHSUPERM302TRANSFER21,,1541,670383.74,TRANSFER,670383.74,0
05-09-2019,MUMBAIFORTC ACFEESCRSANTHOSHSUPERM169TRANSFER24,,7470,677853.74,TRANSFER,677853.74,0
05-09-2019,SERVICEBRANCHCHENNAIOUTCHQRETCRFundsinsufficient,32388,,645465.74,OUTWARD-RETURN,645465.74,0
05-09-2019,SERVICEBRANCHCHENNAICHQDISHONOURCR,250,,645215.74,INWARD-CHARGES,645215.74,0
06-09-2019,MUMBAIFORTC ACFEESCRAMMANFRUITS822TRANSFER28,,7578,652793.74,TRANSFER,652793.74,0
06-09-2019,SERVICEBRANCHCHENNAICHEQUEDEPO00000701CRUCOBANK0446CTSCLG000701CLG000701 UCO,,23421,676214.74,CHQ,676214.74,0
06-09-2019,SERVICEBRANCHCHENNAICHEQUEDEPO00000253CR2400446CTSG,,3397,679611.74,CHQ,679611.74,0
06-09-2019,SERVICEBRANCHCHENNAICHEQUEDEPO00913975CRSYNDICATEBANK0446CTSG913975 SYB,,1684,681295.74,CHQ,681295.74,0
06-09-2019,SERVICEBRANCHCHENNAICHEQUEDEPO00000336CR2400446CTSG,,3797,685092.74,CHQ,685092.74,0
06-09-2019,SERVICEBRANCHCHENNAICHEQUEDEPO00850668CRTAMILNADUSTATEAPEXCOO0446CTSG,,1050,686142.74,CHQ,686142.74,0
06-09-2019,SERVICEBRANCHCHENNAICHEQUEDEPO00043127CRBANKOFINDIA0446CTSG043127 BOI,,3438,689580.74,CHQ,689580.74,0
06-09-2019,MUMBAIFORTC ACFEESCRSANTHOSHSUPERM681TRANSFER25,,5761,695341.74,TRANSFER,695341.74,0
06-09-2019,TIRUMANGALAMBYCHQ TTTFRCRKISHOREMARKETING,,6419,701760.74,CHQ,701760.74,0
06-09-2019,MUMBAIFORTC ACFEESCRSANTHOSHSUPERM447TRANSFER24,,18924,720684.74,TRANSFER,720684.74,0
06-09-2019,MUMBAIFORTC ACFEESCRANNAISUPERMAR8984TRANSFER28,,4693,725377.74,TRANSFER,725377.74,0
06-09-2019,MUMBAIFORTC ACFEESKPNCRFARMFRESH484TRANSFER27,,576,725953.74,TRANSFER,725953.74,0
07-09-2019,MUMBAIFORTC ACFEESCRSARAVANAST1777853TRANSFER25,,103926,829879.74,TRANSFER,829879.74,0
07-09-2019,SERVICEBRANCHCHENNAICHEQUEDEPO00002358CRKARURVYSYABANKLTD0446CTSCLG002358CLG002358 KVB,,9508,839387.74,CHQ,839387.74,0
07-09-2019,SERVICEBRANCHCHENNAICHEQUEDEPO00220484CRTAMILNADMERCANTILEBANK0446CTSG220484 TMB,,825,840212.74,CHQ,840212.74,0
07-09-2019,SERVICEBRANCHCHENNAICHEQUEDEPO00043050CRANDHRABANK0446CTSG043050 ANB,,1508,841720.74,CHQ,841720.74,0
07-09-2019,SERVICEBRANCHCHENNAICHEQUEDEPO00986602CRINDIANOVERSEASBANK0446CTSG986602 IOB,,5952,847672.74,CHQ,847672.74,0
07-09-2019,SERVICEBRANCHCHENNAICHEQUEDEPO00791272CRSOUTHINDIANBANKLTD0446CTSCLG791272CLG791272 SIB,,9680,857352.74,CHQ,857352.74,0
07-09-2019,SERVICEBRANCHCHENNAICHEQUEDEPO00604221CR2590446CTSG,,3410,860762.74,CHQ,860762.74,0
07-09-2019,SERVICEBRANCHCHENNAICHEQUEDEPO00000041CRUCOBANK0446CTSCLG000041CLG000041 UCO,,166635,1027397.74,CHQ,1027397.74,0
07-09-2019,SERVICEBRANCHCHENNAICHEQUEDEPO00004895CRUTIBANKLTD0446CTSG,,3554,1030951.74,CHQ,1030951.74,0
07-09-2019,SERVICEBRANCHCHENNAICHEQUEDEPO00289381CRUTIBANKLTD0446CTSG,,9297,1040248.74,CHQ,1040248.74,0
07-09-2019,SERVICEBRANCHCHENNAICHEQUEDEPO00094928CRSYNDICATEBANK0446CTSG094928 SYB,,6108,1046356.74,OUTWARD-RETURN,1046356.74,0
07-09-2019,TIRUMANGALAMCASHDEPOSITCRDepositbySELF,,100000,1146356.74,CASH,1146356.74,0
07-09-2019,MUMBAIFORTC ACFEESCRKARPAG0460TRANSFER29,,2521,1148877.74,TRANSFER,1148877.74,0
07-09-2019,SERVICEBRANCHCHENNAIOUTCHQRETCRFundsinsufficient,6108,,1142769.74,OUTWARD-RETURN,1142769.74,0
07-09-2019,SERVICEBRANCHCHENNAICHQDISHONOURCR,250,,1142519.74,INWARD-CHARGES,1142519.74,0
09-09-2019,SERVICEBRANCHCHENNAICHEQUEDEPO00030175CR4110446CTSG,,14598,1157117.74,CHQ,1157117.74,0
09-09-2019,SERVICEBRANCHCHENNAICHEQUEDEPO00885831CRTAMILNADUSTATEAPEXCOO0446CTSG,,1388,1158505.74,CHQ,1158505.74,0
09-09-2019,SERVICEBRANCHCHENNAICHEQUEDEPO00201528CRTAMILNADMERCANTILEBANK0446CTSG201528 TMB,,3096,1161601.74,OUTWARD-RETURN,1161601.74,0
09-09-2019,SERVICEBRANCHCHENNAICHEQUEDEPO00015749CRSOUTHINDIANBANKLTD0446CTSCLG015749CLG015749 SIB,,2300,1163901.74,CHQ,1163901.74,0
09-09-2019,SERVICEBRANCHCHENNAICHEQUEDEPO00004012CRICICIBANKINGCORPORATION0446CTSG,,1077,1164978.74,CHQ,1164978.74,0
09-09-2019,SERVICEBRANCHCHENNAICHEQUEDEPO00742349CRINDIANOVERSEASBANK0446CTSG742349 IOB,,2452,1167430.74,CHQ,1167430.74,0
09-09-2019,MUMBAIFORTC ACFEESCRPONNUSUPER3157316TRANSFER25,,6032,1173462.74,TRANSFER,1173462.74,0
09-09-2019,ATMSERVICEBYTRANSFERCRBRANCH IMPS 760 TRANSFE461,,13500,1186962.74,IMPS,1186962.74,0
09-09-2019,TIRUMANGALAMBYCHQ TTTFRCRACTFR,,470,1187432.74,CHQ,1187432.74,0
09-09-2019,TIRUMANGALAMCASHDEPOSITCRDepositbySELF,,960000,2147432.74,CASH,2147432.74,0
09-09-2019,MUMBAIFORTC ACFEESCRLIMRASENTE7277TRANSFE121,,11391,2158823.74,TRANSFER,2158823.74,0
09-09-2019,SERVICEBRANCHCHENNAIOUTCHQRETCRFundsinsufficient,3096,,2155727.74,OUTWARD-RETURN,2155727.74,0
09-09-2019,SERVICEBRANCHCHENNAICHQDISHONOURCR,250,,2155477.74,INWARD-CHARGES,2155477.74,0
09-09-2019,CASHDEPCRCHRGSOTHER,760,,2154717.74,DEPOSIT-CHARGES,2154717.74,0
10-09-2019,MUMBAIFORTC ACFEESKPNCRFARMFRESHP248TRANSFER29,,520,2155237.74,TRANSFER,2155237.74,0
10-09-2019,TIRUMANGALAMBYCHQ TTTFRCRKISHOREMARKETING,,1024,2156261.74,CHQ,2156261.74,0
10-09-2019,TIRUMANGALAMCASHDEPOSITCRDepositbySELF,,170000,2326261.74,CASH,2326261.74,0
10-09-2019,MUMBAIFORTC ACFEESCRHECTORBEVER5306548TRANSFER21,,6923,2333184.74,TRANSFER,2333184.74,0
10-09-2019,MUMBAIFORTC ACFEESCRHECTORBEVER5305923TRANSFER29,,15000,2348184.74,TRANSFER,2348184.74,0
10-09-2019,MUMBAIFORTC ACFEESCRHECTORBEVER5305917TRANSFER24,,15000,2363184.74,TRANSFER,2363184.74,0
10-09-2019,MUMBAIFORTC ACFEESCRHECTORBEVER5306553TRANSFER25,,5192,2368376.74,TRANSFER,2368376.74,0
10-09-2019,MUMBAIFORTC ACFEESCRHECTORBEVER5305920TRANSFER23,,5769,2374145.74,TRANSFER,2374145.74,0
11-09-2019,COREBANKINGWITHDRAWALTRANSFERTECHPROCESS895834376 BharatCRDATACENTREPetroleumCorporationTRANSFERTO,10008.26,,2364137.48,ONLINE-PAYMENT,2364137.48,0
11-09-2019,SERVICEBRANCHCHENNAICHEQUEDEPO00674686CRTAMILNADMERCANTILEBANK0446CTSG674686 TMB,,6886,2371023.48,CHQ,2371023.48,0
11-09-2019,SERVICEBRANCHCHENNAICHEQUEDEPO00000349CR2400446CTSG,,8832,2379855.48,CHQ,2379855.48,0
11-09-2019,SERVICEBRANCHCHENNAICHEQUEDEPO00000304CR2400446CTSG,,11146,2391001.48,CHQ,2391001.48,0
11-09-2019,SERVICEBRANCHCHENNAICHEQUEDEPO00000004CRUCOBANK0446CTSCLG000004CLG000004 UCO,,1238,2392239.48,OUTWARD-RETURN,2392239.48,0
11-09-2019,SERVICEBRANCHCHENNAICHEQUEDEPO00015726CRSOUTHINDIANBANKLTD0446CTSCLG015726CLG015726 SIB,,4164,2396403.48,CHQ,2396403.48,0
11-09-2019,SERVICEBRANCHCHENNAICHEQUEDEPO00004889CRUTIBANKLTD0446CTSG,,3752,2400155.48,CHQ,2400155.48,0
11-09-2019,SERVICEBRANCHCHENNAICHEQUEDEPO00000241CRKARURVYSYABANKLTD0446CTSCLG000241CLG000241 KVB,,3725,2403880.48,CHQ,2403880.48,0
11-09-2019,SERVICEBRANCHCHENNAICHEQUEDEPO00233843CRUTIBANKLTD0446CTSG,,1727,2405607.48,CHQ,2405607.48,0
11-09-2019,SERVICEBRANCHCHENNAICHEQUEDEPO00496913CRTAMILNADMERCANTILEBANK0446CTSG496913 TMB,,1991,2407598.48,CHQ,2407598.48,0
11-09-2019,SERVICEBRANCHCHENNAICHEQUEDEPO00772851CR5320446CTSG772851 YES,,957,2408555.48,CHQ,2408555.48,0
11-09-2019,SERVICEBRANCHCHENNAICHEQUEDEPO00219136CRSYNDICATEBANK0446CTSG219136 SYB,,7384,2415939.48,CHQ,2415939.48,0
11-09-2019,SERVICEBRANCHCHENNAICHEQUEDEPO00005720CRCITYUNIONBANKLTD0446CTSCLG005720CLG005720 CUB,,1894,2417833.48,CHQ,2417833.48,0
11-09-2019,SERVICEBRANCHCHENNAICHEQUEDEPO00098779CRSYNDICATEBANK0446CTSG098779 SYB,,7915,2425748.48,CHQ,2425748.48,0
11-09-2019,SERVICEBRANCHCHENNAICHEQUEDEPO00294618CRUTIBANKLTD0446CTSG,,10519,2436267.48,CHQ,2436267.48,0
11-09-2019,SERVICEBRANCHCHENNAICHEQUEDEPO00013242CRALLAHABADBANK0446CTSG013242 ALB,,2400,2438667.48,CHQ,2438667.48,0
11-09-2019,SERVICEBRANCHCHENNAICHEQUEDEPO00471245CR2340446CTSG,,7000,2445667.48,OUTWARD-RETURN,2445667.48,0
11-09-2019,SERVICEBRANCHCHENNAICHEQUEDEPO00042938CRANDHRABANK0446CTSG042938 ANB,,3103,2448770.48,CHQ,2448770.48,0
11-09-2019,SERVICEBRANCHCHENNAICHEQUEDEPO00022957CRANDHRABANK0446CTSG022957 ANB,,1904,2450674.48,CHQ,2450674.48,0
11-09-2019,SERVICEBRANCHCHENNAICHEQUEDEPO00265888CRINDIANOVERSEASBANK0446CTSG265888 IOB,,2129,2452803.48,CHQ,2452803.48,0
11-09-2019,SERVICEBRANCHCHENNAICHEQUEDEPO00177035CRSYNDICATEBANK,,5728,2458531.48,OUTWARD-RETURN,2458531.48,0
11-09-2019,SERVICEBRANCHCHENNAICHEQUEDEPO00010258CR4850446CTSG010258 KMB,,8795,2467326.48,CHQ,2467326.48,0
11-09-2019,SERVICEBRANCHCHENNAICHEQUEDEPO00000042CRUCOBANK0446CTSCLG000042CLG000042 UCO,,82798,2550124.48,CHQ,2550124.48,0
11-09-2019,SERVICEBRANCHCHENNAICHEQUEDEPO00002059CRICICIBANKINGCORPORATION0446CTSG,,5968,2556092.48,CHQ,2556092.48,0
11-09-2019,SERVICEBRANCHCHENNAICHEQUEDEPO00015719CRSOUTHINDIANBANKLTD0446CTSCLG015719CLG015719 SIB,,10000,2566092.48,CHQ,2566092.48,0
11-09-2019,SERVICEBRANCHCHENNAICHEQUEDEPO00000574CRANDHRABANK0446CTSG000574 ANB,,5904,2571996.48,CHQ,2571996.48,0
11-09-2019,SERVICEBRANCHCHENNAICHEQUEDEPO00445127CRKARNATAKABANKLTD0446CTSCLG445127CLG,,1173,2573169.48,CHQ,2573169.48,0
11-09-2019,SERVICEBRANCHCHENNAICHEQUEDEPO00001055CRICICIBANKINGCORPORATION0446CTSG,,1105,2574274.48,CHQ,2574274.48,0
11-09-2019,SERVICEBRANCHCHENNAICHEQUEDEPO00039955CRCENTRALBANKOFINDIA0446CTSCLG039955CLG039955 CBI,,550,2574824.48,CHQ,2574824.48,0
11-09-2019,SERVICEBRANCHCHENNAICHEQUEDEPO00099254CRTAMILNADMERCANTILEBANK0446CTSG099254 TMB,,316,2575140.48,CHQ,2575140.48,0
11-09-2019,SERVICEBRANCHCHENNAICHEQUEDEPO00451531CRALLAHABADBANK0446CTSG451531 ALB,,250000,2825140.48,CHQ,2825140.48,0
11-09-2019,SERVICEBRANCHCHENNAICHEQUEDEPO00451739CRALLAHABADBANK0446CTSG451739 ALB,,500000,3325140.48,CHQ,3325140.48,0
11-09-2019,SERVICEBRANCHCHENNAICHEQUEDEPO00004283CRALLAHABADBANK0446CTSG004283 ALB,,600000,3925140.48,CHQ,3925140.48,0
11-09-2019,SERVICEBRANCHCHENNAICHEQUEDEPO00479541CRALLAHABADBANK0446CTSG479541 ALB,,300000,4225140.48,CHQ,4225140.48,0
11-09-2019,SERVICEBRANCHCHENNAICHEQUEDEPO00326199CRKARNATAKABANKLTD0446CTSCLG326199CLG,,2624,4227764.48,CHQ,4227764.48,0
11-09-2019,SERVICEBRANCHCHENNAICHEQUEDEPO00001052CRICICIBANKINGCORPORATION0446CTSG,,639,4228403.48,CHQ,4228403.48,0
11-09-2019,SERVICEBRANCHCHENNAICHEQUEDEPO00000116CRKARURVYSYABANKLTD0446CTSCHQ000116,,2700,4231103.48,CHQ,4231103.48,0
11-09-2019,SERVICEBRANCHCHENNAICHEQUEDEPO00000604CRKARURVYSYABANKLTD0446CTSCLG000604CLG000604 KVB,,2793,4233896.48,CHQ,4233896.48,0
11-09-2019,SERVICEBRANCHCHENNAICHEQUEDEPO00569088CRSYNDICATEBANK0446CTSG569088 SYB,,16128,4250024.48,CHQ,4250024.48,0
11-09-2019,SERVICEBRANCHCHENNAICHEQUEDEPO00003386CR2400446CTSG,,4337,4254361.48,CHQ,4254361.48,0
11-09-2019,SERVICEBRANCHCHENNAICHEQUEDEPO00000249CRKARURVYSYABANKLTD0446CTSCLG000249CLG000249 KVB,,2627,4256988.48,CHQ,4256988.48,0
11-09-2019,SERVICEBRANCHCHENNAICHEQUEDEPO00023568CRUTIBANKLTD0446CTSG,,4825,4261813.48,CHQ,4261813.48,0
11-09-2019,MUMBAIFORTC ACFEESCRSANTHOSHSUPERM130TRANSFER24,,3788,4265601.48,TRANSFER,4265601.48,0
11-09-2019,SERVICEBRANCHCHENNAIOUTCHQRETCRFundsinsufficient,5728,,4259873.48,OUTWARD-RETURN,4259873.48,0
11-09-2019,SERVICEBRANCHCHENNAICHQDISHONOURCR,250,,4259623.48,INWARD-CHARGES,4259623.48,0
11-09-2019,SERVICEBRANCHCHENNAIOUTCHQRETCRFundsinsufficient,7000,,4252623.48,OUTWARD-RETURN,4252623.48,0
11-09-2019,SERVICEBRANCHCHENNAICHQDISHONOURCR,250,,4252373.48,INWARD-CHARGES,4252373.48,0
11-09-2019,SERVICEBRANCHCHENNAINOFEESCRKindlycontactDrawer DraweeBankandpleasepre,300000,,3952373.48,TRANSFER,3952373.48,0
11-09-2019,SERVICEBRANCHCHENNAIOUTCHQRETCRFundsinsufficient,1238,,3951135.48,OUTWARD-RETURN,3951135.48,0
11-09-2019,SERVICEBRANCHCHENNAICHQDISHONOURCR,250,,3950885.48,INWARD-CHARGES,3950885.48,0
12-09-2019,SERVICEBRANCHCHENNAIECSMANDATECRDEBITRANSFERTO,1170849.05,,2780036.43,EMI-DEBIT,2780036.43,0
12-09-2019,MUMBAIFORTWITHDRAWALTRANSFERCRSNJSugarsandp868TRANSFER24,164013,,2616023.43,TRANSFER,2616023.43,0
12-09-2019,MUMBAIFORTWITHDRAWALTRANSFERINVENTZLIFESCIENIDIBH19255365291CRTRANSFER24,110949,,2505074.43,TRANSFER,2505074.43,0
12-09-2019,TIRUMANGALAMCASHDEPOSITCRDepositbySELF,,240000,2745074.43,CASH,2745074.43,0
12-09-2019,ATMSERVICEBYTRANSFERCRBRANCH IMPS 996 PURCHASESPAYMETRANSFE461,,3188,2748262.43,IMPS,2748262.43,0
12-09-2019,MUMBAIFORTC ACFEESCRHAWIEEXIM094TRANSFER23,,9953,2758215.43,TRANSFER,2758215.43,0
12-09-2019,TIRUMANGALAMBYCHQ TTTFRCRKISHOREMARKETING,,3814,2762029.43,CHQ,2762029.43,0
12-09-2019,MUMBAIFORTWITHDRAWALTRANSFERINBISCOCRINDIAPV767TRANSFER24,218028,,2544001.43,TRANSFER,2544001.43,0
12-09-2019,MUMBAIFORTC ACFEESCRSHREEENTERPRI10TRANSFE128,,10399,2554400.43,TRANSFER,2554400.43,0
12-09-2019,MUMBAIFORTC ACFEESMACCRS164TRANSFER21,,3257,2557657.43,TRANSFER,2557657.43,0
12-09-2019,MUMBAIFORTC ACFEESCRAMMANFRUITS724TRANSFER20,,9801,2567458.43,TRANSFER,2567458.43,0
12-09-2019,MUMBAIFORTC ACFEESSRICRMEENAKSHIAM508TRANSFER28,,923,2568381.43,TRANSFER,2568381.43,0
12-09-2019,CASHDEPCRCHRGSOTHER,100,,2568281.43,DEPOSIT-CHARGES,2568281.43,0
13-09-2019,SERVICEBRANCHCHENNAITOCLGCHQ00898752CRCAVINKAREPVTLTD,54697,,2513584.43,CHQ,2513584.43,0
13-09-2019,TIRUMANGALAMBYCHQ TTTFRCRKISHOREMARKETING,,5054,2518638.43,CHQ,2518638.43,0
13-09-2019,TIRUMANGALAMCASHDEPOSITCRDepositbySELF,,40000,2558638.43,CASH,2558638.43,0
13-09-2019,MUMBAIFORTC ACFEESCRKALIGAMBALFRUI8816TRANSFER24,,15527,2574165.43,TRANSFER,2574165.43,0
16-09-2019,MUMBAIFORTC ACFEESCRKARUVALURMARIA4865TRANSFER24,,1094,2575259.43,TRANSFER,2575259.43,0
16-09-2019,SERVICEBRANCHCHENNAICHEQUEDEPO00288078CRUTIBANKLTD0446CTSG,,100000,2675259.43,CHQ,2675259.43,0
16-09-2019,SERVICEBRANCHCHENNAICHEQUEDEPO00001503CRKARURVYSYABANKLTD0446CTSCLG001503CLG001503 KVB,,2910,2678169.43,OUTWARD-RETURN,2678169.43,0
16-09-2019,SERVICEBRANCHCHENNAICHEQUEDEPO00047279CRSYNDICATEBANK0446CTSG047279 SYB,,5445,2683614.43,CHQ,2683614.43,0
16-09-2019,SERVICEBRANCHCHENNAICHEQUEDEPO00000130CR2400446CTSG,,6000,2689614.43,CHQ,2689614.43,0
16-09-2019,SERVICEBRANCHCHENNAICHEQUEDEPO00289439CRUTIBANKLTD0446CTSG,,9040,2698654.43,CHQ,2698654.43,0
16-09-2019,SERVICEBRANCHCHENNAICHEQUEDEPO00001227CR7560446CTSG,,1278,2699932.43,CHQ,2699932.43,0
16-09-2019,SERVICEBRANCHCHENNAICHEQUEDEPO00000501CR2400446CTSG,,12500,2712432.43,CHQ,2712432.43,0
16-09-2019,SERVICEBRANCHCHENNAICHEQUEDEPO00000478CR7500446CTSGAN,,1931,2714363.43,CHQ,2714363.43,0
16-09-2019,SERVICEBRANCHCHENNAICHEQUEDEPO00000356CRKARURVYSYABANKLTD0446CTSCLG000356CLG000356 KVB,,2354,2716717.43,CHQ,2716717.43,0
16-09-2019,SERVICEBRANCHCHENNAICHEQUEDEPO00000127CR2400446CTSG,,5834,2722551.43,OUTWARD-RETURN,2722551.43,0
16-09-2019,SERVICEBRANCHCHENNAICHEQUEDEPO00608876CR2340446CTSG,,2040,2724591.43,CHQ,2724591.43,0
16-09-2019,SERVICEBRANCHCHENNAICHEQUEDEPO00501483CRINDIANOVERSEASBANK0446CTSG501483 IOB,,2388,2726979.43,CHQ,2726979.43,0
16-09-2019,SERVICEBRANCHCHENNAICHEQUEDEPO00023107CRANDHRABANK0446CTSG023107 ANB,,595,2727574.43,CHQ,2727574.43,0
16-09-2019,SERVICEBRANCHCHENNAICHEQUEDEPO00316239CRTAMILNADMERCANTILEBANK0446CTSG316239 TMB,,2594,2730168.43,OUTWARD-RETURN,2730168.43,0
16-09-2019,SERVICEBRANCHCHENNAICHEQUEDEPO00126995CRCENTRALBANKOFINDIA0446CTSCLG126995CLG126995 CBI,,2280,2732448.43,CHQ,2732448.43,0
16-09-2019,SERVICEBRANCHCHENNAICHEQUEDEPO00111644CRBANKOFMAHARASHTRA0446CTSG111644 BOM,,12976,2745424.43,CHQ,2745424.43,0
16-09-2019,SERVICEBRANCHCHENNAICHEQUEDEPO00022400CRORIENTALBANKOFCOMMERCE0446CTSG022400 OBC,,2614,2748038.43,CHQ,2748038.43,0
16-09-2019,SERVICEBRANCHCHENNAICHEQUEDEPO00000129CRKARURVYSYABANKLTD0446CTSCLG000129CLG000129 KVB,,2000,2750038.43,CHQ,2750038.43,0
16-09-2019,SERVICEBRANCHCHENNAICHEQUEDEPO00002065CRKARURVYSYABANKLTD0446CTSCLG002065CLG002065 KVB,,4556,2754594.43,CHQ,2754594.43,0
16-09-2019,SERVICEBRANCHCHENNAICHEQUEDEPO00218032CRFEDERALBANKLTD0446CTSG218032 FBI,,10036,2764630.43,CHQ,2764630.43,0
16-09-2019,SERVICEBRANCHCHENNAICHEQUEDEPO00295600CRUTIBANKLTD0446CTSG,,6473,2771103.43,CHQ,2771103.43,0
16-09-2019,MUMBAIFORTWITHDRAWALTRANSFERCRREDBULLINDIAP892TRANSFER24,300028,,2471075.43,TRANSFER,2471075.43,0
16-09-2019,SERVICEBRANCHCHENNAICHEQUEDEPO00023022CRANDHRABANK0446CTSG023022 ANB,,10545,2481620.43,CHQ,2481620.43,0
16-09-2019,SERVICEBRANCHCHENNAICHEQUEDEPO00005749CRCITYUNIONBANKLTD0446CTSCLG005749CLG005749 CUB,,4610,2486230.43,CHQ,2486230.43,0
16-09-2019,SERVICEBRANCHCHENNAICHEQUEDEPO00005898CRKARURVYSYABANKLTD0446CTSCLG005898CLG005898 KVB,,708,2486938.43,CHQ,2486938.43,0
16-09-2019,SERVICEBRANCHCHENNAICHEQUEDEPO00103771CRSTATEBANKOFINDIA0446CTSG103771 SBI,,18703,2505641.43,CHQ,2505641.43,0
16-09-2019,SERVICEBRANCHCHENNAICHEQUEDEPO00000096CR2400446CTSG,,8646,2514287.43,CHQ,2514287.43,0
16-09-2019,SERVICEBRANCHCHENNAICHEQUEDEPO00002113CR2400446CTSG,,4058,2518345.43,CHQ,2518345.43,0
16-09-2019,SERVICEBRANCHCHENNAICHEQUEDEPO00000766CRCITYUNIONBANKLTD0446CTSCLG000766CLG000766 CUB,,1562,2519907.43,CHQ,2519907.43,0
16-09-2019,SERVICEBRANCHCHENNAICHEQUEDEPO00862363CRVIJAYABANK0446CTSG862363 VJB,,348,2520255.43,CHQ,2520255.43,0
16-09-2019,SERVICEBRANCHCHENNAICHEQUEDEPO00030540CRICICIBANKINGCORPORATION0446CTSG,,964,2521219.43,CHQ,2521219.43,0
16-09-2019,SERVICEBRANCHCHENNAICHEQUEDEPO00844712CRKARURVYSYABANKLTD0446CTSCLG844712CLG844712 KVB,,1686,2522905.43,CHQ,2522905.43,0
16-09-2019,SERVICEBRANCHCHENNAICHEQUEDEPO00030557CRICICIBANKINGCORPORATION0446CTSCHQ030557,,716,2523621.43,CHQ,2523621.43,0
16-09-2019,SERVICEBRANCHCHENNAICHEQUEDEPO00000724CRUCOBANK0446CTSCLG000724CLG000724 UCO,,7999,2531620.43,CHQ,2531620.43,0
16-09-2019,SERVICEBRANCHCHENNAICHEQUEDEPO00759221CRSYNDICATEBANK0446CTSG759221 SYB,,607,2532227.43,CHQ,2532227.43,0
16-09-2019,SERVICEBRANCHCHENNAICHEQUEDEPO00862426CRVIJAYABANK0446CTSG862426 VJB,,1203,2533430.43,CHQ,2533430.43,0
16-09-2019,SERVICEBRANCHCHENNAICHEQUEDEPO00002971CRKARURVYSYABANKLTD0446CTSCLG002971CLG002971 KVB,,916,2534346.43,CHQ,2534346.43,0
16-09-2019,MUMBAIFORTC ACFEESCRRATHNATRADER4338TRANSFER29,,3480,2537826.43,TRANSFER,2537826.43,0
16-09-2019,TIRUMANGALAMCASHDEPOSITCRDepositbySELF,,170000,2707826.43,CASH,2707826.43,0
16-09-2019,MUMBAIFORTC ACFEESCRSANTHOSHSUPERM711TRANSFER26,,22924,2730750.43,TRANSFER,2730750.43,0
16-09-2019,SERVICEBRANCHCHENNAIOUTCHQRETCRFundsinsufficient,2910,,2727840.43,OUTWARD-RETURN,2727840.43,0
16-09-2019,SERVICEBRANCHCHENNAICHQDISHONOURCR,250,,2727590.43,INWARD-CHARGES,2727590.43,0
16-09-2019,SERVICEBRANCHCHENNAINOFEESCRPresentwithdocument,2000,,2725590.43,TRANSFER,2725590.43,0
16-09-2019,SERVICEBRANCHCHENNAIOUTCHQRETCRFundsinsufficient,2594,,2722996.43,OUTWARD-RETURN,2722996.43,0
16-09-2019,SERVICEBRANCHCHENNAICHQDISHONOURCR,250,,2722746.43,INWARD-CHARGES,2722746.43,0
16-09-2019,SERVICEBRANCHCHENNAIOUTCHQRETCRFundsinsufficient,5834,,2716912.43,OUTWARD-RETURN,2716912.43,0
16-09-2019,SERVICEBRANCHCHENNAICHQDISHONOURCR,250,,2716662.43,INWARD-CHARGES,2716662.43,0
16-09-2019,MUMBAIFORTC ACFEESCRBANKOFBARODAFO960TRANSFER26,,3621,2720283.43,TRANSFER,2720283.43,0
16-09-2019,MUMBAIFORTC ACFEESCRANNANAGARSUPE4520TRANSFER21,,20000,2740283.43,TRANSFER,2740283.43,0
16-09-2019,MUMBAIFORTC ACFEESCRLIMRASENTE3921TRANSFE123,,1395,2741678.43,TRANSFER,2741678.43,0
16-09-2019,MUMBAIFORTC ACFEESCRLIMRASENTE4494TRANSFE126,,7373,2749051.43,TRANSFER,2749051.43,0
16-09-2019,MUMBAIFORTC ACFEESCRANNANAGARS9177082TRANSFER29,,2645,2751696.43,TRANSFER,2751696.43,0
17-09-2019,SERVICEBRANCHCHENNAITOCLGCHQ00898747CRCAVINKAREPVTLTD,385959,,2365737.43,CHQ,2365737.43,0
17-09-2019,MUMBAIFORTWITHDRAWALTRANSFERINBISCOCRINDIAPV617TRANSFER24,135013,,2230724.43,TRANSFER,2230724.43,0
17-09-2019,TIRUMANGALAMCASHDEPOSITCRDepositbySELF,,175000,2405724.43,CASH,2405724.43,0
17-09-2019,SERVICEBRANCHCHENNAICHEQUEDEPO00043169CRBANKOFINDIA0446CTSG043169 BOI,,3809,2409533.43,CHQ,2409533.43,0
17-09-2019,SERVICEBRANCHCHENNAICHEQUEDEPO00000302CRKARURVYSYABANKLTD0446CTSCLG000302CLG000302 KVB,,4306,2413839.43,CHQ,2413839.43,0
17-09-2019,MUMBAIFORTC ACFEESCRSANTHOSHSUPERM200TRANSFER27,,22309,2436148.43,TRANSFER,2436148.43,0
17-09-2019,SERVICEBRANCHCHENNAICHEQUEDEPO00000206CR4850446CTSG000206 KMB,,3123,2439271.43,OUTWARD-RETURN,2439271.43,0
17-09-2019,SERVICEBRANCHCHENNAICHEQUEDEPO00001255CR2400446CTSG,,10000,2449271.43,CHQ,2449271.43,0
17-09-2019,SERVICEBRANCHCHENNAICHEQUEDEPO00004740CRKARURVYSYABANKLTD0446CTSCLG004740CLG004740 KVB,,1770,2451041.43,CHQ,2451041.43,0
17-09-2019,SERVICEBRANCHCHENNAICHEQUEDEPO00855109CRTAMILNADMERCANTILEBANK0446CTSG855109 TMB,,3134,2454175.43,CHQ,2454175.43,0
17-09-2019,SERVICEBRANCHCHENNAICHEQUEDEPO00676020CRTAMILNADMERCANTILEBANK0446CTSG676020 TMB,,10044.35,2464219.78,CHQ,2464219.78,0
17-09-2019,SERVICEBRANCHCHENNAICHEQUEDEPO00000128CR2400446CTSG,,6812,2471031.78,CHQ,2471031.78,0
17-09-2019,SERVICEBRANCHCHENNAICHEQUEDEPO00043166CRBANKOFINDIA0446CTSG043166 BOI,,5559,2476590.78,CHQ,2476590.78,0
17-09-2019,SERVICEBRANCHCHENNAICHEQUEDEPO00791792CRSOUTHINDIANBANKLTD0446CTSCLG791792CLG791792 SIB,,2934,2479524.78,CHQ,2479524.78,0
17-09-2019,SERVICEBRANCHCHENNAICHEQUEDEPO00622598CRTAMILNADMERCANTILEBANK0446CTSG622598 TMB,,5763,2485287.78,CHQ,2485287.78,0
17-09-2019,SERVICEBRANCHCHENNAICHEQUEDEPO00382389CRUNIONBANKOFINDIA0446CTSCHQ382389,,1980,2487267.78,CHQ,2487267.78,0
17-09-2019,SERVICEBRANCHCHENNAICHEQUEDEPO00165609CRUTIBANKLTD0446CTSG,,1260,2488527.78,CHQ,2488527.78,0
17-09-2019,SERVICEBRANCHCHENNAICHEQUEDEPO00461890CR2590446CTSG,,2104,2490631.78,CHQ,2490631.78,0
17-09-2019,SERVICEBRANCHCHENNAICHEQUEDEPO00858432CRTAMILNADMERCANTILEBANK0446CTSG858432 TMB,,3147,2493778.78,CHQ,2493778.78,0
17-09-2019,SERVICEBRANCHCHENNAICHEQUEDEPO00148399CRUNITEDBANKOFINDIA0446CTSCLG148399CLG,,9146,2502924.78,CHQ,2502924.78,0
17-09-2019,SERVICEBRANCHCHENNAICHEQUEDEPO00000502CR2400446CTSG,,30000,2532924.78,CHQ,2532924.78,0
17-09-2019,SERVICEBRANCHCHENNAICHEQUEDEPO00126926CRUTIBANKLTD0446CTSG,,5211,2538135.78,CHQ,2538135.78,0
17-09-2019,SERVICEBRANCHCHENNAICHEQUEDEPO00009355CRVIJAYABANK0446CTSG009355 VJB,,29519,2567654.78,CHQ,2567654.78,0
17-09-2019,SERVICEBRANCHCHENNAICHEQUEDEPO00374108CRSTATEBANKOFINDIA0446CTSG374108 SBI,,4292,2571946.78,CHQ,2571946.78,0
17-09-2019,MUMBAIFORTC ACFEESCRSANTHOSHSUPERM069TRANSFER24,,4984,2576930.78,TRANSFER,2576930.78,0
17-09-2019,SERVICEBRANCHCHENNAIOUTCHQRETCRFundsinsufficient,3123,,2573807.78,OUTWARD-RETURN,2573807.78,0
17-09-2019,SERVICEBRANCHCHENNAICHQDISHONOURCR,250,,2573557.78,INWARD-CHARGES,2573557.78,0
18-09-2019,SERVICEBRANCHCHENNAITOCLGCHQ00898740CRSECEDCWEST,3364,,2570193.78,CHQ,2570193.78,0
18-09-2019,COREBANKINGWITHDRAWALTRANSFERBILLDESKQINB7993097944 BPCLSMTFLT TRANSFERCRDATACENTRETO,10008.26,,2560185.52,ONLINE-PAYMENT,2560185.52,0
18-09-2019,TIRUMANGALAMBYCHQ TTTFRCRCHFOODSTOKISHOREMKTG,,8863,2569048.52,CHQ,2569048.52,0
18-09-2019,TIRUMANGALAMBYCHQ TTTFRCRCHFOODSTOKISHOREMKTG,,2444,2571492.52,CHQ,2571492.52,0
18-09-2019,COREBANKINGBYTRANSFERCRDATACENTRETransfer87844kishoreTRANSFE09,,12474,2583966.52,TRANSFER,2583966.52,0
18-09-2019,SERVICEBRANCHCHENNAICHEQUEDEPO00003937CRANDHRABANK0446CTSCHQ003937,,32388,2616354.52,CHQ,2616354.52,0
18-09-2019,MUMBAIFORTC ACFEESCRVIKPRIHOME61DCTRANSFE127,,11176,2627530.52,TRANSFER,2627530.52,0
18-09-2019,MUMBAIFORTC ACFEESCRSANTHOSHSUPERM032TRANSFER24,,27258,2654788.52,TRANSFER,2654788.52,0
18-09-2019,MUMBAIFORTC ACFEESCRANNAISUPERMAR0160TRANSFER21,,4102,2658890.52,TRANSFER,2658890.52,0
18-09-2019,MUMBAIFORTC ACFEESKPNCR6857459TRANSFER20,,3335,2662225.52,TRANSFER,2662225.52,0
19-09-2019,SERVICEBRANCHCHENNAICHEQUEDEPO00023313CRSYNDICATEBANK0446CTSG023313 SYB,,1858,2664083.52,CHQ,2664083.52,0
19-09-2019,SERVICEBRANCHCHENNAICHEQUEDEPO00844012CRTAMILNADMERCANTILEBANK0446CTSG844012 TMB,,4874,2668957.52,CHQ,2668957.52,0
19-09-2019,SERVICEBRANCHCHENNAICHEQUEDEPO00001560CR7500446CTSGAN,,9650,2678607.52,CHQ,2678607.52,0
19-09-2019,SERVICEBRANCHCHENNAICHEQUEDEPO00063620CRCENTRALBANKOFINDIA0446CTSCLG063620CLG063620 CBI,,2423,2681030.52,CHQ,2681030.52,0
19-09-2019,SERVICEBRANCHCHENNAICHEQUEDEPO00000090CR2400446CTSG,,35547,2716577.52,CHQ,2716577.52,0
19-09-2019,SERVICEBRANCHCHENNAICHEQUEDEPO00000425CR2400446CTSG,,619,2717196.52,CHQ,2717196.52,0
19-09-2019,SERVICEBRANCHCHENNAICHEQUEDEPO00002424CRKARURVYSYABANKLTD0446CTSCLG002424CLG002424 KVB,,7614,2724810.52,CHQ,2724810.52,0
19-09-2019,MUMBAIFORTWITHDRAWALTRANSFERHECTORBEVERAGESPIDIBH19262244674CRTRANSFER24,125013,,2599797.52,TRANSFER,2599797.52,0
19-09-2019,SERVICEBRANCHCHENNAICHEQUEDEPO00020505CRSOUTHINDIANBANKLTD0446CTSCLG020505CLG020505 SIB,,650,2600447.52,CHQ,2600447.52,0
19-09-2019,SERVICEBRANCHCHENNAICHEQUEDEPO00002404CRKARURVYSYABANKLTD0446CTSCLG002404CLG002404 KVB,,2082,2602529.52,CHQ,2602529.52,0
19-09-2019,SERVICEBRANCHCHENNAICHEQUEDEPO00455788CR2590446CTSG,,656,2603185.52,CHQ,2603185.52,0
19-09-2019,SERVICEBRANCHCHENNAICHEQUEDEPO00444831CRINDIANOVERSEASBANK0446CTSG444831 IOB,,544,2603729.52,CHQ,2603729.52,0
19-09-2019,ATMSERVICEBYTRANSFERCRBRANCH IMPS 621 P2AfundtransferTRANSFE461,,10000,2613729.52,IMPS,2613729.52,0
19-09-2019,MUMBAIFORTWITHDRAWALTRANSFERHECTORBEVERAGESPIDIBH19262248102CRTRANSFER24,310228,,2303501.52,TRANSFER,2303501.52,0
19-09-2019,SERVICEBRANCHCHENNAICHEQUEDEPO00001422CRICICIBANKINGCORPORATION0446CTSG,,1429,2304930.52,CHQ,2304930.52,0
19-09-2019,SERVICEBRANCHCHENNAICHEQUEDEPO00550944CR2340446CTSG,,12159,2317089.52,CHQ,2317089.52,0
19-09-2019,SERVICEBRANCHCHENNAICHEQUEDEPO00001561CR7500446CTSGAN,,9656,2326745.52,CHQ,2326745.52,0
19-09-2019,SERVICEBRANCHCHENNAICHEQUEDEPO00289607CRUTIBANKLTD0446CTSG,,7629,2334374.52,CHQ,2334374.52,0
19-09-2019,SERVICEBRANCHCHENNAICHEQUEDEPO00000069CR2400446CTSG,,4096,2338470.52,OUTWARD-RETURN,2338470.52,0
19-09-2019,SERVICEBRANCHCHENNAICHEQUEDEPO00043208CRANDHRABANK0446CTSG043208 ANB,,13097,2351567.52,CHQ,2351567.52,0
19-09-2019,SERVICEBRANCHCHENNAICHEQUEDEPO00007600CRCITYUNIONBANKLTD0446CTSCLG007600CLG007600 CUB,,9805,2361372.52,CHQ,2361372.52,0
19-09-2019,SERVICEBRANCHCHENNAICHEQUEDEPO00791807CRSOUTHINDIANBANKLTD0446CTSCLG791807CLG791807 SIB,,10634,2372006.52,CHQ,2372006.52,0
19-09-2019,TIRUMANGALAMCASHDEPOSITCRDepositbySELF,,250000,2622006.52,CASH,2622006.52,0
19-09-2019,MUMBAIFORTC ACFEESKPNCRFARMFRESHP702TRANSFER27,,540,2622546.52,TRANSFER,2622546.52,0
19-09-2019,SERVICEBRANCHCHENNAIOUTCHQRETCRExceedsarrangement,4096,,2618450.52,OUTWARD-RETURN,2618450.52,0
19-09-2019,SERVICEBRANCHCHENNAICHQDISHONOURCR,250,,2618200.52,INWARD-CHARGES,2618200.52,0
19-09-2019,MUMBAIFORTC ACFEESCRAMMANFRUITS451TRANSFER26,,7835,2626035.52,TRANSFER,2626035.52,0
19-09-2019,CASHDEPCRCHRGSOTHER,100,,2625935.52,DEPOSIT-CHARGES,2625935.52,0
20-09-2019,MUMBAIFORTC ACFEESCRSHREEENTERPRI95TRANSFE126,,3164,2629099.52,TRANSFER,2629099.52,0
20-09-2019,MUMBAIFORTC ACFEESCRSANTHOSHSUPERM547TRANSFER23,,420,2629519.52,TRANSFER,2629519.52,0
20-09-2019,MUMBAIFORTC ACFEESCRSAINATHKIYER475TRANSFER26,,121500,2751019.52,TRANSFER,2751019.52,0
20-09-2019,MUMBAIFORTWITHDRAWALTRANSFERHECTORBEVERAGESPIDIBH19263334352CRTRANSFER24,75005,,2676014.52,TRANSFER,2676014.52,0
21-09-2019,MUMBAIFORTC ACFEESCRSARAVANAST3071706TRANSFER28,,60522,2736536.52,TRANSFER,2736536.52,0
21-09-2019,MUMBAIFORTC ACFEESCRSARAVANAST3071062TRANSFER20,,95090,2831626.52,TRANSFER,2831626.52,0
21-09-2019,SERVICEBRANCHCHENNAICHEQUEDEPO00924393CRINDIANOVERSEASBANK0446CTSG924393 IOB,,10722,2842348.52,CHQ,2842348.52,0
21-09-2019,SERVICEBRANCHCHENNAICHEQUEDEPO00000336CRCITYUNIONBANKLTD0446CTSCLG000336CLG000336 CUB,,1442,2843790.52,CHQ,2843790.52,0
21-09-2019,SERVICEBRANCHCHENNAICHEQUEDEPO00000647CRICICIBANKINGCORPORATION0446CTSG,,1157,2844947.52,CHQ,2844947.52,0
21-09-2019,SERVICEBRANCHCHENNAICHEQUEDEPO00023243CRANDHRABANK0446CTSCHQ023243,,1536,2846483.52,CHQ,2846483.52,0
21-09-2019,SERVICEBRANCHCHENNAICHEQUEDEPO00332458CRCANARABANK0446CTSG332458 CAB,,2169,2848652.52,CHQ,2848652.52,0
21-09-2019,SERVICEBRANCHCHENNAICHEQUEDEPO00001254CR2400446CTSG,,8929,2857581.52,CHQ,2857581.52,0
21-09-2019,SERVICEBRANCHCHENNAICHEQUEDEPO00777477CR2340446CTSG,,1770,2859351.52,CHQ,2859351.52,0
21-09-2019,SERVICEBRANCHCHENNAICHEQUEDEPO00000503CR2400446CTSG,,35500,2894851.52,CHQ,2894851.52,0
21-09-2019,SERVICEBRANCHCHENNAICHEQUEDEPO00004847CRCITYUNIONBANKLTD0446CTSCLG004847CLG004847 CUB,,2308,2897159.52,CHQ,2897159.52,0
21-09-2019,TIRUMANGALAMCASHDEPOSITCRDepositbySELF,,100000,2997159.52,CASH,2997159.52,0
21-09-2019,MUMBAIFORTC ACFEESCRLIMR4560TRANSFE127,,1680,2998839.52,TRANSFER,2998839.52,0
21-09-2019,MUMBAIFORTC ACFEESCRLIMR4550TRANSFE126,,15812,3014651.52,TRANSFER,3014651.52,0
22-09-2019,TIRUMANGALAMBULKCHARGESCRSMSALERTCHARGESQ,15,,3014636.52,BANK-CHARGES,3014636.52,0
23-09-2019,SERVICEBRANCHCHENNAIECSMANDATECRDEBITRANSFERTO,1399036,,1615600.52,EMI-DEBIT,1615600.52,0
23-09-2019,SERVICEBRANCHCHENNAICHEQUEDEPO00001958CRICICIBANKINGCORPORATION0446CTSG,,3122,1618722.52,CHQ,1618722.52,0
23-09-2019,SERVICEBRANCHCHENNAICHEQUEDEPO00865480CRSYNDICATEBANK0446CTSG865480 SYB,,1968,1620690.52,CHQ,1620690.52,0
23-09-2019,SERVICEBRANCHCHENNAICHEQUEDEPO00002589CR2400446CTSG,,10313,1631003.52,CHQ,1631003.52,0
23-09-2019,SERVICEBRANCHCHENNAICHEQUEDEPO00023255CRANDHRABANK0446CTSG023255 ANB,,3241,1634244.52,CHQ,1634244.52,0
23-09-2019,SERVICEBRANCHCHENNAICHEQUEDEPO00000046CRUCOBANK0446CTSCLG000046CLG000046 UCO,,87477,1721721.52,CHQ,1721721.52,0
23-09-2019,SERVICEBRANCHCHENNAICHEQUEDEPO00001160CRKARURVYSYABANKLTD0446CTSCLG001160CLG001160 KVB,,7000,1728721.52,CHQ,1728721.52,0
23-09-2019,SERVICEBRANCHCHENNAICHEQUEDEPO00287868CRCORPORATIONBANK0446CTSG,,39000,1767721.52,CHQ,1767721.52,0
23-09-2019,SERVICEBRANCHCHENNAICHEQUEDEPO00003490CR2400446CTSG,,3867,1771588.52,CHQ,1771588.52,0
23-09-2019,SERVICEBRANCHCHENNAICHEQUEDEPO00288077CRUTIBANKLTD0446CTSG,,100000,1871588.52,CHQ,1871588.52,0
23-09-2019,TIRUMANGALAMBYCHQ TTTFRCRCHFOODSTOKISHOREMKTG,,5109,1876697.52,CHQ,1876697.52,0
23-09-2019,TIRUMANGALAMBYCHQ TTTFRCRDHANATOKISHOREMKTG,,1752,1878449.52,CHQ,1878449.52,0
23-09-2019,MUMBAIFORTC ACFEESCRVIKPRIHOME21DCTRANSFE124,,13098,1891547.52,TRANSFER,1891547.52,0
23-09-2019,TIRUMANGALAMCASHDEPOSITCRDepositbySELF,,125000,2016547.52,CASH,2016547.52,0
23-09-2019,MUMBAIFORTC ACFEESCRANNANAGARS4118657TRANSFER21,,2278,2018825.52,TRANSFER,2018825.52,0
24-09-2019,SERVICEBRANCHCHENNAICHEQUEDEPO00043312CRANDHRABANK0446CTSG043312 ANB,,1632,2020457.52,CHQ,2020457.52,0
24-09-2019,SERVICEBRANCHCHENNAICHEQUEDEPO00088059CRSTATEBANKOFINDIA0446CTSG088059 SBI,,4277,2024734.52,CHQ,2024734.52,0
24-09-2019,SERVICEBRANCHCHENNAICHEQUEDEPO00002493CRKARURVYSYABANKLTD0446CTSCLG002493CLG002493 KVB,,4228,2028962.52,CHQ,2028962.52,0
24-09-2019,SERVICEBRANCHCHENNAICHEQUEDEPO00002470CRANDHRABANK0446CTSG002470 ANB,,7000,2035962.52,OUTWARD-RETURN,2035962.52,0
24-09-2019,SERVICEBRANCHCHENNAICHEQUEDEPO00070997CR2400446CTSG,,2993,2038955.52,CHQ,2038955.52,0
24-09-2019,SERVICEBRANCHCHENNAICHEQUEDEPO00672313CRPUNJABNATIONALBANK0446CTSG672313 PNB,,2093,2041048.52,CHQ,2041048.52,0
24-09-2019,SERVICEBRANCHCHENNAICHEQUEDEPO00000043CRUCOBANK0446CTSCLG000043CLG000043 UCO,,8759,2049807.52,OUTWARD-RETURN,2049807.52,0
24-09-2019,SERVICEBRANCHCHENNAICHEQUEDEPO00000026CRANDHRABANK0446CTSG000026 ANB,,12545,2062352.52,CHQ,2062352.52,0
24-09-2019,SERVICEBRANCHCHENNAICHEQUEDEPO00294686CRUTIBANKLTD0446CTSG,,1440,2063792.52,CHQ,2063792.52,0
24-09-2019,SERVICEBRANCHCHENNAICHEQUEDEPO00506073CRSYNDICATEBANK0446CTSG506073 SYB,,4197,2067989.52,CHQ,2067989.52,0
24-09-2019,SERVICEBRANCHCHENNAICHEQUEDEPO00013034CRSOUTHINDIANBANKLTD0446CTSCLG013034CLG013034 SIB,,1968,2069957.52,CHQ,2069957.52,0
24-09-2019,SERVICEBRANCHCHENNAICHEQUEDEPO00002150CR2400446CTSG,,2018,2071975.52,CHQ,2071975.52,0
24-09-2019,SERVICEBRANCHCHENNAICHEQUEDEPO00148531CRUNITEDBANKOFINDIA0446CTSCLG148531CLG,,5613,2077588.52,CHQ,2077588.52,0
24-09-2019,SERVICEBRANCHCHENNAICHEQUEDEPO00177133CRVIJAYABANK0446CTSG177133 VJB,,29519,2107107.52,CHQ,2107107.52,0
24-09-2019,SERVICEBRANCHCHENNAICHEQUEDEPO00000580CRANDHRABANK0446CTSG000580 ANB,,7467,2114574.52,CHQ,2114574.52,0
24-09-2019,SERVICEBRANCHCHENNAICHEQUEDEPO00000490CR7500446CTSGAN,,2652,2117226.52,CHQ,2117226.52,0
24-09-2019,SERVICEBRANCHCHENNAICHEQUEDEPO00002232CRKARURVYSYABANKLTD0446CTSCLG002232CLG002232 KVB,,5978,2123204.52,CHQ,2123204.52,0
24-09-2019,SERVICEBRANCHCHENNAICHEQUEDEPO00742371CRINDIANOVERSEASBANK0446CTSG742371 IOB,,3339,2126543.52,CHQ,2126543.52,0
24-09-2019,SERVICEBRANCHCHENNAICHEQUEDEPO00043348CRANDHRABANK0446CTSG043348 ANB,,2169,2128712.52,CHQ,2128712.52,0
24-09-2019,SERVICEBRANCHCHENNAICHEQUEDEPO00003796CRKARURVYSYABANKLTD0446CTSCLG003796CLG003796 KVB,,9692,2138404.52,CHQ,2138404.52,0
24-09-2019,SERVICEBRANCHCHENNAICHEQUEDEPO00126953CRUTIBANKLTD0446CTSG,,1256,2139660.52,CHQ,2139660.52,0
24-09-2019,SERVICEBRANCHCHENNAICHEQUEDEPO00499005CRTAMILNADMERCANTILEBANK0446CTSG499005 TMB,,6108,2145768.52,CHQ,2145768.52,0
24-09-2019,SERVICEBRANCHCHENNAICHEQUEDEPO00003155CRKARURVYSYABANKLTD0446CTSCLG003155CLG003155 KVB,,1920,2147688.52,CHQ,2147688.52,0
24-09-2019,SERVICEBRANCHCHENNAICHEQUEDEPO00043243CRANDHRABANK0446CTSG043243 ANB,,4255,2151943.52,CHQ,2151943.52,0
24-09-2019,SERVICEBRANCHCHENNAICHEQUEDEPO00000658CRBANKOFBARODA0446CTSCLG000658CLG000658 BOB,,1894,2153837.52,CHQ,2153837.52,0
24-09-2019,SERVICEBRANCHCHENNAICHEQUEDEPO00003108CRKARURVYSYABANKLTD0446CTSCLG003108CLG003108 KVB,,3308,2157145.52,CHQ,2157145.52,0
24-09-2019,SERVICEBRANCHCHENNAICHEQUEDEPO00000004CRUCOBANK0446CTSCLG000004CLG000004 UCO,,1238,2158383.52,CHQ,2158383.52,0
24-09-2019,SERVICEBRANCHCHENNAICHEQUEDEPO00022231CRKARURVYSYABANKLTD0446CTSCHQ022231,,8305,2166688.52,CHQ,2166688.52,0
24-09-2019,SERVICEBRANCHCHENNAICHEQUEDEPO00452226CRSYNDICATEBANK0446CTSG452226 SYB,,3100,2169788.52,CHQ,2169788.52,0
24-09-2019,TIRUMANGALAMCASHDEPOSITCRDepositbySELF,,190000,2359788.52,CASH,2359788.52,0
24-09-2019,COREBANKINGBYTRANSFERCRDATACENTRETransfer87844kishoreTRANSFE09,,9540,2369328.52,TRANSFER,2369328.52,0
24-09-2019,SERVICEBRANCHCHENNAIOUTCHQRETCRFundsinsufficient,7000,,2362328.52,OUTWARD-RETURN,2362328.52,0
24-09-2019,SERVICEBRANCHCHENNAICHQDISHONOURCR,250,,2362078.52,INWARD-CHARGES,2362078.52,0
24-09-2019,SERVICEBRANCHCHENNAIOUTCHQRETCRFundsinsufficient,8759,,2353319.52,OUTWARD-RETURN,2353319.52,0
24-09-2019,SERVICEBRANCHCHENNAICHQDISHONOURCR,250,,2353069.52,INWARD-CHARGES,2353069.52,0
24-09-2019,MUMBAIFORTC ACFEESCRKALIGAMBALFRUI9053TRANSFER26,,5112,2358181.52,TRANSFER,2358181.52,0
24-09-2019,MUMBAIFORTC ACFEESCRSHREEENTERPRI78TRANSFE129,,6902,2365083.52,TRANSFER,2365083.52,0
24-09-2019,MUMBAIFORTC ACFEESCRSANTHOSHSUPERM896TRANSFER24,,3140,2368223.52,TRANSFER,2368223.52,0
24-09-2019,MUMBAIFORTC ACFEESCRSANTHOSHSUPERM674TRANSFER25,,8999,2377222.52,TRANSFER,2377222.52,0
24-09-2019,MUMBAIFORTC ACFEESRSCRPHARMACY442TRANSFER27,,698,2377920.52,TRANSFER,2377920.52,0
25-09-2019,SERVICEBRANCHCHENNAICHEQUEDEPO00222054CRTAMILNADMERCANTILEBANK0446CTSG222054 TMB,,1554,2379474.52,CHQ,2379474.52,0
25-09-2019,SERVICEBRANCHCHENNAIECSMANDATECRDEBITRANSFERTO,90991,,2288483.52,EMI-DEBIT,2288483.52,0
25-09-2019,TIRUMANGALAMCASHDEPOSITCRDepositbySELF,,300000,2588483.52,CASH,2588483.52,0
25-09-2019,MUMBAIFORTC ACFEESCRSANTHOSHSUPERM685TRANSFER27,,14330,2602813.52,TRANSFER,2602813.52,0
25-09-2019,MUMBAIFORTC ACFEESCRAMMANFRUITS888TRANSFER29,,25983,2628796.52,TRANSFER,2628796.52,0
25-09-2019,CASHDEPCRCHRGSOTHER,100,,2628696.52,DEPOSIT-CHARGES,2628696.52,0
26-09-2019,SERVICEBRANCHCHENNAITOCLGCHQ00898754CRCAVINKAREPVTLTD,38317,,2590379.52,CHQ,2590379.52,0
26-09-2019,SERVICEBRANCHCHENNAICHEQUEDEPO00070714CR2400446CTSG,,178355,2768734.52,CHQ,2768734.52,0
26-09-2019,SERVICEBRANCHCHENNAICHEQUEDEPO00288079CRUTIBANKLTD0446CTSG,,50000,2818734.52,CHQ,2818734.52,0
26-09-2019,SERVICEBRANCHCHENNAICHEQUEDEPO00307812CR2590446CTSG,,1894,2820628.52,CHQ,2820628.52,0
26-09-2019,SERVICEBRANCHCHENNAICHEQUEDEPO00316239CRTAMILNADMERCANTILEBANK0446CTSG316239 TMB,,2594,2823222.52,CHQ,2823222.52,0
26-09-2019,SERVICEBRANCHCHENNAICHEQUEDEPO00403267CRANDHRABANK0446CTSG403267 ANB,,4255,2827477.52,CHQ,2827477.52,0
26-09-2019,SERVICEBRANCHCHENNAICHEQUEDEPO00681186CRTAMILNADMERCANTILEBANK0446CTSG681186 TMB,,6075.7,2833553.22,CHQ,2833553.22,0
26-09-2019,SERVICEBRANCHCHENNAICHEQUEDEPO00675527CRTAMILNADMERCANTILEBANK0446CTSG675527 TMB,,14208,2847761.22,CHQ,2847761.22,0
26-09-2019,SERVICEBRANCHCHENNAICHEQUEDEPO00004687CR2400446CTSG,,6607,2854368.22,CHQ,2854368.22,0
26-09-2019,SERVICEBRANCHCHENNAICHEQUEDEPO00004731CR2400446CTSG,,6197,2860565.22,CHQ,2860565.22,0
26-09-2019,SERVICEBRANCHCHENNAICHEQUEDEPO00000325CRKARURVYSYABANKLTD0446CTSCLG000325CLG000325 KVB,,2074,2862639.22,CHQ,2862639.22,0
26-09-2019,MUMBAIFORTC ACFEESCRANNAISUPERMAR0856TRANSFER21,,3026,2865665.22,TRANSFER,2865665.22,0
26-09-2019,SERVICEBRANCHCHENNAICHEQUEDEPO00013081CRSOUTHINDIANBANKLTD0446CTSCLG013081CLG013081 SIB,,1968,2867633.22,CHQ,2867633.22,0
26-09-2019,SERVICEBRANCHCHENNAICHEQUEDEPO00000391CRKARURVYSYABANKLTD0446CTSCLG000391CLG000391 KVB,,3253,2870886.22,CHQ,2870886.22,0
26-09-2019,SERVICEBRANCHCHENNAICHEQUEDEPO00043332CRANDHRABANK0446CTSG043332 ANB,,4150,2875036.22,CHQ,2875036.22,0
26-09-2019,SERVICEBRANCHCHENNAICHEQUEDEPO00842238CRCORPORATIONBANK0446CTSG,,19681,2894717.22,CHQ,2894717.22,0
26-09-2019,SERVICEBRANCHCHENNAICHEQUEDEPO00001853CRKARURVYSYABANKLTD0446CTSCLG001853CLG001853 KVB,,29519,2924236.22,CHQ,2924236.22,0
26-09-2019,SERVICEBRANCHCHENNAICHEQUEDEPO00030578CRICICIBANKINGCORPORATION0446CTSG,,2003,2926239.22,CHQ,2926239.22,0
26-09-2019,SERVICEBRANCHCHENNAICHEQUEDEPO00023314CRSYNDICATEBANK0446CTSG023314 SYB,,4099,2930338.22,CHQ,2930338.22,0
26-09-2019,SERVICEBRANCHCHENNAICHEQUEDEPO00001084CRICICIBANKINGCORPORATION0446CTSG,,639,2930977.22,CHQ,2930977.22,0
26-09-2019,SERVICEBRANCHCHENNAICHEQUEDEPO00002471CRANDHRABANK,,7164,2938141.22,CHQ,2938141.22,0
26-09-2019,SERVICEBRANCHCHENNAICHEQUEDEPO00035828CR4110446CTSG,,17518,2955659.22,CHQ,2955659.22,0
26-09-2019,TIRUMANGALAMBYCHQ TTTFRCRKISHOREMARKETING,,2623,2958282.22,CHQ,2958282.22,0
26-09-2019,TIRUMANGALAMCASHDEPOSITCRDepositbySELF,,150000,3108282.22,CASH,3108282.22,0
26-09-2019,MUMBAIFORTC ACFEESCRANNANAGARSUPE6167TRANSFER27,,2488,3110770.22,TRANSFER,3110770.22,0
26-09-2019,ATMSERVICEBYTRANSFERCRBRANCHUPITRAN2241 PaperboatTRANSFER66,,7067,3117837.22,UPI,3117837.22,0
26-09-2019,COREBANKINGWITHDRAWALTRANSFERBILLDESKRINB8022702177 BPCLSMTFLT TRANSFERCRDATACENTRETO,10008.26,,3107828.96,ONLINE-PAYMENT,3107828.96,0
27-09-2019,SERVICEBRANCHCHENNAICHEQUEDEPO00022170CRICICIBANKINGCORPORATION0446CTSG,,230000,3337828.96,CHQ,3337828.96,0
27-09-2019,SERVICEBRANCHCHENNAICHEQUEDEPO00001965CRICICIBANKINGCORPORATION0446CTSG,,2093,3339921.96,CHQ,3339921.96,0
27-09-2019,SERVICEBRANCHCHENNAICHEQUEDEPO00759090CRSYNDICATEBANK0446CTSG759090 SYB,,1894,3341815.96,CHQ,3341815.96,0
27-09-2019,SERVICEBRANCHCHENNAICHEQUEDEPO00003135CRKARURVYSYABANKLTD0446CTSCLG003135CLG003135 KVB,,7828,3349643.96,CHQ,3349643.96,0
27-09-2019,SERVICEBRANCHCHENNAICHEQUEDEPO00001971CRICICIBANKINGCORPORATION0446CTSG,,858,3350501.96,CHQ,3350501.96,0
27-09-2019,SERVICEBRANCHCHENNAICHEQUEDEPO00190334CRTAMILNADMERCANTILEBANK0446CTSG190334 TMB,,35035,3385536.96,CHQ,3385536.96,0
27-09-2019,SERVICEBRANCHCHENNAICHEQUEDEPO00023279CRANDHRABANK0446CTSCHQ023279,,7133,3392669.96,CHQ,3392669.96,0
27-09-2019,SERVICEBRANCHCHENNAICHEQUEDEPO00218060CRFEDERALBANKLTD0446CTSG218060 FBI,,3435,3396104.96,CHQ,3396104.96,0
27-09-2019,SERVICEBRANCHCHENNAICHEQUEDEPO00227943CRUTIBANKLTD0446CTSG,,13117,3409221.96,CHQ,3409221.96,0
27-09-2019,SERVICEBRANCHCHENNAICHEQUEDEPO00362797CRALLAHABADBANK0446CTSCHQ362797,,2436,3411657.96,CHQ,3411657.96,0
27-09-2019,SERVICEBRANCHCHENNAICHEQUEDEPO00872636CRCANARABANK0446CTSG872636 CAB,,14598,3426255.96,CHQ,3426255.96,0
27-09-2019,MUMBAIFORTWITHDRAWALTRANSFERHECTORBEVERAGESPIDIBH19270171997CRTRANSFER24,490028,,2936227.96,TRANSFER,2936227.96,0
27-09-2019,TIRUMANGALAMCASHDEPOSITCRDepositbySELF,,200000,3136227.96,CASH,3136227.96,0
27-09-2019,MUMBAIFORTC ACFEESCRSANTHOSHSUPERM714TRANSFER25,,13959,3150186.96,TRANSFER,3150186.96,0
27-09-2019,MUMBAIFORTC ACFEESCRSAARALRESORTSA807TRANSFER25,,5588,3155774.96,TRANSFER,3155774.96,0
27-09-2019,MUMBAIFORTWITHDRAWALTRANSFERCRREDBULLINDIAP654TRANSFER24,260028,,2895746.96,TRANSFER,2895746.96,0
27-09-2019,SERVICEBRANCHCHENNAINOFEESCRRequiredinformationnotlegible correct,2436,,2893310.96,TRANSFER,2893310.96,0
27-09-2019,MUMBAIFORTC ACFEESCRKARPAG7486TRANSFER29,,945,2894255.96,TRANSFER,2894255.96,0
27-09-2019,MUMBAIFORTC ACFEESM SCRMADRASAGRO923TRANSFER25,,2511,2896766.96,TRANSFER,2896766.96,0
30-09-2019,SERVICEBRANCHCHENNAITOCLGCHQ00898755CRCAVINKAREPVTLTD,288324,,2608442.96,CHQ,2608442.96,0
30-09-2019,MUMBAIFORTWITHDRAWALTRANSFERINBISCOCRINDIAPV889TRANSFER24,345028,,2263414.96,TRANSFER,2263414.96,0
30-09-2019,MUMBAIFORTC ACFEESCRPONNUSUPER9004391TRANSFER24,,18054,2281468.96,TRANSFER,2281468.96,0
30-09-2019,TIRUMANGALAMBYCHQ TTTFRCRksretailtokishoremktg,,5540,2287008.96,CHQ,2287008.96,0
30-09-2019,TIRUMANGALAMBYCHQ TTTFRCRwilliyamstokishoremktg,,2102,2289110.96,CHQ,2289110.96,0
30-09-2019,MUMBAIFORTC ACFEESKPNCRFARMFRESHP038TRANSFER21,,2621,2291731.96,TRANSFER,2291731.96,0
30-09-2019,TIRUMANGALAMCASHDEPOSITCRDepositbySELF,,390000,2681731.96,CASH,2681731.96,0
30-09-2019,MUMBAIFORTWITHDRAWALTRANSFERHECTORBEVERAGESPIDIBH19273241097CRTRANSFER24,75005,,2606726.96,TRANSFER,2606726.96,0
30-09-2019,MUMBAIFORTC ACFEESCRSANTHOSHSUPERM469TRANSFER23,,3472,2610198.96,TRANSFER,2610198.96,0
30-09-2019,MUMBAIFORTC ACFEESCRANNANAGARSUPE6695TRANSFER29,,10017,2620215.96,TRANSFER,2620215.96,0
30-09-2019,CASHDEPCRCHRGSOTHER,190,,2620025.96,DEPOSIT-CHARGES,2620025.96,0
01-10-2019,MUMBAIFORTC ACFEESCRSARAVANAST0723599TRANSFER25,,59519,2679544.96,TRANSFER,2679544.96,0
01-10-2019,TIRUMANGALAMCASHDEPOSITCRDepositbySELF,,110000,2789544.96,CASH,2789544.96,0
01-10-2019,SERVICEBRANCHCHENNAIECSMANDATECRDEBITRANSFERTO,1433809,,1355735.96,EMI-DEBIT,1355735.96,0
01-10-2019,MUMBAIFORTWITHDRAWALTRANSFERINVENTZLIFESCIENIDIBH19274300955CRTRANSFER24,72005,,1283730.96,TRANSFER,1283730.96,0
01-10-2019,MUMBAIFORTC ACFEESCRSANTHOSHSUPERM806TRANSFER21,,719,1284449.96,TRANSFER,1284449.96,0
01-10-2019,MUMBAIFORTC ACFEESCRSANTHOSHSUPERM133TRANSFER21,,7963,1292412.96,TRANSFER,1292412.96,0
01-10-2019,MUMBAIFORTC ACFEESCRDRUGSPARKPHAR5358TRANSFER25,,3278,1295690.96,TRANSFER,1295690.96,0
01-10-2019,SERVICEBRANCHCHENNAICHEQUEDEPO00006204CRANDHRABANK0446CTSG006204 ANB,,1597,1297287.96,CHQ,1297287.96,0
01-10-2019,SERVICEBRANCHCHENNAICHEQUEDEPO00117502CR2400446CTSG,,4128,1301415.96,CHQ,1301415.96,0
01-10-2019,SERVICEBRANCHCHENNAICHEQUEDEPO00127048CRUTIBANKLTD0446CTSG,,2112,1303527.96,CHQ,1303527.96,0
01-10-2019,SERVICEBRANCHCHENNAICHEQUEDEPO00445149CRKARNATAKABANKLTD0446CTSCLG445149CLG,,981,1304508.96,CHQ,1304508.96,0
01-10-2019,SERVICEBRANCHCHENNAICHEQUEDEPO00228260CRUTIBANKLTD0446CTSG,,43700,1348208.96,CHQ,1348208.96,0
01-10-2019,SERVICEBRANCHCHENNAICHEQUEDEPO00127316CRUTIBANKLTD0446CTSG,,4648,1352856.96,CHQ,1352856.96,0
01-10-2019,SERVICEBRANCHCHENNAICHEQUEDEPO00272288CRCANARABANK0446CTSG272288 CAB,,4025,1356881.96,CHQ,1356881.96,0
01-10-2019,SERVICEBRANCHCHENNAICHEQUEDEPO00000110CRLAKSHMIVILASBANKLTD0446CTSCLG000110CLG000110 LVB,,353,1357234.96,CHQ,1357234.96,0
01-10-2019,SERVICEBRANCHCHENNAICHEQUEDEPO00043482CRANDHRABANK0446CTSG043482 ANB,,7607,1364841.96,CHQ,1364841.96,0
01-10-2019,SERVICEBRANCHCHENNAICHEQUEDEPO00894040CRUNITEDBANKOFINDIA0446CTSCLG894040CLG,,2205,1367046.96,CHQ,1367046.96,0
01-10-2019,SERVICEBRANCHCHENNAICHEQUEDEPO00608912CR2340446CTSG,,2040,1369086.96,CHQ,1369086.96,0
01-10-2019,SERVICEBRANCHCHENNAICHEQUEDEPO00381397CRSTATEBANKOFINDIA0446CTSG381397 SBI,,13139,1382225.96,CHQ,1382225.96,0
01-10-2019,SERVICEBRANCHCHENNAICHEQUEDEPO00002531CRKARURVYSYABANKLTD0446CTSCLG002531CLG002531 KVB,,11787,1394012.96,CHQ,1394012.96,0
01-10-2019,SERVICEBRANCHCHENNAICHEQUEDEPO00005696CRICICIBANKINGCORPORATION0446CTSG,,5682,1399694.96,CHQ,1399694.96,0
01-10-2019,SERVICEBRANCHCHENNAICHEQUEDEPO00442636CRSTATEBANKOFINDIA0446CTSG442636 SBI,,4674,1404368.96,CHQ,1404368.96,0
01-10-2019,SERVICEBRANCHCHENNAICHEQUEDEPO00581280CRSYNDICATEBANK,,1218,1405586.96,CHQ,1405586.96,0
01-10-2019,SERVICEBRANCHCHENNAICHEQUEDEPO00041184CRSOUTHINDIANBANKLTD0446CTSCLG041184CLG041184 SIB,,8838,1414424.96,CHQ,1414424.96,0
01-10-2019,SERVICEBRANCHCHENNAICHEQUEDEPO00003169CRKARURVYSYABANKLTD0446CTSCLG003169CLG003169 KVB,,2557,1416981.96,CHQ,1416981.96,0
01-10-2019,MUMBAIFORTC ACFEESCRAMMANFRUITS804TRANSFER24,,12268,1429249.96,TRANSFER,1429249.96,0
01-10-2019,MUMBAIFORTC ACFEESCRLIMR9159TRANSFE121,,4743,1433992.96,TRANSFER,1433992.96,0
01-10-2019,MUMBAIFORTC ACFEESCRLIMR9182TRANSFE120,,1178,1435170.96,TRANSFER,1435170.96,0
01-10-2019,SERVICEBRANCHCHENNAINOFEESCROtherreaonsConnectivityfailure,1218,,1433952.96,TRANSFER,1433952.96,0
01-10-2019,MUMBAIFORTC ACFEESRBLCR709TRANSFE126,,1948340,3382292.96,TRANSFER,3382292.96,0
01-10-2019,MUMBAIFORTC ACFEESCRANNANAGARSUPE1385TRANSFER27,,18918,3401210.96,TRANSFER,3401210.96,0
03-10-2019,MUMBAIFORTC ACFEESCRMERCYSUPERMA7763817TRANSFER24,,1410,3402620.96,TRANSFER,3402620.96,0
03-10-2019,MUMBAIFORTC ACFEESCRPONNUSUPERMAR0227TRANSFER21,,36884,3439504.96,TRANSFER,3439504.96,0
03-10-2019,SERVICEBRANCHCHENNAICHEQUEDEPO00000931CRCITYUNIONBANKLTD0446CTSCLG000931CLG000931 CUB,,694,3440198.96,CHQ,3440198.96,0
03-10-2019,SERVICEBRANCHCHENNAICHEQUEDEPO00000357CR2400446CTSG,,4780,3444978.96,CHQ,3444978.96,0
03-10-2019,SERVICEBRANCHCHENNAICHEQUEDEPO00594730CRINDIANOVERSEASBANK0446CTSG594730 IOB,,3879,3448857.96,CHQ,3448857.96,0
03-10-2019,SERVICEBRANCHCHENNAICHEQUEDEPO00088108CRSTATEBANKOFINDIA0446CTSG088108 SBI,,1435,3450292.96,CHQ,3450292.96,0
03-10-2019,SERVICEBRANCHCHENNAICHEQUEDEPO00327353CRKARNATAKABANKLTD0446CTSCLG327353CLG,,2560,3452852.96,CHQ,3452852.96,0
03-10-2019,SERVICEBRANCHCHENNAICHEQUEDEPO00000050CRSTANDARDCHARTEREDBANK0446CTSG000050 SCB,,6875,3459727.96,CHQ,3459727.96,0
03-10-2019,SERVICEBRANCHCHENNAICHEQUEDEPO00516315CR5320446CTSG516315 YES,,3074,3462801.96,CHQ,3462801.96,0
03-10-2019,MUMBAIFORTC ACFEESCRANNAISUPERMAR5336TRANSFER21,,4003,3466804.96,TRANSFER,3466804.96,0
03-10-2019,TIRUMANGALAMCASHDEPOSITCRDepositbySELF,,300000,3766804.96,CASH,3766804.96,0
03-10-2019,ATMSERVICEBYTRANSFERCRBRANCH IMPS 761 PURCHASEPAYKITRANSFE461,,9101,3775905.96,IMPS,3775905.96,0
03-10-2019,COREBANKINGBYTRANSFERCRDATACENTRETransfer87844paymentTRANSFE85,,2453,3778358.96,TRANSFER,3778358.96,0
03-10-2019,MUMBAIFORTC ACFEESCRSANTHOSHSUPERM449TRANSFER28,,1894,3780252.96,TRANSFER,3780252.96,0
03-10-2019,MUMBAIFORTC ACFEESCRSANTHOSHSUPERM671TRANSFER25,,17066,3797318.96,TRANSFER,3797318.96,0
03-10-2019,ATMSERVICEBYTRANSFERCRBRANCH IMPS 699 PaperboatTRANSFER61,,70070,3867388.96,IMPS,3867388.96,0
03-10-2019,MUMBAIFORTC ACFEESSRICRMEENAKSHIAM496TRANSFER24,,1305,3868693.96,TRANSFER,3868693.96,0
03-10-2019,CASHDEPCRCHRGSOTHER,100,,3868593.96,DEPOSIT-CHARGES,3868593.96,0
03-10-2019,CASHDEPCRCHRGSOTHER,100,,3868493.96,DEPOSIT-CHARGES,3868493.96,0
04-10-2019,MUMBAIFORTC ACFEESCRSANTHOSHSUPERM947TRANSFER21,,4787,3873280.96,TRANSFER,3873280.96,0
04-10-2019,MUMBAIFORTWITHDRAWALTRANSFERBKarthikeyanIDIBH19277102981CRTRANSFER24,100005,,3773275.96,TRANSFER,3773275.96,0
04-10-2019,ATMSERVICEWITHDRAWALTRANSFER IMPS P2A 927716252539 037634885423 SBIN kishoreCRBRANCHTRANSFER60,100000,,3673275.96,INTER-FIRM,3673275.96,0
04-10-2019,ATMSERVICEWITHDRAWALTRANSFER IMPSCOMMISSIONCHARGES 927716252539 TRANSFERCRBRANCHTO,6,,3673269.96,BANK-CHARGES,3673269.96,0
04-10-2019,MUMBAIFORTC ACFEESKPNCRFARMFRESHP762TRANSFER20,,3092,3676361.96,TRANSFER,3676361.96,0
04-10-2019,MUMBAIFORTC ACFEESCRKALIGAMBALFRUI4876TRANSFER27,,563,3676924.96,TRANSFER,3676924.96,0
05-10-2019,SERVICEBRANCHCHENNAICHEQUEDEPO00000016CRINDIANOVERSEASBANK0446CTSG000016 IOB,,11273,3688197.96,CHQ,3688197.96,0
05-10-2019,SERVICEBRANCHCHENNAICHEQUEDEPO00986645CRINDIANOVERSEASBANK0446CTSG986645 IOB,,5175,3693372.96,CHQ,3693372.96,0
05-10-2019,SERVICEBRANCHCHENNAICHEQUEDEPO00126215CRUNIONBANKOFINDIA0446CTSG126215 UBI,,861,3694233.96,CHQ,3694233.96,0
05-10-2019,SERVICEBRANCHCHENNAICHEQUEDEPO00342853CRSTATEBANKOFINDIA0446CTSG342853 SBI,,7800,3702033.96,CHQ,3702033.96,0
05-10-2019,SERVICEBRANCHCHENNAICHEQUEDEPO00872641CRCANARABANK0446CTSG872641 CAB,,14598,3716631.96,CHQ,3716631.96,0
05-10-2019,SERVICEBRANCHCHENNAICHEQUEDEPO00044123CRBANKOFINDIA0446CTSG044123 BOI,,5557,3722188.96,CHQ,3722188.96,0
05-10-2019,SERVICEBRANCHCHENNAICHEQUEDEPO00397791CRUNIONBANKOFINDIA0446CTSG397791 UBI,,661,3722849.96,CHQ,3722849.96,0
05-10-2019,SERVICEBRANCHCHENNAICHEQUEDEPO00041668CRKARNATAKABANKLTD,,32730,3755579.96,CHQ,3755579.96,0
05-10-2019,SERVICEBRANCHCHENNAICHEQUEDEPO00003439CR2400446CTSG,,2398,3757977.96,CHQ,3757977.96,0
05-10-2019,SERVICEBRANCHCHENNAICHEQUEDEPO00000153CRINDIANOVERSEASBANK0446CTSG000153 IOB,,938,3758915.96,CHQ,3758915.96,0
05-10-2019,SERVICEBRANCHCHENNAICHEQUEDEPO00758802CRSYNDICATEBANK0446CTSG758802 SYB,,433,3759348.96,CHQ,3759348.96,0
05-10-2019,SERVICEBRANCHCHENNAICHEQUEDEPO00002478CRANDHRABANK0446CTSCHQ002478,,2477,3761825.96,CHQ,3761825.96,0
05-10-2019,SERVICEBRANCHCHENNAICHEQUEDEPO00049978CRINDIANOVERSEASBANK0446CTSG049978 IOB,,11678,3773503.96,OUTWARD-RETURN,3773503.96,0
05-10-2019,SERVICEBRANCHCHENNAICHEQUEDEPO00013080CRSOUTHINDIANBANKLTD0446CTSCLG013080CLG013080 SIB,,5356,3778859.96,CHQ,3778859.96,0
05-10-2019,MUMBAIFORTC ACFEESCRKARUVALURMARIA6489TRANSFER29,,6277,3785136.96,TRANSFER,3785136.96,0
05-10-2019,SERVICEBRANCHCHENNAIOUTCHQRETCRFundsinsufficient,11678,,3773458.96,OUTWARD-RETURN,3773458.96,0
05-10-2019,SERVICEBRANCHCHENNAICHQDISHONOURCR,250,,3773208.96,INWARD-CHARGES,3773208.96,0
05-10-2019,MUMBAIFORTC ACFEESMRCRVBALAKUMARD417TRANSFER25,,10000,3783208.96,TRANSFER,3783208.96,0
07-10-2019,SERVICEBRANCHCHENNAICHEQUEDEPO00000076CR2400446CTSG,,1915,3785123.96,CHQ,3785123.96,0
07-10-2019,SERVICEBRANCHCHENNAICHEQUEDEPO00127314CRUTIBANKLTD0446CTSG,,4886,3790009.96,CHQ,3790009.96,0
07-10-2019,SERVICEBRANCHCHENNAICHEQUEDEPO00007888CRANDHRABANK0446CTSG007888 ANB,,1920,3791929.96,CHQ,3791929.96,0
07-10-2019,SERVICEBRANCHCHENNAICHEQUEDEPO00413419CRMADRASCENTRALCOOPBAN0446CTSCLG413419CLG,,3888,3795817.96,CHQ,3795817.96,0
07-10-2019,SERVICEBRANCHCHENNAICHEQUEDEPO00194499CRUNIONBANKOFINDIA0446CTSG194499 UBI,,869,3796686.96,CHQ,3796686.96,0
07-10-2019,SERVICEBRANCHCHENNAICHEQUEDEPO00785860CRPUNJABNATIONALBANK0446CTSG785860 PNB,,2069,3798755.96,CHQ,3798755.96,0
07-10-2019,SERVICEBRANCHCHENNAICHEQUEDEPO00949693CRINDIANOVERSEASBANK0446CTSG949693 IOB,,800,3799555.96,CHQ,3799555.96,0
07-10-2019,SERVICEBRANCHCHENNAICHEQUEDEPO00005823CRCITYUNIONBANKLTD0446CTSCLG005823CLG005823 CUB,,3264,3802819.96,CHQ,3802819.96,0
07-10-2019,SERVICEBRANCHCHENNAICHEQUEDEPO00000053CRANDHRABANK0446CTSG000053 ANB,,779,3803598.96,CHQ,3803598.96,0
07-10-2019,SERVICEBRANCHCHENNAICHEQUEDEPO00201528CRTAMILNADMERCANTILEBANK0446CTSG201528 TMB,,3096,3806694.96,CHQ,3806694.96,0
07-10-2019,SERVICEBRANCHCHENNAICHEQUEDEPO00165924CRUTIBANKLTD0446CTSG,,1894,3808588.96,CHQ,3808588.96,0
07-10-2019,SERVICEBRANCHCHENNAICHEQUEDEPO00000116CR2400446CTSG,,6142,3814730.96,CHQ,3814730.96,0
07-10-2019,SERVICEBRANCHCHENNAICHEQUEDEPO00952506CRPUNJABNATIONALBANK0446CTSG952506 PNB,,5962,3820692.96,CHQ,3820692.96,0
07-10-2019,SERVICEBRANCHCHENNAICHEQUEDEPO00023168CRANDHRABANK0446CTSG023168 ANB,,4043,3824735.96,CHQ,3824735.96,0
07-10-2019,SERVICEBRANCHCHENNAICHEQUEDEPO00233968CRUTIBANKLTD0446CTSG,,1852,3826587.96,CHQ,3826587.96,0
07-10-2019,SERVICEBRANCHCHENNAICHEQUEDEPO00005161CR2400446CTSG,,7283,3833870.96,CHQ,3833870.96,0
07-10-2019,SERVICEBRANCHCHENNAICHEQUEDEPO00227955CRUTIBANKLTD0446CTSG,,18248,3852118.96,CHQ,3852118.96,0
07-10-2019,SERVICEBRANCHCHENNAICHEQUEDEPO00742408CRINDIANOVERSEASBANK0446CTSG742408 IOB,,1537,3853655.96,CHQ,3853655.96,0
07-10-2019,SERVICEBRANCHCHENNAICHEQUEDEPO00022424CRORIENTALBANKOFCOMMERCE0446CTSG022424 OBC,,2340,3855995.96,CHQ,3855995.96,0
07-10-2019,SERVICEBRANCHCHENNAICHEQUEDEPO00068698CR2400446CTSG,,75647,3931642.96,CHQ,3931642.96,0
07-10-2019,SERVICEBRANCHCHENNAICHEQUEDEPO00075811CR2400446CTSG,,77374,4009016.96,CHQ,4009016.96,0
07-10-2019,SERVICEBRANCHCHENNAICHEQUEDEPO00020155CRSOUTHINDIANBANKLTD0446CTSCLG020155CLG020155 SIB,,8487,4017503.96,CHQ,4017503.96,0
07-10-2019,SERVICEBRANCHCHENNAICHEQUEDEPO00111844CRBANKOFMAHARASHTRA0446CTSG111844 BOM,,12757,4030260.96,CHQ,4030260.96,0
07-10-2019,SERVICEBRANCHCHENNAICHEQUEDEPO00003964CRANDHRABANK0446CTSG003964 ANB,,27343,4057603.96,CHQ,4057603.96,0
07-10-2019,SERVICEBRANCHCHENNAICHEQUEDEPO00000049CRUCOBANK0446CTSCLG000049CLG000049 UCO,,43590,4101193.96,CHQ,4101193.96,0
07-10-2019,SERVICEBRANCHCHENNAICHEQUEDEPO00229767CRFEDERALBANKLTD0446CTSG229767 FBI,,2437,4103630.96,CHQ,4103630.96,0
07-10-2019,SERVICEBRANCHCHENNAICHEQUEDEPO00023391CRANDHRABANK0446CTSG023391 ANB,,12267,4115897.96,CHQ,4115897.96,0
08-10-2019,COREBANKINGWITHDRAWALTRANSFERCRDATACENTREGSTPAYATRANSFERTO,25961,,4089936.96,GST,4089936.96,0
09-10-2019,MUMBAIFORTC ACFEESCRSANTHOSHSUPERM824TRANSFER26,,4012,4093948.96,TRANSFER,4093948.96,0
09-10-2019,MUMBAIFORTC ACFEESCRPONNUSUPER8556841TRANSFER20,,4366,4098314.96,TRANSFER,4098314.96,0
09-10-2019,SERVICEBRANCHCHENNAIECSMANDATECRDEBITRANSFERTO,1528082,,2570232.96,EMI-DEBIT,2570232.96,0
09-10-2019,TIRUMANGALAMBYCHQ TTTFRCRON5TOKISHOREMKTG,,2436,2572668.96,CHQ,2572668.96,0
09-10-2019,TIRUMANGALAMBYCHQ TTTFRCRVALUETOKISHOREMKTG,,10396,2583064.96,CHQ,2583064.96,0
09-10-2019,TIRUMANGALAMBYCHQ TTTFRCRKOKPAZHAMUDIRTOKISHOREMKTG,,4383,2587447.96,CHQ,2587447.96,0
09-10-2019,MUMBAIFORTWITHDRAWALTRANSFERINVENTZLIFESCIENIDIBH19282260767CRTRANSFER24,21245,,2566202.96,TRANSFER,2566202.96,0
09-10-2019,MUMBAIFORTC ACFEESCRLIMR8184TRANSFE129,,9496,2575698.96,TRANSFER,2575698.96,0
09-10-2019,COREBANKINGWITHDRAWALTRANSFERBILLDESKRINB8074838017 BPCLSMTFLT TRANSFERCRDATACENTRETO,10008.26,,2565690.7,ONLINE-PAYMENT,2565690.7,0
09-10-2019,MUMBAIFORTC ACFEESCRHECTORBEVER9541174TRANSFER21,,15000,2580690.7,TRANSFER,2580690.7,0
09-10-2019,MUMBAIFORTC ACFEESCRHECTORBEVER9540656TRANSFER26,,15000,2595690.7,TRANSFER,2595690.7,0
09-10-2019,MUMBAIFORTC ACFEESCRHECTORBEVER9541192TRANSFER25,,4000,2599690.7,TRANSFER,2599690.7,0
09-10-2019,MUMBAIFORTC ACFEESCRHECTORBEVER9541163TRANSFER24,,13500,2613190.7,TRANSFER,2613190.7,0
09-10-2019,MUMBAIFORTC ACFEESCRHECTORBEVER9541168TRANSFER23,,15000,2628190.7,TRANSFER,2628190.7,0
10-10-2019,MUMBAIFORTC ACFEESMACCRS916TRANSFER25,,2897,2631087.7,TRANSFER,2631087.7,0
10-10-2019,MUMBAIFORTC ACFEESCRVIKPRIHOME11DCTRANSFE124,,13038,2644125.7,TRANSFER,2644125.7,0
10-10-2019,MUMBAIFORTWITHDRAWALTRANSFERINBISCOCRINDIAPV662TRANSFER24,120013,,2524112.7,TRANSFER,2524112.7,0
10-10-2019,TIRUMANGALAMCASHDEPOSITCRDepositbySELF,,300000,2824112.7,CASH,2824112.7,0
10-10-2019,MUMBAIFORTC ACFEESCRSANTHOSHSUPERM467TRANSFER21,,16455,2840567.7,TRANSFER,2840567.7,0
10-10-2019,SERVICEBRANCHCHENNAICHEQUEDEPO00850729CRTAMILNADUSTATEAPEXCOO0446CTSG,,2085,2842652.7,CHQ,2842652.7,0
10-10-2019,SERVICEBRANCHCHENNAICHEQUEDEPO00000139CRKARURVYSYABANKLTD0446CTSCLG000139CLG000139 KVB,,1127,2843779.7,CHQ,2843779.7,0
10-10-2019,SERVICEBRANCHCHENNAICHEQUEDEPO00501556CRINDIANOVERSEASBANK0446CTSG501556 IOB,,1117,2844896.7,CHQ,2844896.7,0
10-10-2019,SERVICEBRANCHCHENNAICHEQUEDEPO00000052CRUCOBANK0446CTSCLG000052CLG000052 UCO,,71780,2916676.7,CHQ,2916676.7,0
10-10-2019,SERVICEBRANCHCHENNAICHEQUEDEPO00001152CRCITYUNIONBANKLTD0446CTSCLG001152CLG001152 CUB,,4498,2921174.7,CHQ,2921174.7,0
10-10-2019,SERVICEBRANCHCHENNAICHEQUEDEPO00004056CRICICIBANKINGCORPORATION0446CTSG,,1823,2922997.7,CHQ,2922997.7,0
10-10-2019,SERVICEBRANCHCHENNAICHEQUEDEPO00001209CRBANKOFBARODA0446CTSCLG001209CLG001209 BOB,,1333,2924330.7,CHQ,2924330.7,0
10-10-2019,MUMBAIFORTC ACFEESRSCRPHARMACY551TRANSFER21,,548,2924878.7,TRANSFER,2924878.7,0
10-10-2019,SERVICEBRANCHCHENNAICHEQUEDEPO00274397CRUNITEDBANKOFINDIA0446CTSCLG274397CLG,,8735,2933613.7,CHQ,2933613.7,0
10-10-2019,SERVICEBRANCHCHENNAICHEQUEDEPO00161878CR2590446CTSG,,39999,2973612.7,CHQ,2973612.7,0
10-10-2019,SERVICEBRANCHCHENNAICHEQUEDEPO00002142CRICICIBANKINGCORPORATION0446CTSG,,6866,2980478.7,CHQ,2980478.7,0
10-10-2019,SERVICEBRANCHCHENNAICHEQUEDEPO00099811CRTAMILNADMERCANTILEBANK0446CTSG099811 TMB,,637,2981115.7,CHQ,2981115.7,0
10-10-2019,SERVICEBRANCHCHENNAICHEQUEDEPO00022980CR0720446CTSG022980 DCB,,9301,2990416.7,CHQ,2990416.7,0
10-10-2019,SERVICEBRANCHCHENNAICHEQUEDEPO00000510CR2400446CTSG,,2500,2992916.7,CHQ,2992916.7,0
10-10-2019,SERVICEBRANCHCHENNAICHEQUEDEPO00099332CR2400446CTSG,,3637,2996553.7,CHQ,2996553.7,0
10-10-2019,SERVICEBRANCHCHENNAICHEQUEDEPO00002979CRUTIBANKLTD0446CTSG,,14598,3011151.7,OUTWARD-RETURN,3011151.7,0
10-10-2019,SERVICEBRANCHCHENNAICHEQUEDEPO00759399CRSYNDICATEBANK0446CTSG759399 SYB,,5128,3016279.7,CHQ,3016279.7,0
10-10-2019,SERVICEBRANCHCHENNAICHEQUEDEPO00885758CRTAMILNADUSTATEAPEXCOO0446CTSG,,1271,3017550.7,CHQ,3017550.7,0
10-10-2019,SERVICEBRANCHCHENNAICHEQUEDEPO00000210CRKARURVYSYABANKLTD0446CTSCLG000210CLG000210 KVB,,2038,3019588.7,CHQ,3019588.7,0
10-10-2019,SERVICEBRANCHCHENNAICHEQUEDEPO00000379CR2400446CTSG,,3537,3023125.7,CHQ,3023125.7,0
10-10-2019,SERVICEBRANCHCHENNAICHEQUEDEPO00000719CR7560446CTSG,,846,3023971.7,CHQ,3023971.7,0
10-10-2019,SERVICEBRANCHCHENNAICHEQUEDEPO00177174CRVIJAYABANK0446CTSG177174 VJB,,29519,3053490.7,CHQ,3053490.7,0
10-10-2019,MUMBAIFORTC ACFEESCRLIMR6541TRANSFE126,,1868,3055358.7,TRANSFER,3055358.7,0
10-10-2019,MUMBAIFORTC ACFEESCRAMMANFRUITS738TRANSFER24,,7685,3063043.7,TRANSFER,3063043.7,0
10-10-2019,ATMSERVICEBYTRANSFERCRBRANCH IMPS 593 CrystalTRANSFE461,,17518,3080561.7,IMPS,3080561.7,0
10-10-2019,SERVICEBRANCHCHENNAIOUTCHQRETCRFundsinsufficient,14598,,3065963.7,OUTWARD-RETURN,3065963.7,0
10-10-2019,SERVICEBRANCHCHENNAICHQDISHONOURCR,250,,3065713.7,INWARD-CHARGES,3065713.7,0
10-10-2019,SERVICEBRANCHCHENNAINOFEESCROtherReasons,2500,,3063213.7,TRANSFER,3063213.7,0
10-10-2019,MUMBAIFORTC ACFEESKPNCRFARMFRESHP976TRANSFER20,,5055,3068268.7,TRANSFER,3068268.7,0
10-10-2019,CASHDEPCRCHRGSOTHER,100,,3068168.7,DEPOSIT-CHARGES,3068168.7,0
11-10-2019,TIRUMANGALAMBYCHQ TTTFRCRKISHOREMARKETING,,673,3068841.7,CHQ,3068841.7,0
11-10-2019,TIRUMANGALAMCASHDEPOSITCRDepositbySELF,,380000,3448841.7,CASH,3448841.7,0
11-10-2019,MUMBAIFORTC ACFEESCRSANTHOSHSUPERM434TRANSFER21,,9565,3458406.7,TRANSFER,3458406.7,0
11-10-2019,ATMSERVICEBYTRANSFERCRBRANCH IMPS 656 PURCHESFORKISTRANSFE461,,7238,3465644.7,IMPS,3465644.7,0
11-10-2019,CASHDEPCRCHRGSOTHER,180,,3465464.7,DEPOSIT-CHARGES,3465464.7,0
12-10-2019,MADRASHIGH OnlineDirecCRCOURTCIN21853TRANSFERTO,41780,,3423684.7,TRANSFER,3423684.7,0
14-10-2019,SERVICEBRANCHCHENNAITOCLGCHQ00898736CRSECEDCWEST,22347,,3401337.7,CHQ,3401337.7,0
14-10-2019,SERVICEBRANCHCHENNAITOCLGCHQ00898756CRCAVINKAREPVTLTD,340729,,3060608.7,CHQ,3060608.7,0
14-10-2019,SERVICEBRANCHCHENNAITOCLGCHQ00898739CRNATIONALINSURANCECOMPAN,19990,,3040618.7,INSURANCE,3040618.7,0
14-10-2019,SERVICEBRANCHCHENNAITOCLGCHQ00898741CRNATIONALINSURANCECOMPAN,7494,,3033124.7,INSURANCE,3033124.7,0
14-10-2019,SERVICEBRANCHCHENNAICHEQUEDEPO00844038CRTAMILNADMERCANTILEBANK0446CTSG844038 TMB,,4242,3037366.7,CHQ,3037366.7,0
14-10-2019,SERVICEBRANCHCHENNAICHEQUEDEPO00000017CRINDIANOVERSEASBANK0446CTSG000017 IOB,,15160,3052526.7,CHQ,3052526.7,0
14-10-2019,SERVICEBRANCHCHENNAICHEQUEDEPO00452254CRSYNDICATEBANK0446CTSG452254 SYB,,5728,3058254.7,CHQ,3058254.7,0
14-10-2019,SERVICEBRANCHCHENNAICHEQUEDEPO00208979CRTAMILNADMERCANTILEBANK0446CTSG208979 TMB,,1894,3060148.7,CHQ,3060148.7,0
14-10-2019,SERVICEBRANCHCHENNAICHEQUEDEPO00045812CRCANARABANK0446CTSG045812 CAB,,992,3061140.7,CHQ,3061140.7,0
14-10-2019,SERVICEBRANCHCHENNAICHEQUEDEPO00000219CRKARURVYSYABANKLTD0446CTSCLG000219CLG000219 KVB,,3000,3064140.7,CHQ,3064140.7,0
14-10-2019,SERVICEBRANCHCHENNAICHEQUEDEPO00000534CR7500446CTSGAN,,1894,3066034.7,CHQ,3066034.7,0
14-10-2019,SERVICEBRANCHCHENNAICHEQUEDEPO00000335CRKARURVYSYABANKLTD0446CTSCLG000335CLG000335 KVB,,4306,3070340.7,CHQ,3070340.7,0
14-10-2019,SERVICEBRANCHCHENNAICHEQUEDEPO00208729CRINDIANOVERSEASBANK0446CTSG208729 IOB,,3779,3074119.7,CHQ,3074119.7,0
14-10-2019,SERVICEBRANCHCHENNAICHEQUEDEPO00274344CRUNITEDBANKOFINDIA0446CTSCLG274344CLG,,6009,3080128.7,CHQ,3080128.7,0
14-10-2019,SERVICEBRANCHCHENNAICHEQUEDEPO00198523CRFEDERALBANKLTD0446CTSG198523 FBI,,6599,3086727.7,OUTWARD-RETURN,3086727.7,0
14-10-2019,SERVICEBRANCHCHENNAICHEQUEDEPO00043506CRANDHRABANK0446CTSG043506 ANB,,5035,3091762.7,CHQ,3091762.7,0
14-10-2019,SERVICEBRANCHCHENNAICHEQUEDEPO00204933CR2590446CTSG,,5202,3096964.7,CHQ,3096964.7,0
14-10-2019,SERVICEBRANCHCHENNAICHEQUEDEPO00002557CRKARURVYSYABANKLTD0446CTSCLG002557CLG002557 KVB,,8369,3105333.7,CHQ,3105333.7,0
14-10-2019,SERVICEBRANCHCHENNAICHEQUEDEPO00485401CR5320446CTSG485401 YES,,1000,3106333.7,CHQ,3106333.7,0
14-10-2019,SERVICEBRANCHCHENNAICHEQUEDEPO00000129CRCITYUNIONBANKLTD0446CTSCLG000129CLG000129 CUB,,2504,3108837.7,CHQ,3108837.7,0
14-10-2019,SERVICEBRANCHCHENNAICHEQUEDEPO00003265CRKARURVYSYABANKLTD0446CTSCLG003265CLG003265 KVB,,2504,3111341.7,CHQ,3111341.7,0
14-10-2019,SERVICEBRANCHCHENNAICHEQUEDEPO00000435CR2400446CTSG,,3879,3115220.7,CHQ,3115220.7,0
14-10-2019,SERVICEBRANCHCHENNAICHEQUEDEPO00381445CRSTATEBANKOFINDIA0446CTSG381445 SBI,,15437,3130657.7,CHQ,3130657.7,0
14-10-2019,SERVICEBRANCHCHENNAICHEQUEDEPO00000218CR2400446CTSG,,450,3131107.7,CHQ,3131107.7,0
14-10-2019,SERVICEBRANCHCHENNAICHEQUEDEPO00004806CR2400446CTSG,,20637,3151744.7,CHQ,3151744.7,0
14-10-2019,SERVICEBRANCHCHENNAICHEQUEDEPO00499025CRTAMILNADMERCANTILEBANK0446CTSG499025 TMB,,3800,3155544.7,CHQ,3155544.7,0
14-10-2019,SERVICEBRANCHCHENNAICHEQUEDEPO00022979CR0720446CTSCHQ02297,,9250,3164794.7,CHQ,3164794.7,0
14-10-2019,SERVICEBRANCHCHENNAICHEQUEDEPO00865308CRSYNDICATEBANK0446CTSG865308 SYB,,1968,3166762.7,CHQ,3166762.7,0
14-10-2019,SERVICEBRANCHCHENNAICHEQUEDEPO00289608CRUTIBANKLTD0446CTSG,,8340,3175102.7,CHQ,3175102.7,0
14-10-2019,SERVICEBRANCHCHENNAICHEQUEDEPO00455814CR2590446CTSG,,1907,3177009.7,CHQ,3177009.7,0
14-10-2019,SERVICEBRANCHCHENNAICHEQUEDEPO00002290CR2400446CTSG,,3257,3180266.7,CHQ,3180266.7,0
14-10-2019,SERVICEBRANCHCHENNAICHEQUEDEPO00227967CRUTIBANKLTD0446CTSG,,3387,3183653.7,CHQ,3183653.7,0
14-10-2019,SERVICEBRANCHCHENNAICHEQUEDEPO00065656CRCENTRALBANKOFINDIA0446CTSCLG065656CLG065656 CBI,,1346,3184999.7,CHQ,3184999.7,0
14-10-2019,SERVICEBRANCHCHENNAICHEQUEDEPO00374114CRSTATEBANKOFINDIA0446CTSG374114 SBI,,1680,3186679.7,CHQ,3186679.7,0
14-10-2019,SERVICEBRANCHCHENNAICHEQUEDEPO00001097CRICICIBANKINGCORPORATION0446CTSG,,770,3187449.7,CHQ,3187449.7,0
14-10-2019,MUMBAIFORTC ACFEESCRSANTHOSHSUPERM157TRANSFER21,,3483,3190932.7,TRANSFER,3190932.7,0
14-10-2019,TIRUMANGALAMCASHDEPOSITCRDepositbySELF,,470000,3660932.7,CASH,3660932.7,0
14-10-2019,TIRUMANGALAMBYCHQ TTTFRCRWILLIYAMSTOKISHOREMKTG,,1548,3662480.7,CHQ,3662480.7,0
14-10-2019,TIRUMANGALAMBYCHQ TTTFRCRKSRETAILTOKISHOREMKTG,,1260,3663740.7,CHQ,3663740.7,0
14-10-2019,TIRUMANGALAMBYCHQ TTTFRCRCHFOODSTOKISHOREMKTG,,8484,3672224.7,CHQ,3672224.7,0
14-10-2019,TIRUMANGALAMBYCHQ TTTFRCRSREEINDIRAAMEDITOKISHOREMKTG,,1130,3673354.7,CHQ,3673354.7,0
14-10-2019,TIRUMANGALAMBYCHQ TTTFRCRKOKPAZHAMUDIRTOKISHOREMKTG,,9315,3682669.7,CHQ,3682669.7,0
14-10-2019,TIRUMANGALAMBYCHQ TTTFRCRKSRETAILTOKISHOREMKTG,,7083,3689752.7,CHQ,3689752.7,0
14-10-2019,SERVICEBRANCHCHENNAINOFEESCROtherreaonsConnectivityfailure,1968,,3687784.7,TRANSFER,3687784.7,0
14-10-2019,SERVICEBRANCHCHENNAIOUTCHQRETCRFundsinsufficient,6599,,3681185.7,OUTWARD-RETURN,3681185.7,0
14-10-2019,SERVICEBRANCHCHENNAICHQDISHONOURCR,250,,3680935.7,INWARD-CHARGES,3680935.7,0
14-10-2019,MUMBAIFORTC ACFEESCRLIMR4023TRANSFE121,,17288,3698223.7,TRANSFER,3698223.7,0
14-10-2019,CASHDEPCRCHRGSOTHER,270,,3697953.7,DEPOSIT-CHARGES,3697953.7,0
15-10-2019,MUMBAIFORTC ACFEESCRSARAVANAST4038730TRANSFER23,,88941,3786894.7,TRANSFER,3786894.7,0
15-10-2019,MUMBAIFORTC ACFEESCRSARAVANAST4093838TRANSFER26,,60201,3847095.7,TRANSFER,3847095.7,0
15-10-2019,SERVICEBRANCHCHENNAIECSMANDATECRDEBITRANSFERTO,527088,,3320007.7,EMI-DEBIT,3320007.7,0
15-10-2019,MUMBAIFORTC ACFEESCRKARUVALURMARIA3208TRANSFER25,,3770,3323777.7,TRANSFER,3323777.7,0
15-10-2019,MUMBAIFORTWITHDRAWALTRANSFERINBISCOCRINDIAPV280TRANSFER24,185013,,3138764.7,TRANSFER,3138764.7,0
15-10-2019,MUMBAIFORTWITHDRAWALTRANSFERHECTORBEVERAGESPIDIBH19288132938CRTRANSFER24,423028,,2715736.7,TRANSFER,2715736.7,0
15-10-2019,MUMBAIFORTC ACFEESCRVIKPRIHOME91DCTRANSFE121,,16868,2732604.7,TRANSFER,2732604.7,0
15-10-2019,MUMBAIFORTWITHDRAWALTRANSFERCRREDBULLINDIAP956TRANSFER24,300028,,2432576.7,TRANSFER,2432576.7,0
15-10-2019,MUMBAIFORTC ACFEESCRSANTHOSHSUPERM872TRANSFER20,,10313,2442889.7,TRANSFER,2442889.7,0
15-10-2019,MUMBAIFORTRTGSINWICICICRBANKRAROGRTGSTRANSFE120,,953508,3396397.7,RTGS,3396397.7,0
15-10-2019,MUMBAIFORTC ACFEESCRKALIGAMBALFRUI8336TRANSFER25,,7507,3403904.7,TRANSFER,3403904.7,0
16-10-2019,COREBANKINGWITHDRAWALTRANSFERBILLDESKRINB8099975564 BPCLSMTFLT TRANSFERCRDATACENTRETO,10008.26,,3393896.44,ONLINE-PAYMENT,3393896.44,0
16-10-2019,SERVICEBRANCHCHENNAICHEQUEDEPO00274462CRUNITEDBANKOFINDIA0446CTSCLG274462CLG,,14772,3408668.44,CHQ,3408668.44,0
16-10-2019,SERVICEBRANCHCHENNAICHEQUEDEPO00035831CR4110446CTSG,,17518,3426186.44,CHQ,3426186.44,0
16-10-2019,SERVICEBRANCHCHENNAICHEQUEDEPO00296604CRUTIBANKLTD0446CTSG,,5575,3431761.44,CHQ,3431761.44,0
16-10-2019,SERVICEBRANCHCHENNAICHEQUEDEPO00043635CRANDHRABANK0446CTSG043635 ANB,,6040,3437801.44,CHQ,3437801.44,0
16-10-2019,SERVICEBRANCHCHENNAICHEQUEDEPO00189703CR2590446CTSG,,680,3438481.44,CHQ,3438481.44,0
16-10-2019,SERVICEBRANCHCHENNAICHEQUEDEPO00228171CRUTIBANKLTD0446CTSG,,6181,3444662.44,CHQ,3444662.44,0
16-10-2019,SERVICEBRANCHCHENNAICHEQUEDEPO00003509CR2400446CTSG,,1913,3446575.44,CHQ,3446575.44,0
16-10-2019,SERVICEBRANCHCHENNAICHEQUEDEPO00316478CRTAMILNADMERCANTILEBANK0446CTSG316478 TMB,,3657,3450232.44,CHQ,3450232.44,0
16-10-2019,SERVICEBRANCHCHENNAICHEQUEDEPO00894080CRUNITEDBANKOFINDIA0446CTSCLG894080CLG,,1096,3451328.44,OUTWARD-RETURN,3451328.44,0
16-10-2019,SERVICEBRANCHCHENNAICHEQUEDEPO00294617CRUTIBANKLTD0446CTSG,,2678,3454006.44,CHQ,3454006.44,0
16-10-2019,SERVICEBRANCHCHENNAICHEQUEDEPO00765680CR2340446CTSG,,1718,3455724.44,CHQ,3455724.44,0
16-10-2019,SERVICEBRANCHCHENNAICHEQUEDEPO00221172CRFEDERALBANKLTD0446CTSG221172 FBI,,6507,3462231.44,CHQ,3462231.44,0
16-10-2019,SERVICEBRANCHCHENNAICHEQUEDEPO00003191CRKARURVYSYABANKLTD0446CTSCLG003191CLG003191 KVB,,3261,3465492.44,CHQ,3465492.44,0
16-10-2019,SERVICEBRANCHCHENNAICHEQUEDEPO00608940CR2340446CTSG,,2448,3467940.44,CHQ,3467940.44,0
16-10-2019,SERVICEBRANCHCHENNAICHEQUEDEPO00296602CRUTIBANKLTD0446CTSG,,1659,3469599.44,CHQ,3469599.44,0
16-10-2019,SERVICEBRANCHCHENNAICHEQUEDEPO00461980CR2590446CTSG,,2911,3472510.44,CHQ,3472510.44,0
16-10-2019,SERVICEBRANCHCHENNAICHEQUEDEPO00126997CRUTIBANKLTD0446CTSG,,3206,3475716.44,CHQ,3475716.44,0
16-10-2019,MUMBAIFORTWITHDRAWALTRANSFERCRREDBULLINDIAP200TRANSFER24,300028,,3175688.44,TRANSFER,3175688.44,0
16-10-2019,SERVICEBRANCHCHENNAICHEQUEDEPO00000251CR4850446CTSG000251 KMB,,872,3176560.44,CHQ,3176560.44,0
16-10-2019,SERVICEBRANCHCHENNAICHEQUEDEPO00000951CR4850446CTSCHQ000951,,9332,3185892.44,CHQ,3185892.44,0
16-10-2019,SERVICEBRANCHCHENNAICHEQUEDEPO00289546CRUTIBANKLTD0446CTSG,,10461,3196353.44,CHQ,3196353.44,0
16-10-2019,SERVICEBRANCHCHENNAICHEQUEDEPO00002759CR2400446CTSG,,11453,3207806.44,CHQ,3207806.44,0
16-10-2019,SERVICEBRANCHCHENNAICHEQUEDEPO00013254CRALLAHABADBANK0446CTSG013254 ALB,,1788,3209594.44,CHQ,3209594.44,0
16-10-2019,SERVICEBRANCHCHENNAICHEQUEDEPO00000392CRKARURVYSYABANKLTD0446CTSCLG000392CLG000392 KVB,,5188,3214782.44,CHQ,3214782.44,0
16-10-2019,SERVICEBRANCHCHENNAICHEQUEDEPO00000149CRLAKSHMIVILASBANKLTD0446CTSCLG000149CLG000149 LVB,,1894,3216676.44,CHQ,3216676.44,0
16-10-2019,SERVICEBRANCHCHENNAICHEQUEDEPO00296598CRUTIBANKLTD0446CTSG,,16287,3232963.44,CHQ,3232963.44,0
16-10-2019,TIRUMANGALAMCASHDEPOSITCRDepositbySELF,,265000,3497963.44,CASH,3497963.44,0
16-10-2019,MUMBAIFORTC ACFEESCRSANTHOSHSUPERM484TRANSFER21,,18733,3516696.44,TRANSFER,3516696.44,0
16-10-2019,MUMBAIFORTC ACFEESCRSANTHOSHSUPERM633TRANSFER21,,4255,3520951.44,TRANSFER,3520951.44,0
16-10-2019,MUMBAIFORTC ACFEESCRSANTHOSHSUPERM379TRANSFER26,,4154,3525105.44,TRANSFER,3525105.44,0
16-10-2019,MUMBAIFORTC ACFEESCRSANTHOSHSUPERM346TRANSFER23,,8099,3533204.44,TRANSFER,3533204.44,0
16-10-2019,SERVICEBRANCHCHENNAIOUTCHQRETCRFundsinsufficient,1096,,3532108.44,OUTWARD-RETURN,3532108.44,0
16-10-2019,SERVICEBRANCHCHENNAICHQDISHONOURCR,250,,3531858.44,INWARD-CHARGES,3531858.44,0
16-10-2019,CASHDEPCRCHRGSOTHER,100,,3531758.44,DEPOSIT-CHARGES,3531758.44,0
17-10-2019,TIRUMANGALAMCASHDEPOSITCRDepositbySELF,,220000,3751758.44,CASH,3751758.44,0
17-10-2019,MUMBAIFORTC ACFEESCRSANTHOSHSUPERM795TRANSFER20,,4871,3756629.44,TRANSFER,3756629.44,0
17-10-2019,SERVICEBRANCHCHENNAICHEQUEDEPO00023331CRSYNDICATEBANK0446CTSG023331 SYB,,2665,3759294.44,CHQ,3759294.44,0
17-10-2019,SERVICEBRANCHCHENNAICHEQUEDEPO00307826CR2590446CTSG,,1565,3760859.44,CHQ,3760859.44,0
17-10-2019,SERVICEBRANCHCHENNAICHEQUEDEPO00000305CRUTIBANKLTD0446CTSG,,3147,3764006.44,CHQ,3764006.44,0
17-10-2019,SERVICEBRANCHCHENNAICHEQUEDEPO00452255CRSYNDICATEBANK0446CTSG452255 SYB,,5402,3769408.44,CHQ,3769408.44,0
17-10-2019,SERVICEBRANCHCHENNAICHEQUEDEPO00014505CRSOUTHINDIANBANKLTD0446CTSCLG014505CLG014505 SIB,,5759,3775167.44,CHQ,3775167.44,0
17-10-2019,SERVICEBRANCHCHENNAICHEQUEDEPO00334114CRFEDERALBANKLTD0446CTSCHQ334114,,5945,3781112.44,CHQ,3781112.44,0
17-10-2019,SERVICEBRANCHCHENNAICHEQUEDEPO00791470CRSOUTHINDIANBANKLTD0446CTSCLG791470CLG791470 SIB,,12071,3793183.44,CHQ,3793183.44,0
17-10-2019,SERVICEBRANCHCHENNAICHEQUEDEPO00023567CRANDHRABANK0446CTSG023567 ANB,,9356,3802539.44,CHQ,3802539.44,0
17-10-2019,SERVICEBRANCHCHENNAICHEQUEDEPO00000625CRANDHRABANK0446CTSG000625 ANB,,7206,3809745.44,CHQ,3809745.44,0
17-10-2019,SERVICEBRANCHCHENNAICHEQUEDEPO00100081CRCATHOLICSYRIANBANKLTD0446CTSG100081 CSB,,2572,3812317.44,CHQ,3812317.44,0
17-10-2019,SERVICEBRANCHCHENNAICHEQUEDEPO00000512CR2400446CTSG,,7500,3819817.44,CHQ,3819817.44,0
17-10-2019,SERVICEBRANCHCHENNAICHEQUEDEPO00001271CR2400446CTSG,,10000,3829817.44,CHQ,3829817.44,0
17-10-2019,SERVICEBRANCHCHENNAICHEQUEDEPO00000442CRKARURVYSYABANKLTD0446CTSCLG000442CLG000442 KVB,,4544,3834361.44,CHQ,3834361.44,0
17-10-2019,SERVICEBRANCHCHENNAICHEQUEDEPO00360661CRFEDERALBANKLTD0446CTSG360661 FBI,,2104,3836465.44,CHQ,3836465.44,0
17-10-2019,SERVICEBRANCHCHENNAICHEQUEDEPO00684337CRTAMILNADMERCANTILEBANK0446CTSG684337 TMB,,2987,3839452.44,CHQ,3839452.44,0
17-10-2019,SERVICEBRANCHCHENNAICHEQUEDEPO00150110CRTAMILNADMERCANTILEBANK0446CTSG150110 TMB,,58392,3897844.44,CHQ,3897844.44,0
17-10-2019,SERVICEBRANCHCHENNAICHEQUEDEPO00043636CRANDHRABANK0446CTSG043636 ANB,,6682,3904526.44,CHQ,3904526.44,0
17-10-2019,SERVICEBRANCHCHENNAICHEQUEDEPO00684857CRTAMILNADMERCANTILEBANK0446CTSG684857 TMB,,15422,3919948.44,CHQ,3919948.44,0
17-10-2019,SERVICEBRANCHCHENNAICHEQUEDEPO00336596CRFEDERALBANKLTD0446CTSCHQ336596,,1935,3921883.44,CHQ,3921883.44,0
17-10-2019,SERVICEBRANCHCHENNAICHEQUEDEPO00003722CRKARURVYSYABANKLTD0446CTSCLG003722CLG003722 KVB,,16385,3938268.44,CHQ,3938268.44,0
17-10-2019,SERVICEBRANCHCHENNAICHEQUEDEPO00296603CRUTIBANKLTD0446CTSG,,1800,3940068.44,CHQ,3940068.44,0
17-10-2019,SERVICEBRANCHCHENNAICHEQUEDEPO00681347CRTAMILNADMERCANTILEBANK0446CTSG681347 TMB,,17540.94,3957609.38,CHQ,3957609.38,0
17-10-2019,SERVICEBRANCHCHENNAICHEQUEDEPO00003473CR2400446CTSG,,2146,3959755.38,CHQ,3959755.38,0
17-10-2019,SERVICEBRANCHCHENNAICHEQUEDEPO00000675CRICICIBANKINGCORPORATION0446CTSG,,1381,3961136.38,CHQ,3961136.38,0
17-10-2019,SERVICEBRANCHCHENNAICHEQUEDEPO00030626CRICICIBANKINGCORPORATION0446CTSG,,1820,3962956.38,CHQ,3962956.38,0
17-10-2019,MUMBAIFORTC ACFEESCRVENKATESWARA504526TRANSFER26,,3704,3966660.38,TRANSFER,3966660.38,0
17-10-2019,MUMBAIFORTWITHDRAWALTRANSFERINVENTZLIFESCIENIDIBH19290279634CRTRANSFER24,21245,,3945415.38,TRANSFER,3945415.38,0
17-10-2019,CASHDEPCRCHRGSOTHER,100,,3945315.38,DEPOSIT-CHARGES,3945315.38,0
18-10-2019,TIRUMANGALAMCASHDEPOSITCRDepositbySELF,,165000,4110315.38,CASH,4110315.38,0
18-10-2019,MUMBAIFORTC ACFEESCRSHREEENTERPRI30TRANSFE123,,12016,4122331.38,TRANSFER,4122331.38,0
18-10-2019,MUMBAIFORTC ACFEESCRORIENTPHARMAC7633TRANSFER23,,887,4123218.38,TRANSFER,4123218.38,0
18-10-2019,MUMBAIFORTC ACFEESCRAMMANFRUITS698TRANSFER28,,8092,4131310.38,TRANSFER,4131310.38,0
19-10-2019,MUMBAIFORTRTGSINWIDFCCRFirstBankRTGSTRANSFE120,,2465932,6597242.38,RTGS,6597242.38,0
19-10-2019,MUMBAIFORTC ACFEESCRSARAVANAST8317558TRANSFER20,,107563,6704805.38,TRANSFER,6704805.38,0
19-10-2019,ATMSERVICEBYTRANSFERCRBRANCH IMPS 001 TAXTRANSFE461,,1800,6706605.38,IMPS,6706605.38,0
19-10-2019,TIRUMANGALAMCASHDEPOSITCRDepositbySELF,,180000,6886605.38,CASH,6886605.38,0
19-10-2019,MUMBAIFORTC ACFEESTHECRKARURVYSYA153TRANSFER28,,1441,6888046.38,TRANSFER,6888046.38,0
19-10-2019,MUMBAIFORTC ACFEESSRICRMEENAKSHIAM716TRANSFER29,,825,6888871.38,TRANSFER,6888871.38,0
21-10-2019,MUMBAIFORTC ACFEESCRPONNUSUPER9245732TRANSFER21,,7837,6896708.38,TRANSFER,6896708.38,0
21-10-2019,SERVICEBRANCHCHENNAICHEQUEDEPO00581280CRSYNDICATEBANK0446CTSCHQ581280,,1218,6897926.38,CHQ,6897926.38,0
21-10-2019,MUMBAIFORTC ACFEESKCRRANJITRANSFE120,,10000,6907926.38,TRANSFER,6907926.38,0
21-10-2019,TIRUMANGALAMCASHDEPOSITCRDepositbySELF,,250000,7157926.38,CASH,7157926.38,0
21-10-2019,MUMBAIFORTC ACFEESCRELLIOTFOODS731TRANSFER26,,1095,7159021.38,TRANSFER,7159021.38,0
21-10-2019,MUMBAIFORTC ACFEESCRSANTHOSHSUPERM390TRANSFER26,,6402,7165423.38,TRANSFER,7165423.38,0
21-10-2019,MUMBAIFORTC ACFEESCRLIMR8506TRANSFE126,,8816,7174239.38,TRANSFER,7174239.38,0
21-10-2019,MUMBAIFORTC ACFEESCRLIMR8445TRANSFE129,,1770,7176009.38,TRANSFER,7176009.38,0
21-10-2019,CASHDEPCRCHRGSOTHER,100,,7175909.38,DEPOSIT-CHARGES,7175909.38,0
22-10-2019,SERVICEBRANCHCHENNAIECSMANDATECRDEBITRANSFERTO,847259.6,,6328649.78,EMI-DEBIT,6328649.78,0
22-10-2019,MUMBAIFORTWITHDRAWALTRANSFERCRSNJSugarsandp838TRANSFER24,127748,,6200901.78,TRANSFER,6200901.78,0
23-10-2019,SERVICEBRANCHCHENNAITOCLGCHQ00898757CRCAVINKAREPVTLTD,33984,,6166917.78,CHQ,6166917.78,0
23-10-2019,MUMBAIFORTC ACFEESCRANNAISUPERMAR5740TRANSFER20,,8512,6175429.78,TRANSFER,6175429.78,0
23-10-2019,TIRUMANGALAMCASHDEPOSITCRDepositbySELF,,250000,6425429.78,CASH,6425429.78,0
23-10-2019,MUMBAIFORTWITHDRAWALTRANSFERINBISCOCRINDIAPV864TRANSFER24,160013,,6265416.78,TRANSFER,6265416.78,0
23-10-2019,MUMBAIFORTC ACFEESCRAMMANFRUITS080TRANSFER23,,7061,6272477.78,TRANSFER,6272477.78,0
23-10-2019,MUMBAIFORTC ACFEESTHECRKARURVYSYA087TRANSFER24,,1800,6274277.78,TRANSFER,6274277.78,0
23-10-2019,ATMSERVICEBYTRANSFERCRBRANCH IMPS 910 MBKUMARANMEDICALSSTRANSFE461,,1118,6275395.78,IMPS,6275395.78,0
23-10-2019,CASHDEPCRCHRGSOTHER,100,,6275295.78,DEPOSIT-CHARGES,6275295.78,0
24-10-2019,MUMBAIFORTC ACFEESCRSANTHOSHSUPERM478TRANSFER27,,20907,6296202.78,TRANSFER,6296202.78,0
24-10-2019,MUMBAIFORTC ACFEESCRSANTHOSHSUPERM696TRANSFER28,,14644,6310846.78,TRANSFER,6310846.78,0
24-10-2019,TIRUMANGALAMCASHDEPOSITCRDepositbySELF,,100000,6410846.78,CASH,6410846.78,0
24-10-2019,MUMBAIFORTWITHDRAWALTRANSFERINVENTZLIFESCIENIDIBH19297187526CRTRANSFER24,26539,,6384307.78,TRANSFER,6384307.78,0
24-10-2019,MUMBAIFORTC ACFEESCRZENITHFOOD91DCTRANSFE127,,13370,6397677.78,TRANSFER,6397677.78,0
25-10-2019,SERVICEBRANCHCHENNAITOCLGCHQ00898758CRCAVINKAREPVTLTD,45311,,6352366.78,CHQ,6352366.78,0
25-10-2019,MUMBAIFORTC ACFEESCRADITYABIRLA18TRANSFE121,,1428850,7781216.78,TRANSFER,7781216.78,0
25-10-2019,TIRUMANGALAMCASHDEPOSITCRDepositbySELF,,300000,8081216.78,CASH,8081216.78,0
25-10-2019,MUMBAIFORTC ACFEESCRKARUVALURMARIA7903TRANSFER27,,8141,8089357.78,TRANSFER,8089357.78,0
25-10-2019,MUMBAIFORTC ACFEESRSCRPHARMACY481TRANSFER25,,698,8090055.78,TRANSFER,8090055.78,0
25-10-2019,MUMBAIFORTC ACFEESCRSANTHOSHSUPERM005TRANSFER24,,13522,8103577.78,TRANSFER,8103577.78,0
25-10-2019,MUMBAIFORTC ACFEESCRKALIGAMBALFRUI9185TRANSFER29,,2115,8105692.78,TRANSFER,8105692.78,0
25-10-2019,MUMBAIFORTC ACFEESCRSANTHOSHSUPERM102TRANSFER28,,4050,8109742.78,TRANSFER,8109742.78,0
25-10-2019,MUMBAIFORTC ACFEESCRSANTHOSHSUPERM283TRANSFER27,,7931,8117673.78,TRANSFER,8117673.78,0
25-10-2019,MUMBAIFORTC ACFEESKPNCRFARMFRESHP042TRANSFER25,,698,8118371.78,TRANSFER,8118371.78,0
25-10-2019,MUMBAIFORTWITHDRAWALTRANSFERCRREDBULLINDIAP233TRANSFER24,72005,,8046366.78,TRANSFER,8046366.78,0
25-10-2019,MUMBAIFORTC ACFEESCRnavasakthivinay073TRANSFER28,,1666,8048032.78,TRANSFER,8048032.78,0
25-10-2019,CASHDEPCRCHRGSOTHER,100,,8047932.78,DEPOSIT-CHARGES,8047932.78,0
26-10-2019,ATMSERVICEBYTRANSFERCRBRANCH IMPS R2TRANSFER61,,29835,8077767.78,IMPS,8077767.78,0
28-10-2019,MUMBAIFORTC ACFEESCRPONNUSUPER5071764TRANSFER25,,4586,8082353.78,TRANSFER,8082353.78,0
28-10-2019,SERVICEBRANCHCHENNAIECSMANDATECRDEBITRANSFERTO,136486,,7945867.78,EMI-DEBIT,7945867.78,0
28-10-2019,SERVICEBRANCHCHENNAICHEQUEDEPO00002979CRUTIBANKLTD0446CTSG,,14598,7960465.78,CHQ,7960465.78,0
28-10-2019,MUMBAIFORTC ACFEESCRSANTHOSHSUPERM457TRANSFER29,,1532,7961997.78,TRANSFER,7961997.78,0
28-10-2019,MUMBAIFORTC ACFEESCRLIMR4564TRANSFE124,,14131,7976128.78,TRANSFER,7976128.78,0
29-10-2019,COREBANKINGWITHDRAWALTRANSFERBILLDESKRINB8145928478 BPCLSMTFLT TRANSFERCRDATACENTRETO,10008.26,,7966120.52,ONLINE-PAYMENT,7966120.52,0
29-10-2019,MUMBAIFORTWITHDRAWALTRANSFERINBISCOCRINDIAPV416TRANSFER24,286028,,7680092.52,TRANSFER,7680092.52,0
29-10-2019,ATMSERVICEBYTRANSFERCRBRANCH IMPS 423 kishoreTRANSFE461,,70362,7750454.52,INTER-FIRM,7750454.52,0
30-10-2019,SERVICEBRANCHCHENNAITOCLGCHQ00898759CRCAVINKAREPVTLTD,358218,,7392236.52,CHQ,7392236.52,0
30-10-2019,SERVICEBRANCHCHENNAIECSMANDATECRDEBITRANSFERTO,424751,,6967485.52,EMI-DEBIT,6967485.52,0
30-10-2019,SERVICEBRANCHCHENNAICHEQUEDEPO00022171CRICICIBANKINGCORPORATION0446CTSG,,650000,7617485.52,CHQ,7617485.52,0
30-10-2019,MUMBAIFORTWITHDRAWALTRANSFERHECTORBEVERAGESPIDIBH19303394408CRTRANSFER24,800028,,6817457.52,TRANSFER,6817457.52,0
30-10-2019,TIRUMANGALAMCASHDEPOSITCRDepositbySELF,,150000,6967457.52,CASH,6967457.52,0
30-10-2019,MUMBAIFORTC ACFEESCRSANTHOSHSUPERM425TRANSFER29,,4139,6971596.52,TRANSFER,6971596.52,0
30-10-2019,TIRUMANGALAMCHEQUEWDL00865738CRSDHATCHAYANI,140000,,6831596.52,CHQ,6831596.52,0
31-10-2019,MUMBAIFORTC ACFEESCRSARAVANAST7536400TRANSFER28,,27829,6859425.52,TRANSFER,6859425.52,0
31-10-2019,MUMBAIFORTC ACFEESRSCRPHARMACY944TRANSFER24,,708,6860133.52,TRANSFER,6860133.52,0
31-10-2019,TIRUMANGALAMCASHDEPOSITCRDepositbySELF,,395000,7255133.52,CASH,7255133.52,0
31-10-2019,ATMSERVICEBYTRANSFERCRBRANCH IMPS 7314TRANSFE461,,15000,7270133.52,IMPS,7270133.52,0
31-10-2019,MUMBAIFORTC ACFEESCRSANTHOSHSUPERM958TRANSFER21,,359,7270492.52,TRANSFER,7270492.52,0
31-10-2019,MUMBAIFORTC ACFEESSRICRMEENAKSHIAM128TRANSFER25,,768,7271260.52,TRANSFER,7271260.52,0
31-10-2019,MUMBAIFORTC ACFEESCRAMMANFRUITS747TRANSFER28,,6516,7277776.52,TRANSFER,7277776.52,0
31-10-2019,CASHDEPCRCHRGSOTHER,195,,7277581.52,DEPOSIT-CHARGES,7277581.52,0
01-11-2019,SERVICEBRANCHCHENNAICHEQUEDEPO00865308CRSYNDICATEBANK0446CTSG865308 SYB,,1968,7279549.52,CHQ,7279549.52,0
01-11-2019,MUMBAIFORTC ACFEESCRANNAISUPERMAR0119TRANSFER28,,3001,7282550.52,TRANSFER,7282550.52,0
01-11-2019,MUMBAIFORTC ACFEESCRSUDHARSANAG632293TRANSFE121,,14598,7297148.52,TRANSFER,7297148.52,0
01-11-2019,TIRUMANGALAMCASHDEPOSITCRDepositbySELF,,90000,7387148.52,CASH,7387148.52,0
01-11-2019,MUMBAIFORTC ACFEESCRSANTHOSHSUPERM307TRANSFER29,,8108,7395256.52,TRANSFER,7395256.52,0
01-11-2019,MUMBAIFORTC ACFEESCRSANTHOSHSUPERM653TRANSFER21,,1546,7396802.52,TRANSFER,7396802.52,0
01-11-2019,MUMBAIFORTC ACFEESCRSANTHOSHSUPERM747TRANSFER21,,607,7397409.52,TRANSFER,7397409.52,0
01-11-2019,MUMBAIFORTC ACFEESCRSANTHOSHSUPERM056TRANSFER24,,2654,7400063.52,TRANSFER,7400063.52,0
01-11-2019,SERVICEBRANCHCHENNAINOFEESCRIMAGENOTCLEARPRESENTAGAIN,1968,,7398095.52,TRANSFER,7398095.52,0
02-11-2019,SERVICEBRANCHDELHICHEQUEWDL00865740CRIDFCFIRSTBANKLTD,93151,,7304944.52,EMI-DEBIT,7304944.52,0
02-11-2019,MUMBAIFORTC ACFEESCRBANKOFBARODAFO379TRANSFER26,,1305,7306249.52,TRANSFER,7306249.52,0
02-11-2019,MUMBAIFORTC ACFEESCRLIMR9994TRANSFE128,,5133,7311382.52,TRANSFER,7311382.52,0
02-11-2019,MUMBAIFORTC ACFEESCRLIMR0009TRANSFE120,,2813,7314195.52,TRANSFER,7314195.52,0
04-11-2019,MUMBAIFORTC ACFEESCRSANTHOSHSUPERM831TRANSFER24,,7925,7322120.52,TRANSFER,7322120.52,0
04-11-2019,MUMBAIFORTC ACFEESCRELLIOTFOODS034TRANSFER29,,1655,7323775.52,TRANSFER,7323775.52,0
04-11-2019,MUMBAIFORTC ACFEESCRBANKOFBARODAFO754TRANSFER29,,1842,7325617.52,TRANSFER,7325617.52,0
04-11-2019,MUMBAIFORTC ACFEESKPNCRFARMFRESHP107TRANSFER26,,2726,7328343.52,TRANSFER,7328343.52,0
05-11-2019,SERVICEBRANCHCHENNAITOCLGCHQ00898765CRVANDHANA,10000,,7318343.52,CHQ,7318343.52,0
05-11-2019,SERVICEBRANCHCHENNAITOCLGCHQ00898764CRSUJITHKUMARHUF,5000,,7313343.52,CHQ,7313343.52,0
05-11-2019,SERVICEBRANCHCHENNAITOCLGCHQ00865746CRSUMANKUMARHUF,12000,,7301343.52,CHQ,7301343.52,0
05-11-2019,MUMBAIFORTWITHDRAWALTRANSFERBKarthikeyanIDIBH19309250338CRTRANSFER24,200013,,7101330.52,TRANSFER,7101330.52,0
05-11-2019,SERVICEBRANCHCHENNAIECSMANDATECRDEBITRANSFERTO,73354,,7027976.52,EMI-DEBIT,7027976.52,0
05-11-2019,MUMBAIFORTC ACFEESCRANNANAGARSUPE1637TRANSFER27,,8599,7036575.52,TRANSFER,7036575.52,0
05-11-2019,MUMBAIFORTC ACFEESCRANNANAGARSUPE1469TRANSFER28,,8119,7044694.52,TRANSFER,7044694.52,0
05-11-2019,MUMBAIFORTC ACFEESCRSANTHOSHSUPERM107TRANSFER24,,2374,7047068.52,TRANSFER,7047068.52,0
05-11-2019,MUMBAIFORTC ACFEESCRSANTHOSHSUPERM995TRANSFER20,,2113,7049181.52,TRANSFER,7049181.52,0
05-11-2019,MUMBAIFORTC ACFEESCRSANTHOSHSUPERM984TRANSFER29,,1888,7051069.52,TRANSFER,7051069.52,0
05-11-2019,MUMBAIFORTC ACFEESCRSANTHOSHSUPERM815TRANSFER21,,28126,7079195.52,TRANSFER,7079195.52,0
05-11-2019,MUMBAIFORTC ACFEESCRKALIGAMBALFRUI2211TRANSFER27,,3897,7083092.52,TRANSFER,7083092.52,0
06-11-2019,SERVICEBRANCHCHENNAIECSMANDATECRDEBITRANSFERTO,1100000,,5983092.52,EMI-DEBIT,5983092.52,0
06-11-2019,ATMSERVICEBYTRANSFERCRBRANCH IMPS 155 noTRANSFE461,,50000,6033092.52,IMPS,6033092.52,0
06-11-2019,MUMBAIFORTC ACFEESCRSANTHOSHSUPERM808TRANSFER24,,2531,6035623.52,TRANSFER,6035623.52,0
06-11-2019,TIRUMANGALAMCASHDEPOSITCRDepositbySELF,,200000,6235623.52,CASH,6235623.52,0
06-11-2019,MUMBAIFORTC ACFEESCRAMMANFRUITS319TRANSFER29,,10447,6246070.52,TRANSFER,6246070.52,0
06-11-2019,MUMBAIFORTC ACFEESSRICRMEENAKSHIAM117TRANSFER24,,1596,6247666.52,TRANSFER,6247666.52,0
06-11-2019,MUMBAIFORTC ACFEESTHECRKARURVYSYA740TRANSFER28,,3516,6251182.52,TRANSFER,6251182.52,0
07-11-2019,SERVICEBRANCHCHENNAIECSMANDATECRDEBITRANSFERTO,1295384,,4955798.52,EMI-DEBIT,4955798.52,0
07-11-2019,TIRUMANGALAMCASHDEPOSITCRDepositbySELF,,135000,5090798.52,CASH,5090798.52,0
07-11-2019,MUMBAIFORTC ACFEESCRSANTHOSHSUPERM726TRANSFER26,,320,5091118.52,TRANSFER,5091118.52,0
07-11-2019,MUMBAIFORTC ACFEESKPNCRFARMFRESHP221TRANSFER21,,634,5091752.52,TRANSFER,5091752.52,0
08-11-2019,SERVICEBRANCHCHENNAICHEQUEDEPO00022172CRICICIBANKINGCORPORATION0446CTSG,,700000,5791752.52,CHQ,5791752.52,0
08-11-2019,SERVICEBRANCHCHENNAICHEQUEDEPO00791838CRSOUTHINDIANBANKLTD0446CTSCLG791838CLG791838 SIB,,6047,5797799.52,CHQ,5797799.52,0
08-11-2019,TIRUMANGALAMCASHDEPOSITCRDepositbySELF,,120000,5917799.52,CASH,5917799.52,0
08-11-2019,MUMBAIFORTWITHDRAWALTRANSFERINBISCOCRINDIAPV711TRANSFER24,145013,,5772786.52,TRANSFER,5772786.52,0
08-11-2019,SERVICEBRANCHCHENNAIWITHDRAWALTRANSFER0059055MandateReg11500CRChgsTRANSFERTO,115,,5772671.52,BANK-CHARGES,5772671.52,0
11-11-2019,SERVICEBRANCHCHENNAITOCLGCHQ00865728CRICICIBANKLtd,35447,,5737224.52,EMI-DEBIT,5737224.52,0
11-11-2019,MUMBAIFORTC ACFEESCRSAARALRESORTSA424TRANSFER23,,10799,5748023.52,TRANSFER,5748023.52,0
11-11-2019,COREBANKINGWITHDRAWALTRANSFERBILLDESKRINB8189471341 BPCLSMTFLT TRANSFERCRDATACENTRETO,10008.26,,5738015.26,ONLINE-PAYMENT,5738015.26,0
11-11-2019,TIRUMANGALAMCASHDEPOSITCRDepositbySELF,,345000,6083015.26,CASH,6083015.26,0
11-11-2019,MUMBAIFORTC ACFEESRGCRNENTERPRITRANSFE129,,4800,6087815.26,TRANSFER,6087815.26,0
11-11-2019,MUMBAIFORTC ACFEESCRSANTHOSHSUPERM324TRANSFER20,,3806,6091621.26,TRANSFER,6091621.26,0
11-11-2019,MUMBAIFORTC ACFEESCRLIMR9648TRANSFE128,,13937,6105558.26,TRANSFER,6105558.26,0
11-11-2019,MUMBAIFORTC ACFEESCRHECTORBEVER6578579TRANSFER21,,6290,6111848.26,TRANSFER,6111848.26,0
11-11-2019,MUMBAIFORTC ACFEESCRHECTORBEVER6578843TRANSFER25,,15000,6126848.26,TRANSFER,6126848.26,0
11-11-2019,MUMBAIFORTC ACFEESCRHECTORBEVER6578805TRANSFER26,,15000,6141848.26,TRANSFER,6141848.26,0
11-11-2019,MUMBAIFORTC ACFEESCRHECTORBEVER6578577TRANSFER23,,15000,6156848.26,TRANSFER,6156848.26,0
11-11-2019,MUMBAIFORTC ACFEESCRHECTORBEVER6578573TRANSFER24,,15000,6171848.26,TRANSFER,6171848.26,0
11-11-2019,CASHDEPCRCHRGSOTHER,145,,6171703.26,DEPOSIT-CHARGES,6171703.26,0
12-11-2019,SERVICEBRANCHCHENNAIECSMANDATECRDEBITRANSFERTO,223319,,5948384.26,EMI-DEBIT,5948384.26,0
12-11-2019,TIRUMANGALAMCASHDEPOSITCRDepositbySELF,,50000,5998384.26,CASH,5998384.26,0
12-11-2019,MUMBAIFORTC ACFEESCRSANTHOSHSUPERM531TRANSFER24,,23488,6021872.26,TRANSFER,6021872.26,0
12-11-2019,SERVICEBRANCHCHENNAIWITHDRAWALTRANSFER0059055MandateReg11500CRChgsTRANSFERTO,115,,6021757.26,BANK-CHARGES,6021757.26,0
12-11-2019,MUMBAIFORTC ACFEESCRKALIGAMBALFRUI0659TRANSFER20,,8038,6029795.26,TRANSFER,6029795.26,0
12-11-2019,MUMBAIFORTC ACFEESSRICRMEENAKSHIAM164TRANSFER27,,13128,6042923.26,TRANSFER,6042923.26,0
12-11-2019,MUMBAIFORTC ACFEESKPNCRFARMFRESHP954TRANSFER28,,4071,6046994.26,TRANSFER,6046994.26,0
13-11-2019,ATMSERVICEBYTRANSFERCRBRANCH IMPS 581 CrystalTRANSFE461,,17518,6064512.26,IMPS,6064512.26,0
13-11-2019,TIRUMANGALAMCASHDEPOSITCRDepositbySELF,,420000,6484512.26,CASH,6484512.26,0
13-11-2019,MUMBAIFORTC ACFEESCRSANTHOSHSUPERM854TRANSFER24,,8606,6493118.26,TRANSFER,6493118.26,0
13-11-2019,MUMBAIFORTWITHDRAWALTRANSFERHECTORBEVERAGESPIDIBH19317246039CRTRANSFER24,250028,,6243090.26,TRANSFER,6243090.26,0
13-11-2019,MUMBAIFORTC ACFEESTHECRKARURVYSYA617TRANSFER28,,2137,6245227.26,TRANSFER,6245227.26,0
13-11-2019,MUMBAIFORTC ACFEESCRANNAISUPERMAR5094TRANSFER28,,7905,6253132.26,TRANSFER,6253132.26,0
13-11-2019,CASHDEPCRCHRGSOTHER,220,,6252912.26,DEPOSIT-CHARGES,6252912.26,0
14-11-2019,TIRUMANGALAMCASHDEPOSITCRDepositbySELF,,270000,6522912.26,CASH,6522912.26,0
14-11-2019,MUMBAIFORTC ACFEESCRAMMANFRUITS525TRANSFER27,,23941,6546853.26,TRANSFER,6546853.26,0
14-11-2019,ATMSERVICEBYTRANSFERCRBRANCH IMPS 503 KishoreMktgTRANSFER61,,14000,6560853.26,INTER-FIRM,6560853.26,0
14-11-2019,SERVICEBRANCHCHENNAIWITHDRAWALTRANSFER0059055MandateReg11500CRChgsTRANSFERTO,115,,6560738.26,BANK-CHARGES,6560738.26,0
14-11-2019,CASHDEPCRCHRGSOTHER,100,,6560638.26,DEPOSIT-CHARGES,6560638.26,0
15-11-2019,SERVICEBRANCHCHENNAIECSMANDATECRDEBITRANSFERTO,73930,,6486708.26,EMI-DEBIT,6486708.26,0
15-11-2019,MUMBAIFORTWITHDRAWALTRANSFERINVENTZLIFESCIENIDIBH19319336548CRTRANSFER24,200013,,6286695.26,TRANSFER,6286695.26,0
15-11-2019,TIRUMANGALAMCASHDEPOSITCRDepositbySELF,,210000,6496695.26,CASH,6496695.26,0
15-11-2019,ATMSERVICEBYTRANSFERCRBRANCHUPITRAN8330 PaperboatTRANSFER66,,25277,6521972.26,UPI,6521972.26,0
15-11-2019,ATMSERVICEBYTRANSFERCRBRANCH IMPS 684 ASsupermarketRedBullTRANSFER61,,2000,6523972.26,IMPS,6523972.26,0
15-11-2019,MUMBAIFORTWITHDRAWALTRANSFERINBISCOCRINDIAPV170TRANSFER24,200013,,6323959.26,TRANSFER,6323959.26,0
15-11-2019,MUMBAIFORTC ACFEESCRSUDHARSANAG737175TRANSFE121,,10219,6334178.26,TRANSFER,6334178.26,0
15-11-2019,MUMBAIFORTC ACFEESCRKARUVALURMARIA3268TRANSFER23,,7093,6341271.26,TRANSFER,6341271.26,0
15-11-2019,CASHDEPCRCHRGSOTHER,100,,6341171.26,DEPOSIT-CHARGES,6341171.26,0
16-11-2019,SERVICEBRANCHCHENNAIECSMANDATECRDEBITRANSFERTO,124157.6,,6217013.66,EMI-DEBIT,6217013.66,0
16-11-2019,MUMBAIFORTC ACFEESCRANNANAGARS3266726TRANSFER29,,4053,6221066.66,TRANSFER,6221066.66,0
16-11-2019,TIRUMANGALAMCASHDEPOSITCRDepositbySELF,,125000,6346066.66,CASH,6346066.66,0
18-11-2019,MUMBAIFORTC ACFEESMRCRVBALAKUMAR666TRANSFER25,,10000,6356066.66,TRANSFER,6356066.66,0
18-11-2019,SERVICEBRANCHCHENNAICHEQUEDEPO00022173CRICICIBANKINGCORPORATION0446CTSG,,800000,7156066.66,CHQ,7156066.66,0
18-11-2019,COREBANKINGWITHDRAWALTRANSFERBILLDESKRINB8212932330 BPCLSMTFLT TRANSFERCRDATACENTRETO,10008.26,,7146058.4,ONLINE-PAYMENT,7146058.4,0
18-11-2019,TIRUMANGALAMCASHDEPOSITCRDepositbySELF,,120000,7266058.4,CASH,7266058.4,0
18-11-2019,MUMBAIFORTC ACFEESCRSANTHOSHSUPERM946TRANSFER25,,2695,7268753.4,TRANSFER,7268753.4,0
18-11-2019,MUMBAIFORTC ACFEESCRHAWIEEXIM550TRANSFER23,,32970,7301723.4,TRANSFER,7301723.4,0
18-11-2019,COREBANKINGWITHDRAWALTRANSFERTransferCRDATACENTREKishoremarketingTRANSFERTO,71573,,7230150.4,TRANSFER,7230150.4,0
18-11-2019,MUMBAIFORTC ACFEESCRLIMR7380TRANSFE125,,3801,7233951.4,TRANSFER,7233951.4,0
18-11-2019,MUMBAIFORTC ACFEESCRLIMR7399TRANSFE121,,1688,7235639.4,TRANSFER,7235639.4,0
19-11-2019,SERVICEBRANCHCHENNAITOCLGCHQ00865750CRSUMANKUMARHUF,600000,,6635639.4,EMI-DEBIT,6635639.4,0
19-11-2019,SERVICEBRANCHCHENNAITOCLGCHQ00865749CRSUMANKUMARHUF,12000,,6623639.4,CHQ,6623639.4,0
19-11-2019,SERVICEBRANCHCHENNAITOCLGCHQ00865748CRVANDHANA,10000,,6613639.4,CHQ,6613639.4,0
19-11-2019,SERVICEBRANCHCHENNAITOCLGCHQ00865747CRSUJITHKUMARHUF,5000,,6608639.4,CHQ,6608639.4,0
19-11-2019,MUMBAIFORTC ACFEESCRPONNUSUPER4790778TRANSFER29,,9049,6617688.4,TRANSFER,6617688.4,0
19-11-2019,MUMBAIFORTC ACFEESCRSARAVANAST4793387TRANSFER21,,92042,6709730.4,TRANSFER,6709730.4,0
19-11-2019,MUMBAIFORTC ACFEESCRSARAVANAST4794241TRANSFER23,,54833,6764563.4,TRANSFER,6764563.4,0
19-11-2019,SERVICEBRANCHCHENNAIECSMANDATECRDEBITRANSFERTO,636876,,6127687.4,EMI-DEBIT,6127687.4,0
19-11-2019,TIRUMANGALAMCASHDEPOSITCRDepositbySELF,,170000,6297687.4,CASH,6297687.4,0
19-11-2019,MUMBAIFORTC ACFEESCRDRUGSPARKPHAR1747TRANSFER21,,2806,6300493.4,TRANSFER,6300493.4,0
19-11-2019,MUMBAIFORTC ACFEESCRSANTHOSHSUPERM389TRANSFER28,,2339,6302832.4,TRANSFER,6302832.4,0
19-11-2019,MUMBAIFORTC ACFEESCRSANTHOSHSUPERM217TRANSFER21,,1035,6303867.4,TRANSFER,6303867.4,0
19-11-2019,MUMBAIFORTC ACFEESCRSANTHOSHSUPERM165TRANSFER20,,1350,6305217.4,TRANSFER,6305217.4,0
19-11-2019,MUMBAIFORTC ACFEESCRSANTHOSHSUPERM057TRANSFER23,,360,6305577.4,TRANSFER,6305577.4,0
20-11-2019,TIRUMANGALAMCASHDEPOSITCRDepositbySELF,,250000,6555577.4,CASH,6555577.4,0
20-11-2019,TIRUMANGALAMCHQTRANSFE00865751CR,82889,,6472688.4,CHQ,6472688.4,0
20-11-2019,MUMBAIFORTC ACFEESRSCRPHARMACY456TRANSFER21,,1031,6473719.4,TRANSFER,6473719.4,0
20-11-2019,ATMSERVICEBYTRANSFERCRBRANCH IMPS 899 KishoreTRANSFE461,,70000,6543719.4,INTER-FIRM,6543719.4,0
20-11-2019,CASHDEPCRCHRGSOTHER,100,,6543619.4,DEPOSIT-CHARGES,6543619.4,0
21-11-2019,MUMBAIFORTC ACFEESCRnavasakthivinay868TRANSFER20,,1710,6545329.4,TRANSFER,6545329.4,0
21-11-2019,MUMBAIFORTC ACFEESCRAROCKIYASATRANSFE120,,10000,6555329.4,TRANSFER,6555329.4,0
21-11-2019,TIRUMANGALAMCASHDEPOSITCRDepositbySELF,,425000,6980329.4,CASH,6980329.4,0
21-11-2019,MUMBAIFORTC ACFEESCRKALIGAMBALFRUI4692TRANSFER21,,2929,6983258.4,TRANSFER,6983258.4,0
21-11-2019,MUMBAIFORTC ACFEESCRVENKATESWARA811677TRANSFER29,,3668,6986926.4,TRANSFER,6986926.4,0
21-11-2019,CASHDEPCRCHRGSOTHER,225,,6986701.4,DEPOSIT-CHARGES,6986701.4,0
22-11-2019,MUMBAIFORTC ACFEESCRMCRENNETTF7627363TRANSFER23,,3957,6990658.4,TRANSFER,6990658.4,0
22-11-2019,TIRUMANGALAMCASHDEPOSITCRDepositbySELF,,120000,7110658.4,CASH,7110658.4,0
22-11-2019,MUMBAIFORTC ACFEESCRSANTHOSHSUPERM704TRANSFER27,,21593,7132251.4,TRANSFER,7132251.4,0
22-11-2019,MUMBAIFORTC ACFEESCRSANTHOSHSUPERM986TRANSFER29,,5666,7137917.4,TRANSFER,7137917.4,0
22-11-2019,MUMBAIFORTWITHDRAWALTRANSFERINBISCOCRINDIAPV694TRANSFER24,200013,,6937904.4,TRANSFER,6937904.4,0
25-11-2019,SERVICEBRANCHCHENNAITOCLGCHQ00898760CRCAVINKAREPVTLTD,319907,,6617997.4,CHQ,6617997.4,0
25-11-2019,TIRUMANGALAMCASHDEPOSITCRDepositbySELF,,110000,6727997.4,CASH,6727997.4,0
25-11-2019,MUMBAIFORTC ACFEESCRSANTHOSHSUPERM831TRANSFER20,,5861,6733858.4,TRANSFER,6733858.4,0
25-11-2019,MUMBAIFORTC ACFEESCRZENITHFOOD21DCTRANSFE120,,4644,6738502.4,TRANSFER,6738502.4,0
25-11-2019,MUMBAIFORTC ACFEESCRSANTHOSHSUPERM369TRANSFER24,,18390,6756892.4,TRANSFER,6756892.4,0
25-11-2019,MUMBAIFORTC ACFEESCRANNANAGARSUPE3798TRANSFER21,,11795,6768687.4,TRANSFER,6768687.4,0
25-11-2019,MUMBAIFORTC ACFEESCRAMMANFRUITS562TRANSFER23,,10290,6778977.4,TRANSFER,6778977.4,0
26-11-2019,SERVICEBRANCHCHENNAIECSMANDATECRDEBITRANSFERTO,441920.11,,6337057.29,EMI-DEBIT,6337057.29,0
26-11-2019,SERVICEBRANCHCHENNAIECSMANDATECRDEBITRANSFERTO,396540.89,,5940516.4,EMI-DEBIT,5940516.4,0
26-11-2019,TIRUMANGALAMCASHDEPOSITCRDepositbySELF,,300000,6240516.4,CASH,6240516.4,0
26-11-2019,MUMBAIFORTC ACFEESCRSANTHOSHSUPERM283TRANSFER20,,2170,6242686.4,TRANSFER,6242686.4,0
26-11-2019,MUMBAIFORTC ACFEESRSCRPHARMACY833TRANSFER24,,1489,6244175.4,TRANSFER,6244175.4,0
26-11-2019,MUMBAIFORTC ACFEESCRPONNUSUPERMARK443TRANSFER26,,1620,6245795.4,TRANSFER,6245795.4,0
26-11-2019,CASHDEPCRCHRGSOTHER,100,,6245695.4,DEPOSIT-CHARGES,6245695.4,0
27-11-2019,COREBANKINGWITHDRAWALTRANSFERCRDATACENTREGSTPAYATRANSFERTO,63500,,6182195.4,GST,6182195.4,0
27-11-2019,MUMBAIFORTC ACFEESCRSANTHOSHSUPERM642TRANSFER24,,1932,6184127.4,TRANSFER,6184127.4,0
27-11-2019,MUMBAIFORTC ACFEESCRSANTHOSHSUPERM670TRANSFER29,,2399,6186526.4,TRANSFER,6186526.4,0
27-11-2019,ATMSERVICEBYTRANSFERCRBRANCH IMPS 982 KishoreTRANSFE461,,17588,6204114.4,INTER-FIRM,6204114.4,0
27-11-2019,MUMBAIFORTC ACFEESCRLIMR2333TRANSFE121,,11552,6215666.4,TRANSFER,6215666.4,0
27-11-2019,MUMBAIFORTC ACFEESCRLIMR2288TRANSFE120,,882,6216548.4,TRANSFER,6216548.4,0
28-11-2019,SERVICEBRANCHCHENNAITOCLGCHQ00898762CRCAVINKAREPVTLTD,187365,,6029183.4,CHQ,6029183.4,0
28-11-2019,COREBANKINGWITHDRAWALTRANSFERBILLDESKRINB8245766158 BPCLSMTFLT TRANSFERCRDATACENTRETO,10008.26,,6019175.14,ONLINE-PAYMENT,6019175.14,0
28-11-2019,SERVICEBRANCHCHENNAIECSMANDATECRDEBITRANSFERTO,91377,,5927798.14,EMI-DEBIT,5927798.14,0
28-11-2019,MUMBAIFORTC ACFEESMACCRS852TRANSFER28,,2517,5930315.14,TRANSFER,5930315.14,0
28-11-2019,MUMBAIFORTC ACFEESCRPONNUSUPER2388716TRANSFER23,,4771,5935086.14,TRANSFER,5935086.14,0
28-11-2019,MUMBAIFORTWITHDRAWALTRANSFERINBISCOCRINDIAPV921TRANSFER24,283028,,5652058.14,TRANSFER,5652058.14,0
28-11-2019,MUMBAIFORTWITHDRAWALTRANSFERCRREDBULLINDIAP257TRANSFER24,300028,,5352030.14,TRANSFER,5352030.14,0
28-11-2019,TIRUMANGALAMCASHDEPOSITCRDepositbySELF,,100000,5452030.14,CASH,5452030.14,0
28-11-2019,MUMBAIFORTC ACFEESTHECRKARURVYSYA296TRANSFER29,,5436,5457466.14,TRANSFER,5457466.14,0
28-11-2019,MUMBAIFORTC ACFEESCRAMMANFRUITS092TRANSFER21,,6339,5463805.14,TRANSFER,5463805.14,0
28-11-2019,MUMBAIFORTC ACFEESSRICRMEENAKSHIAM998TRANSFER24,,3044,5466849.14,TRANSFER,5466849.14,0
28-11-2019,COREBANKINGBYTRANSFERCRDATACENTRETransfer87844KishoreTRANSFE09,,16075,5482924.14,TRANSFER,5482924.14,0
28-11-2019,MUMBAIFORTC ACFEESMACCRS203TRANSFER20,,2517,5485441.14,TRANSFER,5485441.14,0
29-11-2019,MUMBAIFORTC ACFEESKPNCRFARMFRESHP253TRANSFER27,,5538,5490979.14,TRANSFER,5490979.14,0
29-11-2019,COREBANKINGWITHDRAWALTRANSFERCRDATACENTREGSTPAYATRANSFERTO,95953,,5395026.14,GST,5395026.14,0
29-11-2019,MUMBAIFORTC ACFEESCRSANTHOSHSUPERM806TRANSFER27,,8589,5403615.14,TRANSFER,5403615.14,0
29-11-2019,MUMBAIFORTC ACFEESCRSANTHOSHSUPERM306TRANSFER21,,10455,5414070.14,TRANSFER,5414070.14,0
29-11-2019,MUMBAIFORTC ACFEESCRSANTHOSHSUPERM274TRANSFER21,,1250,5415320.14,TRANSFER,5415320.14,0
29-11-2019,MUMBAIFORTC ACFEESCRSANTHOSHSUPERM118TRANSFER26,,7917,5423237.14,TRANSFER,5423237.14,0
29-11-2019,TIRUMANGALAMCASHDEPOSITCRDepositbySELF,,100000,5523237.14,CASH,5523237.14,0
29-11-2019,MUMBAIFORTWITHDRAWALTRANSFERHECTORBEVERAGESPIDIBH19333496461CRTRANSFER24,500028,,5023209.14,TRANSFER,5023209.14,0
30-11-2019,SERVICEBRANCHCHENNAITOCLGCHQ00898735CRSECEDCWEST,3100,,5020109.14,CHQ,5020109.14,0
30-11-2019,SERVICEBRANCHCHENNAIECSMANDATECRDEBITRANSFERTO,334960,,4685149.14,EMI-DEBIT,4685149.14,0
30-11-2019,SERVICEBRANCHCHENNAICHEQUEDEPO00022174CRICICIBANKINGCORPORATION0446CTSG,,800000,5485149.14,CHQ,5485149.14,0
30-11-2019,TIRUMANGALAMCASHDEPOSITCRDepositbySELF,,165000,5650149.14,CASH,5650149.14,0
02-12-2019,SERVICEBRANCHCHENNAITOCLGCHQ00898734CRSECEDCWEST,19564,,5630585.14,CHQ,5630585.14,0
02-12-2019,SERVICEBRANCHCHENNAIECSMANDATECRDEBITRANSFERTO,93151,,5537434.14,EMI-DEBIT,5537434.14,0
02-12-2019,TIRUMANGALAMCASHDEPOSITCRDepositbySELF,,100000,5637434.14,CASH,5637434.14,0
02-12-2019,MUMBAIFORTC ACFEESCRLIMR7290TRANSFE121,,1476,5638910.14,TRANSFER,5638910.14,0
02-12-2019,MUMBAIFORTC ACFEESCRLIMR7951TRANSFE128,,11966,5650876.14,TRANSFER,5650876.14,0
02-12-2019,MUMBAIFORTC ACFEESSRICRMEENAKSHIAM538TRANSFER29,,1907,5652783.14,TRANSFER,5652783.14,0
02-12-2019,MUMBAIFORTC ACFEESCRKALIGAMBALFRUI8369TRANSFER28,,2368,5655151.14,TRANSFER,5655151.14,0
03-12-2019,TIRUMANGALAMCASHDEPOSITCRDepositbySELF,,110000,5765151.14,CASH,5765151.14,0
03-12-2019,MUMBAIFORTC ACFEESCRPONNUSUPERMARK487TRANSFER20,,3642,5768793.14,TRANSFER,5768793.14,0
04-12-2019,SERVICEBRANCHCHENNAIECSMANDATECRDEBITRANSFERTO,1000000,,4768793.14,EMI-DEBIT,4768793.14,0
04-12-2019,MUMBAIFORTC ACFEESCRPONNUSUPER8619478TRANSFER21,,3781,4772574.14,TRANSFER,4772574.14,0
04-12-2019,MUMBAIFORTC ACFEESCRSANTHOSHSUPERM117TRANSFER21,,6183,4778757.14,TRANSFER,4778757.14,0
04-12-2019,MUMBAIFORTC ACFEESCRSANTHOSHSUPERM800TRANSFER20,,1821,4780578.14,TRANSFER,4780578.14,0
04-12-2019,ATMSERVICEBYTRANSFERCRBRANCH IMPS 349 kishorwTRANSFE461,,10829,4791407.14,INTER-FIRM,4791407.14,0
05-12-2019,MUMBAIFORTC ACFEESCRSARAVANAST9406405TRANSFER23,,70910,4862317.14,TRANSFER,4862317.14,0
05-12-2019,SERVICEBRANCHCHENNAITOCLGCHQ00898761CRCAVINKAREPVTLTD,326616,,4535701.14,CHQ,4535701.14,0
05-12-2019,MUMBAIFORTC ACFEESM SCRMADRASAGRO553TRANSFER21,,4508,4540209.14,TRANSFER,4540209.14,0
05-12-2019,MUMBAIFORTWITHDRAWALTRANSFERBKarthikeyanIDIBH19339350280CRTRANSFER24,200013,,4340196.14,TRANSFER,4340196.14,0
05-12-2019,SERVICEBRANCHCHENNAIECSMANDATECRDEBITRANSFERTO,73354,,4266842.14,EMI-DEBIT,4266842.14,0
05-12-2019,MUMBAIFORTC ACFEESCRSANTHOSHSUPERM330TRANSFER24,,2372,4269214.14,TRANSFER,4269214.14,0
05-12-2019,ATMSERVICEBYTRANSFERCRBRANCH IMPS 960 ASsupermarketGalaxypTRANSFE461,,1000,4270214.14,IMPS,4270214.14,0
05-12-2019,SERVICEBRANCHCHENNAIECSMANDATECRDEBITRANSFERTO,942757,,3327457.14,EMI-DEBIT,3327457.14,0
05-12-2019,MUMBAIFORTC ACFEESCRSANTHOSHSUPERM442TRANSFER23,,27183,3354640.14,TRANSFER,3354640.14,0
05-12-2019,MUMBAIFORTC ACFEESCRSUDHARSANAG788895TRANSFE129,,14598,3369238.14,TRANSFER,3369238.14,0
06-12-2019,SERVICEBRANCHMUMBAICHEQUEWDL00865733CRADITYABIRLAFINANCE,56513,,3312725.14,EMI-DEBIT,3312725.14,0
06-12-2019,MUMBAIFORTC ACFEESCRSARAVANAST0852713TRANSFER23,,58339,3371064.14,TRANSFER,3371064.14,0
06-12-2019,MUMBAIFORTC ACFEESCRSARAVANAST0827050TRANSFER29,,62078,3433142.14,TRANSFER,3433142.14,0
06-12-2019,MUMBAIFORTC ACFEESCRAMMANFRUITS975TRANSFER24,,3855,3436997.14,TRANSFER,3436997.14,0
06-12-2019,MUMBAIFORTC ACFEESCRANNAISUPERMAR9990TRANSFER25,,4904,3441901.14,TRANSFER,3441901.14,0
07-12-2019,MUMBAIFORTC ACFEESTHECRKARURVYSYA049TRANSFER20,,2390,3444291.14,TRANSFER,3444291.14,0
07-12-2019,MUMBAIFORTC ACFEESCRSANTHOSHSUPERM722TRANSFER23,,6300,3450591.14,TRANSFER,3450591.14,0
07-12-2019,MUMBAIFORTWITHDRAWALTRANSFERINVENTZLIFESCIENIDIBH19341122487CRTRANSFER24,25693,,3424898.14,TRANSFER,3424898.14,0
09-12-2019,SERVICEBRANCHCHENNAITOCLGCHQ00865752CRSJINFOTECH,5310,,3419588.14,CHQ,3419588.14,0
09-12-2019,MUMBAIFORTC ACFEESCRSREESUPERB2996699TRANSFER21,,4024,3423612.14,TRANSFER,3423612.14,0
09-12-2019,COREBANKINGWITHDRAWALTRANSFERBILLDESKRINB8286139803 BPCLSMTFLT TRANSFERCRDATACENTRETO,10008.26,,3413603.88,ONLINE-PAYMENT,3413603.88,0
09-12-2019,MUMBAIFORTC ACFEESCRPONNUSUPERMAR0522TRANSFER21,,35916,3449519.88,TRANSFER,3449519.88,0
09-12-2019,MUMBAIFORTC ACFEESKPNCRFARMFRESHP229TRANSFER20,,3300,3452819.88,TRANSFER,3452819.88,0
09-12-2019,MUMBAIFORTC ACFEESCRPONNUSUPERMARK901TRANSFER28,,1260,3454079.88,TRANSFER,3454079.88,0
09-12-2019,MUMBAIFORTC ACFEESCRNavasakthiVinay406TRANSFER26,,833,3454912.88,TRANSFER,3454912.88,0
10-12-2019,MUMBAIFORTC ACFEESCRSREESUPERB4378568TRANSFER20,,7378,3462290.88,TRANSFER,3462290.88,0
10-12-2019,SERVICEBRANCHCHENNAIECSMANDATECRDEBITRANSFERTO,35447,,3426843.88,EMI-DEBIT,3426843.88,0
10-12-2019,SERVICEBRANCHCHENNAIECSMANDATECRDEBITRANSFERTO,634315,,2792528.88,EMI-DEBIT,2792528.88,0
10-12-2019,MUMBAIFORTC ACFEESCRKARUVALURMARIA0677TRANSFER26,,4163,2796691.88,TRANSFER,2796691.88,0
10-12-2019,MUMBAIFORTC ACFEESCRHECTORBEVER2474213TRANSFER21,,14000,2810691.88,TRANSFER,2810691.88,0
10-12-2019,MUMBAIFORTC ACFEESCRHECTORBEVER2474069TRANSFER23,,5200,2815891.88,TRANSFER,2815891.88,0
10-12-2019,MUMBAIFORTC ACFEESCRHECTORBEVER2474220TRANSFER24,,15000,2830891.88,TRANSFER,2830891.88,0
10-12-2019,MUMBAIFORTC ACFEESCRHECTORBEVER2474028TRANSFER24,,7500,2838391.88,TRANSFER,2838391.88,0
10-12-2019,MUMBAIFORTC ACFEESCRHECTORBEVER2474062TRANSFER25,,4500,2842891.88,TRANSFER,2842891.88,0
10-12-2019,MUMBAIFORTC ACFEESCRHECTORBEVER2474204TRANSFER26,,15000,2857891.88,TRANSFER,2857891.88,0
10-12-2019,ATMSERVICEBYTRANSFERCRBRANCH IMPS 601 TRANSFERTRANSFER61,,6001,2863892.88,IMPS,2863892.88,0
10-12-2019,TIRUMANGALAMCASHDEPOSITCRDepositbySELF,,130000,2993892.88,CASH,2993892.88,0
10-12-2019,MUMBAIFORTC ACFEESCRDRUGSPARKPHAR3759TRANSFER28,,1388,2995280.88,TRANSFER,2995280.88,0
10-12-2019,MUMBAIFORTC ACFEESCRSANTHOSHSUPERM754TRANSFER21,,2543,2997823.88,TRANSFER,2997823.88,0
10-12-2019,MUMBAIFORTC ACFEESCRSANTHOSHSUPERM266TRANSFER28,,2309,3000132.88,TRANSFER,3000132.88,0
10-12-2019,MUMBAIFORTC ACFEESCRSANTHOSHSUPERM936TRANSFER24,,4361,3004493.88,TRANSFER,3004493.88,0
10-12-2019,MUMBAIFORTC ACFEESCRSANTHOSHSUPERM860TRANSFER21,,4837,3009330.88,TRANSFER,3009330.88,0
10-12-2019,MUMBAIFORTC ACFEESCRSANTHOSHSUPERM853TRANSFER25,,4517,3013847.88,TRANSFER,3013847.88,0
10-12-2019,MUMBAIFORTC ACFEESCRKALIGAMBALFRUI9138TRANSFER21,,2986,3016833.88,TRANSFER,3016833.88,0
10-12-2019,MUMBAIFORTC ACFEESCRLIMR8007TRANSFE126,,1928,3018761.88,TRANSFER,3018761.88,0
10-12-2019,MUMBAIFORTC ACFEESCRLIMR7996TRANSFE125,,10261,3029022.88,TRANSFER,3029022.88,0
11-12-2019,MUMBAIFORTC ACFEESCRPONNUSUPER5768480TRANSFER21,,5981,3035003.88,TRANSFER,3035003.88,0
11-12-2019,MUMBAIFORTWITHDRAWALTRANSFERINVENTZLIFESCIENIDIBH19345256420CRTRANSFER24,26559,,3008444.88,TRANSFER,3008444.88,0
11-12-2019,MUMBAIFORTC ACFEESCRANNAISUPERMAR3397TRANSFER23,,2159,3010603.88,TRANSFER,3010603.88,0
11-12-2019,TIRUMANGALAMCASHDEPOSITCRDepositbySELF,,200000,3210603.88,CASH,3210603.88,0
11-12-2019,MUMBAIFORTC ACFEESRSCRPHARMACY972TRANSFER26,,1235,3211838.88,TRANSFER,3211838.88,0
11-12-2019,MUMBAIFORTC ACFEESCRSANTHOSHSUPERM446TRANSFER23,,474,3212312.88,TRANSFER,3212312.88,0
11-12-2019,ATMSERVICEBYTRANSFERCRBRANCH IMPS 916 transferTRANSFE461,,3298,3215610.88,IMPS,3215610.88,0
11-12-2019,MUMBAIFORTC ACFEESCRSANTHOSHSUPERM999TRANSFER25,,5091,3220701.88,TRANSFER,3220701.88,0
11-12-2019,MUMBAIFORTC ACFEESCRANNACHIENTE6321154TRANSFER20,,24591,3245292.88,TRANSFER,3245292.88,0
12-12-2019,TIRUMANGALAMCASHDEPOSITCRDepositbySELF,,250000,3495292.88,CASH,3495292.88,0
12-12-2019,MUMBAIFORTC ACFEESCRSANTHOSHSUPERM682TRANSFER25,,22236,3517528.88,TRANSFER,3517528.88,0
12-12-2019,COREBANKINGBYTRANSFERCRDATACENTRETransfer87844kishoreTRANSFE09,,2635,3520163.88,TRANSFER,3520163.88,0
12-12-2019,ATMSERVICEBYTRANSFERCRBRANCH IMPS 400 3billspendingpaymentTRANSFE461,,1615,3521778.88,IMPS,3521778.88,0
12-12-2019,MUMBAIFORTC ACFEESRSCRPHARMACY781TRANSFER26,,811,3522589.88,TRANSFER,3522589.88,0
12-12-2019,CASHDEPCRCHRGSOTHER,100,,3522489.88,DEPOSIT-CHARGES,3522489.88,0
13-12-2019,MUMBAIFORTC ACFEESCRSANTHOSHSUPERM935TRANSFER27,,5871,3528360.88,TRANSFER,3528360.88,0
13-12-2019,TIRUMANGALAMCASHDEPOSITCRDepositbySELF,,100000,3628360.88,CASH,3628360.88,0
13-12-2019,MUMBAIFORTWITHDRAWALTRANSFERINBISCOCRINDIAPV382TRANSFER24,322028,,3306332.88,TRANSFER,3306332.88,0
13-12-2019,MUMBAIFORTC ACFEESSRICRMEENAKSHIAM453TRANSFER29,,4937,3311269.88,TRANSFER,3311269.88,0
13-12-2019,MUMBAIFORTC ACFEESTHECRKARURVYSYA550TRANSFER25,,3832,3315101.88,TRANSFER,3315101.88,0
16-12-2019,SERVICEBRANCHCHENNAICHEQUEDEPO00022175CRICICIBANKINGCORPORATION0446CTSG,,800000,4115101.88,CHQ,4115101.88,0
16-12-2019,TIRUMANGALAMCASHDEPOSITCRDepositbySELF,,275000,4390101.88,CASH,4390101.88,0
16-12-2019,MUMBAIFORTWITHDRAWALTRANSFERCRSNJSugarsandp343TRANSFER24,112190,,4277911.88,TRANSFER,4277911.88,0
16-12-2019,MUMBAIFORTC ACFEESCRSANTHOSHSUPERM981TRANSFER26,,2249,4280160.88,TRANSFER,4280160.88,0
16-12-2019,MUMBAIFORTC ACFEESCRPONNUSUPER9494026TRANSFER29,,3016,4283176.88,TRANSFER,4283176.88,0
16-12-2019,MUMBAIFORTC ACFEESCRANNANAGARSUPE6217TRANSFER20,,8967,4292143.88,TRANSFER,4292143.88,0
16-12-2019,MUMBAIFORTC ACFEESCRKALIGAMBALFRUI9829TRANSFER21,,9438,4301581.88,TRANSFER,4301581.88,0
16-12-2019,MUMBAIFORTC ACFEESCRSREESUPERB0212643TRANSFER24,,1695,4303276.88,TRANSFER,4303276.88,0
16-12-2019,CASHDEPCRCHRGSOTHER,100,,4303176.88,DEPOSIT-CHARGES,4303176.88,0
17-12-2019,ATMSERVICEBYTRANSFERCRBRANCH IMPS E461,,10000,4313176.88,IMPS,4313176.88,0
17-12-2019,MUMBAIFORTC ACFEESCRMCRENNETTF0236940TRANSFER23,,2053,4315229.88,TRANSFER,4315229.88,0
17-12-2019,SERVICEBRANCHCHENNAIECSMANDATECRDEBITRANSFERTO,211662,,4103567.88,EMI-DEBIT,4103567.88,0
17-12-2019,MUMBAIFORTC ACFEESCRHAWIEEXIM691TRANSFER28,,45858,4149425.88,TRANSFER,4149425.88,0
17-12-2019,MUMBAIFORTC ACFEESSSSCRSUPERMARKET665TRANSFER28,,9042,4158467.88,TRANSFER,4158467.88,0
17-12-2019,TIRUMANGALAMCASHDEPOSITCRDepositbySELF,,140000,4298467.88,CASH,4298467.88,0
17-12-2019,MUMBAIFORTC ACFEESCRSANTHOSHSUPERM320TRANSFER29,,3698,4302165.88,TRANSFER,4302165.88,0
17-12-2019,MUMBAIFORTC ACFEESCRLIMR6832TRANSFE128,,8300,4310465.88,TRANSFER,4310465.88,0
17-12-2019,MUMBAIFORTC ACFEESCRLIMR7068TRANSFE120,,1915,4312380.88,TRANSFER,4312380.88,0
17-12-2019,MUMBAIFORTWITHDRAWALTRANSFERINVENTZLIFESCIENIDIBH19351122848CRTRANSFER24,53112,,4259268.88,TRANSFER,4259268.88,0
17-12-2019,MUMBAIFORTWITHDRAWALTRANSFERHECTORBEVERAGESPIDIBH19351124710CRTRANSFER24,100005,,4159263.88,TRANSFER,4159263.88,0
17-12-2019,MUMBAIFORTC ACFEESCRKARUVALURMARIA1942TRANSFER20,,6388,4165651.88,TRANSFER,4165651.88,0
17-12-2019,MUMBAIFORTC ACFEESCRAMMANFRUITS340TRANSFER23,,4926,4170577.88,TRANSFER,4170577.88,0
18-12-2019,MUMBAIFORTC ACFEESKPNCRFARMFRESHP542TRANSFER21,,5698,4176275.88,TRANSFER,4176275.88,0
18-12-2019,TIRUMANGALAMCASHDEPOSITCRDepositbySELF,,300000,4476275.88,CASH,4476275.88,0
18-12-2019,MUMBAIFORTC ACFEESCRRAMKUMARMEDICA0562TRANSFER23,,2043,4478318.88,TRANSFER,4478318.88,0
18-12-2019,MUMBAIFORTC ACFEESCRSANTHOSHSUPERM675TRANSFER20,,9628,4487946.88,TRANSFER,4487946.88,0
18-12-2019,MUMBAIFORTC ACFEESCRSANTHOSHSUPERM167TRANSFER29,,299,4488245.88,TRANSFER,4488245.88,0
18-12-2019,MUMBAIFORTC ACFEESCRSANTHOSHSUPERM359TRANSFER23,,11466,4499711.88,TRANSFER,4499711.88,0
18-12-2019,MUMBAIFORTC ACFEESCRSANTHOSHSUPERM845TRANSFER28,,14399,4514110.88,TRANSFER,4514110.88,0
18-12-2019,MUMBAIFORTC ACFEESCRKALIGAMBALFRUI1902TRANSFER26,,3091,4517201.88,TRANSFER,4517201.88,0
18-12-2019,CASHDEPCRCHRGSOTHER,100,,4517101.88,DEPOSIT-CHARGES,4517101.88,0
19-12-2019,SERVICEBRANCHCHENNAITOCLGCHQ00865759CRSUJITHKUMARHUF,5000,,4512101.88,CHQ,4512101.88,0
19-12-2019,SERVICEBRANCHCHENNAITOCLGCHQ00865758CRVANDHANA,10000,,4502101.88,CHQ,4502101.88,0
19-12-2019,SERVICEBRANCHCHENNAITOCLGCHQ00865757CRVANDHANA,500000,,4002101.88,CHQ,4002101.88,0
19-12-2019,MUMBAIFORTC ACFEESCRSANTHOSHSUPERM715TRANSFER21,,1188,4003289.88,TRANSFER,4003289.88,0
19-12-2019,TIRUMANGALAMCASHDEPOSITCRDepositbySELF,,100000,4103289.88,CASH,4103289.88,0
19-12-2019,MUMBAIFORTC ACFEESCRAMMANFRUITS230TRANSFER29,,9712,4113001.88,TRANSFER,4113001.88,0
19-12-2019,MUMBAIFORTC ACFEESCRZENITHFOOD91DCTRANSFE128,,4644,4117645.88,TRANSFER,4117645.88,0
20-12-2019,ATMSERVICEBYTRANSFERCRBRANCH IMPS 153 P2AfundtransferTRANSFE461,,10000,4127645.88,IMPS,4127645.88,0
20-12-2019,TIRUMANGALAMCASHDEPOSITCRDepositbySELF,,150000,4277645.88,CASH,4277645.88,0
20-12-2019,MUMBAIFORTC ACFEESCRSANTHOSHSUPERM599TRANSFER28,,359,4278004.88,TRANSFER,4278004.88,0
20-12-2019,MUMBAIFORTC ACFEESCRKARUVALURMARIA8418TRANSFER21,,1666,4279670.88,TRANSFER,4279670.88,0
20-12-2019,MUMBAIFORTC ACFEESSRICRMEENAKSHIAM291TRANSFER21,,1530,4281200.88,TRANSFER,4281200.88,0
20-12-2019,COREBANKINGBYTRANSFERCRDATACENTRETransfer87844PurchasesTRANSFE7,,12102,4293302.88,TRANSFER,4293302.88,0
20-12-2019,MUMBAIFORTC ACFEESCRANNANAGARSUPE0290TRANSFER27,,7913,4301215.88,TRANSFER,4301215.88,0
20-12-2019,COREBANKINGWITHDRAWALTRANSFERTransferCRDATACENTREKishoremarketingTRANSFERTO,48870,,4252345.88,TRANSFER,4252345.88,0
20-12-2019,MUMBAIFORTC ACFEESKPNCRFARMFRESHP236TRANSFER21,,15162,4267507.88,TRANSFER,4267507.88,0
20-12-2019,MUMBAIFORTC ACFEESCRkarpag0529TRANSFER25,,3105,4270612.88,TRANSFER,4270612.88,0
21-12-2019,SERVICEBRANCHCHENNAIECSMANDATECRDEBITRANSFERTO,231809.6,,4038803.28,EMI-DEBIT,4038803.28,0
21-12-2019,COREBANKINGWITHDRAWALTRANSFERBILLDESKRINB8327501681 BPCLSMTFLT TRANSFERCRDATACENTRETO,10008.26,,4028795.02,ONLINE-PAYMENT,4028795.02,0
21-12-2019,MUMBAIFORTWITHDRAWALTRANSFERINBISCOCRINDIAPV611TRANSFER24,215028,,3813767.02,TRANSFER,3813767.02,0
21-12-2019,MUMBAIFORTC ACFEESTHECRKARURVYSYA216TRANSFER28,,2076,3815843.02,TRANSFER,3815843.02,0
22-12-2019,TIRUMANGALAMBULKCHARGESCRSMSALERTCHARGESQ,15,,3815828.02,BANK-CHARGES,3815828.02,0
23-12-2019,MUMBAIFORTC ACFEESCRELLIOTFOODS139TRANSFER29,,2281,3818109.02,TRANSFER,3818109.02,0
23-12-2019,SERVICEBRANCHCHENNAICHEQUEDEPO00022176CRICICIBANKINGCORPORATION0446CTSG,,950000,4768109.02,CHQ,4768109.02,0
23-12-2019,MUMBAIFORTC ACFEESCRSANTHOSHSUPERM761TRANSFER27,,3152,4771261.02,TRANSFER,4771261.02,0
23-12-2019,MUMBAIFORTC ACFEESCRLIMR5983TRANSFE125,,1868,4773129.02,TRANSFER,4773129.02,0
23-12-2019,MUMBAIFORTC ACFEESCRLIMR5930TRANSFE124,,9270,4782399.02,TRANSFER,4782399.02,0
24-12-2019,SERVICEBRANCHCHENNAITOCLGCHQ00865755CRSRIAYYANARVEHICLEBODYBUIL,20000,,4762399.02,CHQ,4762399.02,0
24-12-2019,TIRUMANGALAMCASHDEPOSITCRDepositbySELF,,185000,4947399.02,CASH,4947399.02,0
24-12-2019,MUMBAIFORTC ACFEESCRSREESUPERB5997903TRANSFER21,,2880,4950279.02,TRANSFER,4950279.02,0
24-12-2019,MUMBAIFORTC ACFEESCRSANTHOSHSUPERM238TRANSFER27,,6019,4956298.02,TRANSFER,4956298.02,0
24-12-2019,MUMBAIFORTC ACFEESTHECRKARURVYSYA637TRANSFER27,,4423,4960721.02,TRANSFER,4960721.02,0
24-12-2019,ATMSERVICEBYTRANSFERCRBRANCH IMPS 591 MBKISHORETRANSFE461,,10,4960731.02,INTER-FIRM,4960731.02,0
24-12-2019,MUMBAIFORTC ACFEESCRAMMANFRUITS613TRANSFER23,,6264,4966995.02,TRANSFER,4966995.02,0
25-12-2019,ATMSERVICEBYTRANSFERCRBRANCH IMPS 818 MBWRINGLESTRANSFE461,,23510,4990505.02,IMPS,4990505.02,0
25-12-2019,MUMBAIFORTC ACFEESCRRAMKUMARMEDICA4486TRANSFER27,,1736,4992241.02,TRANSFER,4992241.02,0
26-12-2019,MUMBAIFORTC ACFEESCRSANTHOSHSUPERM651TRANSFER21,,563,4992804.02,TRANSFER,4992804.02,0
26-12-2019,MUMBAIFORTWITHDRAWALTRANSFERINBISCOCRINDIAPV969TRANSFER24,192013,,4800791.02,TRANSFER,4800791.02,0
26-12-2019,TIRUMANGALAMCASHDEPOSITCRDepositbySELF,,345000,5145791.02,CASH,5145791.02,0
26-12-2019,MUMBAIFORTWITHDRAWALTRANSFERCRREDBULLINDIAP793TRANSFER24,350028,,4795763.02,TRANSFER,4795763.02,0
26-12-2019,MUMBAIFORTC ACFEESCRSREESUPERB7439257TRANSFER21,,6923,4802686.02,TRANSFER,4802686.02,0
26-12-2019,MUMBAIFORTC ACFEESCRnavasakthivinay231TRANSFER20,,2648,4805334.02,TRANSFER,4805334.02,0
26-12-2019,CASHDEPCRCHRGSOTHER,145,,4805189.02,DEPOSIT-CHARGES,4805189.02,0
27-12-2019,SERVICEBRANCHCHENNAITOCLGCHQ00898763CRCAVINKAREPVTLTD,33606,,4771583.02,CHQ,4771583.02,0
27-12-2019,SERVICEBRANCHCHENNAITOCLGCHQ00865756CRANUBHAVENTERPRISES,7200,,4764383.02,CHQ,4764383.02,0
27-12-2019,SERVICEBRANCHCHENNAIECSMANDATECRDEBITRANSFERTO,1000000,,3764383.02,EMI-DEBIT,3764383.02,0
27-12-2019,ATMSERVICEBYTRANSFERCRBRANCH IMPS TRANSFE461,,2600,3766983.02,IMPS,3766983.02,0
27-12-2019,TIRUMANGALAMCASHDEPOSITCRDepositbySELF,,100000,3866983.02,CASH,3866983.02,0
27-12-2019,MUMBAIFORTWITHDRAWALTRANSFERINVENTZLIFESCIENIDIBH19361141475CRTRANSFER24,52544,,3814439.02,TRANSFER,3814439.02,0
30-12-2019,SERVICEBRANCHCHENNAIECSMANDATECRDEBITRANSFERTO,1334731,,2479708.02,EMI-DEBIT,2479708.02,0
30-12-2019,MUMBAIFORTC ACFEESCRANNAISUPERMAR4232TRANSFER23,,6562,2486270.02,TRANSFER,2486270.02,0
30-12-2019,TIRUMANGALAMCASHDEPOSITCRDepositbySELF,,150000,2636270.02,CASH,2636270.02,0
30-12-2019,MUMBAIFORTC ACFEESCRPONNUSUPER9711904TRANSFER21,,3287,2639557.02,TRANSFER,2639557.02,0
30-12-2019,MUMBAIFORTC ACFEESCRPONNUSUPER9715947TRANSFER24,,3779,2643336.02,TRANSFER,2643336.02,0
30-12-2019,MUMBAIFORTWITHDRAWALTRANSFERINBISCOCRINDIAPV500TRANSFER24,100005,,2543331.02,TRANSFER,2543331.02,0
30-12-2019,MUMBAIFORTC ACFEESCRLIMR7769TRANSFE121,,10691,2554022.02,TRANSFER,2554022.02,0
30-12-2019,MUMBAIFORTC ACFEESCRLIMR7789TRANSFE121,,1827,2555849.02,TRANSFER,2555849.02,0
30-12-2019,MUMBAIFORTC ACFEESSRICRMEENAKSHIAM445TRANSFER21,,8859,2564708.02,TRANSFER,2564708.02,0
30-12-2019,MUMBAIFORTC ACFEESkpnCRfarmfreshp079TRANSFER23,,6209,2570917.02,TRANSFER,2570917.02,0
30-12-2019,MUMBAIFORTC ACFEESCRkarpag7490TRANSFER29,,1800,2572717.02,TRANSFER,2572717.02,0
31-12-2019,MUMBAIFORTC ACFEESCRPONNUSUPERMARK060TRANSFER21,,1666,2574383.02,TRANSFER,2574383.02,0
31-12-2019,TIRUMANGALAMCASHDEPOSITCRDepositbySELF,,200000,2774383.02,CASH,2774383.02,0
31-12-2019,MUMBAIFORTC ACFEESCRSANTHOSHSUPERM919TRANSFER21,,8453,2782836.02,TRANSFER,2782836.02,0
31-12-2019,MUMBAIFORTC ACFEESKPNCRFARMFRESHP050TRANSFER21,,4501,2787337.02,TRANSFER,2787337.02,0
31-12-2019,MUMBAIFORTC ACFEESTHECRKARURVYSYA928TRANSFER23,,5217,2792554.02,TRANSFER,2792554.02,0
02-01-2020,SERVICEBRANCHCHENNAIECSMANDATECRDEBITRANSFERTO,93151,,2699403.02,EMI-DEBIT,2699403.02,0
02-01-2020,COREBANKINGWITHDRAWALTRANSFERBILLDESKRINB8368858712 BPCLSMTFLT TRANSFERCRDATACENTRETO,10008.26,,2689394.76,ONLINE-PAYMENT,2689394.76,0
02-01-2020,MUMBAIFORTC ACFEESCROMSAKTHIJUICEC436TRANSFER29,,1547,2690941.76,TRANSFER,2690941.76,0
02-01-2020,TIRUMANGALAMCASHDEPOSITCRDepositbySELF,,130000,2820941.76,CASH,2820941.76,0
03-01-2020,MUMBAIFORTC ACFEESCRSARAVANAST5072632TRANSFER21,,1469,2822410.76,TRANSFER,2822410.76,0
03-01-2020,SERVICEBRANCHCHENNAIECSMANDATECRDEBITRANSFERTO,357488,,2464922.76,EMI-DEBIT,2464922.76,0
03-01-2020,MUMBAIFORTC ACFEESRSCRPHARMACY073TRANSFER27,,447,2465369.76,TRANSFER,2465369.76,0
03-01-2020,MUMBAIFORTC ACFEESCRSANTHOSHSUPERM416TRANSFER21,,1709,2467078.76,TRANSFER,2467078.76,0
03-01-2020,MUMBAIFORTC ACFEESJPCRVENDTECH17173TRANSFE124,,35014,2502092.76,TRANSFER,2502092.76,0
04-01-2020,SERVICEBRANCHCHENNAITOCLGCHQ00865753CRSJINFOTECH,5310,,2496782.76,CHQ,2496782.76,0
04-01-2020,MUMBAIFORTWITHDRAWALTRANSFERBKarthikeyanIDIBH20004443694CRTRANSFER24,200013,,2296769.76,TRANSFER,2296769.76,0
04-01-2020,MUMBAIFORTC ACFEESCRAMMANFRUITS838TRANSFER23,,7873,2304642.76,TRANSFER,2304642.76,0
04-01-2020,MUMBAIFORTC ACFEESCRLIMR4284TRANSFE124,,9460,2314102.76,TRANSFER,2314102.76,0
04-01-2020,MUMBAIFORTC ACFEESCRLIMR5712TRANSFE127,,908,2315010.76,TRANSFER,2315010.76,0
04-01-2020,MUMBAIFORTC ACFEESCRANNANAGARSUPE5099TRANSFER26,,5543,2320553.76,TRANSFER,2320553.76,0
06-01-2020,SERVICEBRANCHCHENNAIECSMANDATECRDEBITRANSFERTO,73354,,2247199.76,EMI-DEBIT,2247199.76,0
06-01-2020,MUMBAIFORTC ACFEESKPNCRFARMFRESHP570TRANSFER27,,3444,2250643.76,TRANSFER,2250643.76,0
06-01-2020,MUMBAIFORTC ACFEESCRKARUVALURMARIA8715TRANSFER25,,8629,2259272.76,TRANSFER,2259272.76,0
06-01-2020,ATMSERVICEBYTRANSFERCRBRANCH IMPS 260 RedbullTRANSFE461,,4173,2263445.76,IMPS,2263445.76,0
07-01-2020,MUMBAIFORTC ACFEESCRPONNUSUPERMARK469TRANSFER21,,4364,2267809.76,TRANSFER,2267809.76,0
07-01-2020,MUMBAIFORTC ACFEESCRSARAVANAST8764981TRANSFER28,,71986,2339795.76,TRANSFER,2339795.76,0
07-01-2020,SERVICEBRANCHMUMBAICHEQUEWDL00865734CRCMSADITYABIRLAFINANCE,56513,,2283282.76,EMI-DEBIT,2283282.76,0
07-01-2020,MUMBAIFORTC ACFEESCRSANTHOSHSUPERM142TRANSFER25,,2757,2286039.76,TRANSFER,2286039.76,0
07-01-2020,MUMBAIFORTC ACFEESCRSARAVANAST9277452TRANSFER25,,85765,2371804.76,TRANSFER,2371804.76,0
07-01-2020,ATMSERVICEBYTRANSFERCRBRANCH IMPS 842 KishoreTRANSFE461,,38545,2410349.76,INTER-FIRM,2410349.76,0
08-01-2020,MUMBAIFORTC ACFEESCRMCRENNETTF0242102TRANSFER24,,1550,2411899.76,TRANSFER,2411899.76,0
08-01-2020,SERVICEBRANCHCHENNAIECSMANDATECRDEBITRANSFERTO,131165,,2280734.76,EMI-DEBIT,2280734.76,0
08-01-2020,MUMBAIFORTWITHDRAWALTRANSFERHECTORBEVERAGESPIDIBH20008245081CRTRANSFER24,310228,,1970506.76,TRANSFER,1970506.76,0
08-01-2020,MUMBAIFORTC ACFEESCRSANTHOSHSUPERM651TRANSFER21,,2784,1973290.76,TRANSFER,1973290.76,0
08-01-2020,MUMBAIFORTC ACFEESCRSANTHOSHSUPERM733TRANSFER25,,1154,1974444.76,TRANSFER,1974444.76,0
08-01-2020,MUMBAIFORTC ACFEESCRRAMKUMARMEDICA3031TRANSFER21,,3930,1978374.76,TRANSFER,1978374.76,0
08-01-2020,MUMBAIFORTC ACFEESCRSANTHOSHSUPERM569TRANSFER24,,1439,1979813.76,TRANSFER,1979813.76,0
08-01-2020,MUMBAIFORTWITHDRAWALTRANSFERcavinkareprivateIDIBH20008259580CRTRANSFER24,100005,,1879808.76,TRANSFER,1879808.76,0
08-01-2020,MUMBAIFORTWITHDRAWALTRANSFERINVENTZLIFESCIENIDIBH20008260033CRTRANSFER24,132493,,1747315.76,TRANSFER,1747315.76,0
08-01-2020,MUMBAIFORTC ACFEESCRCHAAICEN7024925TRANSFER23,,944,1748259.76,TRANSFER,1748259.76,0
08-01-2020,MUMBAIFORTC ACFEESCRANNANAGARSUPE2892TRANSFER28,,8512,1756771.76,TRANSFER,1756771.76,0
09-01-2020,SERVICEBRANCHCHENNAIECSMANDATECRDEBITRANSFERTO,142448,,1614323.76,EMI-DEBIT,1614323.76,0
09-01-2020,MUMBAIFORTC ACFEESSRICRMEENAKSHIAM642TRANSFER26,,4736,1619059.76,TRANSFER,1619059.76,0
09-01-2020,MUMBAIFORTC ACFEESCRANNAISUPERMAR3372TRANSFER25,,9084,1628143.76,TRANSFER,1628143.76,0
09-01-2020,MUMBAIFORTWITHDRAWALTRANSFERINBISCOCRINDIAPV878TRANSFER24,200013,,1428130.76,TRANSFER,1428130.76,0
09-01-2020,COREBANKINGBYTRANSFERCRDATACENTRETransfer87844PAYMENTTRANSFE7,,9297,1437427.76,TRANSFER,1437427.76,0
09-01-2020,MUMBAIFORTC ACFEESRSCRPHARMACY617TRANSFER23,,1205,1438632.76,TRANSFER,1438632.76,0
09-01-2020,MUMBAIFORTC ACFEESCRSAARALRESORTSA925TRANSFER29,,5713,1444345.76,TRANSFER,1444345.76,0
10-01-2020,SERVICEBRANCHCHENNAICHEQUEDEPO00006406CRICICIBANKINGCORPORATION0446CTSG,,10789,1455134.76,CHQ,1455134.76,0
10-01-2020,SERVICEBRANCHCHENNAICHEQUEDEPO00022179CRICICIBANKINGCORPORATION0446CTSG,,1300000,2755134.76,CHQ,2755134.76,0
10-01-2020,SERVICEBRANCHCHENNAIECSMANDATECRDEBITRANSFERTO,35447,,2719687.76,EMI-DEBIT,2719687.76,0
10-01-2020,MUMBAIFORTC ACFEESCRHAWIEEXIM926TRANSFER24,,8179,2727866.76,TRANSFER,2727866.76,0
10-01-2020,MUMBAIFORTC ACFEESCRSANTHOSHSUPERM972TRANSFER23,,4540,2732406.76,TRANSFER,2732406.76,0
10-01-2020,TIRUMANGALAMCASHDEPOSITCRDepositbySELF,,320000,3052406.76,CASH,3052406.76,0
10-01-2020,CASHDEPCRCHRGSOTHER,120,,3052286.76,DEPOSIT-CHARGES,3052286.76,0
12-01-2020,MUMBAIFORTC ACFEESCRSANGAMITHR741DCTRANSFE126,,2249,3054535.76,TRANSFER,3054535.76,0
13-01-2020,MUMBAIFORTC ACFEESCRPONNUSUPER4804409TRANSFER28,,2851,3057386.76,TRANSFER,3057386.76,0
13-01-2020,TIRUMANGALAMCASHDEPOSITCRDepositbySELF,,100000,3157386.76,CASH,3157386.76,0
13-01-2020,MUMBAIFORTC ACFEESCRSANTHOSHSUPERM337TRANSFER25,,32417,3189803.76,TRANSFER,3189803.76,0
13-01-2020,MUMBAIFORTC ACFEESCRSANTHOSHSUPERM478TRANSFER26,,8104,3197907.76,TRANSFER,3197907.76,0
13-01-2020,MUMBAIFORTC ACFEESCRSANTHOSHSUPERM604TRANSFER25,,2814,3200721.76,TRANSFER,3200721.76,0
13-01-2020,MUMBAIFORTC ACFEESkpnCRfarmfreshp835TRANSFER27,,5296,3206017.76,TRANSFER,3206017.76,0
13-01-2020,MUMBAIFORTC ACFEESCRLIMR2580TRANSFE121,,1698,3207715.76,TRANSFER,3207715.76,0
13-01-2020,MUMBAIFORTC ACFEESCRLIMR2714TRANSFE126,,16822,3224537.76,TRANSFER,3224537.76,0
13-01-2020,MUMBAIFORTC ACFEESCRKaligambalFruitTRANSFE125,,10025,3234562.76,TRANSFER,3234562.76,0
14-01-2020,COREBANKINGWITHDRAWALTRANSFERBILLDESKRINB8414556533 BPCLSMTFLT TRANSFERCRDATACENTRETO,10008.26,,3224554.5,ONLINE-PAYMENT,3224554.5,0
14-01-2020,SERVICEBRANCHCHENNAICHEQUEDEPO00001381CRICICIBANKINGCORPORATION0446CTSG,,6289,3230843.5,CHQ,3230843.5,0
14-01-2020,SERVICEBRANCHCHENNAICHEQUEDEPO00001257CRICICIBANKINGCORPORATION0446CTSG,,1312,3232155.5,CHQ,3232155.5,0
14-01-2020,TIRUMANGALAMCASHDEPOSITCRDepositbySELF,,215000,3447155.5,CASH,3447155.5,0
14-01-2020,MUMBAIFORTC ACFEESKPNCRFARMFRESHP192TRANSFER26,,4243,3451398.5,TRANSFER,3451398.5,0
14-01-2020,MUMBAIFORTC ACFEESCRSANTHOSHSUPERM595TRANSFER29,,7149,3458547.5,TRANSFER,3458547.5,0
14-01-2020,MUMBAIFORTC ACFEESSRICRMEENAKSHIAM318TRANSFER24,,2683,3461230.5,TRANSFER,3461230.5,0
14-01-2020,MUMBAIFORTC ACFEESTHECRKARURVYSYA070TRANSFER24,,803,3462033.5,TRANSFER,3462033.5,0
14-01-2020,MUMBAIFORTC ACFEESCRAMMANFRUITS616TRANSFER29,,11116,3473149.5,TRANSFER,3473149.5,0
14-01-2020,MUMBAIFORTC ACFEESCRAMMANFRUITS147TRANSFER26,,5568,3478717.5,TRANSFER,3478717.5,0
14-01-2020,CASHDEPCRCHRGSOTHER,100,,3478617.5,DEPOSIT-CHARGES,3478617.5,0
15-01-2020,MUMBAIFORTC ACFEESCRHECTORBEVER3467478TRANSFER28,,14516,3493133.5,TRANSFER,3493133.5,0
15-01-2020,MUMBAIFORTC ACFEESCRHECTORBEVER3467687TRANSFER28,,15000,3508133.5,TRANSFER,3508133.5,0
15-01-2020,MUMBAIFORTC ACFEESCRHECTORBEVER3467475TRANSFER29,,14032,3522165.5,TRANSFER,3522165.5,0
15-01-2020,MUMBAIFORTC ACFEESCRHECTORBEVER3467689TRANSFER21,,14516,3536681.5,TRANSFER,3536681.5,0
15-01-2020,MUMBAIFORTC ACFEESCRHECTORBEVER3467695TRANSFER29,,10645,3547326.5,TRANSFER,3547326.5,0
18-01-2020,SERVICEBRANCHCHENNAIECSMANDATECRDEBITRANSFERTO,328147.6,,3219178.9,EMI-DEBIT,3219178.9,0
18-01-2020,MUMBAIFORTC ACFEESCRPONNUSUPERMAR0046TRANSFER23,,15466,3234644.9,TRANSFER,3234644.9,0
18-01-2020,MUMBAIFORTC ACFEESCRSANTHOSHSUPERM804TRANSFER20,,6503,3241147.9,TRANSFER,3241147.9,0
19-01-2020,MUMBAIFORTC ACFEESMRCRVBALAKUMAR563TRANSFER21,,9500,3250647.9,TRANSFER,3250647.9,0
20-01-2020,MUMBAIFORTC ACFEESCRAROCKIYASATRANSFE121,,10000,3260647.9,TRANSFER,3260647.9,0
20-01-2020,MUMBAIFORTC ACFEESCRSANTHOSHSUPERM549TRANSFER26,,7042,3267689.9,TRANSFER,3267689.9,0
20-01-2020,COREBANKINGBYTRANSFERCRDATACENTRETransfer87844kishoremarketingTRANSFE09,,6917.66,3274607.56,TRANSFER,3274607.56,0
20-01-2020,MUMBAIFORTC ACFEESCRANNANAGARSUPE4902TRANSFER25,,12992,3287599.56,TRANSFER,3287599.56,0
20-01-2020,MUMBAIFORTC ACFEESCRLIMR3772TRANSFE121,,1598,3289197.56,TRANSFER,3289197.56,0
20-01-2020,MUMBAIFORTC ACFEESCRLIMR4951TRANSFE126,,14560,3303757.56,TRANSFER,3303757.56,0
21-01-2020,SERVICEBRANCHCHENNAIECSMANDATECRDEBITRANSFERTO,253395,,3050362.56,EMI-DEBIT,3050362.56,0
21-01-2020,COREBANKINGWITHDRAWALTRANSFERCRDATACENTREGSTPAYATRANSFERTO,26849,,3023513.56,GST,3023513.56,0
21-01-2020,TIRUMANGALAMCASHDEPOSITCRDepositbySELF,,200000,3223513.56,CASH,3223513.56,0
21-01-2020,MUMBAIFORTC ACFEESCRSANTHOSHSUPERM168TRANSFER28,,6624,3230137.56,TRANSFER,3230137.56,0
21-01-2020,MUMBAIFORTWITHDRAWALTRANSFERINVENTZLIFESCIENIDIBH20021404260CRTRANSFER24,47807,,3182330.56,TRANSFER,3182330.56,0
21-01-2020,COREBANKINGWITHDRAWALTRANSFERCRDATACENTREGSTPAYBTRANSFERTO,31727,,3150603.56,GST,3150603.56,0
21-01-2020,ATMSERVICEBYTRANSFERCRBRANCHUPITRAN3190 UPITRANSFE466,,242,3150845.56,UPI,3150845.56,0
21-01-2020,MUMBAIFORTC ACFEESTHECRKARURVYSYA868TRANSFER28,,4386,3155231.56,TRANSFER,3155231.56,0
21-01-2020,MUMBAIFORTC ACFEESCRCHAAICEN9346880TRANSFER24,,996,3156227.56,TRANSFER,3156227.56,0
21-01-2020,MUMBAIFORTC ACFEESCRZENITHFOOD21DCTRANSFE121,,3096,3159323.56,TRANSFER,3159323.56,0
21-01-2020,MUMBAIFORTC ACFEESKPNCRFARMFRESHP547TRANSFER28,,11384,3170707.56,TRANSFER,3170707.56,0
21-01-2020,MUMBAIFORTWITHDRAWALTRANSFERINBISCOCRINDIAPV234TRANSFER24,150013,,3020694.56,TRANSFER,3020694.56,0
22-01-2020,SERVICEBRANCHCHENNAICHEQUEDEPO00022180CRICICIBANKINGCORPORATION0446CTSG,,800000,3820694.56,CHQ,3820694.56,0
22-01-2020,SERVICEBRANCHCHENNAICHEQUEDEPO00001303CRICICIBANKINGCORPORATION0446CTSG,,5450,3826144.56,CHQ,3826144.56,0
22-01-2020,MUMBAIFORTWITHDRAWALTRANSFERCRSNJSugarsandp903TRANSFER24,128933,,3697211.56,TRANSFER,3697211.56,0
22-01-2020,MUMBAIFORTC ACFEESCRPONNUSUPER2282549TRANSFER24,,3016,3700227.56,TRANSFER,3700227.56,0
22-01-2020,TIRUMANGALAMCASHDEPOSITCRDepositbySELF,,150000,3850227.56,CASH,3850227.56,0
22-01-2020,MUMBAIFORTWITHDRAWALTRANSFERHECTORBEVERAGESPIDIBH20022455381CRTRANSFER24,620028,,3230199.56,TRANSFER,3230199.56,0
22-01-2020,MUMBAIFORTC ACFEESCRSANTHOSHSUPERM843TRANSFER29,,989,3231188.56,TRANSFER,3231188.56,0
22-01-2020,MUMBAIFORTC ACFEESCRKaligambalFruitTRANSFE124,,8209,3239397.56,TRANSFER,3239397.56,0
22-01-2020,MUMBAIFORTC ACFEESSRICRMEENAKSHIAM779TRANSFER28,,2405,3241802.56,TRANSFER,3241802.56,0
23-01-2020,SERVICEBRANCHCHENNAITOCLGCHQ00865761CRSUJITHKUMARHUF,250000,,2991802.56,CHQ,2991802.56,0
23-01-2020,SERVICEBRANCHCHENNAITOCLGCHQ00865760CRSUJITHKUMARHUF,5000,,2986802.56,CHQ,2986802.56,0
23-01-2020,SERVICEBRANCHCHENNAICHEQUEDEPO00030784CRICICIBANKINGCORPORATION0446CTSG,,2079,2988881.56,CHQ,2988881.56,0
23-01-2020,ATMSERVICEBYTRANSFERCRBRANCH IMPS TRANSFER61,,1961,2990842.56,IMPS,2990842.56,0
23-01-2020,TIRUMANGALAMCASHDEPOSITCRDepositbySELF,,340000,3330842.56,CASH,3330842.56,0
23-01-2020,MUMBAIFORTC ACFEESRSCRPHARMACY236TRANSFER21,,716,3331558.56,TRANSFER,3331558.56,0
23-01-2020,ATMSERVICEBYTRANSFERCRBRANCH IMPS 603 TRANSFE461,,1802,3333360.56,IMPS,3333360.56,0
23-01-2020,ATMSERVICEBYTRANSFERCRBRANCH IMPS 993 kishoreTRANSFE461,,24501,3357861.56,INTER-FIRM,3357861.56,0
23-01-2020,MUMBAIFORTC ACFEESCRSANGAMITHR761DCTRANSFE124,,1444,3359305.56,TRANSFER,3359305.56,0
23-01-2020,MUMBAIFORTC ACFEESJPCRVENDTECH70097TRANSFE126,,22127,3381432.56,TRANSFER,3381432.56,0
23-01-2020,CASHDEPCRCHRGSOTHER,140,,3381292.56,DEPOSIT-CHARGES,3381292.56,0
24-01-2020,SERVICEBRANCHCHENNAIECSMANDATECRDEBITRANSFERTO,482002,,2899290.56,EMI-DEBIT,2899290.56,0
24-01-2020,SERVICEBRANCHCHENNAIECSMANDATECRDEBITRANSFERTO,483817,,2415473.56,EMI-DEBIT,2415473.56,0
24-01-2020,MUMBAIFORTC ACFEESCRELLIOTFOODS274TRANSFER27,,1140,2416613.56,TRANSFER,2416613.56,0
24-01-2020,MUMBAIFORTC ACFEESCRSANTHOSHSUPERM030TRANSFER29,,10373,2426986.56,TRANSFER,2426986.56,0
24-01-2020,MUMBAIFORTC ACFEESCRSANTHOSHSUPERM413TRANSFER20,,4541,2431527.56,TRANSFER,2431527.56,0
24-01-2020,VINAYAGAPURAMBYTRANSFERCRDepositbytrfTRANSFE66,,18571,2450098.56,TRANSFER,2450098.56,0
24-01-2020,ATMSERVICEBYTRANSFERCRBRANCH IMPS 411 CrystalTRANSFE461,,4379,2454477.56,IMPS,2454477.56,0
24-01-2020,MUMBAIFORTC ACFEESCRkarpag0672TRANSFER23,,1305,2455782.56,TRANSFER,2455782.56,0
24-01-2020,MUMBAIFORTC ACFEESCRAMMANFRUITS022TRANSFER29,,9099,2464881.56,TRANSFER,2464881.56,0
25-01-2020,ATMSERVICEBYTRANSFERCRBRANCHUPITRAN6792 UPITRANSFE466,,603,2465484.56,UPI,2465484.56,0
26-01-2020,MUMBAIFORTC ACFEESCRSREESUPERB5087611TRANSFER29,,3032,2468516.56,TRANSFER,2468516.56,0
27-01-2020,SERVICEBRANCHCHENNAITOCLGCHQ00865766CRSECEDCWEST,2308,,2466208.56,CHQ,2466208.56,0
27-01-2020,SERVICEBRANCHCHENNAITOCLGCHQ00865754CRMEENAKSHIMARKETING,50000,,2416208.56,CHQ,2416208.56,0
27-01-2020,MUMBAIFORTC ACFEESCRKARUVALURMARIA0039TRANSFER20,,9339,2425547.56,TRANSFER,2425547.56,0
27-01-2020,TIRUMANGALAMCASHDEPOSITCRDepositbySELF,,410000,2835547.56,CASH,2835547.56,0
27-01-2020,MUMBAIFORTC ACFEESCRSANTHOSHSUPERM009TRANSFER20,,3116,2838663.56,TRANSFER,2838663.56,0
27-01-2020,COREBANKINGWITHDRAWALTRANSFERBILLDESKRINB8462294679 BPCLSMTFLT TRANSFERCRDATACENTRETO,10008.26,,2828655.3,ONLINE-PAYMENT,2828655.3,0
27-01-2020,CASHDEPCRCHRGSOTHER,210,,2828445.3,DEPOSIT-CHARGES,2828445.3,0
28-01-2020,SERVICEBRANCHCHENNAIECSMANDATECRDEBITRANSFERTO,1000000,,1828445.3,EMI-DEBIT,1828445.3,0
28-01-2020,MUMBAIFORTC ACFEESCRnavasakthivinay445TRANSFER21,,2091,1830536.3,TRANSFER,1830536.3,0
28-01-2020,TIRUMANGALAMCASHDEPOSITCRDepositbySELF,,160000,1990536.3,CASH,1990536.3,0
28-01-2020,MUMBAIFORTC ACFEESCRANNAISUPERMAR0733TRANSFER21,,6551,1997087.3,TRANSFER,1997087.3,0
28-01-2020,MUMBAIFORTC ACFEESCRSANTHOSHSUPERM045TRANSFER29,,1363,1998450.3,TRANSFER,1998450.3,0
28-01-2020,MUMBAIFORTC ACFEESCRSANTHOSHSUPERM541TRANSFER29,,9313,2007763.3,TRANSFER,2007763.3,0
28-01-2020,MUMBAIFORTC ACFEESCRSANTHOSHSUPERM801TRANSFER25,,1972,2009735.3,TRANSFER,2009735.3,0
28-01-2020,MUMBAIFORTC ACFEESCRSUDHARSANAG080301TRANSFE129,,14472,2024207.3,TRANSFER,2024207.3,0
28-01-2020,MUMBAIFORTC ACFEESCRLIMR2175TRANSFE123,,1350,2025557.3,TRANSFER,2025557.3,0
28-01-2020,MUMBAIFORTC ACFEESCRLIMR2227TRANSFE126,,11496,2037053.3,TRANSFER,2037053.3,0
29-01-2020,ATMSERVICEBYTRANSFERCRBRANCH IMPS 111 ASSMGalaxypaymentTRANSFE461,,2631,2039684.3,IMPS,2039684.3,0
29-01-2020,SERVICEBRANCHCHENNAICHEQUEDEPO00006415CRICICIBANKINGCORPORATION0446CTSG,,8860,2048544.3,CHQ,2048544.3,0
29-01-2020,MUMBAIFORTWITHDRAWALTRANSFERINBISCOCRINDIAPV079TRANSFER24,170013,,1878531.3,TRANSFER,1878531.3,0
29-01-2020,SERVICEBRANCHCHENNAIECSMANDATECRDEBITRANSFERTO,674996,,1203535.3,EMI-DEBIT,1203535.3,0
29-01-2020,MUMBAIFORTC ACFEESCRSANTHOSHSUPERM043TRANSFER21,,5069,1208604.3,TRANSFER,1208604.3,0
29-01-2020,TIRUMANGALAMCASHDEPOSITCRDepositbySELF,,1300000,2508604.3,CASH,2508604.3,0
29-01-2020,MUMBAIFORTWITHDRAWALTRANSFERCRREDBULLINDIAP096TRANSFER24,670028,,1838576.3,TRANSFER,1838576.3,0
29-01-2020,MUMBAIFORTC ACFEESCRAMMANFRUITS764TRANSFER27,,22933,1861509.3,TRANSFER,1861509.3,0
29-01-2020,MUMBAIFORTC ACFEESKPNCRFarmFreshP880TRANSFER26,,3416,1864925.3,TRANSFER,1864925.3,0
29-01-2020,CASHDEPCRCHRGSOTHER,1100,,1863825.3,DEPOSIT-CHARGES,1863825.3,0
30-01-2020,SERVICEBRANCHCHENNAICHEQUEDEPO00001366CRICICIBANKINGCORPORATION0446CTSG,,1536,1865361.3,CHQ,1865361.3,0
30-01-2020,SERVICEBRANCHCHENNAICHEQUEDEPO00006543CRICICIBANKINGCORPORATION0446CTSG,,1224,1866585.3,CHQ,1866585.3,0
30-01-2020,SERVICEBRANCHCHENNAICHEQUEDEPO00006482CRICICIBANKINGCORPORATION0446CTSG,,8783,1875368.3,CHQ,1875368.3,0
30-01-2020,SERVICEBRANCHCHENNAICHEQUEDEPO00022181CRICICIBANKINGCORPORATION0446CTSG,,800000,2675368.3,CHQ,2675368.3,0
30-01-2020,SERVICEBRANCHCHENNAIECSMANDATECRDEBITRANSFERTO,600000,,2075368.3,EMI-DEBIT,2075368.3,0
30-01-2020,SERVICEBRANCHCHENNAICHEQUEWDL00865762CRCAVINKAREPVTLTD,320870,,1754498.3,CHQ,1754498.3,0
30-01-2020,MUMBAIFORTWITHDRAWALTRANSFERHECTORBEVERAGESPIDIBH20030384620CRTRANSFER24,200013,,1554485.3,TRANSFER,1554485.3,0
30-01-2020,ATMSERVICEBYTRANSFERCRBRANCHUPITRAN9092 UPITRANSFE466,,2165,1556650.3,UPI,1556650.3,0
30-01-2020,TIRUMANGALAMCASHDEPOSITCRDepositbySELF,,235000,1791650.3,CASH,1791650.3,0
30-01-2020,MUMBAIFORTC ACFEESCRSANTHOSHSUPERM098TRANSFER28,,2267,1793917.3,TRANSFER,1793917.3,0
30-01-2020,MUMBAIFORTC ACFEESCRSANTHOSHSUPERM106TRANSFER29,,450,1794367.3,TRANSFER,1794367.3,0
30-01-2020,MUMBAIFORTC ACFEESCRANNACHIENTE8891674TRANSFER26,,5587,1799954.3,TRANSFER,1799954.3,0
30-01-2020,MUMBAIFORTC ACFEESKPNCRFARMFRESHP437TRANSFER20,,3438,1803392.3,TRANSFER,1803392.3,0
30-01-2020,CASHDEPCRCHRGSOTHER,100,,1803292.3,DEPOSIT-CHARGES,1803292.3,0
31-01-2020,SERVICEBRANCHCHENNAICHEQUEDEPO00000387CRICICIBANKINGCORPORATION0446CTSG,,1569,1804861.3,CHQ,1804861.3,0
31-01-2020,SERVICEBRANCHCHENNAICHEQUEDEPO00001264CRICICIBANKINGCORPORATION0446CTSG,,2151,1807012.3,CHQ,1807012.3,0
31-01-2020,ATMSERVICEWITHDRAWALTRANSFER IMPS P2A 003112153339 050200024179741 HDFC 386405TRANSFER3132000CRBRANCHTO,31320,,1775692.3,IMPS,1775692.3,0
31-01-2020,ATMSERVICEWITHDRAWALTRANSFER IMPSCOMMISSIONCHARGES 003112153339 TRANSFERCRBRANCHTO,6,,1775686.3,BANK-CHARGES,1775686.3,0
31-01-2020,MUMBAIFORTC ACFEESM SCRMADRASAGRO273TRANSFER23,,2486,1778172.3,TRANSFER,1778172.3,0
31-01-2020,ATMSERVICEBYTRANSFERCRBRANCH/IMPS/027/PersonalTRANSFE461,,10092,1788264.3,IMPS,1788264.3,0
