DATE,DESCRIPTION,DEBIT,CREDIT,BALANCE,CLASSIFICATION_TRANS
2022-04-30,INET-IMPS-CR VINAYAKAA TAMILNAD2461M 884,4425.0,0.0,-110106720.84,IMPS
2022-05-01,IBOAT352448003054201000229OTH,0.0,250000.0,-109856720.84,TRANSFER
2022-05-01,IBOAT11111500023972610101372461OnlineTransactionOTH-,100000.0,0.0,-109956720.84,TRANSFER
2022-05-02,ChqPaid-MICRInward2461Clearing-RAJKUMARPRINTERS-KARURVYSYABANKLTDKVB-KARURVYSYABANKLTD,8100.0,0.0,-109964820.84,CHQ
2022-05-02,ByClgCHNACCTSEC-FEDERALBANK2461LTDFBLCHITRAAGENCIES,0.0,2853.0,-109961967.84,CHQ
2022-05-02,ByClgCHNACCTSEC-ICICIBANKLTD2461CHITRAAGENCIES,0.0,15000.0,-109946967.84,CHQ
2022-05-02,ByClgCHNACCTSEC-UNIONBANKOF2461INDIAUBICHITRAAGENCIES,0.0,7268.0,-109939699.84,CHQ
2022-05-02,ByClgCHNACCTSEC-INDIANBANK2461INBCHITRAAGENCIES,0.0,13357.0,-109926342.84,CHQ
2022-05-02,ByClgCHNACCTSEC-TAMILNAD2461MERCANTILEBANKLTDTMBCHITRAAGENCIES,0.0,25000.0,-109901342.84,CHQ
2022-05-02,ByClgCHNACCTSEC-INDIAN2461OVERSEASBANKIOBCHITRAAGENCIES,0.0,10000.0,-109891342.84,CHQ
2022-05-02,ByClgCHNACCTSEC-HDFCBANK2461LTDCHITRAAGENCIES,0.0,11245.0,-109880097.84,CHQ
2022-05-02,ByClgCHNACCTSEC-TAMILNAD2461MERCANTILEBANKLTDTMBCHITRAAGENCIES,0.0,5000.0,-109875097.84,CHQ
2022-05-02,ByClgCHNACCTSEC-INDIANBANK2461INBCHITRAAGENCIES,0.0,107272.0,-109767825.84,CHQ
2022-05-02,ByClgCHNACCTSEC-KARURVYSYA2461BANKLTDKVBCHITRAAGENCIES,0.0,9404.0,-109758421.84,CHQ
2022-05-02,ByClgCHNACCTSEC-INDIAN2461OVERSEASBANKIOBCHITRAAGENCIES,0.0,30139.0,-109728282.84,CHQ
2022-05-02,ByClgCHNACCTSEC-INDIAN2461OVERSEASBANKIOBCHITRAAGENCIES,0.0,21780.0,-109706502.84,CHQ
2022-05-02,ByClgCHNACCTSEC-INDIANBANK2461INBCHITRAAGENCIES,0.0,6272.0,-109700230.84,CHQ
2022-05-02,ByClgCHNACCTSEC-TAMILNAD2461MERCANTILEBANKLTDTMBCHITRAPage1of215AGENCIES,0.0,4735.0,-109695495.84,CHQ
2022-05-02,ByClgCHNACCTSEC-PUNJAB2461NATIONALBANKPNBCHITRAAGENCIES,0.0,41322.0,-109654173.84,CHQ
2022-05-02,NEFT2461ALAJIAUTOPART-1071,0.0,6658.0,-109647515.84,NEFT
2022-05-02,INET-IMPS-CR SRIKRISHN TAMILNAD2461M 073,0.0,14181.0,-109633334.84,IMPS
2022-05-02,NEFT2461Cr---NOVACOTTAGEINDUSTRY-SPLSMEBRANCHMADURAI,0.0,73024.0,-109560310.84,NEFT
2022-05-02,NEFT2461Cr-64-SUNDARAMCO- ATTN Chit,0.0,3460.0,-109556850.84,NEFT
2022-05-02,NEFT2461Cr-48-JAYAAUTOPARTS- ATTN INB,0.0,86663.0,-109470187.84,NEFT
2022-05-02,FundsTransferDebit3315201000036THIRUMURUGANAUTOSP,0.0,3328.0,-109466859.84,TRANSFER
2022-05-02,UPI CR 212266388112 J2461PACKIAR IBKL 60006ybl PaytoM 4b,0.0,2000.0,-109464859.84,UPI
2022-05-02,UPI CR 212236004936 Mr2461ANagar IDIB 894-1okaxis UPI 771ff6 05 2022,0.0,5000.0,-109459859.84,UPI
2022-05-02,NEFT2461Cr-T015-SRIBALAJIAUTOSTORE-null,0.0,196062.0,-109263797.84,NEFT
2022-05-02,UPI CR 212276697282 NAHARJUN2461S CNRB rjun1ybl Payment,0.0,6500.0,-109257297.84,UPI
2022-05-02,NEFT2461Cr---SRIAYYANARAUTOMOBILES-SPLSMEBRANCHMADURAI,0.0,52871.0,-109204426.84,NEFT
2022-05-02,INET-IMPS-CR Customer IOBN12461 241 kayyem0,0.0,13846.0,-109190580.84,IMPS
2022-05-02,IBITG18209230010062610052682461OTH-BILLPAY,0.0,15000.0,-109175580.84,TRANSFER
2022-05-02,NEFT2461AMAUTOSPARES-null,0.0,25054.0,-109150526.84,NEFT
2022-05-02,INET-IMPS-CR MPTRACTO TAMILNAD2461M 028,0.0,9301.0,-109141225.84,IMPS
2022-05-02,NEFT2461Cr---SRIVIGNESHMOTORS-SPLSMEBRANCHMADURAI,0.0,4270.0,-109136955.84,NEFT
2022-05-02,UPI CR 212290673784 VIJAYA2461KU CNRB ci PaytoM Ib,0.0,4359.0,-109132596.84,UPI
2022-05-03,UPI CR 212355299794 SRI2461VEERA TMBL s UPI AXI6aefafdabc 2022,0.0,4256.0,-109128340.84,UPI
2022-05-03,UPI CR 212373038961 GENGAIAH2461N KVBL cbank PaytoPage2of215M 2022,0.0,4026.0,-109124314.84,UPI
2022-05-03,UPI CR 212303888702 MOHAMED2461B CNRB ci UPI d,0.0,5000.0,-109119314.84,UPI
2022-05-03,2461UPI 956 RAMALINGA CNRB ci UPI I436ad 05 2022,0.0,5000.0,-109114314.84,UPI
2022-05-03,NEFT2461Cr-50-SUBBIAHAGENCYS- ATTN,0.0,4055.0,-109110259.84,NEFT
2022-05-03,2461UPI 492 SASIKUMAR SBIN UPI f,0.0,5000.0,-109105259.84,UPI
2022-05-03,INET-IMPS-CR JAYAPRIYA TAMILNAD2461M 283,0.0,5003.0,-109100256.84,IMPS
2022-05-03,2461UPI 870 CHANDRASE CNRB 76143ybl Payment b1,0.0,10000.0,-109090256.84,UPI
2022-05-03,MOB-IMPS-CR SELVARAJA INDIAN2461 9,0.0,9498.0,-109080758.84,IMPS
2022-05-03,NEFTCr-000547611607-UBIN0545554-B2461MAUTOSTORES- URGENT,0.0,2658.0,-109078100.84,NEFT
2022-05-03,IBOAT12655180023972610101372461OnlineTransactionOTH-,50000.0,0.0,-109128100.84,TRANSFER
2022-05-03,IBOAT12684560023972610101372461OnlineTransactionOTH-,10000.0,0.0,-109138100.84,TRANSFER
2022-05-04,NEFT24610000001-ASHANMUGASUNDARAMURADEPOT-OILPAYMENT,0.0,18656.0,-109119444.84,NEFT
2022-05-04,2461UPI 273 VIGNESH KVBL cbank UPI,0.0,3000.0,-109116444.84,UPI
2022-05-04,IBITG4696040010112820000862461OTH-CASTROLBILLPAYMENT,0.0,92656.0,-109023788.84,TRANSFER
2022-05-04,NEFT2461Cr-99-NATIONALTRADERS-null,0.0,14304.0,-109009484.84,NEFT
2022-05-04,MB 62081400000335 PMVAUTO2461STRA CAN 2022,0.0,12000.0,-108997484.84,IMPS
2022-05-04,UPI CR 212411498115 SURESH2461KU SBIN crboil,0.0,20000.0,-108977484.84,UPI
2022-05-04,UPI CR 212412037791 Antony2461Pr SBIN ckiumoksbi UPI SBIca 05 2022,0.0,9105.0,-108968379.84,UPI
2022-05-04,INET-IMPS-CR SRIITHIRU TAMILNAD2461M 654 Sriit 05,0.0,5132.0,-108963247.84,IMPS
2022-05-04,FundsTransferDebit1011282000079-S2461KSAUTOCENTRE,0.0,19928.0,-108943319.84,TRANSFER
2022-05-04,NEFT2461Cr-27-ABPage3of215DULLAHAUTOSTORES- ATTN,0.0,121327.0,-108821992.84,NEFT
2022-05-04,UPI CR 212415509558 SOMU2461R IOBA ci UPI Ibd 05 2022,0.0,2700.0,-108819292.84,UPI
2022-05-04,2461UPI 343 BOOPATHIR KVBL ci UPI 334d 05 2022,0.0,16690.0,-108802602.84,UPI
2022-05-04,NEFT2461Cr-66-SRILAKSHMIAGENCIES- ATTN INB,0.0,143285.0,-108659317.84,NEFT
2022-05-04,NEFTCr-SAA118110465-TMBL0000051-S2461PSTORE-null,0.0,4833.0,-108654484.84,NEFT
2022-05-04,NEFT2461ARAJAUTOSTORE-null,0.0,2991.0,-108651493.84,NEFT
2022-05-04,MB6700450 05 222461,0.0,4407.0,-108647086.84,TRANSFER
2022-05-04,UPI CR 212480603055 MBR2461AUTOM UTIB mbr-1okaxis PaytoM feda,0.0,1.0,-108647085.84,UPI
2022-05-04,MB 1009261011460 AGRI2461IOL CANARA AGRII 2022,0.0,1979.0,-108645106.84,IMPS
2022-05-04,NEFT246161DC-ICIC0SF0002-VSTADITYAAUTOMOBIL-castrolpurchase,0.0,3636.0,-108641470.84,NEFT
2022-05-04,NEFT2461AUTOSTORES-Arunbyepass,0.0,3425.0,-108638045.84,NEFT
2022-05-04,UPI CR 212482558173 MrSIBI2461S CIUB s PaytoM AX3 05 2022,0.0,992.0,-108637053.84,UPI
2022-05-04,IBITG21118960040642560003772461OTH-tnchithraagencies,0.0,8000.0,-108629053.84,TRANSFER
2022-05-04,NEFT2461Cr---SELVITYRES-null,0.0,71559.0,-108557494.84,NEFT
2022-05-04,NEFT2461Cr-56-SRIVISHNUTRADERS-SRIVISHNUTRADERS,0.0,10000.0,-108547494.84,NEFT
2022-05-05,NEFT24610NEFT01-SRIVISHNUAUTOMOBILES-CASTROL,0.0,43109.0,-108504385.84,NEFT
2022-05-05,ByClgCHNACCTSEC-HDFCBANK2461LTDCHITHRAAGENCIES,0.0,6030.0,-108498355.84,CHQ
2022-05-05,ByClgCHNACCTSEC-TAMILNAD2461MERCANTILEBANKLTDTMBCHITHRAAGENCIES,0.0,7300.0,-108491055.84,CHQ
2022-05-05,ByClgCHNACCTSEC-KARURVYSYA2461BANKLTDKVBCHITHRAAGENCIES,0.0,150000.0,-108341055.84,CHQ
2022-05-05,ByClgCHNACCTSEC-CITYUNION2461BANKLTDCHITHRAAGENCIES,0.0,3000.0,-108338055.84,CHQ
2022-05-05,ByClgCHNACCTSEC-KARURVYSYA2461BANKLTDKVBCHITHRAAGENCIES,0.0,5062.0,-108332993.84,CHQ
2022-05-05,ByClgCHNACCTSEC-CITYUNION2461BANKLTDCHITHRAAGENCIES,0.0,3000.0,-108329993.84,CHQ
2022-05-05,ByClgCHNACCTSEC-TAMILNAD2461MERCANTILEBANKLTDTMBCHITHRAAGENCIES,0.0,16887.0,-108313106.84,CHQ
2022-05-05,ByClgCHNACCTSEC-KARURVYSYA2461BANKLTDKVBCHITHRAAGENCIES,0.0,19831.0,-108293275.84,CHQ
2022-05-05,ByClgCHNACCTSEC-PUNJAB2461NATIONALBANKPNBCHITHRAAGENCIES,0.0,12000.0,-108281275.84,CHQ
2022-05-05,ByClgCHNACCTSEC-ICICIBANKLTD2461CHITHRAAGENCIES,0.0,10000.0,-108271275.84,CHQ
2022-05-05,ByClgCHNACCTSEC-STATEBANKOF2461INDIASBICHITHRAAGENCIES,0.0,15000.0,-108256275.84,CHQ
2022-05-05,ByClgCHNACCTSEC-INDIAN2461OVERSEASBANKIOBCHITHRAAGENCIES,0.0,128582.0,-108127693.84,CHQ
2022-05-05,ByClgCHNACCTSEC-INDIAN2461OVERSEASBANKIOBCHITHRAAGENCIES,0.0,10134.0,-108117559.84,OUTWARD-RETURN
2022-05-05,ByClgCHNACCTSEC-TAMILNAD2461MERCANTILEBANKLTDTMBCHITHRAAGENCIES,0.0,13878.0,-108103681.84,CHQ
2022-05-05,ByClgCHNACCTSEC-TAMILNAD2461MERCANTILEBANKLTDTMBCHITHRAAGENCIES,0.0,16887.0,-108086794.84,CHQ
2022-05-05,MOB-IMPS-CR AbdulKade INDIAN24617 Deposit6,0.0,150000.0,-107936794.84,IMPS
2022-05-05,NEFT2461Cr---SRIGANESHAUTOPARTS-null,0.0,2804.0,-107933990.84,NEFT
2022-05-05,NEFT246180-METROAUTOCORPORATION- URGENT,0.0,13337.0,-107920653.84,NEFT
2022-05-05,NEFT2461Cr-T015-SRIBALAJIAUTOSTORE-null,0.0,65161.0,-107855492.84,NEFT
2022-05-05,gefuchqreturn-FundsInsufficient2461,10134.0,0.0,-107865626.84,OUTWARD-RETURN
2022-05-05,NEFT2461Cr-34-SRIKUMARANAUTOSPARES- REF,0.0,3657.0,-107861969.84,NEFT
2022-05-05,NEFT24610IN0426-THECHAKRAAUTOLINK-DBSS0IN0426,0.0,14906.0,-107847063.84,NEFT
2022-05-05,NEFT2461Cr-50-SUBBIAHAGENCYS- ATTN,0.0,33188.0,-107813875.84,NEFT
2022-05-05,FundsTransferDebit3001201001227BAVANISRIAUTO,0.0,4266.0,-107809609.84,TRANSFER
2022-05-05,NEFT2461Cr---PRAKASHAUTOS-null,0.0,6970.0,-107802639.84,NEFT
2022-05-05,IBITG23235970010062610052682461OTH-BILLPAY,0.0,15000.0,-107787639.84,TRANSFER
2022-05-06,OWCHQRTNCHGSNCAOTHTHAN2461IND,354.0,0.0,-107787993.84,OUTWARD-CHARGES
2022-05-06,INET-IMPS-CR NAGAPPAAU INDIAN24619 NAGAPPA4,0.0,6605.0,-107781388.84,IMPS
2022-05-06,INET-IMPS-CR VENKATTWO TAMILNAD2461M 448,0.0,3845.0,-107777543.84,IMPS
2022-05-06,ChqPaid-MICRInwardClearing-SRI2461PALANIMURUGANAGENCIE-UNIONBANKOFINDIAUBI-UNIONBANKOFINDIA,40000.0,0.0,-107817543.84,CHQ
2022-05-06,ByClgCHNACCTSEC-ICICIBANKLTD2461CPage5of215,0.0,6278.0,-107811265.84,CHQ
2022-05-06,ByClgCHNACCTSEC-INDIAN2461OVERSEASBANKIOBCHITHRAAGENCIES,0.0,66056.0,-107745209.84,CHQ
2022-05-06,ByClgCHNACCTSEC-SOUTHINDIAN2461BANKLTDSIBC,0.0,7689.0,-107737520.84,CHQ
2022-05-06,ByClgCHNACCTSEC-KARURVYSYA2461BANKLTDKVBC,0.0,7665.0,-107729855.84,OUTWARD-RETURN
2022-05-06,ByClgCHNACCTSEC-AXISBANKLTD2461C,0.0,5443.0,-107724412.84,CHQ
2022-05-06,ByClgCHNACCTSEC-AXISBANKLTD2461CHITHRAAGENCIES,0.0,6208.0,-107718204.84,CHQ
2022-05-06,ByClgCHNACCTSEC-CITYUNION2461BANKLTDCHITHRAAGENCIES,0.0,3000.0,-107715204.84,CHQ
2022-05-06,ByClgCHNACCTSEC-INDIAN2461OVERSEASBANKIOBCHITHRAAGENCIES,0.0,53802.0,-107661402.84,CHQ
2022-05-06,ByClgCHNACCTSEC-TAMILNAD2461MERCANTILEBANKLTDTMBCHITHRAAGENCIES,0.0,25310.0,-107636092.84,CHQ
2022-05-06,ByClgCHNACCTSEC-CITYUNION2461BANKLTDCHITHRAAGENCIES,0.0,2025.0,-107634067.84,CHQ
2022-05-06,ByClgCHNACCTSEC-KARURVYSYA2461BANKLTDKVBCHITHRAAGENCIES,0.0,5243.0,-107628824.84,CHQ
2022-05-06,ByClgCHNACCTSEC-KARURVYSYA2461BANKLTDKVBCHITHRAAGENCIES,0.0,9986.0,-107618838.84,CHQ
2022-05-06,NEFT2461Cr-41-MURUGATAMILNADUAUTOSTORE- ATTN INB,0.0,10708.0,-107608130.84,NEFT
2022-05-06,NEFT2461Cr---SRIGANESHAUTOPARTS-null,0.0,1950.0,-107606180.84,NEFT
2022-05-06,CASH-BNA-14591459BY01 05 222461,0.0,43100.0,-107563080.84,CASH
2022-05-06,NEFT2461Cr-87-AATHIVINAYAGAAUTOSTORE- REF,0.0,5000.0,-107558080.84,NEFT
2022-05-06,NEFT2461Cr---SRISELVAKUMARAUTOSTORE-SPLSMEBRANCHMADURAI,0.0,5000.0,-107553080.84,NEFT
2022-05-06,FundsTransferDebit1011282000079-S2461KSAUTOCENTRE,0.0,25241.0,-107527839.84,TRANSFER
2022-05-06,NEFT2461Cr---NEWRPSAUTOSPARES-SPLSMEBRANCHMADURAI,0.0,7035.0,-107520804.84,NEFT
2022-05-06,SCNEFTOTHERTHANSBIMB2461,29.0,0.0,-107520833.84,BANK-CHARGES
2022-05-06,IBNEFTDrP1262201677831152461CASTROLINDIALTDPaytoCIL,2031620.0,0.0,-109552453.84,NEFT
2022-05-06,IBOAT954862002397261010137OTH,0.0,950000.0,-108602453.84,TRANSFER
2022-05-06,IBOAT957146002397261010137OTH,0.0,10000.0,-108592453.84,TRANSFER
2022-05-06,UPI CR 212613858751 MURUGAN2461P CNRB PaytoM fb 2022,0.0,1000.0,-108591453.84,UPI
2022-05-06,NEFT24610-CHITHRA,0.0,15959.0,-108575494.84,NEFT
2022-05-06,NEFT2461Cr-41-MURUGATAMILNADUAUTOPage6of215STORE- ATTN INB,0.0,35628.0,-108539866.84,NEFT
2022-05-06,UPI CR 212622457554 Mrs2461CHITR CBIN ci PaytoM,0.0,2000.0,-108537866.84,UPI
2022-05-06,SCNEFTOTHERTHANSBIMB2461,6.0,0.0,-108537872.84,BANK-CHARGES
2022-05-06,IBNEFTDrP126220167817052BPCLE2461CMS418FORDIESELPURPOSESONLY,20000.0,0.0,-108557872.84,NEFT
2022-05-06,-DIRECT2461TAX1,9593.0,0.0,-108567465.84,INCOME-TAX
2022-05-06,-DIRECT2461TAX1,6184.0,0.0,-108573649.84,INCOME-TAX
2022-05-06,gefuchqreturn-FundsInsufficient2461,7665.0,0.0,-108581314.84,OUTWARD-RETURN
2022-05-06,IBITG13903470010062610052682461OTH-BILLPAY,0.0,10000.0,-108571314.84,TRANSFER
2022-05-06,INET-IMPS-CR SRIMEENAK TAMILNAD2461M 149,0.0,9435.0,-108561879.84,IMPS
2022-05-06,MB 4064101002960 PERUMALRAJA2461V 8 CHITHRAAAGENCIES CAN 2022,0.0,5000.0,-108556879.84,IMPS
2022-05-06,NEFT2461Cr---SRIAYYANARAUTOMOBILES-SPLSMEBRANCHMADURAI,0.0,41131.0,-108515748.84,NEFT
2022-05-06,2461UPI 084 ANANDARAJ KVBL 99457ybl Payment Yc,0.0,300.0,-108515448.84,UPI
2022-05-06,2461UPI 629 ANANDARAJ KVBL 99457ybl Payment 6ac,0.0,2700.0,-108512748.84,UPI
2022-05-06,NEFT246156-BHARATHAUTOPARTS- URGENT,0.0,3328.0,-108509420.84,NEFT
2022-05-06,NEFT2461LAKSHMITRADING-null,0.0,4767.0,-108504653.84,NEFT
2022-05-06,NEFT2461Cr-35-SRIGANESHAUTOAGENCY- ATTN Gan,0.0,6696.0,-108497957.84,NEFT
2022-05-06,MOB-IMPS-CR SELVARAJA INDIAN2461 9,0.0,5000.0,-108492957.84,IMPS
2022-05-06,NEFT2461Cr-21-MOORTHYAUTOSTORE- ATTN MOORTH,0.0,6203.0,-108486754.84,NEFT
2022-05-06,IBOAT2260813002397261010137OTH,0.0,50000.0,-108436754.84,TRANSFER
2022-05-06,IBOAT22624610023972610101372461OnlineTransactionOTH-,600000.0,0.0,-109036754.84,TRANSFER
2022-05-07,OWCHQRTNCHGSNCAOTHTHAN2461IND,354.0,0.0,-109037108.84,OUTWARD-CHARGES
2022-05-07,NEFT2461Cr---SREESHIVAENTERPRISES-null,0.0,2905.0,-109034203.84,NEFT
2022-05-07,ByClgCHNACCTSEC-BANKOF2461BARODABOBC,0.0,9238.0,-109024965.84,CHQ
2022-05-07,ByClgCHNACCTSEC-CITYUNION2461BANKLTDCHITHRAAGENCIES,0.0,16813.0,-109008152.84,CHQ
2022-05-07,ByClgCHNACCTSEC-Equitassmall2461financebankLTDCHITHRAAGENCIES,0.0,3433.0,-109004719.84,CHQ
2022-05-07,ByClgCHNACCTSEC-HDFCBANK2461LTDCHITHRAAGENCIES,0.0,9107.0,-108995612.84,CHQ
2022-05-07,ByClgCHNACCTSEC-TAMILNAD2461MERCANTILEBANKLTDTMBCHITHRAAGENCIES,0.0,3925.0,-108991687.84,CHQ
2022-05-07,ByClgCHNACCTSEC-CITYUNION2461BANKLTDCHITHRAAGENCIES,0.0,3000.0,-108988687.84,CHQ
2022-05-07,ByClgCHNACCTSEC-ICICIBANKLTD2461CHITHRAAGENCIES,0.0,15000.0,-108973687.84,CHQ
2022-05-07,ByClgCHNACCTSEC-CITYUNION2461BANKLTDCHITHRAAGENCIES,0.0,4253.0,-108969434.84,CHQ
2022-05-07,UPI CR 212708774385 P2461PUDUMAI IOBA 981-1okicici PaytoM ICIcbfba 2022,0.0,6231.0,-108963203.84,UPI
2022-05-07,MOB-IMPS-CR AbdulKade INDIAN24617 Deposit6,0.0,90000.0,-108873203.84,IMPS
2022-05-07,UPI CR 212745376198 Mr2461DINESH IDIB ci UPI IC94ccbf 05 2022,0.0,5108.0,-108868095.84,UPI
2022-05-07,UPI CR 212749262550 JOHN2461SAMU HDFC cbank PaytoM b36ff 05 2022,0.0,565.0,-108867530.84,UPI
2022-05-07,FundsTransferDebit1093282010159KARTHIKAUTOSTORE,0.0,29742.0,-108837788.84,TRANSFER
2022-05-07,FundsTransferDebit3040255000023ASAIMOTORS,0.0,3133.0,-108834655.84,TRANSFER
2022-05-07,FundsTransferDebit1093201001547PRABHUOILSTORE,0.0,25259.0,-108809396.84,TRANSFER
2022-05-07,CashDeposit MDUPTNAGAR2461,0.0,450000.0,-108359396.84,CASH
2022-05-07,SCNEFTOTHERTHANSBIMB2461,29.0,0.0,-108359425.84,BANK-CHARGES
2022-05-07,IBNEFTDrP1272201681109552461CASTROLINDIALTDPaytoCIL,1561087.0,0.0,-109920512.84,NEFT
2022-05-07,MB 3315261000010 CROWNTRADER2461M S 8 CHITHRACRBMDU CANARA crownvedasa 2022,0.0,11093.0,-109909419.84,IMPS
2022-05-07,NEFT2461MMANAUTOSTORE-null,0.0,10838.0,-109898581.84,NEFT
2022-05-07,MOB-IMPS-CR AAMEENAJ Karur2461 2022,0.0,10148.0,-109888433.84,IMPS
2022-05-08,CASHHANDLINGCHCAODOCC2461,1062.0,0.0,-109889495.84,BANK-CHARGES
2022-05-08,MOB-IMPS-CR SELVARAJA INDIAN2461 9,0.0,5656.0,-109883839.84,IMPS
2022-05-08,NEFT2461Cr-B027-ThIRUMANIAUTOSPARES- URGENT,0.0,2904.0,-109880935.84,NEFT
2022-05-08,NEFT2461Cr---KAMADHENUMOTORCYCLECOMPANY-nullPage8of215,0.0,6936.0,-109873999.84,NEFT
2022-05-08,NEFT2461AMAUTOSPARES-null,0.0,13285.0,-109860714.84,NEFT
2022-05-09,ByClgCHNACCTSEC-PANDYAN2461GRAMABPURAMSTPACHITHRAAGENCIES,0.0,1791.0,-109858923.84,CHQ
2022-05-09,ByClgCHNACCTSEC-INDIANBANK2461INBCHITHRAAGENCIES,0.0,7781.0,-109851142.84,CHQ
2022-05-09,ByClgCHNACCTSEC-BANKOFINDIA2461BOICHITHRAAGENCIES,0.0,6936.0,-109844206.84,CHQ
2022-05-09,ByClgCHNACCTSEC-INDIANBANK2461INBCHITHRAAGENCIES,0.0,6641.0,-109837565.84,CHQ
2022-05-09,ByClgCHNACCTSEC-KARURVYSYA2461BANKLTDKVBCHITHRAAGENCIES,0.0,8816.0,-109828749.84,CHQ
2022-05-09,ByClgCHNACCTSEC-TAMILNAD2461MERCANTILEBANKLTDTMBCHITHRAAGENCIES,0.0,4900.0,-109823849.84,CHQ
2022-05-09,ByClgCHNACCTSEC-INDIAN2461OVERSEASBANKIOBCHITHRAAGENCIES,0.0,90000.0,-109733849.84,CHQ
2022-05-09,ByClgCHNACCTSEC-CITYUNION2461BANKLTDCHITHRAAGENCIES,0.0,10000.0,-109723849.84,CHQ
2022-05-09,ByClgCHNACCTSEC-TAMILNAD2461MERCANTILEBANKLTDTMBCHITHRAAGENCIES,0.0,45894.0,-109677955.84,CHQ
2022-05-09,ByClgCHNACCTSEC-TAMILNAD2461MERCANTILEBANKLTDTMBCHITHRAAGENCIES,0.0,16308.0,-109661647.84,CHQ
2022-05-09,ByClgCHNACCTSEC-STATEBANKOF2461INDIASBICHITHRAAGENCIES,0.0,10063.0,-109651584.84,CHQ
2022-05-09,UPI CR 212985160904 SRI2461VINAY KVBL cbank UPI 06 05 2022,0.0,7152.0,-109644432.84,UPI
2022-05-09,UPI CR 212994222798 N2461MUTHUKR IOBA s PaytoM e1,0.0,1000.0,-109643432.84,UPI
2022-05-09,INET-IMPS-CR SRIKRISHN TAMILNAD2461M 073,0.0,11813.0,-109631619.84,IMPS
2022-05-09,2461UPI 930 Dineshkum BARB 77192ybl PaytoM fc0,0.0,834.0,-109630785.84,UPI
2022-05-09,2461MOB-IMPS-CR GEETHAG BANKOFn 2022,0.0,6163.0,-109624622.84,IMPS
2022-05-09,UPI CR 212995498454 MANIAN2461B CNRB lvm-1okaxis UPI 6,0.0,1.0,-109624621.84,UPI
2022-05-09,NEFT2461Cr---SRIGANESHAUTOPARTS-null,0.0,3321.0,-109621300.84,NEFT
2022-05-09,IBOAT435205002397261010137OTH,0.0,600000.0,-109021300.84,TRANSFER
2022-05-09,NEFT2461Cr---VIGNESHAUTOSPARES-SPLSMEBRANCHMADURAI,0.0,5583.0,-109015717.84,NEFT
2022-05-09,NEFTCr-SAA118471317-TMBL0000004-V2461APSSSELVITRADERS-null,0.0,5931.0,-109009786.84,NEFT
2022-05-09,IBITG7307690010062610052682461OTH-BILLPAY,0.0,29048.0,-108980738.84,TRANSFER
2022-05-09,UPI CR 212998102599 JOSHUA2461J IBKL ojoshokaxis UPI ca,0.0,10000.0,-108970738.84,UPI
2022-05-09,UPI CR 212959953066 PRASATH2461K SBIN 37708ybl Payment YBL434ea 2022,0.0,3500.0,-108967238.84,UPI
2022-05-09,UPI CR 212999411309 MrK2461ALAG IDIB s PaytoM 05 2022,0.0,1000.0,-108966238.84,UPI
2022-05-09,2461UPI 279 THANGAMAN SBIN shop6oksbi PaytoM,0.0,1000.0,-108965238.84,UPI
2022-05-09,NEFT2461Cr-98-VSKAUTOMOBILES- URGENT,0.0,9674.0,-108955564.84,NEFT
2022-05-09,NEFT2461Cr-50-SUBBIAHAGENCYS- ATTN,0.0,2264.0,-108953300.84,NEFT
2022-05-09,MB 3315261000010 CROWNTRADER2461M S 8 CHITHRACRBMDU CANARA crownvedasa 2022,0.0,5321.0,-108947979.84,IMPS
2022-05-09,UPI CR 212916580917 MANIAN2461B CNRB lvm-1okaxis srijeya da,0.0,5570.0,-108942409.84,UPI
2022-05-09,NEFT24610002101-SMRLUBRICANTS-null,0.0,6978.0,-108935431.84,NEFT
2022-05-09,NEFT2461Cr---MAKESHLAKSHMIAUTOSTORES-SPLSMEBRANCHMADURAI,0.0,14757.0,-108920674.84,NEFT
2022-05-10,ByClgCHNACCTSEC-PUNJAB2461NATIONALBANKPNBCHITHRAAGENCIES,0.0,6956.0,-108913718.84,CHQ
2022-05-10,ByClgCHNACCTSEC-KARURVYSYA2461BANKLTDKVBCHITHRAAGENCIES,0.0,22172.0,-108891546.84,CHQ
2022-05-10,ByClgCHNACCTSEC-IDBIBANKLTD2461CHITHRAAGENCIES,0.0,20276.0,-108871270.84,CHQ
2022-05-10,ByClgCHNACCTSEC-TAMILNAD2461MERCANTILEBANKLTDTMBCHITHRAAGENCIES,0.0,7665.0,-108863605.84,CHQ
2022-05-10,ByClgCHNACCTSEC-TAMILNAD2461MERCANTILEBANKLTDTMBCHITHRAAGENCIES,0.0,9570.0,-108854035.84,CHQ
2022-05-10,2461UPI 232 DURAIPRAB KVBL 28128ybl Payment YBa 05 2022,0.0,2700.0,-108851335.84,UPI
2022-05-10,INET-IMPS-CR CHITHRAAG UBI2461 2022Page10of215,0.0,6801.0,-108844534.84,IMPS
2022-05-10,CASH-BNA-162026202BKA1 05 222461,0.0,25300.0,-108819234.84,CASH
2022-05-10,NEFT2461Cr-28-SRIAMMANAUTOAGENCY- ATTN,0.0,1399.0,-108817835.84,NEFT
2022-05-10,NEFT2461Cr---SRIGANESHAUTOPARTS-null,0.0,2804.0,-108815031.84,NEFT
2022-05-10,MOB-IMPS-CR DHANALAKSH INDIAN24615 sribal 2022,0.0,10000.0,-108805031.84,IMPS
2022-05-10,MOB-IMPS-CR AbdulKade INDIAN24617 Deposit6,0.0,100000.0,-108705031.84,IMPS
2022-05-10,NEFT2461Cr-70-PNRSCOOTERHOUSE- 2-CUSTOMER 1-CUSTOMERPAYMENT,0.0,17878.0,-108687153.84,NEFT
2022-05-10,UPI CR 213030895198 SAADHANA2461 UCBA 639-2okaxis PaytoM A,0.0,7000.0,-108680153.84,UPI
2022-05-10,MB 4064101002960 PERUMALRAJA2461V 8 CHITHRAAAGENCIES CAN 2022,0.0,5000.0,-108675153.84,IMPS
2022-05-10,NEFT2461THUPANDICHINNAP-null,0.0,6808.0,-108668345.84,NEFT
2022-05-10,NEFT2461Cr-15-DUBAIAUTOTYRES- ATTN trf,0.0,15000.0,-108653345.84,NEFT
2022-05-10,INET-IMPS-CR SSAUTOS TAMILNAD2461M 142 CRB8,0.0,10649.0,-108642696.84,IMPS
2022-05-10,UPI CR 213000032442 R2461SURESH UTIB 27420ybl Suresht,0.0,3186.0,-108639510.84,UPI
2022-05-10,NEFT2461Cr-88-SWAMYAUTOSPAREPARTS-null,0.0,46506.0,-108593004.84,NEFT
2022-05-10,NEFT2461Cr-56-SRIVISHNUTRADERS-null,0.0,20000.0,-108573004.84,NEFT
2022-05-10,2461UPI 327 KARTHIKEY UTIB s PaytoM dda 2022,0.0,4253.0,-108568751.84,UPI
2022-05-10,IBITG16747740045182010002542461OTH-PaymentFromKV,0.0,3928.0,-108564823.84,TRANSFER
2022-05-10,MOB-IMPS-CR SELVAMAUT Karur2461 2022,0.0,6658.0,-108558165.84,IMPS
2022-05-10,UPI CR 213022356438 VIJAYA2461KU CNRB ci PaytoM I,0.0,957.0,-108557208.84,UPI
2022-05-11,ByClgCHNACCTSEC-TAMILNAD2461MERCANTILEBANKLTDTMBCHITHRAAGENCIES,0.0,21310.0,-108535898.84,CHQ
2022-05-11,ByClgCHNACCTSEC-CENTRALBANK2461OFINDIACBICHITHRAAGENCIES,0.0,18725.0,-108517173.84,CHQ
2022-05-11,ByClgCHNACCTSEC-INDIAN2461OVERSEASBANKIOBCHITHRAPage11of215AGENCIES,0.0,10000.0,-108507173.84,CHQ
2022-05-11,ByClgCHNACCTSEC-ICICIBANKLTD2461CHITHRAAGENCIES,0.0,10000.0,-108497173.84,CHQ
2022-05-11,ByClgCHNACCTSEC-PUNJAB2461NATIONALBANKPNBCHITHRAAGENCIES,0.0,12896.0,-108484277.84,CHQ
2022-05-11,ByClgCHNACCTSEC-AXISBANKLTD2461CHITHRAAGENCIES,0.0,8620.0,-108475657.84,CHQ
2022-05-11,ByClgCHNACCTSEC-INDIANBANK2461INBCHITHRAAGENCIES,0.0,17048.0,-108458609.84,CHQ
2022-05-11,ByClgCHNACCTSEC-PUNJAB2461NATIONALBANKPNBCHITHRAAGENCIES,0.0,12000.0,-108446609.84,CHQ
2022-05-11,ByClgCHNACCTSEC-AXISBANKLTD2461CHITHRAAGENCIES,0.0,6000.0,-108440609.84,CHQ
2022-05-11,ByClgCHNACCTSEC-KARURVYSYA2461BANKLTDKVBCHITHRAAGENCIES,0.0,32280.0,-108408329.84,CHQ
2022-05-11,ByClgCHNACCTSEC-BANKOFINDIA2461BOICHITHRAAGENCIES,0.0,14124.0,-108394205.84,CHQ
2022-05-11,MB 62002010077696 SUBRAMANIANR2461M 8 CASTROL CANARA ARAutopartsMaduraiSubrama 2022,0.0,3000.0,-108391205.84,IMPS
2022-05-11,IBITG49854300OnlineTransaction2461BDP-BDTANGED-BILLDSK-6-CLIENTCODE,17417.0,0.0,-108408622.84,ONLINE-PAYMENT
2022-05-11,INET-IMPS-CR ASHANMUGA ICICI24611433 CAS 2022,0.0,4058.0,-108404564.84,IMPS
2022-05-11,UPI CR 213151839460 MBR2461AUTOM UTIB mbr-1okaxis UPI Ac84f0baddfd 2022,0.0,3000.0,-108401564.84,UPI
2022-05-11,IBITG1409938004064256000377OTH,0.0,11000.0,-108390564.84,TRANSFER
2022-05-11,NEFT2461Cr-61-THANUSHHONDA- THANUSHHONDACOIMBATORE,0.0,3151.0,-108387413.84,NEFT
2022-05-11,NEFT2461Cr-47-MSMSSSON- ATTN INB,0.0,46676.0,-108340737.84,NEFT
2022-05-11,NEFT2461Cr-98-BHARATHTRADERS- REF,0.0,13316.0,-108327421.84,NEFT
2022-05-11,INET-IMPS-CR ANANDARAJ TAMILNAD2461M 181,0.0,4746.0,-108322675.84,IMPS
2022-05-11,NEFT24610NEFT01-SRIVISHNUAUTOMOBILES-BUSINESSRELATED,0.0,39455.0,-108283220.84,NEFT
2022-05-12,ByClgCHNACCTSEC-ICICIBANKLTD2461CHITHRAAGENCIES,0.0,14616.0,-108268604.84,CHQ
2022-05-12,NEFTCr-000555203251-UBIN0545554-B2461MAUTOSTORES- URGENT,0.0,2892.0,-108265712.84,NEFT
2022-05-12,NEFT2461Cr-27-ABDULLAHAUTOSTORES- ATTN,0.0,125013.0,-108140699.84,NEFT
2022-05-12,NEFT2461AUTOSTORES-arunbyepass,0.0,16898.0,-108123801.84,NEFT
2022-05-12,NEFT2461LAGARAUTOAGEN-null,0.0,7945.0,-108115856.84,NEFT
2022-05-12,FundsTransferDebit1011261000400-M2461RAUTOSTORE,0.0,7117.0,-108108739.84,TRANSFER
2022-05-12,CashDeposit MDUPTNAGAR2461,0.0,110000.0,-107998739.84,CASH
2022-05-12,2461UPI 577 PONNUCHAM BKID hasmyokhdfcbank PaytoM,0.0,7500.0,-107991239.84,UPI
2022-05-12,2461UPI 855 PONSURESH KVBL amahaybl PaytoM b,0.0,4000.0,-107987239.84,UPI
2022-05-12,NEFT2461Cr-21-SRIBALAJIAUTOSPARES- ATTN BAL,0.0,17966.0,-107969273.84,NEFT
2022-05-12,NEFT2461Cr-66-SRILAKSHMIAGENCIES- ATTN INB,0.0,60664.0,-107908609.84,NEFT
2022-05-12,UPI CR 213206545187 AMBIGA2461CY CNRB partsybl Payment,0.0,7000.0,-107901609.84,UPI
2022-05-12,UPI CR 213206499572 SRI2461EASWA CIUB ci UPI b,0.0,6245.0,-107895364.84,UPI
2022-05-12,UPI CR 213234802535 MrR2461ARAV IDIB ci JKMotor,0.0,5000.0,-107890364.84,UPI
2022-05-12,NEFT24610IN0426-THECHAKRAAUTOLINK-DBSS0IN0426,0.0,23442.0,-107866922.84,NEFT
2022-05-12,NEFTCr-SAA118755390-TMBL0000051-S2461PSTORE-null,0.0,6677.0,-107860245.84,NEFT
2022-05-12,CASHHANDLINGCHCAODOCC2461,260.0,0.0,-107860505.84,BANK-CHARGES
2022-05-13,NEFT2461Cr-30-SIDDHESHAUTOSPARES- REF,0.0,7756.0,-107852749.84,NEFT
2022-05-13,CashDeposit1MADUIYERBG2461,0.0,30220.0,-107822529.84,CASH
2022-05-13,NEFT2461Cr-48-EVERESTCYCLEMART-null,0.0,3329.0,-107819200.84,NEFT
2022-05-13,NEFT2461HNAAUTOMOBILES-DBSS0IN0426,0.0,13774.0,-107805426.84,NEFT
2022-05-13,CashDepositNILAKOTTAI2461,0.0,93000.0,-107712426.84,CASH
2022-05-13,CashDepositSRIRAMMDUSMEBR2461,0.0,300000.0,-107412426.84,CASH
2022-05-13,NEFT2461Cr---SRIRAMDEVAUTOSPARES-null,0.0,14778.0,-107397648.84,NEFT
2022-05-13,INET-IMPS-CR CHOCKALING TAMILNADM 127100050305379 2461,0.0,9932.0,-107387716.84,IMPS
2022-05-13,ByClgCHNACCTSEC-INDIANBANK2461INBCHITHRAAGENCIESPage13of215,0.0,3908.0,-107383808.84,CHQ
2022-05-13,ByClgCHNACCTSEC-KARURVYSYA2461BANKLTDKVBCHITHRAAGENCIES,0.0,150000.0,-107233808.84,CHQ
2022-05-13,ByClgCHNACCTSEC-PUNJAB2461NATIONALBANKPNBCHITHRAAGENCIES,0.0,1980.0,-107231828.84,CHQ
2022-05-13,ByClgCHNACCTSEC-BANDHAN2461BANKCHITHRAAGENCIES,0.0,28767.0,-107203061.84,OUTWARD-RETURN
2022-05-13,ByClgCHNACCTSEC-STATEBANKOF2461INDIASBICHITHRAAGENCIES,0.0,113016.0,-107090045.84,CHQ
2022-05-13,ByClgCHNACCTSEC-INDIAN2461OVERSEASBANKIOBCHITHRAAGENCIES,0.0,124783.0,-106965262.84,CHQ
2022-05-13,ByClgCHNACCTSEC-CITYUNION2461BANKLTDCHITHRAAGENCIES,0.0,14000.0,-106951262.84,CHQ
2022-05-13,ByClgCHNACCTSEC-UNIONBANKOF2461INDIAUBICHITHRAAGENCIES,0.0,10743.0,-106940519.84,CHQ
2022-05-13,2461UPI 241 SASIKUMAR SBIN UPI SBI,0.0,5000.0,-106935519.84,UPI
2022-05-13,NEFT2461Cr-15-DUBAIAUTOTYRES- ATTN trf,0.0,10000.0,-106925519.84,NEFT
2022-05-13,gefuchqreturn-Drawersignatursdiffers2461,28767.0,0.0,-106954286.84,OUTWARD-RETURN
2022-05-13,IBITG10797750015982010007072461OTH-paymentgurukotorschitraagencies,0.0,3289.0,-106950997.84,TRANSFER
2022-05-13,2461UPI 794 CHANDRASE CNRB 76143ybl Payment YBLac7,0.0,10000.0,-106940997.84,UPI
2022-05-13,2461UPI 679 CHANDRASE CNRB 76143ybl Payment,0.0,5000.0,-106935997.84,UPI
2022-05-14,OWCHQRTNCHGSNCAOTHTHAN2461IND,354.0,0.0,-106936351.84,OUTWARD-CHARGES
2022-05-14,CASHHANDLINGCHCAODOCC2461,927.0,0.0,-106937278.84,BANK-CHARGES
2022-05-14,UPI CR 213409991165 SURESH2461KU SBIN crboil 1,0.0,10000.0,-106927278.84,UPI
2022-05-14,INET-IMPS-CR CHITHRAAG UBI2461 2022,0.0,4195.0,-106923083.84,IMPS
2022-05-14,MB 4861101000314 ANBALAGAN2461M 8 CASTROOIL CANARA anbueri 2022,0.0,4000.0,-106919083.84,IMPS
2022-05-14,IBNEFTDrP1342201694146132461CASTROLINDIALTDPaytoCIL,2624691.0,0.0,-109543774.84,NEFT
2022-05-14,SCNEFTOTHERTHANSBIMB2461,29.0,0.0,-109543803.84,BANK-CHARGES
2022-05-14,MOB-IMPS-CR AbdulKade INDIAN24617 Deposit6,0.0,100000.0,-109443803.84,IMPS
2022-05-14,UPI CR 213427942767 Mr2461DINESH IDIB ci UPI IC2d,0.0,13000.0,-109430803.84,UPI
2022-05-14,UPI CR 213466243181 Mr2461DINESH IDIB ci UPI ICI44cfbPage14of215 05 2022,0.0,9453.0,-109421350.84,UPI
2022-05-14,CASH-BNA-30543054BY01 05 222461,0.0,49000.0,-109372350.84,CASH
2022-05-14,CASH-BNA-30543054BY01 05 222461,0.0,50000.0,-109322350.84,CASH
2022-05-14,UPI CR 213475844565 SHANMUGA2461 CNRB dar3yokicici Aravindh 5,0.0,1500.0,-109320850.84,UPI
2022-05-14,NEFT2461MMANAUTOSTORE-null,0.0,5332.0,-109315518.84,NEFT
2022-05-14,UPI CR 213429146613 RANI2461S LAVB s UPI 1f,0.0,7665.0,-109307853.84,UPI
2022-05-14,NEFT2461Cr-50-SUBBIAHAGENCYS- ATTN,0.0,4408.0,-109303445.84,NEFT
2022-05-16,-CHITHRAAGENCIES2461DrawdownFromCASA,26049.0,0.0,-109329494.84,EMI-DEBIT
2022-05-16,NEFT2461Cr-30-SIDDHESHAUTOSPARES- REF,0.0,3968.0,-109325526.84,NEFT
2022-05-16,ByClgCHNACCTSEC-PANDYAN2461GRAMABPURAMSTPACHITHRAAGENCIES,0.0,12986.0,-109312540.84,CHQ
2022-05-16,ByClgCHNACCTSEC-UNIONBANKOF2461INDIAUBICHITHRAAGENCIES,0.0,10492.0,-109302048.84,CHQ
2022-05-16,ByClgCHNACCTSEC-INDIAN2461OVERSEASBANKIOBCHITHRAAGENCIES,0.0,68015.0,-109234033.84,CHQ
2022-05-16,ByClgCHNACCTSEC-INDIANBANK2461INBCHITHRAAGENCIES,0.0,8268.0,-109225765.84,CHQ
2022-05-16,ByClgCHNACCTSEC-TAMILNAD2461MERCANTILEBANKLTDTMBCHITHRAAGENCIES,0.0,3245.0,-109222520.84,CHQ
2022-05-16,ByClgCHNACCTSEC-ICICIBANKLTD2461CHITHRAAGENCIES,0.0,15000.0,-109207520.84,CHQ
2022-05-16,ByClgCHNACCTSEC-TAMILNAD2461MERCANTILEBANKLTDTMBCHITHRAAGENCIES,0.0,17182.0,-109190338.84,CHQ
2022-05-16,ByClgCHNACCTSEC-KARURVYSYA2461BANKLTDKVBCHITHRAAGENCIES,0.0,3364.0,-109186974.84,CHQ
2022-05-16,ByClgCHNACCTSEC-KARURVYSYA2461BANKLTDKVBCHITHRAAGENCIES,0.0,5516.0,-109181458.84,CHQ
2022-05-16,ByClgCHNACCTSEC-TAMILNAD2461MERCANTILEBANKLTDTMBCHITHRAAGENCIES,0.0,12821.0,-109168637.84,CHQ
2022-05-16,ByClgCHNACCTSEC-TAMILNAD2461MERCANTILEBANKLTDTMBCHITHRAAGENCIES,0.0,5877.0,-109162760.84,CHQ
2022-05-16,ByClgCHNACCTSEC-CITYUNION2461BANKLTDCHITHRAAGENCIES,0.0,21099.0,-109141661.84,CHQ
2022-05-16,NEFT2461LUBRICANTS-null,0.0,10000.0,-109131661.84,NEFT
2022-05-16,INET-IMPS-CR MPTRACTO TAMILNAD2461M 028,0.0,4800.0,-109126861.84,IMPS
2022-05-16,INET-IMPS-CR SRIKRISHN TAMILNAD2461M 073,0.0,10271.0,-109116590.84,IMPS
2022-05-16,NEFT24610IN0426-THPage15of215ECHAKRAAUTOLINK-DBSS0IN0426,0.0,13642.0,-109102948.84,NEFT
2022-05-16,UPI CR 213690513864 PANNEER2461S TMBL ndianaxl Payment,0.0,3328.0,-109099620.84,UPI
2022-05-16,MOB-IMPS-CR AlaguMuru TheState2461 MO 05 2022,0.0,1.0,-109099619.84,IMPS
2022-05-16,UPI CR 213612355363 Alagu2461Mur SBIN 987-1oksbi srimeen 4,0.0,2000.0,-109097619.84,UPI
2022-05-16,2461UPI 982 SENTHILKU TMBL 008-1okicici PaytoM ICIec 05 2022,0.0,5000.0,-109092619.84,UPI
2022-05-16,NEFT2461HAGAVATHIAUTO-null,0.0,4000.0,-109088619.84,NEFT
2022-05-16,NEFT2461Cr-16-SRIMOOKAMBIGAIAGENCIES- ATTN INB,0.0,50000.0,-109038619.84,NEFT
2022-05-16,FundsTransferDebit4036261000058SRIVIGNESHAUTO,0.0,60130.0,-108978489.84,TRANSFER
2022-05-16,FundsTransferDebit1011261000400-M2461RAUTOSTORE,0.0,5647.0,-108972842.84,TRANSFER
2022-05-16,UPI CR 213684642161 Mr2461Rajapa IDIB 26841ybl PaytoM,0.0,1000.0,-108971842.84,UPI
2022-05-16,NEFT2461Cr-15-DUBAIAUTOTYRES- ATTN trf,0.0,12545.0,-108959297.84,NEFT
2022-05-16,NEFT2461Cr-00-TMSAUTOSPARES-null,0.0,120571.0,-108838726.84,NEFT
2022-05-16,NEFT2461Cr-50-SREEARIHARANAUTOS- REF,0.0,3000.0,-108835726.84,NEFT
2022-05-16,NEFT2461Cr-98-VSKAUTOMOBILES- URGENT,0.0,7132.0,-108828594.84,NEFT
2022-05-16,INET-IMPS-CR MURUGAN2461AU TAMILNADM 181 Bill68092 16 05 2022170426,0.0,4001.0,-108824593.84,IMPS
2022-05-16,NEFT2461Cr-46-UMAR-null,0.0,10793.0,-108813800.84,NEFT
2022-05-16,NEFT2461Cr---SELVITYRES-null,0.0,63524.0,-108750276.84,NEFT
2022-05-16,INET-IMPS-CR Customer IOBN22461 241 kayyem0,0.0,4902.0,-108745374.84,IMPS
2022-05-16,NEFT24610NEFT01-SRIVISHNUAUTOMOBILES-BUSINESSRELATED,0.0,74986.0,-108670388.84,NEFT
2022-05-17,ChqPaid-MICRInward2461Clearing-CASTROLINDIALTD-DEUTSCHEBANKDTB-DEUTSCHEBANK,2242503.45,0.0,-110912892.29,CHQ
2022-05-17,ChqPaid-MICRInward2461Clearing-CASTROLINDIALTD-DEUTSCHEBANKPage16of215DTB-DEUTSCHEBANK,466669.54,0.0,-111379561.83,CHQ
2022-05-17,ByClgCHNACCTSEC-TAMILNADU2461INDUSTRIALCO-OPERATIVEBANKC,0.0,9932.0,-111369629.83,CHQ
2022-05-17,ByClgCHNACCTSEC-DBSBANKLTD2461DBSCHITHRAAGENCIES,0.0,3328.0,-111366301.83,CHQ
2022-05-17,ByClgCHNACCTSEC-KARURVYSYA2461BANKLTDKVBCHITHRAAGENCIES,0.0,21254.0,-111345047.83,CHQ
2022-05-17,ByClgCHNACCTSEC-BANKOF2461BARODABOBC,0.0,9024.0,-111336023.83,CHQ
2022-05-17,ByClgCHNACCTSEC-INDIAN2461OVERSEASBANKIOBCHITHRAAGENCIES,0.0,2000.0,-111334023.83,CHQ
2022-05-17,ByClgCHNACCTSEC-SOUTHINDIAN2461BANKLTDSIBCHITHRAAGENCIES,0.0,8688.0,-111325335.83,CHQ
2022-05-17,ByClgCHNACCTSEC-KARURVYSYA2461BANKLTDKVBCHITHRAAGENCIES,0.0,15949.0,-111309386.83,CHQ
2022-05-17,ByClgCHNACCTSEC-KARURVYSYA2461BANKLTDKVBCHITHRAAGENCIES,0.0,19923.0,-111289463.83,CHQ
2022-05-17,ByClgCHNACCTSEC-TAMILNAD2461MERCANTILEBANKLTDTMBCHITHRAAGENCIES,0.0,8204.0,-111281259.83,CHQ
2022-05-17,ByClgCHNACCTSEC-INDIANBANK2461INBCHITHRAAGENCIES,0.0,3905.0,-111277354.83,CHQ
2022-05-17,ByClgCHNACCTSEC-TAMILNAD2461MERCANTILEBANKLTDTMBCHITHRAAGENCIES,0.0,3328.0,-111274026.83,CHQ
2022-05-17,ByClgCHNACCTSEC-CITYUNION2461BANKLTDCHITHRAAGENCIES,0.0,7571.0,-111266455.83,CHQ
2022-05-17,ByClgCHNACCTSEC-AXISBANKLTD2461CHITHRAAGENCIES,0.0,9303.0,-111257152.83,CHQ
2022-05-17,ByClgCHNACCTSEC-TAMILNAD2461MERCANTILEBANKLTDTMBCHITHRAAGENCIES,0.0,80000.0,-111177152.83,CHQ
2022-05-17,ByClgCHNACCTSEC-PUNJAB2461NATIONALBANKPNBCHITHRAAGENCIES,0.0,5000.0,-111172152.83,CHQ
2022-05-17,ByClgCHNACCTSEC-BANKOFINDIA2461BOICHITHRAAGENCIES,0.0,7078.0,-111165074.83,OUTWARD-RETURN
2022-05-17,ByClgCHNACCTSEC-BANKOF2461BARODABOBCHITHRAAGENCIES,0.0,10000.0,-111155074.83,CHQ
2022-05-17,ByClgCHNACCTSEC-TAMILNAD2461MERCANTILEBANKLTDTMBCHITHRAAGENCIES,0.0,20000.0,-111135074.83,CHQ
2022-05-17,ByClgCHNACCTSEC-KARURVYSYA2461BANKLTDKVBCHITHRAAGENCIES,0.0,10628.0,-111124446.83,CHQ
2022-05-17,ByClgCHNACCTSEC-TAMILNAD2461MERCANTILEBANKLTDTMBCHITHRAAGENCIES,0.0,1606.0,-111122840.83,CHQ
2022-05-17,ByClgCHNACCTSEC-TAMILNAD2461MERCANTILEBANKLTDTMBCHITHRAAGENCIES,0.0,19871.0,-111102969.83,CHQ
2022-05-17,ByClgCHNACCTSEC-INDIAN2461OVERSEASBANKIOBCHITHRAAGENCIES,0.0,10000.0,-111092969.83,CHQ
2022-05-17,ByClgCHNACCTSEC-ICICIBANKLTD2461CHITHRAAGENCIES,0.0,2000.0,-111090969.83,CHQ
2022-05-17,ByClgCHNACCTSEC-KARURVYSYA2461BANKLTDKVBCHITHRAAGENCIES,0.0,4962.0,-111086007.83,CHQ
2022-05-17,ByClgCHNACCTSEC-CITYUNION2461BANKLTDCHITHRAAGENCIES,0.0,6702.0,-111079305.83,CHQ
2022-05-17,UPI CR 213735179207 MSTHE2461RO IDIB 998-2okhdfcbank UPI,0.0,5000.0,-111074305.83,UPI
2022-05-17,MOB-IMPS-CR AANANTH INDIAN24612 Amauto4,0.0,7616.0,-111066689.83,IMPS
2022-05-17,INET-IMPS-CR PONRAJANA TAMILNAD2461M 514 towards3,0.0,3328.0,-111063361.83,IMPS
2022-05-17,NEFT2461Cr-66-SRILAKSHMIAGENCIES- ATTN INB,0.0,126156.0,-110937205.83,NEFT
2022-05-17,FundsTransferDebit1093201001547PRABHUOILSTORE,0.0,23570.0,-110913635.83,TRANSFER
2022-05-17,MB 125000972721 AYYANARAUTO2461PRA CANARA AyyanarAutopartsAm 19,0.0,16952.0,-110896683.83,IMPS
2022-05-17,UPI CR 213774283369 A2461PRAKASH IOBA dra74axl PaytoM AXL 05 2022,0.0,28767.0,-110867916.83,UPI
2022-05-17,IBITG7674310010112820000862461OTH-CASTROLBILLPAYMENT,0.0,173696.0,-110694220.83,TRANSFER
2022-05-17,NEFT2461ANDLYDIATRADER-null,0.0,22460.0,-110671760.83,NEFT
2022-05-17,FundsTransferDebit3040255000023ASAIMOTORS,0.0,6621.0,-110665139.83,TRANSFER
2022-05-17,MOB-IMPS-CR SSUBBIAH AXB2461,0.0,20000.0,-110645139.83,IMPS
2022-05-17,INET-IMPS-CR JEYAAUTO TAMILNAD2461M 146,0.0,11772.0,-110633367.83,IMPS
2022-05-17,gefuchqreturn-FundsInsufficient2461,7078.0,0.0,-110640445.83,OUTWARD-RETURN
2022-05-17,NEFT2461Cr-89-KSRTYRESANDBATTERY- ATTN INB,0.0,14857.0,-110625588.83,NEFT
2022-05-17,NEFT2461Cr-B027-MTHIRUGNANASAMBANDANM- URGENT,0.0,6480.0,-110619108.83,NEFT
2022-05-17,NEFT2461Cr-50-SUBBIAHAGENCYS- ATTN,0.0,40151.0,-110578957.83,NEFT
2022-05-17,NEFT2461Cr---SRIAYYANARAUTOMOBILES-SPLSMEBRANCHMADURAI,0.0,28612.0,-110550345.83,NEFT
2022-05-18,OWCHQRTNCHGSNCAOTHTHAN2461IND,354.0,0.0,-110550699.83,OUTWARD-CHARGES
2022-05-18,UPI CR 213826060334 NAHARJUN2461S CNRB rjun1ybl Payment,0.0,34000.0,-110516699.83,UPI
2022-05-18,UPI CR 213871782895 NAHARJUN2461S CNRB rjun1ybl Payment Y,0.0,9000.0,-110507699.83,UPI
2022-05-18,CashDeposit DGULNGLNGR2461,0.0,49816.0,-110457883.83,CASH
2022-05-18,FundsTransferDebit1009201003580BALAJIAUTOCRAFTS,0.0,4703.0,-110453180.83,TRANSFER
2022-05-18,NEFT2461Cr-26-SHRIMURUGESANMOTORS- ATTN INB,0.0,4243.0,-110448937.83,NEFT
2022-05-18,UPI CR 213869828284 SOMU2461R IOBA ci UPI a6,0.0,3337.0,-110445600.83,UPI
2022-05-18,2461MOB-IMPS-CR BLOSSOMTRA BANKOF000 05 2022,0.0,6541.0,-110439059.83,IMPS
2022-05-18,NEFT2461Cr-15-DUBAIAUTOTYRES- ATTN trf,0.0,18834.0,-110420225.83,NEFT
2022-05-18,ByClgCHNACCTSEC-INDIAN2461OVERSEASBANKIOBCHITHRAAGENCIES,0.0,6237.0,-110413988.83,CHQ
2022-05-18,ByClgCHNACCTSEC-INDIAN2461OVERSEASBANKIOBCHITHRAAGENCIES,0.0,10000.0,-110403988.83,CHQ
2022-05-18,ByClgCHNACCTSEC-BANKOFINDIA2461BOICHITHRAAGENCIES,0.0,3328.0,-110400660.83,CHQ
2022-05-18,ByClgCHNACCTSEC-BANKOF2461BARODABOBCHITHRAAGENCIES,0.0,2251.0,-110398409.83,CHQ
2022-05-18,ByClgCHNACCTSEC-PUNJAB2461NATIONALBANKPNBCHITHRAAGENCIES,0.0,12000.0,-110386409.83,CHQ
2022-05-18,ByClgCHNACCTSEC-INDIAN2461OVERSEASBANKIOBCHITHRAAGENCIES,0.0,9088.0,-110377321.83,CHQ
2022-05-18,ByClgCHNACCTSEC-INDIAN2461OVERSEASBANKIOBCHITHRAAGENCIES,0.0,7169.0,-110370152.83,CHQ
2022-05-18,ByClgCHNACCTSEC-STATEBANKOF2461INDIASBICHITHRAAGENCIES,0.0,15000.0,-110355152.83,CHQ
2022-05-18,ByClgCHNACCTSEC-DBSBANKLTD2461DBSCHITHRAAGENCIES,0.0,11176.0,-110343976.83,CHQ
2022-05-18,ByClgCHNACCTSEC-KARURVYSYA2461BANKLTDKVBCHITHRAAGENCIES,0.0,6354.0,-110337622.83,CHQ
2022-05-18,ByClgCHNACCTSEC-PANDYAN2461GRAMABPURAMSTPACHITHRAAGENCIES,0.0,10000.0,-110327622.83,CHQ
2022-05-18,NEFT2461Cr-50-SUBBIAHAGENCYS- ATTN,0.0,13026.0,-110314596.83,NEFT
2022-05-18,NEFT2461Cr---SELVITYRES-null,0.0,65587.0,-110249009.83,NEFT
2022-05-18,MB6700450 05 2218-47422010002042461,0.0,4284.0,-110244725.83,TRANSFER
2022-05-18,NEFTCr-000559807179-UBIN0545554-B2461MAUTOSTORES- URGENT,0.0,2658.0,-110242067.83,NEFT
2022-05-18,UPI CR 213849853278 AMBIGA2461CY CNRB partsybl Payment c 2022,0.0,7024.0,-110235043.83,UPI
2022-05-18,INET-IMPS-CR RAMESHNAT TAMILNAD2461M 906,0.0,6469.0,-110228574.83,IMPS
2022-05-18,MOB-IMPS-CR SREE2461AUTOM CityUn0105 05 2022,0.0,4555.0,-110224019.83,IMPS
2022-05-18,MB 3315261000010 CROWNTRADER2461M S 8 CHITHRACRBMDU CANARA crownPage19of215vedasa 2022,0.0,13686.0,-110210333.83,IMPS
2022-05-19,CASH-BNA-162026202BKA1 05 222461,0.0,5500.0,-110204833.83,CASH
2022-05-19,UPI CR 213972189521 KARPAGA2461V BKID cbank PaytoM a,0.0,6163.0,-110198670.83,UPI
2022-05-19,UPI CR 213911518434 SRI2461MARUT PUNB 20082upi Srimaru Ua,0.0,4452.0,-110194218.83,UPI
2022-05-19,NEFT2461Cr---SRIGANESHAUTOPARTS-null,0.0,11039.0,-110183179.83,NEFT
2022-05-19,ByClgCHNACCTSEC-KARURVYSYA2461BANKLTDKVBCHITHRAAGENCIES,0.0,150000.0,-110033179.83,CHQ
2022-05-19,ByClgCHNACCTSEC-CITYUNION2461BANKLTDCHITHRAAGENCIES,0.0,3000.0,-110030179.83,CHQ
2022-05-19,ByClgCHNACCTSEC-UNIONBANKOF2461INDIAUBICHITHRAAGENCIES,0.0,6814.0,-110023365.83,CHQ
2022-05-19,ByClgCHNACCTSEC-DBSBANKLTD2461DBSCHITHRAAGENCIES,0.0,10612.0,-110012753.83,OUTWARD-RETURN
2022-05-19,ByClgCHNACCTSEC-PUNJAB2461NATIONALBANKPNBCHITHRAAGENCIES,0.0,39620.0,-109973133.83,CHQ
2022-05-19,ByClgCHNACCTSEC-AXISBANKLTD2461CHITHRAAGENCIES,0.0,6000.0,-109967133.83,CHQ
2022-05-19,ByClgCHNACCTSEC-KARURVYSYA2461BANKLTDKVBC,0.0,7004.0,-109960129.83,CHQ
2022-05-19,ByClgCHNACCTSEC-INDIAN2461OVERSEASBANKIOBCHITHRAAGENCIES,0.0,4019.0,-109956110.83,CHQ
2022-05-19,MOB-IMPS-CR SBMOTORS AXB2461,0.0,3180.0,-109952930.83,IMPS
2022-05-19,FundsTransferDebit62263070000315SAKTHIISIVAMMOTORS,0.0,5421.0,-109947509.83,TRANSFER
2022-05-19,FundsTransferDebit0901282010390GOVINDARAJAUTOSTOR,0.0,14772.0,-109932737.83,TRANSFER
2022-05-19,2461UPI 821 BOOPATHIR KVBL ci UPI Ib,0.0,8906.0,-109923831.83,UPI
2022-05-19,2461UPI 900 PONSURESH KVBL amahaybl PaytoM YBL9be5ae 05 2022,0.0,2819.0,-109921012.83,UPI
2022-05-19,NEFT2461Cr-27-ABDULLAHAUTOSTORES- ATTN,0.0,100000.0,-109821012.83,NEFT
2022-05-19,INET-IMPS-CR SRIRAM2461EN CityUnhra2,0.0,10612.0,-109810400.83,IMPS
2022-05-19,MOB-IMPS-CR AbdulKade INDIAN24617 Deposit6,0.0,100000.0,-109710400.83,IMPS
2022-05-19,2461C 1308BNA,0.0,1000.0,-109709400.83,TRANSFER
2022-05-19,2461C 1308BNA,0.0,49500.0,-109659900.83,TRANSFER
2022-05-19,NEFT2461Cr-00-TMPage20of215SAUTOSPARES-null,0.0,16805.0,-109643095.83,NEFT
2022-05-19,NEFT2461Cr-69-ANNAIAUTOPARTS-ANNAIAUTOPARTS,0.0,6432.0,-109636663.83,NEFT
2022-05-19,gefuchqreturn-FundsInsufficient2461,10612.0,0.0,-109647275.83,OUTWARD-RETURN
2022-05-19,UPI CR 213978119949 KEERTHI2461K CNRB somanokhdfcbank PaytoM H,0.0,3362.0,-109643913.83,UPI
2022-05-19,INET-IMPS-CR MAHADEVAU ICICI24610749 MAH 2022,0.0,24311.0,-109619602.83,IMPS
2022-05-19,NEFT2461Cr-09-SRIVALATHTHIAMMANAUTOS- FAST,0.0,3823.0,-109615779.83,NEFT
2022-05-19,MB6700450 05 2218-28032010000292461,0.0,16774.0,-109599005.83,TRANSFER
2022-05-19,NEFT2461Cr-98-VSKAUTOMOBILES- URGENT,0.0,19538.0,-109579467.83,NEFT
2022-05-19,OWCHQRTNCHGSNCAOTHTHAN2461IND,354.0,0.0,-109579821.83,OUTWARD-CHARGES
2022-05-20,NEFT24610002101-MSJCYCLEMART-null,0.0,7078.0,-109572743.83,NEFT
2022-05-20,IBOAT194796003054201000229OTH,0.0,1000000.0,-108572743.83,TRANSFER
2022-05-20,IBOAT197935002397261010137OTH,0.0,2500000.0,-106072743.83,TRANSFER
2022-05-20,RTGSTOABOVE5LSC2461,58.0,0.0,-106072801.83,BANK-CHARGES
2022-05-20,RTGS2461Dr---SRIRAMGUNASEKARAN-null,5000000.0,0.0,-111072801.83,RTGS
2022-05-20,UPI CR 214052349840 SRI2461KANNA UBIN s UPI f754f 05 2022,0.0,5674.0,-111067127.83,UPI
2022-05-20,ByClgCHNACCTSEC-PANDYAN2461GRAMABPURAMSTPACHITHRAAGENCIES,0.0,7641.0,-111059486.83,CHQ
2022-05-20,ByClgCHNACCTSEC-IDBIBANKLTD2461CHITHRAAGENCIES,0.0,10000.0,-111049486.83,CHQ
2022-05-20,ByClgCHNACCTSEC-ICICIBANKLTD2461CHITHRAAGENCIES,0.0,10565.0,-111038921.83,CHQ
2022-05-20,ByClgCHNACCTSEC-TAMILNAD2461MERCANTILEBANKLTDTMBCHITHRAAGENCIES,0.0,17101.0,-111021820.83,CHQ
2022-05-20,ByClgCHNACCTSEC-INDIAN2461OVERSEASBANKIOBCHITHRAAGENCIES,0.0,147849.0,-110873971.83,CHQ
2022-05-20,ByClgCHNACCTSEC-DBSBANKLTD2461DBSCHITHRAAGENCIES,0.0,12570.0,-110861401.83,CHQ
2022-05-20,CASH-BNA-14591459BY01 05 222461,0.0,36300.0,-110825101.83,CASH
2022-05-20,CashDeposit DGULNGLNGR2461,0.0,3340.0,-110821761.83,CASH
2022-05-20,2461UPI 046 BALAMURUG SBIN ruganoksbi UPI SBI2b,0.0,2000.0,-110819761.83,UPI
2022-05-20,INET-IMPS-CR BALUAUTO TAMILNAD2461M 492 Page21of215,0.0,90559.0,-110729202.83,IMPS
2022-05-20,2461UPI 355 VIGNESH KVBL cbank UPI HDFa2f 05 2022,0.0,2000.0,-110727202.83,UPI
2022-05-20,CashDeposit MDUPTNAGAR2461,0.0,275000.0,-110452202.83,CASH
2022-05-20,FundsTransferDebit1009201003580BALAJIAUTOCRAFTS,0.0,2799.0,-110449403.83,TRANSFER
2022-05-20,FundsTransferDebit0901282010390GOVINDARAJAUTOSTOR,0.0,9183.0,-110440220.83,TRANSFER
2022-05-20,2461UPI 612 PRABHAKAR IOBA 69540ybl PaytoM fd87e 05 2022,0.0,2500.0,-110437720.83,UPI
2022-05-20,2461UPI 790 GOPAL KVBL gopalokicici PaytoM bf,0.0,1000.0,-110436720.83,UPI
2022-05-20,NEFT2461Cr-62-SEENIAPPAAUTOSTORE-null,0.0,28756.0,-110407964.83,NEFT
2022-05-20,NEFT2461Cr---MANICKAMCOMPANYFIRM-null,0.0,12494.0,-110395470.83,NEFT
2022-05-20,IBITG104691800OnlineTransaction2461BDP-CNBNETC-BILLDSK-0-CLIENTCODE,1017.7,0.0,-110396488.53,ONLINE-PAYMENT
2022-05-20,NEFT2461Cr-50-SUBBIAHAGENCYS- ATTN,0.0,8654.0,-110387834.53,NEFT
2022-05-20,INET-IMPS-CR KRAGENCI TheState2461 M 2022,0.0,41962.0,-110345872.53,IMPS
2022-05-20,NEFT2461Cr---SELVITYRES-null,0.0,25865.0,-110320007.53,NEFT
2022-05-20,NEFT2461Cr-98-VSKAUTOMOBILES- URGENT,0.0,11233.0,-110308774.53,NEFT
2022-05-20,NEFT2461Cr-00-THIRUNAVUKARASUAUTOSTORE- Autostore,0.0,4000.0,-110304774.53,NEFT
2022-05-20,INET-IMPS-CR RATHINAVEL TAMILNAD2461M 153,0.0,6768.0,-110298006.53,IMPS
2022-05-20,NEFT2461Cr-48-SRIJAYAKRISHNAAUTOSTORE- ATTN TRFR,0.0,2130.0,-110295876.53,NEFT
2022-05-20,INET-IMPS-CR SRIITHIRU TAMILNAD2461M 654 sriit 27,0.0,6656.0,-110289220.53,IMPS
2022-05-20,NEFT2461Cr-02-SAMTRACTORANDSPARESCONTRACT- ATTN INB,0.0,6656.0,-110282564.53,NEFT
2022-05-20,NEFT2461AUTOSPARE-45,0.0,1623.0,-110280941.53,NEFT
2022-05-20,CASHHANDLINGCHCAODOCC2461,649.0,0.0,-110281590.53,BANK-CHARGES
2022-05-21,MOB-IMPS-CR DHANALAKSH INDIAN24615 sribal 2022,0.0,19000.0,-110262590.53,IMPS
2022-05-21,ByClgCHNACCTSEC-PANDYAN2461GRAMABPURAMSTPACHITHRAAGENCIES,0.0,12211.0,-110250379.53,CHQ
2022-05-21,ByClgCHNACCTSEC-TAMILNAD2461MERCANTILEBANKLTDTMBCHITHRAAGENCIES,0.0,21177.0,-110229202.53,CHQ
2022-05-21,ByClgCHNACCTSEC-TAMILNAD2461MERCANTILEBANKLTDTMBCHITHRAAGENCIES,0.0,50000.0,-110179202.53,CHQ
2022-05-21,ByClgCHNACCTSEC-UNIONBANKOF2461INDIAUBICHITHRAAGENCIES,0.0,3843.0,-110175359.53,CHQ
2022-05-21,ByClgCHNACCTSEC-INDIAN2461OVERSEASBANKIOBCHITHRAAGENCIES,0.0,90000.0,-110085359.53,CHQ
2022-05-21,ByClgCHNACCTSEC-TAMILNAD2461MERCANTILEBANKLTDTMBCHITHRAAGENCIES,0.0,13760.0,-110071599.53,CHQ
2022-05-21,IBITG5157630010062610052682461OTH-BILLPAY,0.0,16800.0,-110054799.53,TRANSFER
2022-05-21,NEFTCr-SAA119247277-TMBL0000343-S2461KAUTOSPARES-SPLSMEBRANCHMADURAI,0.0,15783.0,-110039016.53,NEFT
2022-05-21,FundsTransferDebit3315201000036THIRUMURUGANAUTOSP,0.0,10909.0,-110028107.53,TRANSFER
2022-05-21,NEFT2461Cr---SMTENTERPRISES-SPLSMEBRANCHMADURAI,0.0,6449.0,-110021658.53,NEFT
2022-05-21,CashDepositSEKARMDUPTNAGAR2461,0.0,470000.0,-109551658.53,CASH
2022-05-21,NEFT2461MMANAUTOSTORE-null,0.0,11017.0,-109540641.53,NEFT
2022-05-21,NEFT2461Cr-50-SUBBIAHAGENCYS- ATTN,0.0,10641.0,-109530000.53,NEFT
2022-05-21,NEFT2461Cr-15-DUBAIAUTOTYRES- ATTN trf,0.0,6696.0,-109523304.53,NEFT
2022-05-21,NEFT2461Cr-76-SRIPADHALILUBRICANTS-null,0.0,24000.0,-109499304.53,NEFT
2022-05-21,MOB-IMPS-CR SELVAMAUT Karur2461 2022,0.0,6936.0,-109492368.53,IMPS
2022-05-21,NEFT2461Cr-47-MSMSSSON- ATTN INB,0.0,50786.0,-109441582.53,NEFT
2022-05-21,IBITG1153743004064256000377OTH,0.0,14024.0,-109427558.53,TRANSFER
2022-05-21,NEFT2461Cr---SRIRAGAVENDRAAUTOSTORE-chitra,0.0,9699.0,-109417859.53,NEFT
2022-05-21,UPI CR 214184160587 ELSADAI2461T UTIB duraiokaxis UPI AX,0.0,1.0,-109417858.53,UPI
2022-05-21,CASHHANDLINGCHCAODOCC2461,1109.0,0.0,-109418967.53,BANK-CHARGES
2022-05-22,INET-IMPS-CR SOMNATHAU ICICI24611134 cas 2022,0.0,83101.0,-109335866.53,IMPS
2022-05-23,ByClgCHNACCTSEC-FEDERALBANK2461LTDFBLCHITHRAAGENCIES,0.0,2970.0,-109332896.53,CHQ
2022-05-23,ByClgCHNACCTSEC-PANDYAN2461GRAMABPURAMSTPACHITHRAAGENCIES,0.0,13250.0,-109319646.53,CHQ
2022-05-23,ByClgCHNACCTSEC-PANDYAN2461GRAMABPURAMSTPAC,0.0,4138.0,-109315508.53,CHQ
2022-05-23,ByClgCHNACCTSEC-TAMILNAD2461MERCANTILEBANKLTDTMBCHITHRAAGENCIES,0.0,12363.0,-109303145.53,CHQ
2022-05-23,ByClgCHNACCTSEC-INDIAN2461OVERSEASBANKIOBC,0.0,2121.0,-109301024.53,CHQ
2022-05-23,ByClgCHNACCTSEC-CITYUNION2461BANKLTDCHITHRAAGENCIES,0.0,3319.0,-109297705.53,CHQ
2022-05-23,ByClgCHNACCTSEC-AXISBANKLTD2461CHITHRAAGENCIES,0.0,1500.0,-109296205.53,CHQ
2022-05-23,ByClgCHNACCTSEC-TAMILNAD2461MERCANTILEBANKLTDTMBC,0.0,43292.0,-109252913.53,CHQ
2022-05-23,ByClgCHNACCTSEC-INDIAN2461OVERSEASBANKIOBCHITHRAAGENCIES,0.0,73359.0,-109179554.53,CHQ
2022-05-23,ByClgCHNACCTSEC-TAMILNAD2461MERCANTILEBANKLTDTMBCHITHRAAGENCIES,0.0,4838.0,-109174716.53,CHQ
2022-05-23,ByClgCHNACCTSEC-AXISBANKLTD2461C,0.0,26267.0,-109148449.53,CHQ
2022-05-23,ByClgCHNACCTSEC-STATEBANKOF2461INDIASBICHITHRAAGENCIES,0.0,8274.0,-109140175.53,CHQ
2022-05-23,ByClgCHNACCTSEC-STATEBANKOF2461INDIASBICHITHRAAGENCIES,0.0,86031.0,-109054144.53,CHQ
2022-05-23,ByClgCHNACCTSEC-TAMILNAD2461MERCANTILEBANKLTDTMBCHITHRAAGENCIES,0.0,13316.0,-109040828.53,CHQ
2022-05-23,ByClgCHNACCTSEC-INDIAN2461OVERSEASBANKIOBCHITHRAAGENCIES,0.0,12860.0,-109027968.53,CHQ
2022-05-23,ByClgCHNACCTSEC-KARURVYSYA2461BANKLTDKVBCHITHRAAGENCIES,0.0,20308.0,-109007660.53,CHQ
2022-05-23,ByClgCHNACCTSEC-ICICIBANKLTD2461CHITHRAAGENCIES,0.0,15000.0,-108992660.53,CHQ
2022-05-23,ByClgCHNACCTSEC-TAMILNAD2461MERCANTILEBANKLTDTMBCHITHRAAGENCIES,0.0,3328.0,-108989332.53,CHQ
2022-05-23,ByClgCHNACCTSEC-IDBIBANKLTD2461CHITHRAAGENCIES,0.0,10650.0,-108978682.53,CHQ
2022-05-23,ByClgCHNACCTSEC-TAMILNAD2461MERCANTILEBANKLTDTMBCHITHRAAGENCIES,0.0,4103.0,-108974579.53,CHQ
2022-05-23,ByClgCHNACCTSEC-BANKOF2461BARODABOBCHITHRAAGENCIES,0.0,10481.0,-108964098.53,CHQ
2022-05-23,ByClgCHNACCTSEC-DBSBANKLTD2461DBSCHITHRAAGENCIES,0.0,3328.0,-108960770.53,CHQ
2022-05-23,IBITG3005230010062610052682461OTH-BILLPAY,0.0,3200.0,-108957570.53,TRANSFER
2022-05-23,UPI CR 214338633702 Mr2461DINESH IDIB ci UPI Ida Page24of215,0.0,18093.0,-108939477.53,UPI
2022-05-23,NEFT24610IN0426-THECHAKRAAUTOLINK-DBSS0IN0426,0.0,14669.0,-108924808.53,NEFT
2022-05-23,NEFT2461Cr---NEWRPSAUTOSPARES-SPLSMEBRANCHMADURAI,0.0,757.0,-108924051.53,NEFT
2022-05-23,NEFT24610IN0426-THECHAKRAAUTOLINK-DBSS0IN0426,0.0,8508.0,-108915543.53,NEFT
2022-05-23,NEFT2461Cr---NEWRPSAUTOSPARES-SPLSMEBRANCHMADURAI,0.0,10922.0,-108904621.53,NEFT
2022-05-23,UPI CR 214324001674 T2461SELVARAJ UBIN s PaytoM e,0.0,3030.0,-108901591.53,UPI
2022-05-23,NEFT246180-METROAUTOCORPORATION- URGENT,0.0,20229.0,-108881362.53,NEFT
2022-05-23,FundsTransferDebit1093201001547PRABHUOILSTORE,0.0,11886.0,-108869476.53,TRANSFER
2022-05-23,NEFT2461Cr-T015-SRIBALAJIAUTOSTORE-null,0.0,81998.0,-108787478.53,NEFT
2022-05-23,UPI CR 214347452260 MrVK2461MA IDIB cbank PaytoM d 2022,0.0,450.0,-108787028.53,UPI
2022-05-23,NEFT2461Cr-30-SIDDHESHAUTOSPARES- REF,0.0,24065.0,-108762963.53,NEFT
2022-05-23,NEFTCr-SAA119323648-TMBL0000051-S2461PSTORE-null,0.0,4327.0,-108758636.53,NEFT
2022-05-23,MOB-IMPS-CR AbdulKade INDIAN24617 Deposit6,0.0,150000.0,-108608636.53,IMPS
2022-05-23,UPI CR 214327842810 MrK2461ALAG IDIB s Castrol fce,0.0,1000.0,-108607636.53,UPI
2022-05-23,NEFTCr-SAA119319061-TMBL0000004-V2461APSSSELVITRADERS-null,0.0,9958.0,-108597678.53,NEFT
2022-05-23,NEFT2461Cr-15-DUBAIAUTOTYRES- ATTN trf,0.0,13316.0,-108584362.53,NEFT
2022-05-23,UPI CR 214378243812 VIJAYA2461KU CNRB ci PaytoM I,0.0,6146.0,-108578216.53,UPI
2022-05-23,UPI CR 214332023508 ELSADAI2461T UTIB duraiokaxis UPI AXdfe3,0.0,1599.0,-108576617.53,UPI
2022-05-23,UPI CR 214332072762 ELSADAI2461T UTIB duraiokaxis UPI d9,0.0,1775.0,-108574842.53,UPI
2022-05-23,NEFT2461Cr-98-VSKAUTOMOBILES- URGENT,0.0,25173.0,-108549669.53,NEFT
2022-05-23,MB 62081400000335 PMVAUTO2461STRA CAN 2022,0.0,15000.0,-108534669.53,IMPS
2022-05-24,ByClgCHNACCTSEC-UNIONBANKOF2461INDIAUBICHITHRAAGENCIES,0.0,9944.05,-108524725.48,CHQ
2022-05-24,ByClgCHNACCTSEC-CITYUNION2461BANKLTDCHITHRAAGENCIES,0.0,10000.0,-108514725.48,CHQ
2022-05-24,ByClgCHNACCTSEC-KARURVYSYA2461BANKLTDKVBCHITHRAAGENCIES,0.0,3328.0,-108511397.48,CHQ
2022-05-24,ByClgCHNACCTSEC-KARURVYSYA2461BANKLTDKVBCHITHRAAGENCIES,0.0,6898.0,-108504499.48,CHQ
2022-05-24,ByClgCHNACCTSEC-KARURVYSYA2461BANKLTDKVBCHITHRAAGENCIES,0.0,13163.0,-108491336.48,CHQ
2022-05-24,ByClgCHNACCTSEC-STATEBANKOF2461INDIASBICHITHRAAGENCIES,0.0,8511.0,-108482825.48,CHQ
2022-05-24,ByClgCHNACCTSEC-TAMILNAD2461MERCANTILEBANKLTDTMBCHITHRAAGENCIES,0.0,27077.0,-108455748.48,CHQ
2022-05-24,INET-IMPS-CR SRIABIRAM DBSS2461 1057 Cas 2022,0.0,83336.0,-108372412.48,IMPS
2022-05-24,NEFT2461Cr-35-SRIGANESHAUTOAGENCY- ATTN Gan,0.0,10495.0,-108361917.48,NEFT
2022-05-24,UPI CR 214411474365 KALIDASS2461A ICIC CrBOli,0.0,10000.0,-108351917.48,UPI
2022-05-24,CashDeposit DGULNGLNGR2461,0.0,13200.0,-108338717.48,CASH
2022-05-24,IBITG42549700OnlineTransaction2461BDP-CNBNETC-BILLDSK-4-CLIENTCODE,7123.9,0.0,-108345841.38,ONLINE-PAYMENT
2022-05-24,FundsTransferDebit1011282000079-S2461KSAUTOCENTRE,0.0,13105.0,-108332736.38,TRANSFER
2022-05-24,NEFT2461Cr---VELMURUGANN-null,0.0,43285.0,-108289451.38,NEFT
2022-05-24,NEFT2461Cr-50-SUBBIAHAGENCYS- ATTN,0.0,8250.0,-108281201.38,NEFT
2022-05-24,FundsTransferDebit62771400001483SRIGOMATHIAUTOSTO,0.0,3000.0,-108278201.38,TRANSFER
2022-05-24,NEFT2461Cr-50-SUBBIAHAGENCYS- ATTN,0.0,216.0,-108277985.38,NEFT
2022-05-24,NEFT2461Cr-88-SWAMYAUTOSPAREPARTS-null,0.0,43760.0,-108234225.38,NEFT
2022-05-24,2461UPI 230 SASIKUMAR SBIN UPI Sfb,0.0,10000.0,-108224225.38,UPI
2022-05-24,UPI CR 214417785185 MrS2461KANN IDIB UPI SBI46a5bfa8,0.0,4000.0,-108220225.38,UPI
2022-05-24,INET-IMPS-CR SRISELVAK TAMILNAD2461M 052,0.0,8689.0,-108211536.38,IMPS
2022-05-24,UPI CR 214433269014 SHANKAR2461N KVBL ansnokicici UPI ICI4b 05 2022,0.0,5000.0,-108206536.38,UPI
2022-05-24,2461UPI 656 Dineshkum BARB Page26of21577192ybl PaytoM YBLf 05 2022,0.0,1800.0,-108204736.38,UPI
2022-05-24,MOB-IMPS-CR ARUNCYCLE UBI2461 05 2022,0.0,19566.0,-108185170.38,IMPS
2022-05-24,CASH-BNA-70167016BY01 05 222461,0.0,5000.0,-108180170.38,CASH
2022-05-25,ByClgCHNACCTSEC-CITYUNION2461BANKLTDC,0.0,17233.0,-108162937.38,CHQ
2022-05-25,ByClgCHNACCTSEC-INDIAN2461OVERSEASBANKIOBCHITHRAAGENCIES,0.0,10000.0,-108152937.38,CHQ
2022-05-25,ByClgCHNACCTSEC-BANKOFINDIA2461BOICHITHRAAGENCIES,0.0,7538.0,-108145399.38,CHQ
2022-05-25,ByClgCHNACCTSEC-STATEBANKOF2461INDIASBICHITHRAAGENCIES,0.0,19255.0,-108126144.38,CHQ
2022-05-25,ByClgCHNACCTSEC-INDIAN2461OVERSEASBANKIOBCHITHRAAGENCIES,0.0,12821.0,-108113323.38,CHQ
2022-05-25,ByClgCHNACCTSEC-ESAFSmall2461FinanceBankCHITHRAAGENCIES,0.0,23012.0,-108090311.38,CHQ
2022-05-25,ByClgCHNACCTSEC-INDIANBANK2461INBCHITHRAAGENCIES,0.0,50000.0,-108040311.38,CHQ
2022-05-25,ByClgCHNACCTSEC-PUNJAB2461NATIONALBANKPNBCHITHRAAGENCIES,0.0,12000.0,-108028311.38,CHQ
2022-05-25,UPI CR 214511875247 SURESH2461KU SBIN crboil,0.0,10000.0,-108018311.38,UPI
2022-05-25,CASH-BNA-162026202BKA1 05 222461,0.0,20000.0,-107998311.38,CASH
2022-05-25,NEFT2461ANTHAAUTOSTOR-null,0.0,3658.0,-107994653.38,NEFT
2022-05-25,NEFT2461Cr-94-DEEPAAUTOMOBILES- ATTN INB,0.0,10000.0,-107984653.38,NEFT
2022-05-25,MOB-IMPS-CR AbdulKade INDIAN24617 Deposit6,0.0,50000.0,-107934653.38,IMPS
2022-05-25,NEFT246161DC-ICIC0SF0002-ASHANMUGASUNDARAMU-null,0.0,24661.0,-107909992.38,NEFT
2022-05-25,UPI CR 214531578302 SOMU2461R IOBA ci UPI 6,0.0,3000.0,-107906992.38,UPI
2022-05-25,UPI CR 214581395742 SRI2461KARPA TMBL cbank UPI HDFbb6 05 2022,0.0,2000.0,-107904992.38,UPI
2022-05-25,FundsTransferDebit4036261000058SRIVIGNESHAUTO,0.0,96807.0,-107808185.38,TRANSFER
2022-05-25,FundsTransferDebit1011282000079-S2461KSAUTOCENTRE,0.0,1660.0,-107806525.38,TRANSFER
2022-05-25,FundsTransferDebit3001201001227BAVANISRIAUTO,0.0,4266.0,-107802259.38,TRANSFER
2022-05-25,NEFT2461Cr-50-SUBBIAHAGENCYS- ATTN,0.0,15000.0,-107787259.38,NEFT
2022-05-25,2461UPI 290 SELVARANI SBIN PaytoM SBIbdcbfedPage27of215,0.0,5000.0,-107782259.38,UPI
2022-05-25,NEFT2461Cr-15-DUBAIAUTOTYRES- ATTN trf,0.0,6847.0,-107775412.38,NEFT
2022-05-25,2461UPI 328 PREMKUMAR TMBL 807-1okaxis UPI b,0.0,2000.0,-107773412.38,UPI
2022-05-25,MOB-IMPS-CR SELVARAJA INDIAN2461 9,0.0,8000.0,-107765412.38,IMPS
2022-05-25,NEFT2461Cr-98-VSKAUTOMOBILES- URGENT,0.0,22784.0,-107742628.38,NEFT
2022-05-25,NEFT2461Cr---SRIAYYANARAUTOMOBILES-SPLSMEBRANCHMADURAI,0.0,87463.0,-107655165.38,NEFT
2022-05-25,NEFT24610NEFT01-SRIVISHNUAUTOMOBILES-CASTROL,0.0,79952.0,-107575213.38,NEFT
2022-05-26,ByClgCHNACCTSEC-FEDERALBANK2461LTDFBLCHITHRAAGENCIES,0.0,2969.0,-107572244.38,CHQ
2022-05-26,ByClgCHNACCTSEC-CITYUNION2461BANKLTDCHITHRAAGENCIES,0.0,3000.0,-107569244.38,CHQ
2022-05-26,ByClgCHNACCTSEC-TAMILNAD2461MERCANTILEBANKLTDTMBCHITHRAAGENCIES,0.0,80000.0,-107489244.38,CHQ
2022-05-26,ByClgCHNACCTSEC-CITYUNION2461BANKLTDCHITHRAAGENCIES,0.0,2201.0,-107487043.38,CHQ
2022-05-26,ByClgCHNACCTSEC-AXISBANKLTD2461CHITHRAAGENCIES,0.0,15486.0,-107471557.38,CHQ
2022-05-26,ByClgCHNACCTSEC-IDBIBANKLTD2461CHITHRAAGENCIES,0.0,3797.0,-107467760.38,CHQ
2022-05-26,ByClgCHNACCTSEC-INDIANBANK2461INBCHITHRAAGENCIES,0.0,49461.0,-107418299.38,CHQ
2022-05-26,ByClgCHNACCTSEC-BANDHAN2461BANKCHITHRAAGENCIES,0.0,67838.0,-107350461.38,CHQ
2022-05-26,ByClgCHNACCTSEC-STATEBANKOF2461INDIASBICHITHRAAGENCIES,0.0,62461.0,-107288000.38,CHQ
2022-05-26,ByClgCHNACCTSEC-UNIONBANKOF2461INDIAUBICHITHRAAGENCIES,0.0,12539.0,-107275461.38,CHQ
2022-05-26,ByClgCHNACCTSEC-AXISBANKLTD2461CHITHRAAGENCIES,0.0,5000.0,-107270461.38,CHQ
2022-05-26,ChqPaid-MICRInward2461Clearing-CASTROLINDIALTD-DEUTSCHEBANKDTB-DEUTSCHEBANK,2066692.46,0.0,-109337153.84,CHQ
2022-05-26,NEFT2461NAUTOSPARES-Guhan,0.0,3205.0,-109333948.84,NEFT
2022-05-26,NEFT2461Cr-27-ABDULLAHAUTOSTORES- ATTN,0.0,99528.0,-109234420.84,NEFT
2022-05-26,NEFT2461Cr---SRIGANESHAUTOPARTS-null,0.0,13758.0,-109220662.84,NEFT
2022-05-26,NEFT2461Cr-69-ANNAIAUTOPARTS-ANNAIAUTOPARTS,0.0,18381.0,-109202281.84,NEFT
2022-05-26,NEFT24610NEFT01-SRIVISHNUAUTOMOBILES-BUSINESSRELATED,0.0,29499.0,-109172782.84,NEFT
2022-05-26,CashDeposit DGULNGLNGR2461,0.0,65340.0,-109107442.84,CASH
2022-05-26,CashDeposit MDUPTNAGAR2461,0.0,75000.0,-109032442.84,CASH
2022-05-26,NEFT2461Cr-B027-ThIRUMANIAUTOSPARES- URGENT,0.0,3328.0,-109029114.84,NEFT
2022-05-26,FundsTransferDebit62141400000046SRIVENKATESHWARATW,0.0,6668.0,-109022446.84,TRANSFER
2022-05-26,2461UPI 877 PAULPANDI TMBL 35677ybl Payment 9,0.0,10700.0,-109011746.84,UPI
2022-05-26,UPI CR 214693408531 SRI2461EASWA CIUB ci UPI,0.0,7126.0,-109004620.84,UPI
2022-05-26,NEFT2461Cr-48-JAYAAUTOPARTS- ATTN INB,0.0,7114.0,-108997506.84,NEFT
2022-05-27,ChqPaid-MICRInward2461Clearing-CASTROLINDIALTD-DEUTSCHEBANKDTB-DEUTSCHEBANK,1786251.68,0.0,-110783758.52,CHQ
2022-05-27,ByClgCHNACCTSEC-THECATHOLIC2461SYRIANBANKLTDCSBC,0.0,3216.0,-110780542.52,CHQ
2022-05-27,ByClgCHNACCTSEC-STATEBANKOF2461INDIASBICHITHRAAGENCIES,0.0,7318.0,-110773224.52,CHQ
2022-05-27,ByClgCHNACCTSEC-INDIAN2461OVERSEASBANKIOBCHITHRAAGENCIES,0.0,7119.0,-110766105.52,CHQ
2022-05-27,ByClgCHNACCTSEC-TAMILNADU2461INDUSTRIALCO-OPERATIVEBANKC,0.0,9072.0,-110757033.52,CHQ
2022-05-27,ByClgCHNACCTSEC-STATEBANKOF2461INDIASBICHITHRAAGENCIES,0.0,15000.0,-110742033.52,OUTWARD-RETURN
2022-05-27,ByClgCHNACCTSEC-TAMILNAD2461MERCANTILEBANKLTDTMBCHITHRAAGENCIES,0.0,9815.0,-110732218.52,CHQ
2022-05-27,ByClgCHNACCTSEC-INDIAN2461OVERSEASBANKIOBCHITHRAAGENCIES,0.0,119834.0,-110612384.52,CHQ
2022-05-27,ByClgCHNACCTSEC-INDIANBANK2461INBCHITHRAAGENCIES,0.0,21465.0,-110590919.52,CHQ
2022-05-27,ByClgCHNACCTSEC-PUNJAB2461NATIONALBANKPNBCHITHRAAGENCIES,0.0,25236.0,-110565683.52,CHQ
2022-05-27,MB6700450 05 222461,0.0,3329.0,-110562354.52,TRANSFER
2022-05-27,MOB-IMPS-CR SENTHILLU BankOf24619,0.0,5245.0,-110557109.52,IMPS
2022-05-27,2461FI-TAB-TPDDEPOSIT-8-0263-1308,0.0,6000.0,-110551109.52,CASH
2022-05-27,MOB-IMPS-CR SRICHAKRA Karur2461 CAS 2022,0.0,11322.0,-110539787.52,IMPS
2022-05-27,RTGS2461Cr---SRIRAM-null,0.0,5000000.0,-105539787.52,RTGS
2022-05-27,CashDepositbyselfDGULNGLNGR2461,0.0,42840.0,-105496947.52,CASH
2022-05-27,INET-IMPS-CR SREEVINAY TAMILNAD2461M 247,0.0,23965.0,-105472982.52,IMPS
2022-05-27,CashDeposit MDUPTNAGAR2461,0.0,340000.0,-105132982.52,CASH
2022-05-27,IBITG9719300010112820000862461OTH-CASTROLBILLPAYMENT,0.0,129791.0,-105003191.52,TRANSFER
2022-05-27,INET-IMPS-CR SRIKRISHN TAMILNAD2461M 073,0.0,10000.0,-104993191.52,IMPS
2022-05-27,2461UPI 056 THAMARAIK KVBL cbank PaytoM H,0.0,6120.0,-104987071.52,UPI
2022-05-27,UPI CR 214714244433 Alagu2461Mur SBIN 987-1oksbi srimeen df4f 05 2022,0.0,2000.0,-104985071.52,UPI
2022-05-27,gefuchqreturn-InstrumentPostdated2461Out-datedun,15000.0,0.0,-105000071.52,OUTWARD-RETURN
2022-05-27,NEFT2461Cr-66-SRILAKSHMIAGENCIES- ATTN INB,0.0,111890.0,-104888181.52,NEFT
2022-05-27,2461UPI 027 KARTHIKEY KVBL s UPI 9,0.0,3492.0,-104884689.52,UPI
2022-05-27,2461UPI 741 CHANDRASE CNRB 76143ybl Payment be4dae9cc27f6,0.0,10000.0,-104874689.52,UPI
2022-05-27,INET-IMPS-CR KRAGENCI TheState2461 M 2022,0.0,30224.0,-104844465.52,IMPS
2022-05-27,INET-IMPS-CR KRAGENCI TheState2461 M 2022,0.0,23994.0,-104820471.52,IMPS
2022-05-27,2461UPI 491 SUBRAMANI CNRB 65600upi ARAuto d7 05 2022,0.0,3000.0,-104817471.52,UPI
2022-05-28,OWCHQRTNCHGSNCAOTHTHAN2461IND,354.0,0.0,-104817825.52,OUTWARD-CHARGES
2022-05-28,CASHHANDLINGCHCAODOCC2461,802.0,0.0,-104818627.52,BANK-CHARGES
2022-05-28,INET-IMPS-CR Customer IOBN22461 241 kayyem0,0.0,3461.0,-104815166.52,IMPS
2022-05-28,UPI CR 214811884285 OM2461SAKTHI SBIN otorsoksbi UPI,0.0,14037.0,-104801129.52,UPI
2022-05-28,MOB-IMPS-CR AbdulKade INDIAN24617 Deposit6,0.0,100000.0,-104701129.52,IMPS
2022-05-28,MB 4861255000004 ANBALAGAN2461M 8 CASTROOIL CANARA anbueri 2022,0.0,5000.0,-104696129.52,IMPS
2022-05-28,NEFT2461Cr-98-BHARATHTRADERS- REF Page30of215,0.0,37182.0,-104658947.52,NEFT
2022-05-28,2461UPI 718 KRISHNAKU SBIN PaytoM SBIdebc 05 2022,0.0,13326.0,-104645621.52,UPI
2022-05-28,INET-IMPS-CR SRIITHIRU TAMILNAD2461M 654 Sriit 44,0.0,9650.0,-104635971.52,IMPS
2022-05-28,UPI CR 214839006932 MSTHE2461RO IDIB 998-2okhdfcbank UPI a3,0.0,10000.0,-104625971.52,UPI
2022-05-28,2461UPI 783 BALAMURUG SBIN ruganoksbi UPI b,0.0,3661.0,-104622310.52,UPI
2022-05-28,NEFT2461MMANAUTOSTORE-null,0.0,9625.0,-104612685.52,NEFT
2022-05-28,NEFT24610IN0426-THECHAKRAAUTOLINK-DBSS0IN0426,0.0,12821.0,-104599864.52,NEFT
2022-05-28,MOB-IMPS-CR ARUNCYCLE UBI2461 05 2022,0.0,3645.0,-104596219.52,IMPS
2022-05-29,INET-IMPS-CR SSAUTOS TAMILNAD2461M 142 CRB8,0.0,27912.0,-104568307.52,IMPS
2022-05-29,INET-IMPS-CR JAYAPRIYA TAMILNAD2461M 283,0.0,10000.0,-104558307.52,IMPS
2022-05-30,-CHITHRAAGENCIES2461DrawdownFromCASA,362419.0,0.0,-104920726.52,EMI-DEBIT
2022-05-30,NEFT2461Cr-30-SIDDHESHAUTOSPARES- REF,0.0,9833.0,-104910893.52,NEFT
2022-05-30,ChqPaid-MICRInward2461Clearing-CASTROLINDIALTD-DEUTSCHEBANKDTB-DEUTSCHEBANK,2444698.49,0.0,-107355592.01,CHQ
2022-05-30,ByClgCHNACCTSEC-INDIAN2461OVERSEASBANKIOBC,0.0,15508.0,-107340084.01,CHQ
2022-05-30,ByClgCHNACCTSEC-INDIAN2461OVERSEASBANKIOBCHITHRAAGENCIES,0.0,60847.0,-107279237.01,CHQ
2022-05-30,ByClgCHNACCTSEC-TAMILNAD2461MERCANTILEBANKLTDTMBCHITHRAAGENCIES,0.0,23487.0,-107255750.01,CHQ
2022-05-30,ByClgCHNACCTSEC-TAMILNAD2461MERCANTILEBANKLTDTMBCHITHRAAGENCIES,0.0,68746.0,-107187004.01,CHQ
2022-05-30,ByClgCHNACCTSEC-BANKOF2461BARODABOBCHITHRAAGENCIES,0.0,3559.0,-107183445.01,CHQ
2022-05-30,ByClgCHNACCTSEC-TAMILNAD2461MERCANTILEBANKLTDTMBCHITHRAAGENCIES,0.0,6449.0,-107176996.01,CHQ
2022-05-30,ByClgCHNACCTSEC-TAMILNAD2461MERCANTILEBANKLTDTMBCHITHRAAGENCIES,0.0,6163.0,-107170833.01,CHQ
2022-05-30,ByClgCHNACCTSEC-ICICIBANKLTD2461CHITHRAAGENCIES,0.0,10000.0,-107160833.01,CHQ
2022-05-30,ByClgCHNACCTSEC-TAMILNAD2461MERCANTILEBANKLTDTMBCHITHRAAGENCIES,0.0,81411.0,-107079422.01,CHQ
2022-05-30,ByClgCHNACCTSEC-KARURVYSYA2461BANKLTDKVBCHITHRAAGENCIES,0.0,137628.0,-106941794.01,CHQ
2022-05-30,ByClgCHNACCTSEC-STATEBANKOF2461INDIASBICHITHRAAGENCIES,0.0,6433.0,-106935361.01,CHQ
2022-05-30,ByClgCHNACCTSEC-STATEBANKOF2461INDIASBICHITHRAAGENCIES,0.0,4257.0,-106931104.01,CHQ
2022-05-30,ByClgCHNACCTSEC-PUNJAB2461NATIONALBANKPNBCHITHRAAGENCIES,0.0,2217.0,-106928887.01,CHQ
2022-05-30,NEFT2461Cr---NEWRPSAUTOSPARES-SPLSMEBRANCHMADURAI,0.0,2133.0,-106926754.01,NEFT
2022-05-30,UPI CR 215069423007 N2461MUTHUKR IOBA s UPI b 2022,0.0,5000.0,-106921754.01,UPI
2022-05-30,NEFT2461Cr-50-SUBBIAHAGENCYS- ATTN,0.0,452.0,-106921302.01,NEFT
2022-05-30,NEFT2461Cr-50-SUBBIAHAGENCYS- ATTN,0.0,15000.0,-106906302.01,NEFT
2022-05-30,CashDeposit MDUPTNAGAR2461,0.0,85000.0,-106821302.01,CASH
2022-05-30,NEFT2461HAGAVATHIAUTO-null,0.0,3082.0,-106818220.01,NEFT
2022-05-30,CHITRAAGENCIES125000085755-SRI2461KRISHNAAGENCY,0.0,8992.0,-106809228.01,TRANSFER
2022-05-30,CHITRAAGENCIES3315201000036THIRUMURUGANAUTOSP,0.0,6514.0,-106802714.01,TRANSFER
2022-05-30,CHITRAAGENCIES62141400000046SRIVENKATESHWARATW,0.0,8113.0,-106794601.01,TRANSFER
2022-05-30,CHITRAAGENCIES1009201003580BALAJIAUTOCRAFTS,0.0,4120.0,-106790481.01,TRANSFER
2022-05-30,MB 1459201001596 LAKSHMI2461AUTOMOBRAAGENCIES CANARA Lakshmiautomo 202203,0.0,5203.0,-106785278.01,IMPS
2022-05-30,NEFT2461Cr-28-SRIAMMANAUTOAGENCY- ATTN,0.0,2965.0,-106782313.01,NEFT
2022-05-30,INET-IMPS-CR SOMNATHAU ICICI24611134 CHI 2022,0.0,39693.0,-106742620.01,IMPS
2022-05-30,NEFT2461Cr-47-MSMSSSON- ATTN INB,0.0,10226.0,-106732394.01,NEFT
2022-05-30,2461UPI 244 RAMAMOORT KVBL 30461ibl PaytoM IBL6 05 2022,0.0,5000.0,-106727394.01,UPI
2022-05-30,NEFT2461Cr-98-VSKAUTOMOBILES- URGENT,0.0,15246.0,-106712148.01,NEFT
2022-05-30,NEFT246156-BHARATHAUTOPARTS- URGENT,0.0,3225.0,-106708923.01,NEFT
2022-05-30,NEFT24610-CHITHRA,0.0,4648.0,-106704275.01,NEFT
2022-05-30,NEFT24610000001-HAPage32of215RIKRISHNAAUTOPARTS-Harikrishna,0.0,40528.0,-106663747.01,NEFT
2022-05-30,NEFT2461Cr-48-JAYAAUTOPARTS- ATTN INB,0.0,9753.0,-106653994.01,NEFT
2022-05-30,CASH-BNA-70167016BY01 05 222461,0.0,3400.0,-106650594.01,CASH
2022-05-30,NEFT2461RISHNAAUTOPAR-DBSS0IN0426,0.0,3168.0,-106647426.01,NEFT
2022-05-31,ChqPaid-MICRInward2461Clearing-CASTROLINDIALTD-DEUTSCHEBANKDTB-DEUTSCHEBANK,932431.12,0.0,-107579857.13,CHQ
2022-05-31,NEFT2461Cr---SRIGANESHAUTOPARTS-null,0.0,8088.0,-107571769.13,NEFT
2022-05-31,ByClgCHNACCTSEC-PANDYAN2461GRAMABPURAMSTPACHITRAAGENCIES,0.0,3526.0,-107568243.13,CHQ
2022-05-31,NEFT2461Cr-99-NATIONALTRADERS-null,0.0,5156.0,-107563087.13,NEFT
2022-05-31,ByClgCHNACCTSEC-KARURVYSYA2461BANKLTDKVBCHITRAAGENCIES,0.0,3422.0,-107559665.13,CHQ
2022-05-31,ByClgCHNACCTSEC-PUNJAB2461NATIONALBANKPNBCHITRAAGENCIES,0.0,7137.0,-107552528.13,CHQ
2022-05-31,ByClgCHNACCTSEC-INDIAN2461OVERSEASBANKIOBCHITRAAGENCIES,0.0,17000.0,-107535528.13,CHQ
2022-05-31,ByClgCHNACCTSEC-KARURVYSYA2461BANKLTDKVBCHITRAAGENCIES,0.0,7776.0,-107527752.13,CHQ
2022-05-31,ByClgCHNACCTSEC-ICICIBANKLTD2461CHITRAAGENCIES,0.0,5000.0,-107522752.13,CHQ
2022-05-31,ByClgCHNACCTSEC-INDIANBANK2461INBCHITRAAGENCIES,0.0,6053.0,-107516699.13,CHQ
2022-05-31,ByClgCHNACCTSEC-TAMILNAD2461MERCANTILEBANKLTDTMBCHITRAAGENCIES,0.0,9975.0,-107506724.13,CHQ
2022-05-31,ByClgCHNACCTSEC-TAMILNAD2461MERCANTILEBANKLTDTMBCHITRAAGENCIES,0.0,6469.0,-107500255.13,CHQ
2022-05-31,ByClgCHNACCTSEC-KARURVYSYA2461BANKLTDKVBCHITRAAGENCIES,0.0,83308.0,-107416947.13,CHQ
2022-05-31,ByClgCHNACCTSEC-KARURVYSYA2461BANKLTDKVBCHITRAAGENCIES,0.0,18130.0,-107398817.13,CHQ
2022-05-31,ByClgCHNACCTSEC-CITYUNION2461BANKLTDCHITRAAGENCIES,0.0,10000.0,-107388817.13,CHQ
2022-05-31,ByClgCHNACCTSEC-TAMILNAD2461MERCANTILEBANKLTDTMBCHITRAAGENCIES,0.0,5877.0,-107382940.13,CHQ
2022-05-31,ByClgCHNACCTSEC-KARURVYSYA2461BANKLTDKVBCHITRAAGENCIES,0.0,10038.0,-107372902.13,CHQ
2022-05-31,NEFT24610002101-SMRLUBRICANTS-null,0.0,3605.0,-107369297.13,NEFT
2022-05-31,FundsTransferDebit62143070000376MALARAUTOMOBILES,0.0,13404.0,-107355893.13,TRANSFER
2022-05-31,UPI CR 215114080859 MrS2461KANN IDIB UPI Sd8,0.0,3000.0,-107352893.13,UPI
2022-05-31,RTGS2461Cr---ARUNPOLYMERS-nullPage33of215,0.0,2000000.0,-105352893.13,RTGS
2022-05-31,NEFT2461Cr-87-DHANALAKSHMIAUTOSTORE-null,0.0,5000.0,-105347893.13,NEFT
2022-05-31,NEFT2461Cr-00-SRIVISHNUTRADERS-null,0.0,10631.0,-105337262.13,NEFT
2022-05-31,UPI CR 215161217933 MOHAMED2461B CNRB ci UPI,0.0,4000.0,-105333262.13,UPI
2022-05-31,NEFT2461Cr---SRISELVAKUMARAUTOSTORE-SPLSMEBRANCHMADURAI,0.0,4266.0,-105328996.13,NEFT
2022-05-31,FundsTransferDebit1006201002981BASKARELECTRICALS,0.0,2024.0,-105326972.13,TRANSFER
2022-05-31,2461MOB-IMPS-CR BLOSSOMTRA BANKOF000 05 2022,0.0,9970.0,-105317002.13,IMPS
2022-05-31,2461UPI 906 SASIKUMAR SBIN UPI Se,0.0,5000.0,-105312002.13,UPI
2022-05-31,NEFT2461AUTOMOBILES-Prem,0.0,17215.0,-105294787.13,NEFT
2022-05-31,INET-IMPS-CR NELSONSBE TAMILNAD2461M 029 AGAINST2,0.0,44883.0,-105249904.13,IMPS
2022-06-01,CASADebitInterestCapitalized2461,931213.0,0.0,-106181117.13,INTEREST-PAID
2022-06-01,IBOAT9446002397261010137Online2461TransactionOTH-,1200000.0,0.0,-107381117.13,TRANSFER
2022-06-01,ByClgCHNACCTSEC-TAMILNAD2461MERCANTILEBANKLTDTMBCHITHRAAGENCIES,0.0,3857.0,-107377260.13,CHQ
2022-06-01,ByClgCHNACCTSEC-PUNJAB2461NATIONALBANKPNBCHITHRAAGENCIES,0.0,12000.0,-107365260.13,CHQ
2022-06-01,ByClgCHNACCTSEC-INDIAN2461OVERSEASBANKIOBCHITHRAAGENCIES,0.0,10758.0,-107354502.13,CHQ
2022-06-01,ByClgCHNACCTSEC-TAMILNAD2461MERCANTILEBANKLTDTMBCHITHRAAGENCIES,0.0,25000.0,-107329502.13,CHQ
2022-06-01,ByClgCHNACCTSEC-DBSBANKLTD2461DBSCHITHRAAGENCIES,0.0,6139.0,-107323363.13,CHQ
2022-06-01,ByClgCHNACCTSEC-BANKOFINDIA2461BOICHITHRAAGENCIES,0.0,5672.0,-107317691.13,CHQ
2022-06-01,ByClgCHNACCTSEC-KARURVYSYA2461BANKLTDKVBCHITHRAAGENCIES,0.0,4531.0,-107313160.13,CHQ
2022-06-01,ByClgCHNACCTSEC-INDIAN2461OVERSEASBANKIOBCHITHRAAGENCIES,0.0,17682.0,-107295478.13,CHQ
2022-06-01,UPI CR 215252046111 AMBIGA2461CY CNRB partsybl Payment YBac 06 2022,0.0,5000.0,-107290478.13,UPI
2022-06-01,UPI CR 215252909586 PRASATH2461K SBIN 37708ybl Payment dbde,0.0,4000.0,-107286478.13,UPI
2022-06-01,UPI CR 215296234447 SOMU2461R IOBA ci UPI ICI Page34of215,0.0,2000.0,-107284478.13,UPI
2022-06-01,2461UPI 370 NAGAJOTHI TMBL 43169ybl Payment efc,0.0,5000.0,-107279478.13,UPI
2022-06-01,INET-IMPS-CR ACN2461MOTORS HDFCBA907684 OilPa 2022,0.0,36091.0,-107243387.13,IMPS
2022-06-01,UPI CR 215211652501 Mr2461Nagara CIUB 881-2okhdfcbank UPI d0 2022,0.0,3000.0,-107240387.13,UPI
2022-06-01,2461UPI 659 VIGNESHWA FDRL 56876ybl PaytoM f,0.0,6538.0,-107233849.13,UPI
2022-06-01,2461UPI 982 SELVARANI SBIN UPI Sfbdd 06 2022,0.0,5000.0,-107228849.13,UPI
2022-06-01,UPI CR 215213375583 SRI2461VINAY KVBL cbank UPI HD6fa 06 2022,0.0,7268.0,-107221581.13,UPI
2022-06-01,IBITG175014500OnlineTransaction2461BDP-CNBNETC-BILLDSK-6-CLIENTCODE,3256.64,0.0,-107224837.77,ONLINE-PAYMENT
2022-06-01,IBITG178778000OnlineTransaction2461BDP-CNBNETC-BILLDSK-3-CLIENTCODE,3053.1,0.0,-107227890.87,ONLINE-PAYMENT
2022-06-01,NEFT2461Cr---SRIRAGAVENDRAAUTOSTORE-chithra,0.0,15811.0,-107212079.87,NEFT
2022-06-01,MB 3315261000010 CROWNTRADER2461M S 8 CHITHRACRBMDU CANARA crownvedasa 2022,0.0,16874.0,-107195205.87,IMPS
2022-06-01,INET-IMPS-CR Ananthapr IOBN12461 149 SRIGA 37,0.0,9242.0,-107185963.87,IMPS
2022-06-02,INET-IMPS-CR NAGAPPAAU INDIAN24619 NAGAPPA4,0.0,9854.0,-107176109.87,IMPS
2022-06-02,ByClgCHNACCTSEC-INDIAN2461OVERSEASBANKIOBCHITHRAAGENCIES,0.0,131999.0,-107044110.87,CHQ
2022-06-02,ByClgCHNACCTSEC-KARURVYSYA2461BANKLTDKVBCHITHRAAGENCIES,0.0,5733.0,-107038377.87,CHQ
2022-06-02,ByClgCHNACCTSEC-TAMILNAD2461MERCANTILEBANKLTDTMBCHITHRAAGENCIES,0.0,4462.0,-107033915.87,CHQ
2022-06-02,ByClgCHNACCTSEC-TAMILNAD2461MERCANTILEBANKLTDTMBCHITHRAAGENCIES,0.0,3857.0,-107030058.87,CHQ
2022-06-02,ByClgCHNACCTSEC-INDIAN2461OVERSEASBANKIOBCHITHRAAGENCIES,0.0,10000.0,-107020058.87,CHQ
2022-06-02,ByClgCHNACCTSEC-INDIAN2461OVERSEASBANKIOBCHITHRAAGENCIES,0.0,12327.0,-107007731.87,CHQ
2022-06-02,NEFT246164-PRANIKAPage35of215SPARESLUBRICANTS- URGENT,0.0,10648.0,-106997083.87,NEFT
2022-06-02,ChqPaid-MICRInward2461Clearing-CASTROLINDIALTD-DEUTSCHEBANKDTB-DEUTSCHEBANK,1103753.08,0.0,-108100836.95,CHQ
2022-06-02,NEFT2461Cr-00-TMSAUTOSPARES-null,0.0,128984.0,-107971852.95,NEFT
2022-06-02,CASH-BNA-14591459BY01 06 222461,0.0,45600.0,-107926252.95,CASH
2022-06-02,MB6700450 06 2211-28032010000292461,0.0,19405.0,-107906847.95,TRANSFER
2022-06-02,NEFT24610NEFT01-SRIVISHNUAUTOMOBILES-BUSINESSRELATED,0.0,12473.0,-107894374.95,NEFT
2022-06-02,UPI CR 215307962508 PERUMAL2461V UBIN ci PaytoM Ibe,0.0,2000.0,-107892374.95,UPI
2022-06-02,UPI CR 215347289622 KUMARAN2461T IOBA s PaytoM b 2022,0.0,5000.0,-107887374.95,UPI
2022-06-02,CashDeposit MDUPTNAGAR2461,0.0,135000.0,-107752374.95,CASH
2022-06-02,INET-IMPS-CR SRIMEENAK TAMILNAD2461M 149,0.0,2183.0,-107750191.95,IMPS
2022-06-02,IBITG1342125003054285000003Online2461TransactionOTH-LoantoTotalGaz,100000.0,0.0,-107850191.95,TRANSFER
2022-06-02,UPI CR 215351114978 Mr2461Ramach IDIB s PaytoM AXIefad97ca,0.0,4078.0,-107846113.95,UPI
2022-06-02,NEFT2461Cr---SELVITYRES-null,0.0,74068.0,-107772045.95,NEFT
2022-06-02,NEFT2461Cr-21-SRIBALAJIAUTOSPARES- ATTN BAL,0.0,14156.0,-107757889.95,NEFT
2022-06-02,MB 3054285000003 NIVASNATARAJAN2461S 8 CHITHRA CAN 2022,0.0,100000.0,-107657889.95,IMPS
2022-06-02,IBOAT1820365003054201000229OTH,0.0,250000.0,-107407889.95,TRANSFER
2022-06-02,2461UPI 098 MUTHUKUMAR CNRB s UPI 8ca4eeba0c,0.0,1500.0,-107406389.95,UPI
2022-06-02,INET-IMPS-CR SARAVANAA TAMILNAD2461M 762,0.0,7194.0,-107399195.95,IMPS
2022-06-02,NEFT2461HNAAUTOMOBILES-DBSS0IN0426,0.0,7336.0,-107391859.95,NEFT
2022-06-03,CASHHANDLINGCHCAODOCC2461,319.0,0.0,-107392178.95,BANK-CHARGES
2022-06-03,ByClgCHNACCTSEC-CITYUNION2461BANKLTDCHITHRAAGENCIES,0.0,10761.0,-107381417.95,CHQ
2022-06-03,ByClgCHNACCTSEC-STATEBANKOF2461INDIASBICHITHRAAGENCIES,0.0,4894.0,-107376523.95,CHQ
2022-06-03,ByClgCHNACCTSEC-TAMILNAD2461MERCANTILEBANKLTDTMBCHITHRAAGENCIESPage36of215,0.0,3520.0,-107373003.95,CHQ
2022-06-03,ByClgCHNACCTSEC-KARURVYSYA2461BANKLTDKVBCHITHRAAGENCIES,0.0,5733.0,-107367270.95,CHQ
2022-06-03,ByClgCHNACCTSEC-INDIAN2461OVERSEASBANKIOBCHITHRAAGENCIES,0.0,7078.0,-107360192.95,CHQ
2022-06-03,ByClgCHNACCTSEC-STATEBANKOF2461INDIASBICHITHRAAGENCIES,0.0,93367.0,-107266825.95,CHQ
2022-06-03,ByClgCHNACCTSEC-UNIONBANKOF2461INDIAUBICHITHRAAGENCIES,0.0,7729.0,-107259096.95,CHQ
2022-06-03,ByClgCHNACCTSEC-CITYUNION2461BANKLTDCHITHRAAGENCIES,0.0,3000.0,-107256096.95,CHQ
2022-06-03,ByClgCHNACCTSEC-IDBIBANKLTD2461CHITHRAAGENCIES,0.0,13365.0,-107242731.95,CHQ
2022-06-03,INET-IMPS-CR Customer IOBN22461 241 kayyem0,0.0,62766.0,-107179965.95,IMPS
2022-06-03,IBOAT430576002397261010137OTH,0.0,200000.0,-106979965.95,TRANSFER
2022-06-03,FundsTransferDebit1009201003580BALAJIAUTOCRAFTS,0.0,3680.0,-106976285.95,TRANSFER
2022-06-03,MOB-IMPS-CR AMAAUTO TheState2461 MOBLTA 2022,0.0,6395.0,-106969890.95,IMPS
2022-06-03,2461UPI 364 SASIKUMAR SBIN UPI dd,0.0,3600.0,-106966290.95,UPI
2022-06-03,UPI CR 215482171497 ARPUTHA2461R CNRB 17516axl PaytoM AXLe1,0.0,4000.0,-106962290.95,UPI
2022-06-03,NEFT2461Cr-15-DUBAIAUTOTYRES- ATTN trf,0.0,10000.0,-106952290.95,NEFT
2022-06-03,MOB-IMPS-CR RAMALINGAM IOBN12461 065 Ot 2022,0.0,10000.0,-106942290.95,IMPS
2022-06-03,NEFT2461Cr-66-SRILAKSHMIAGENCIES- ATTN INB,0.0,98421.0,-106843869.95,NEFT
2022-06-03,NEFT2461Cr---MAKESHLAKSHMIAUTOSTORES-SPLSMEBRANCHMADURAI,0.0,7021.0,-106836848.95,NEFT
2022-06-03,2461UPI 185 CHANDRASE CNRB 76143ybl Payment YBLfdb 2022,0.0,10000.0,-106826848.95,UPI
2022-06-03,2461UPI 793 ANANDARAJ KVBL 99457ybl Payment 2022,0.0,3000.0,-106823848.95,UPI
2022-06-04,MOB-IMPS-CR AbdulKade INDIAN24617 Deposit6,0.0,150000.0,-106673848.95,IMPS
2022-06-04,IBITG3037980010112820000862461OTH-CASTROLBILLPAYMENT,0.0,161890.0,-106511958.95,TRANSFER
2022-06-04,NEFT2461AMAUTOSPARES-null,0.0,5239.0,-106506719.95,NEFT
2022-06-04,ByClgCHNACCTSEC-TAMILNAD2461MERCANTILEBANKLTDTMBCHITRAAGENCIES,0.0,123731.0,-106382988.95,CHQ
2022-06-04,ByClgCHNACCTSEC-TAMILNAD2461MERCANTILEBANKLTDTMBCHITRAAGENCIES,0.0,13198.0,-106369790.95,CHQ
2022-06-04,ByClgCHNACCTSEC-HDFCBANK2461LTDCHITRAAGENCIES,0.0,6657.0,-106363133.95,CHQ
2022-06-04,ByClgCHNACCTSEC-TAMILNAD2461MERCANTILEBANKLTDTMBCHITRAAGENCIES,0.0,9000.0,-106354133.95,CHQ
2022-06-04,NEFT2461Cr-27-ABDULLAHAUTOSTORES- ATTN,0.0,120000.0,-106234133.95,NEFT
2022-06-04,MOB-IMPS-CR SREE2461AUTOM CityUn0105 06 2022,0.0,7198.0,-106226935.95,IMPS
2022-06-04,NEFT2461Cr---SRIGANESHAUTOPARTS-null,0.0,9467.0,-106217468.95,NEFT
2022-06-04,CashDeposit MDUPTNAGAR2461,0.0,500000.0,-105717468.95,CASH
2022-06-04,FundsTransferDebit1011201011691AUTOTYRES,0.0,17874.0,-105699594.95,TRANSFER
2022-06-04,FundsTransferDebit1093201001547PRABHUOILSTORE,0.0,18214.0,-105681380.95,TRANSFER
2022-06-04,FundsTransferDebit3315201000036THIRUMURUGANAUTOSP,0.0,6656.0,-105674724.95,TRANSFER
2022-06-04,NEFTCr-SAA120138214-TMBL0000051-S2461PSTORE-null,0.0,6936.0,-105667788.95,NEFT
2022-06-04,UPI CR 215562716589 MrR2461ARAV IDIB ci Castrol 6e,0.0,5500.0,-105662288.95,UPI
2022-06-04,NEFT24610IN0426-THECHAKRAAUTOLINK-DBSS0IN0426,0.0,7078.0,-105655210.95,NEFT
2022-06-04,NEFT24610IN0426-THECHAKRAAUTOLINK-DBSS0IN0426,0.0,6236.0,-105648974.95,NEFT
2022-06-04,NEFT24610IN0426-THECHAKRAAUTOLINK-DBSS0IN0426,0.0,10040.0,-105638934.95,NEFT
2022-06-04,NEFT24610IN0426-THECHAKRAAUTOLINK-DBSS0IN0426,0.0,4119.0,-105634815.95,NEFT
2022-06-04,NEFT2461MMANAUTOSTORE-null,0.0,9948.0,-105624867.95,NEFT
2022-06-04,NEFT2461Cr---SMTENTERPRISES-SPLSMEBRANCHMADURAI,0.0,12208.0,-105612659.95,NEFT
2022-06-04,CASHHANDLINGCHCAODOCC2461,1180.0,0.0,-105613839.95,BANK-CHARGES
2022-06-05,UPI CR 215682330766 MS2461RAGUMA IDIB 15268ibl Payment IBLe3ebf 06 2022,0.0,2000.0,-105611839.95,UPI
2022-06-06,ByClgCHNACCTSEC-STATEBANKOF2461INDIASBICHITHRAAGENCIES,0.0,10225.0,-105601614.95,CHQ
2022-06-06,ByClgCHNACCTSEC-KARURVYSYA2461BANKLTDKVBCHITHRAAGENCIES,0.0,5733.0,-105595881.95,CHQ
2022-06-06,ByClgCHNACCTSEC-INDIANBANK2461INBCHITHRAAGENCIES,0.0,6355.0,-105589526.95,CHQ
2022-06-06,ByClgCHNACCTSEC-AXISBANKLTD2461CHITHRAAGENCIESPage38of215,0.0,6765.0,-105582761.95,CHQ
2022-06-06,ByClgCHNACCTSEC-CITYUNION2461BANKLTDCHITHRAAGENCIES,0.0,1350.0,-105581411.95,CHQ
2022-06-06,ByClgCHNACCTSEC-INDIAN2461OVERSEASBANKIOBCHITHRAAGENCIES,0.0,65996.0,-105515415.95,CHQ
2022-06-06,ByClgCHNACCTSEC-TAMILNAD2461MERCANTILEBANKLTDTMBCHITHRAAGENCIES,0.0,6769.0,-105508646.95,CHQ
2022-06-06,ByClgCHNACCTSEC-AXISBANKLTD2461CHITHRAAGENCIES,0.0,1891.0,-105506755.95,CHQ
2022-06-06,ByClgCHNACCTSEC-AXISBANKLTD2461CHITHRAAGENCIES,0.0,17730.0,-105489025.95,CHQ
2022-06-06,ByClgCHNACCTSEC-TAMILNAD2461MERCANTILEBANKLTDTMBCHITHRAAGENCIES,0.0,3520.0,-105485505.95,CHQ
2022-06-06,ByClgCHNACCTSEC-ICICIBANKLTD2461CHITHRAAGENCIES,0.0,10000.0,-105475505.95,CHQ
2022-06-06,ByClgCHNACCTSEC-TAMILNAD2461MERCANTILEBANKLTDTMBCHITHRAAGENCIES,0.0,5000.0,-105470505.95,CHQ
2022-06-06,NEFT2461ALAJIAUTOPART-1071,0.0,7336.0,-105463169.95,NEFT
2022-06-06,ChqPaid-MICRInward2461Clearing-CASTROLINDIALTD-DEUTSCHEBANKDTB-DEUTSCHEBANK,2293809.63,0.0,-107756979.58,CHQ
2022-06-06,2461UPI 551 AMMANULLA UTIB 02099ybl PaytoM YBa 06 2022,0.0,10197.0,-107746782.58,UPI
2022-06-06,UPI CR 215744515785 NIZAM2461AUT CIUB ay UPI efdad 25412,0.0,10000.0,-107736782.58,UPI
2022-06-06,IBITG6765580010062610052682461OTH-BILLPAY,0.0,17985.0,-107718797.58,TRANSFER
2022-06-06,MOB-IMPS-CR AAMEENAJ Karur2461 2022,0.0,5525.0,-107713272.58,IMPS
2022-06-06,NEFT2461Cr---SRIVIGNESHMOTORS-SPLSMEBRANCHMADURAI,0.0,2841.0,-107710431.58,NEFT
2022-06-06,NEFT2461AUTOMOBILES-Prem,0.0,54496.0,-107655935.58,NEFT
2022-06-06,NEFT2461Cr-15-DUBAIAUTOTYRES- ATTN trf,0.0,15000.0,-107640935.58,NEFT
2022-06-06,UPI CR 215749072459 Mr2461Rajapa IDIB s PaytoM de,0.0,2000.0,-107638935.58,UPI
2022-06-06,UPI CR 215715367569 SEKAR2461S HDFC cbank PaytoM HDFc8a0cfbaf 06 2022,0.0,3000.0,-107635935.58,UPI
2022-06-06,NEFT2461Cr-58-RAJENDRAENTERPRISES- REF,0.0,8443.0,-107627492.58,NEFT
2022-06-06,NEFT2461Cr---SRIRAGAVENDRAAUTOSTORE-chitra,0.0,8687.0,-107618805.58,NEFT
2022-06-07,ByClgCHNACCTSEC-AXISBANKLTD2461CHITHRAAGENCIES,0.0,34851.0,-107583954.58,CHQ
2022-06-07,ByClgCHNACCTSEC-TAMILNAD2461MERCANTILEBANKLTDTMBCHITHRAAGENCIES,0.0,9085.0,-107574869.58,CHQ
2022-06-07,ByClgCHNACCTSEC-AXISBANKLTD2461CHITHRAAGENCIES,0.0,7012.0,-107567857.58,CHQ
2022-06-07,ByClgCHNACCTSEC-PUNJAB2461NATIONALBANKPNBCHITHRAAGENCIES,0.0,52583.0,-107515274.58,CHQ
2022-06-07,ByClgCHNACCTSEC-TAMILNAD2461MERCANTILEBANKLTDTMBCHITHRAAGENCIES,0.0,3000.0,-107512274.58,CHQ
2022-06-07,ByClgCHNACCTSEC-IDBIBANKLTD2461CHITHRAAGENCIES,0.0,10495.0,-107501779.58,CHQ
2022-06-07,ByClgCHNACCTSEC-KARURVYSYA2461BANKLTDKVBCHITHRAAGENCIES,0.0,10018.0,-107491761.58,CHQ
2022-06-07,ByClgCHNACCTSEC-UNIONBANKOF2461INDIAUBICHITHRAAGENCIES,0.0,12569.0,-107479192.58,OUTWARD-RETURN
2022-06-07,INET-IMPS-CR PONRAJANA TAMILNAD2461M 514 towards3,0.0,2996.0,-107476196.58,IMPS
2022-06-07,NEFT2461Cr-88-SWAMYAUTOSPAREPARTS-null,0.0,37011.0,-107439185.58,NEFT
2022-06-07,-DIRECT2461TAX1,18115.0,0.0,-107457300.58,INCOME-TAX
2022-06-07,-DIRECT2461TAX1,3381.0,0.0,-107460681.58,INCOME-TAX
2022-06-07,INET-IMPS-CR TRVRAM TheState2461 M 2022,0.0,50000.0,-107410681.58,IMPS
2022-06-07,2461UPI 179 MALAIARAS KVBL partsokaxis UPI e,0.0,3000.0,-107407681.58,UPI
2022-06-07,NEFT2461ANDLYDIATRADER-null,0.0,21096.0,-107386585.58,NEFT
2022-06-07,IBITG110470000OnlineTransaction2461BDP-CNBNETC-BILLDSK-0-CLIENTCODE,1017.7,0.0,-107387603.28,ONLINE-PAYMENT
2022-06-07,NEFT2461Cr-27-SOUNDARAUTOAGENCIES- ATTN,0.0,4584.0,-107383019.28,NEFT
2022-06-07,gefuchqreturn-Alterationrequires2461drawersauthenticat,31523.0,0.0,-107414542.28,OUTWARD-RETURN
2022-06-07,gefuchqreturn-Exceedsarrangement2461,12569.0,0.0,-107427111.28,OUTWARD-RETURN
2022-06-07,INET-IMPS-CR ACN2461MOTORS HDFCBA907 06 2022,0.0,3721.0,-107423390.28,IMPS
2022-06-07,MB 125000972721 AYYANARAUTO2461PRA CANARA AyyanarAutopartsAm 55,0.0,3328.0,-107420062.28,IMPS
2022-06-07,NEFT2461Cr-16-PNRSCOOTERHOUSE-null,0.0,22251.0,-107397811.28,NEFT
2022-06-07,UPI CR 215896494302 DINESH2461KA ICIC ci Castrol,0.0,6259.0,-107391552.28,UPI
2022-06-07,2461UPI 649 CHANDRASE CNRB 76143ybl Payment YB2,0.0,12718.0,-107378834.28,UPI
2022-06-08,OWCHQRTNCHGSNCAOTHTHAN2461IND,354.0,0.0,-107379188.28,OUTWARD-CHARGES
2022-06-08,OWCHQRTNCHGSNCAOTHTHAN2461IND,354.0,0.0,-107379542.28,OUTWARD-CHARGES
2022-06-08,ByClgCHNACCTSEC-PANDYAN2461GRAMABPURAMSTPACHITHRAAGENCIES,0.0,17195.0,-107362347.28,CHQ
2022-06-08,ByClgCHNACCTSEC-TAMILNAD2461MERCANTILEBANKLTDTMBCHITHRAAGENCIES,0.0,3056.0,-107359291.28,CHQ
2022-06-08,ByClgCHNACCTSEC-UNIONBANKOF2461INDIAUBICHITHRAAGENCIES,0.0,4775.0,-107354516.28,CHQ
2022-06-08,ByClgCHNACCTSEC-INDIAN2461OVERSEASBANKIOBCHITHRAAGENCIES,0.0,4749.0,-107349767.28,CHQ
2022-06-08,ByClgCHNACCTSEC-TAMILNAD2461MERCANTILEBANKLTDTMBCHITHRAGENCIES,0.0,20000.0,-107329767.28,CHQ
2022-06-08,ByClgCHNACCTSEC-CITYUNION2461BANKLTDCHITHRAAGENCIES,0.0,3329.0,-107326438.28,CHQ
2022-06-08,MOB-IMPS-CR AANANTH INDIAN24612 AMAUTO4,0.0,7428.0,-107319010.28,IMPS
2022-06-08,NEFT2461Cr---SRIKUMARAUTOSPARES-null,0.0,10044.0,-107308966.28,NEFT
2022-06-08,CashDeposit DGULNGLNGR2461,0.0,51410.0,-107257556.28,CASH
2022-06-08,UPI CR 215912527452 SURESH2461KU SBIN crboil SBIa6a2adbf3,0.0,10000.0,-107247556.28,UPI
2022-06-08,UPI CR 215980626933 AMBIGA2461CY CNRB partsybl Payment,0.0,2336.0,-107245220.28,UPI
2022-06-08,FundsTransferDebit62141400000046SRIVENKATESHWARATW,0.0,8677.0,-107236543.28,TRANSFER
2022-06-08,INET-IMPS-CR SRIKRISHN TAMILNAD2461M 073,0.0,10000.0,-107226543.28,IMPS
2022-06-08,INET-IMPS-CR VENKATTWO TAMILNAD2461M 448,0.0,9987.0,-107216556.28,IMPS
2022-06-08,INET-IMPS-CR SRIITHIRU TAMILNAD2461M 654 Sriit 21,0.0,3328.0,-107213228.28,IMPS
2022-06-08,NEFTCr-SAA120394892-TMBL0000004-V2461APSSSELVITRADERS-null,0.0,10269.0,-107202959.28,NEFT
2022-06-08,UPI CR 215915607071 Alagu2461Mur SBIN 987-1oksbi srimeen b 2022,0.0,2000.0,-107200959.28,UPI
2022-06-08,UPI CR 215924208736 NAVEEN2461TW CIUB 87680ybl Payment c 06 2022,0.0,6000.0,-107194959.28,UPI
2022-06-08,UPI CR 215991994778 JOSHUA2461J IBKL ojoshokaxis UPI AXIee,0.0,213633.0,-106981326.28,UPI
2022-06-08,COMM-CERSAIFees08-JUN-222461,150.0,0.0,-106981476.28,OTHER-DEBITS
2022-06-08,SL-GST-NORMALCHARGE2461,27.0,0.0,-106981503.28,BANK-CHARGES
2022-06-08,SL-GST-NORMALCHARGE2461,27.0,0.0,-106981530.28,BANK-CHARGES
2022-06-08,COMM-CERSAIFees08-JUN-222461,150.0,0.0,-106981680.28,OTHER-DEBITS
2022-06-08,SL-GST-NORMALCHARGE2461,27.0,0.0,-106981707.28,BANK-CHARGES
2022-06-08,COMM-CERSAIFees08-JUN-222461,150.0,0.0,-106981857.28,OTHER-DEBITS
2022-06-08,COMM-CERSAIFees08-JUN-222461,150.0,0.0,-106982007.28,OTHER-DEBITS
2022-06-08,SL-GST-NORMALCHARGE2461,27.0,0.0,-106982034.28,BANK-CHARGES
2022-06-08,SL-GST-NORMALCHARGE2461,27.0,0.0,-106982061.28,BANK-CHARGES
2022-06-08,COMM-CERSAIFees08-JUN-222461,150.0,0.0,-106982211.28,OTHER-DEBITS
2022-06-08,SL-GST-NORMALCHARGE2461,27.0,0.0,-106982238.28,BANK-CHARGES
2022-06-08,COMM-CERSAIFees08-JUN-222461,150.0,0.0,-106982388.28,OTHER-DEBITS
2022-06-08,COMM-CERSAIFees08-JUN-222461,150.0,0.0,-106982538.28,OTHER-DEBITS
2022-06-08,SL-GST-NORMALCHARGE2461,27.0,0.0,-106982565.28,BANK-CHARGES
2022-06-08,COMM-CERSAIFees08-JUN-222461,150.0,0.0,-106982715.28,OTHER-DEBITS
2022-06-08,SL-GST-NORMALCHARGE2461,27.0,0.0,-106982742.28,BANK-CHARGES
2022-06-08,COMM-CERSAIFees08-JUN-222461,150.0,0.0,-106982892.28,OTHER-DEBITS
2022-06-08,SL-GST-NORMALCHARGE2461,27.0,0.0,-106982919.28,BANK-CHARGES
2022-06-08,SL-GST-NORMALCHARGE2461,27.0,0.0,-106982946.28,BANK-CHARGES
2022-06-08,COMM-CERSAIFees08-JUN-222461,150.0,0.0,-106983096.28,OTHER-DEBITS
2022-06-08,SL-GST-NORMALCHARGE2461,27.0,0.0,-106983123.28,BANK-CHARGES
2022-06-08,COMM-CERSAIFees08-JUN-222461,150.0,0.0,-106983273.28,OTHER-DEBITS
2022-06-08,COMM-CERSAIFees08-JUN-222461,150.0,0.0,-106983423.28,OTHER-DEBITS
2022-06-08,SL-GST-NORMALCHARGE2461,27.0,0.0,-106983450.28,BANK-CHARGES
2022-06-08,NEFT2461Cr---PRAKASHAUTOS-null,0.0,7593.0,-106975857.28,NEFT
2022-06-08,NEFT2461ANTHAAUTOSTOR-null,0.0,3000.0,-106972857.28,NEFT
2022-06-08,UPI CR 215976937147 Mr2461KANNAN CIUB 95861ybl Payment,0.0,13241.0,-106959616.28,UPI
2022-06-08,NEFT24610NEFT01-SRIPage42of215VISHNUAUTOMOBILES-BUSINESSRELATED,0.0,65920.0,-106893696.28,NEFT
2022-06-09,CASH-BNA-14591459BY01 06 222461,0.0,22800.0,-106870896.28,CASH
2022-06-09,INET-IMPS-CR SRIANNAI TAMILNAD2461M 595,0.0,4762.0,-106866134.28,IMPS
2022-06-09,ByClgCHNACCTSEC-BANKOF2461BARODABOBCHITHRAAGENCIES,0.0,69000.0,-106797134.28,CHQ
2022-06-09,ByClgCHNACCTSEC-CITYUNION2461BANKLTDCHITHRAAGENCIES,0.0,3000.0,-106794134.28,CHQ
2022-06-09,ByClgCHNACCTSEC-INDIAN2461OVERSEASBANKIOBCHITHRAAGENCIES,0.0,10000.0,-106784134.28,CHQ
2022-06-09,ByClgCHNACCTSEC-INDIAN2461OVERSEASBANKIOBC,0.0,25934.0,-106758200.28,CHQ
2022-06-09,ByClgCHNACCTSEC-INDIAN2461OVERSEASBANKIOBCHITHRAAGENCIES,0.0,120269.0,-106637931.28,CHQ
2022-06-09,NEFT24610NEFT01-SRIVISHNUAUTOMOBILES-BUSINESSRELATED,0.0,17029.0,-106620902.28,NEFT
2022-06-09,CashDeposit MDUPTNAGAR2461,0.0,75000.0,-106545902.28,CASH
2022-06-09,NEFT2461Cr-34-SRIKUMARANAUTOSPARES- REF,0.0,4000.0,-106541902.28,NEFT
2022-06-09,MOB-IMPS-CR AbdulKade INDIAN24617 Deposit6,0.0,100000.0,-106441902.28,IMPS
2022-06-09,NEFT2461Cr-66-SRILAKSHMIAGENCIES- ATTN INB,0.0,172373.0,-106269529.28,NEFT
2022-06-09,INET-IMPS-CR MURUGAN2461AU TAMILNADM 181 Pay 15,0.0,5000.0,-106264529.28,IMPS
2022-06-09,MOB-IMPS-CR SELVARAJA INDIAN2461 9,0.0,5000.0,-106259529.28,IMPS
2022-06-09,MB 3315261000010 CROWNTRADER2461M S 8 CHITHRACRBMDU CANARA crownvedasa 2022,0.0,7913.0,-106251616.28,IMPS
2022-06-10,ChqPaid-MICRInward2461Clearing-CASTROLINDIALTD-DEUTSCHEBANKDTB-DEUTSCHEBANK,1142356.75,0.0,-107393973.03,CHQ
2022-06-10,ByClgCHNACCTSEC-KARURVYSYA2461BANKLTDKVBCHITRAAGENCIES,0.0,7073.0,-107386900.03,CHQ
2022-06-10,ByClgCHNACCTSEC-CITYUNION2461BANKLTDCHITRAAGENCIES,0.0,10798.0,-107376102.03,OUTWARD-RETURN
2022-06-10,NEFT2461Cr-35-SRIGANESHAUTOAGENCY- ATTN Gan,0.0,6936.0,-107369166.03,NEFT
2022-06-10,UPI CR 216153954764 MOHAMED2461B CNRB ci UPI Iba,0.0,3071.0,-107366095.03,UPI
2022-06-10,NEFT2461Cr---SRIGANESHAUTOPARTS-null,0.0,2856.0,-107363239.03,NEFT
2022-06-10,UPI CR 216111930843 SRI2461MARUT PUNB 20082upi Srimaru UPI5ceb6ffbf4dad6a66985bPage43of215,0.0,8905.0,-107354334.03,UPI
2022-06-10,NEFTCr-000578043498-UBIN0545554-B2461MAUTOSTORES- URGENT,0.0,4060.0,-107350274.03,NEFT
2022-06-10,MOB-IMPS-CR JAHERHUSS ICICI24612740 6,0.0,5000.0,-107345274.03,IMPS
2022-06-10,CashDeposit MDUPTNAGAR2461,0.0,250000.0,-107095274.03,CASH
2022-06-10,2461UPI 737 PALANIVEL SBIN 79977ibl PaytoM,0.0,4000.0,-107091274.03,UPI
2022-06-10,MOB-IMPS-CR DHANALAKSH INDIAN24615 sribal 2022,0.0,15600.0,-107075674.03,IMPS
2022-06-10,2461UPI 551 SASIKUMAR SBIN UPI eacd5d 06 2022,0.0,5000.0,-107070674.03,UPI
2022-06-10,CHITRAAGENCIES1009201003580BALAJIAUTOCRAFTS,0.0,3539.0,-107067135.03,TRANSFER
2022-06-10,gefuchqreturn-Exceedsarrangement2461,10798.0,0.0,-107077933.03,OUTWARD-RETURN
2022-06-10,NEFT2461Cr-50-SUBBIAHAGENCYS- ATTN,0.0,16127.0,-107061806.03,NEFT
2022-06-10,NEFT2461NAUTOAGENCY-null,0.0,840.0,-107060966.03,NEFT
2022-06-10,2461UPI 065 ANANDARAJ KVBL 99457ybl Payment YBLed 2022,0.0,3000.0,-107057966.03,UPI
2022-06-10,NEFT2461Cr-62-SEENIAPPAAUTOSTORE-null,0.0,32646.0,-107025320.03,NEFT
2022-06-10,CASH-BNA-162026202BKA1 06 222461,0.0,90700.0,-106934620.03,CASH
2022-06-10,CASH-BNA-162026202BKA1 06 222461,0.0,19400.0,-106915220.03,CASH
2022-06-11,OWCHQRTNCHGSNCAOTHTHAN2461IND,354.0,0.0,-106915574.03,OUTWARD-CHARGES
2022-06-11,CASHHANDLINGCHCAODOCC2461,590.0,0.0,-106916164.03,BANK-CHARGES
2022-06-11,MOB-IMPS-CR AbdulKade INDIAN24617 Deposit6,0.0,100000.0,-106816164.03,IMPS
2022-06-11,NEFT2461Cr---NOVACOTTAGEINDUSTRY-SPLSMEBRANCHMADURAI,0.0,18065.0,-106798099.03,NEFT
2022-06-11,RTGS2461Cr---ARUNPOLYMERS-null,0.0,2500000.0,-104298099.03,RTGS
2022-06-11,2461UPI 880 MAHAPRABH SBIN PaytoM SBI8e4c4ead9dbb3,0.0,1350.0,-104296749.03,UPI
2022-06-11,NEFT2461Cr-15-DUBAIAUTOTYRES- ATTN trf,0.0,10000.0,-104286749.03,NEFT
2022-06-11,NEFT2461Cr---SRIPage44of215RAMDEVAUTOSPARES-null,0.0,13325.0,-104273424.03,NEFT
2022-06-12,IBOAT617857002397261010137Online2461TransactionOTH-LoantoAgenciesTvl,1500000.0,0.0,-105773424.03,TRANSFER
2022-06-12,NEFT2461Cr---KAMADHENUMOTORCYCLECOMPANY-null,0.0,7078.0,-105766346.03,NEFT
2022-06-13,2461UPI 658 DINESHKUM AIRP 088-1okhdfcbank UPI a3,0.0,20431.0,-105745915.03,UPI
2022-06-13,ByClgCHNACCTSEC-TAMILNAD2461MERCANTILEBANKLTDTMBCHITRAAGENCIES,0.0,41019.0,-105704896.03,CHQ
2022-06-13,ByClgCHNACCTSEC-SOUTHINDIAN2461BANKLTDSIBCHITRAAGENCIES,0.0,5156.0,-105699740.03,CHQ
2022-06-13,ByClgCHNACCTSEC-BANKOF2461BARODABOBCHITRAAGENCIES,0.0,4216.0,-105695524.03,CHQ
2022-06-13,ByClgCHNACCTSEC-PUNJAB2461NATIONALBANKPNBCHITRAAGENCIES,0.0,23091.0,-105672433.03,CHQ
2022-06-13,ByClgCHNACCTSEC-INDIAN2461OVERSEASBANKIOBCHITRAAGENCIES,0.0,61608.0,-105610825.03,CHQ
2022-06-13,ByClgCHNACCTSEC-ICICIBANKLTD2461CHITRAAGENCIES,0.0,15000.0,-105595825.03,CHQ
2022-06-13,ByClgCHNACCTSEC-INDIAN2461OVERSEASBANKIOBCHITRAAGENCIES,0.0,81585.0,-105514240.03,CHQ
2022-06-13,ByClgCHNACCTSEC-IDFCBank2461CHITRAAGENCIES,0.0,15252.0,-105498988.03,CHQ
2022-06-13,ByClgCHNACCTSEC-TAMILNAD2461MERCANTILEBANKLTDTMBCHITRAAGENCIES,0.0,5939.0,-105493049.03,CHQ
2022-06-13,ChqPaid-MICRInward2461Clearing-CASTROLINDIALTD-DEUTSCHEBANKDTB-DEUTSCHEBANK,2247695.68,0.0,-107740744.71,CHQ
2022-06-13,2461UPI 316 Dineshkum BARB 77192ybl PaytoM Ye 06 2022,0.0,1000.0,-107739744.71,UPI
2022-06-13,NEFT2461Cr---SRIGANESHAUTOPARTS-null,0.0,4897.0,-107734847.71,NEFT
2022-06-13,NEFT2461Cr-12-FGAUTOZONE- ATTN INB,0.0,15509.0,-107719338.71,NEFT
2022-06-13,NEFT2461AMAUTOSPARES-null,0.0,27691.0,-107691647.71,NEFT
2022-06-13,NEFT2461NAUTOSPARES-Guhan,0.0,6163.0,-107685484.71,NEFT
2022-06-13,2461UPI 044 SOMANATHA CNRB 20048ybl Payment YBL7cde,0.0,7000.0,-107678484.71,UPI
2022-06-13,RTGS2461Cr---SRIRAM-null,0.0,5000000.0,-102678484.71,RTGS
2022-06-13,CashDeposit MDUPTNAGAR2461,0.0,250000.0,-102428484.71,CASH
2022-06-13,FundsTransferDebit1011282000079-S2461KSAUTOCENTRE,0.0,27321.0,-102401163.71,TRANSFER
2022-06-13,NEFT2461Cr-16-GHAYATHRIMOTORS- ATTN INB,0.0,4271.0,-102396892.71,NEFT
2022-06-13,UPI CR 216417492530 MrK2461ALAG IDIB s PaytoM A 2022,0.0,1000.0,-102395892.71,UPI
2022-06-13,2461MOB-IMPS-CR BLOSSOMTRA BANKOF000 06 2022,0.0,6285.0,-102389607.71,IMPS
2022-06-13,NEFT2461Cr---SELVITYRES-null,0.0,68372.0,-102321235.71,NEFT
2022-06-13,NEFT2461Cr-98-VSKAUTOMOBILES- URGENT,0.0,22341.0,-102298894.71,NEFT
2022-06-13,NEFTCr-SAA120731720-TMBL0000051-S2461PSTORE-null,0.0,7269.0,-102291625.71,NEFT
2022-06-13,UPI CR 216459574824 MSTHE2461RO IDIB 998-2okhdfcbank UPI,0.0,13000.0,-102278625.71,UPI
2022-06-13,NEFT24610IN0426-THECHAKRAAUTOLINK-DBSS0IN0426,0.0,9826.0,-102268799.71,NEFT
2022-06-13,IBOAT20613100023972610101372461OnlineTransactionOTH-LoantoAgenciesTvl,1500000.0,0.0,-103768799.71,TRANSFER
2022-06-13,IBOAT20635260030542010002292461OnlineTransactionOTH-,40000.0,0.0,-103808799.71,TRANSFER
2022-06-13,NEFT2461Cr-02-SAMTRACTORANDSPARESCONTRACT- ATTN INB,0.0,15000.0,-103793799.71,NEFT
2022-06-13,CASHHANDLINGCHCAODOCC2461,590.0,0.0,-103794389.71,BANK-CHARGES
2022-06-14,ByClgCHNACCTSEC-PANDYAN2461GRAMABPURAMSTPACHITHRAAGENCIES,0.0,3326.0,-103791063.71,CHQ
2022-06-14,ByClgCHNACCTSEC-DBSBANKLTD2461DBSCHITHRAAGENCIES,0.0,3328.0,-103787735.71,CHQ
2022-06-14,ByClgCHNACCTSEC-TAMILNAD2461MERCANTILEBANKLTDTMBCHITHRAAGENCIES,0.0,13758.0,-103773977.71,CHQ
2022-06-14,ByClgCHNACCTSEC-INDIANBANK2461INBCHITHRAAGENCIES,0.0,9754.0,-103764223.71,CHQ
2022-06-14,ByClgCHNACCTSEC-STATEBANKOF2461INDIASBICHITHRAAGENCIES,0.0,4649.0,-103759574.71,CHQ
2022-06-14,ByClgCHNACCTSEC-TAMILNAD2461MERCANTILEBANKLTDTMBCHITHRAAGENCIES,0.0,20101.0,-103739473.71,CHQ
2022-06-14,ByClgCHNACCTSEC-STATEBANKOF2461INDIASBICHITHRAAGENCIES,0.0,15000.0,-103724473.71,CHQ
2022-06-14,ByClgCHNACCTSEC-FEDERALBANK2461LTDFBLCHITHRAAGENCIES,0.0,16355.0,-103708118.71,CHQ
2022-06-14,ByClgCHNACCTSEC-INDIANBANK2461INBCHITHRAAGENCIES,0.0,7336.0,-103700782.71,CHQ
2022-06-14,ByClgCHNACCTSEC-KARURVYSYA2461BANKLTDKVBCHITHRAAGENCIES,0.0,3668.0,-103697114.71,CHQ
2022-06-14,ByClgCHNACCTSEC-THECATHOLIC2461SYRIANBANKLTDCSBCHITHRAPage46of215AGENCIES,0.0,13353.0,-103683761.71,CHQ
2022-06-14,ByClgCHNACCTSEC-ICICIBANKLTD2461CHITHRAAGENCIES,0.0,2012.0,-103681749.71,CHQ
2022-06-14,ByClgCHNACCTSEC-KARURVYSYA2461BANKLTDKVBCHITHRAAGENCIES,0.0,28000.0,-103653749.71,CHQ
2022-06-14,ByClgCHNACCTSEC-CENTRALBANK2461OFINDIACBICHITHRAAGENCIES,0.0,6369.0,-103647380.71,CHQ
2022-06-14,ByClgCHNACCTSEC-CITYUNION2461BANKLTDCHITHRAAGENCIES,0.0,10667.0,-103636713.71,CHQ
2022-06-14,ByClgCHNACCTSEC-PUNJAB2461NATIONALBANKPNBCHITHRAAGENCIES,0.0,8000.0,-103628713.71,CHQ
2022-06-14,ChqPaid-MICRInward2461Clearing-CASTROLINDIALTD-DEUTSCHEBANKDTB-DEUTSCHEBANK,825484.88,0.0,-104454198.59,CHQ
2022-06-14,ChqPaid-MICRInward2461Clearing-CASTROLINDIALTD-DEUTSCHEBANKDTB-DEUTSCHEBANK,2237203.29,0.0,-106691401.88,CHQ
2022-06-14,2461UPI 517 MUTHUKUMAR CNRB s UPI AXIf 06 2022,0.0,1000.0,-106690401.88,UPI
2022-06-14,IBOAT153435003054201000229OTH,0.0,40000.0,-106650401.88,TRANSFER
2022-06-14,NEFT2461Cr-00-TMSAUTOSPARES-null,0.0,96643.0,-106553758.88,NEFT
2022-06-14,SCNEFTOTHERTHANSBIMB2461,29.0,0.0,-106553787.88,BANK-CHARGES
2022-06-14,IBNEFTDrP165220174428315ARUN2461POLYMERSRepaytoAP,1500000.0,0.0,-108053787.88,NEFT
2022-06-14,NEFT2461Cr---VIGNESHAUTOSPARES-SPLSMEBRANCHMADURAI,0.0,23597.0,-108030190.88,NEFT
2022-06-14,INET-IMPS-CR SRIKRISHN TAMILNAD2461M 073,0.0,10000.0,-108020190.88,IMPS
2022-06-14,2461UPI 570 PREMKUMAR TMBL 807-1okaxis UPI AXIcb0,0.0,3000.0,-108017190.88,UPI
2022-06-14,IBITG107600000OnlineTransaction2461BDP-ACTBro-CBP-,942.82,0.0,-108018133.7,TRANSFER
2022-06-14,FundsTransferDebit1011261000400-M2461RAUTOSTORE,0.0,5250.0,-108012883.7,TRANSFER
2022-06-14,NEFT2461Cr-00-SRIVISHNUTRADERS-null,0.0,15000.0,-107997883.7,NEFT
2022-06-14,INET-IMPS-CR SRIRAM2461EN CityUnhra2,0.0,5005.0,-107992878.7,IMPS
2022-06-14,NEFT2461Cr-76-SRIPADHALILUBRICANTS-null,0.0,20000.0,-107972878.7,NEFT
2022-06-14,INET-IMPS-CR SRIRAM2461EN CityUnhra2,0.0,29139.0,-107943739.7,IMPS
2022-06-14,NEFTCr-SAA120772897-TMBL0000004-V2461APSSSELVITRADERS-null,0.0,15481.0,-107928258.7,NEFT
2022-06-14,MB 4861255000004 ANBALAGAN2461M 8 CASTROOIL CANARA anbueri 2022,0.0,4000.0,-107924258.7,IMPS
2022-06-14,NEFT2461AKSHMIAGENCIES-SRILAKSHMIAGSVPR,0.0,43777.0,-107880481.7,NEFT
2022-06-14,NEFT2461Cr-50-SUBBIAHAGENCYS- ATTN,0.0,28880.0,-107851601.7,NEFT
2022-06-14,IBOAT16712700030542010002292461OnlineTransactionOTH-,1200000.0,0.0,-109051601.7,TRANSFER
2022-06-14,NEFT2461Cr---MAKESHLAKSHMIAUTOSTORES-SPLSMEBRANCHMADURAI,0.0,3524.0,-109048077.7,NEFT
2022-06-14,INET-IMPS-CR SRISELVAK TAMILNAD2461M 052,0.0,8272.0,-109039805.7,IMPS
2022-06-14,INET-IMPS-CR MAHADEVAU ICICI24610749 MAH 2022,0.0,24587.0,-109015218.7,IMPS
2022-06-14,IBOAT1934195003054201000229OTH,0.0,600000.0,-108415218.7,TRANSFER
2022-06-15,MOB-IMPS-CR SSUBBIAH AXB2461,0.0,30000.0,-108385218.7,IMPS
2022-06-15,NEFT2461ARAJAUTOSTORE-null,0.0,1809.0,-108383409.7,NEFT
2022-06-15,ByClgCHNACCTSEC-KARURVYSYA2461BANKLTDKVBCHITHRAAGENCIES,0.0,25851.0,-108357558.7,CHQ
2022-06-15,ByClgCHNACCTSEC-PANDYAN2461GRAMABPURAMSTPACHITHRAAGENCIES,0.0,13903.0,-108343655.7,CHQ
2022-06-15,ByClgCHNACCTSEC-KARURVYSYA2461BANKLTDKVBCHITHRAAGENCIES,0.0,20000.0,-108323655.7,CHQ
2022-06-15,ByClgCHNACCTSEC-KARURVYSYA2461BANKLTDKVBCHITHRAAGENCIES,0.0,19616.0,-108304039.7,CHQ
2022-06-15,NEFT2461Cr-27-ABDULLAHAUTOSTORES- ATTN,0.0,126988.0,-108177051.7,NEFT
2022-06-15,UPI CR 216611170248 SURESH2461KU SBIN crboil Sdd,0.0,5000.0,-108172051.7,UPI
2022-06-15,MOB-IMPS-CR DHANALAKSH AXB2461,0.0,5000.0,-108167051.7,IMPS
2022-06-15,MOB-IMPS-CR ROYALARUM Karur2461 1,0.0,12119.0,-108154932.7,IMPS
2022-06-15,UPI CR 216612811992 RAMKUMAR2461 SBIN PaytoM f9,0.0,2904.0,-108152028.7,UPI
2022-06-15,MB6700450 06 2212-47422010002042461,0.0,7336.0,-108144692.7,TRANSFER
2022-06-15,FundsTransferDebit4036261000058SRIVIGNESHAUTO,0.0,26460.0,-108118232.7,TRANSFER
2022-06-15,2461UPI 438 DINESHKUM CNRB cbank PaytoM H,0.0,5801.0,-108112431.7,UPI
2022-06-15,MOB-IMPS-CR SNAGAJOTH INDIAN24615 2,0.0,10000.0,-108102431.7,IMPS
2022-06-15,MB6700450 06 222461,0.0,3893.0,-108098538.7,TRANSFER
2022-06-15,MOB-IMPS-CR SELVARAJA INDIAN2461 9,0.0,9024.0,-108089514.7,IMPS
2022-06-15,UPI CR 216693832737 SURESH2461SA ESFB 761-1okhdfcbank PaytoM,0.0,2000.0,-108087514.7,UPI
2022-06-15,NEFT2461MMANAUTOSTORE-null,0.0,10000.0,-108077514.7,NEFT
2022-06-15,MOB-IMPS-CR AbdulKade INDIAN24617 Deposit6,0.0,100000.0,-107977514.7,IMPS
2022-06-15,UPI CR 216689080449 SELVAM2461AU TMBL ci PaytoM Idee 2022,0.0,832.0,-107976682.7,UPI
2022-06-15,NEFT2461LUBRICANTS-null,0.0,12768.0,-107963914.7,NEFT
2022-06-15,UPI CR 216668610962 MANIAN2461B CNRB lvm-1okaxis srijeya,0.0,3086.0,-107960828.7,UPI
2022-06-15,2461UPI 068 VEERAKUMA KVBL cbank UPI a,0.0,5500.0,-107955328.7,UPI
2022-06-15,NEFT24610NEFT01-SRIVISHNUAUTOMOBILES-CASTROL,0.0,104367.0,-107850961.7,NEFT
2022-06-15,MB 3315261000010 CROWNTRADER2461M S 8 CHITHRACRBMDU CANARA crownvedasa 2022,0.0,14501.0,-107836460.7,IMPS
2022-06-16,-CHITHRAAGENCIES2461DrawdownFromCASA,26049.0,0.0,-107862509.7,EMI-DEBIT
2022-06-16,IBOAT16804002397261010137Online2461TransactionOTH-,25000.0,0.0,-107887509.7,TRANSFER
2022-06-16,ByClgCHNACCTSEC-INDIAN2461OVERSEASBANKIOBCHITHRAAGENCIES,0.0,56351.0,-107831158.7,CHQ
2022-06-16,ByClgCHNACCTSEC-PUNJAB2461NATIONALBANKPNBCHITHRAAGENCIES,0.0,48780.0,-107782378.7,CHQ
2022-06-16,ByClgCHNACCTSEC-TAMILNAD2461MERCANTILEBANKLTDTMBCHITHRAAGENCIES,0.0,5299.0,-107777079.7,CHQ
2022-06-16,ByClgCHNACCTSEC-TAMILNAD2461MERCANTILEBANKLTDTMBCHITHRAAGENCIESPage49of215,0.0,6494.0,-107770585.7,CHQ
2022-06-16,ByClgCHNACCTSEC-TAMILNAD2461MERCANTILEBANKLTDTMBCHITHRAAGENCIES,0.0,5461.0,-107765124.7,CHQ
2022-06-16,ByClgCHNACCTSEC-INDIAN2461OVERSEASBANKIOBCHITHRAAGENCIES,0.0,10000.0,-107755124.7,CHQ
2022-06-16,ByClgCHNACCTSEC-STATEBANKOF2461INDIASBICHITHRAAGENCIES,0.0,159707.0,-107595417.7,CHQ
2022-06-16,ByClgCHNACCTSEC-STATEBANKOF2461INDIASBICHITHRAAGENCIES,0.0,6149.0,-107589268.7,CHQ
2022-06-16,ByClgCHNACCTSEC-PANDYAN2461GRAMABPURAMSTPACHITHRAAGENCIES,0.0,1781.0,-107587487.7,CHQ
2022-06-16,ByClgCHNACCTSEC-CITYUNION2461BANKLTDCHITHRAAGENCIES,0.0,3000.0,-107584487.7,CHQ
2022-06-16,ChqPaid-MICRInward2461Clearing-CASTROLINDIALTD-DEUTSCHEBANKDTB-DEUTSCHEBANK,338463.98,0.0,-107922951.68,CHQ
2022-06-16,MOB-IMPS-CR ARUNCYCLE UBI2461 06 2022,0.0,16463.0,-107906488.68,IMPS
2022-06-16,NEFT24610002101-MKENTERPRISES-null,0.0,140000.0,-107766488.68,NEFT
2022-06-16,MB 1459201001596 LAKSHMI2461AUTOMOBRAAGENCIES CANARA Lakshmiautomo 202211,0.0,3224.0,-107763264.68,IMPS
2022-06-16,IBITG4682030010112820000862461OTH-CASTROLBILLPAYMENT,0.0,203043.0,-107560221.68,TRANSFER
2022-06-16,CashDeposit1MADUIYERBG2461,0.0,19670.0,-107540551.68,CASH
2022-06-16,IBOAT751736002397261010137OTH,0.0,25000.0,-107515551.68,TRANSFER
2022-06-16,CashDeposit MDUPTNAGAR2461,0.0,175000.0,-107340551.68,CASH
2022-06-16,SCNEFTOTHERTHANSBIMB2461,29.0,0.0,-107340580.68,BANK-CHARGES
2022-06-16,IBNEFTDrP167220174873856ARUN2461POLYMERSRepayloantoAP,1000000.0,0.0,-108340580.68,NEFT
2022-06-16,UPI CR 216783202034 JANDJ2461A IBKL osh-1okicici UPI 7,0.0,10000.0,-108330580.68,UPI
2022-06-16,NEFT2461THUPANDICHINNAP-null,0.0,11657.0,-108318923.68,NEFT
2022-06-16,NEFT24610-CHITHRA,0.0,20807.0,-108298116.68,NEFT
2022-06-16,UPI CR 216726304161 SRI2461EASWA CIUB ci UPI e082bbf 06 2022,0.0,11500.0,-108286616.68,UPI
2022-06-16,NEFT2461Cr---SRIGANESHAUTOPARTS-null,0.0,38047.0,-108248569.68,NEFT
2022-06-16,2461UPI 709 PONNUCHAM BKID hasmyokhdfcbank PaytoM a65bf 06 2022,0.0,8000.0,-108240569.68,UPI
2022-06-16,NEFT2461Cr-15-DUBPage50of215AIAUTOTYRES- ATTN trf,0.0,10000.0,-108230569.68,NEFT
2022-06-16,IBITG1539177004064256000377OTH,0.0,16282.0,-108214287.68,TRANSFER
2022-06-16,NEFT2461Cr-74-SRISARAVANAAAUTOPARTS- REF,0.0,6859.0,-108207428.68,NEFT
2022-06-16,NEFT2461AUTOSTORES-arunbyepass,0.0,18914.0,-108188514.68,NEFT
2022-06-16,NEFT2461Cr-99-UNITEDENGINEERSASSOCIATES-null,0.0,31523.0,-108156991.68,NEFT
2022-06-16,NEFT2461Cr-B027-MTHIRUGNANASAMBANDANM- URGENT,0.0,20312.0,-108136679.68,NEFT
2022-06-17,CASHHANDLINGCHCAODOCC2461,413.0,0.0,-108137092.68,BANK-CHARGES
2022-06-17,MB 62002010077696 SUBRAMANIANR2461M 8 CASTROL CANARA ARAutopartsMaduraiSubrama 2022,0.0,3000.0,-108134092.68,IMPS
2022-06-17,INET-IMPS-CR Ananthapr IOBN22461 149 SRIGA 49,0.0,7391.0,-108126701.68,IMPS
2022-06-17,ByClgCHNACCTSEC-ICICIBANKLTD2461C,0.0,20127.0,-108106574.68,CHQ
2022-06-17,ByClgCHNACCTSEC-TAMILNAD2461MERCANTILEBANKLTDTMBCHITHRAAGENCIES,0.0,80000.0,-108026574.68,CHQ
2022-06-17,ByClgCHNACCTSEC-SOUTHINDIAN2461BANKLTDSIBC,0.0,7696.0,-108018878.68,CHQ
2022-06-17,ByClgCHNACCTSEC-TAMILNAD2461MERCANTILEBANKLTDTMBCHITHRAAGENCIES,0.0,30328.0,-107988550.68,CHQ
2022-06-17,ByClgCHNACCTSEC-TAMILNAD2461MERCANTILEBANKLTDTMBCHITHRAAGENCIES,0.0,37146.0,-107951404.68,CHQ
2022-06-17,ByClgCHNACCTSEC-AXISBANKLTD2461CHITHRAAGENCIES,0.0,7000.0,-107944404.68,CHQ
2022-06-17,ByClgCHNACCTSEC-AXISBANKLTD2461CHITHRAAGENCIES,0.0,10212.0,-107934192.68,CHQ
2022-06-17,ByClgCHNACCTSEC-INDIAN2461OVERSEASBANKIOBCHITHRAGENCIES,0.0,99536.0,-107834656.68,CHQ
2022-06-17,ByClgCHNACCTSEC-AXISBANKLTD2461CHITHRAAGENCIES,0.0,12457.0,-107822199.68,CHQ
2022-06-17,ByClgCHNACCTSEC-UNIONBANKOF2461INDIAUBICHITHRAAGENCIES,0.0,12569.0,-107809630.68,CHQ
2022-06-17,ByClgCHNACCTSEC-INDIANBANK2461INBCHITHRAAGENCIES,0.0,29987.0,-107779643.68,CHQ
2022-06-17,ByClgCHNACCTSEC-TAMILNAD2461MERCANTILEBANKLTDTMBCHITHRAAGENCIES,0.0,20000.0,-107759643.68,CHQ
2022-06-17,UPI CR 216877921921 RAMYA2461P CNRB 36451axl Payment AXLf26eb 06 2022,0.0,1900.0,-107757743.68,UPI
2022-06-17,UPI CR 216815885342 MURUGAN2461P CNRB PaytoM bbc,0.0,900.0,-107756843.68,UPI
2022-06-17,IBITG122165700OnlineTransaction2461BDP-CNBNETC-BILLDSK-0-CLIENTCODE,6106.2,0.0,-107762949.88,ONLINE-PAYMENT
2022-06-17,MB 4064101002960 PERUMALRAJA2461V 8 CHITHRAAAGENCIES Page51of215CAN 2022,0.0,5796.0,-107757153.88,IMPS
2022-06-17,INET-IMPS-CR Customer IOBN22461 241 kayyem0,0.0,3860.0,-107753293.88,IMPS
2022-06-17,MOB-IMPS-CR AbdulKade INDIAN24617 Deposit6,0.0,100000.0,-107653293.88,IMPS
2022-06-17,NEFT2461ANELECTRICALS-KANNANELECTRICALS,0.0,4897.0,-107648396.88,NEFT
2022-06-17,NEFT2461Cr-98-BHARATHTRADERS- REF,0.0,40935.0,-107607461.88,NEFT
2022-06-17,NEFT2461Cr-66-SRILAKSHMIAGENCIES- ATTN INB,0.0,100545.0,-107506916.88,NEFT
2022-06-17,2461UPI 213 ANANDARAJ KVBL 99457ybl Payment ef,0.0,3000.0,-107503916.88,UPI
2022-06-17,NEFT2461KRISHNAAUTOPARTS-Haritochidracrb,0.0,13978.0,-107489938.88,NEFT
2022-06-17,MB 62081400000335 PMVAUTO2461STRA CAN 2022,0.0,15000.0,-107474938.88,IMPS
2022-06-17,-CHITHRAAGENCIES2461DrawdownFromCASA,1770.0,0.0,-107476708.88,EMI-DEBIT
2022-06-17,-CHITHRAAGENCIES2461DrawdownFromCASA,1770.0,0.0,-107478478.88,EMI-DEBIT
2022-06-18,ByClgCHNACCTSEC-STATEBANKOF2461INDIASBICHITHRAAGENCIES,0.0,19600.0,-107458878.88,CHQ
2022-06-18,ByClgCHNACCTSEC-INDIAN2461OVERSEASBANKIOBCHITHRAAGENCIES,0.0,10251.0,-107448627.88,CHQ
2022-06-18,ByClgCHNACCTSEC-UNIONBANKOF2461INDIAUBICHITHRAAGENCIES,0.0,4391.0,-107444236.88,CHQ
2022-06-18,ByClgCHNACCTSEC-TAMILNAD2461MERCANTILEBANKLTDTMBCHITHRAAGENCIES,0.0,8956.0,-107435280.88,CHQ
2022-06-18,ByClgCHNACCTSEC-TAMILNAD2461MERCANTILEBANKLTDTMBCHITHRAAGENCIES,0.0,4418.0,-107430862.88,CHQ
2022-06-18,ByClgCHNACCTSEC-ICICIBANKLTD2461CHITHRAAGENCIES,0.0,17851.0,-107413011.88,CHQ
2022-06-18,ChqPaid-MICRInward2461Clearing-CASTROLINDIALTD-DEUTSCHEBANKDTB-DEUTSCHEBANK,1807942.56,0.0,-109220954.44,CHQ
2022-06-18,UPI CR 216958338113 PRASATH2461K SBIN 37708ybl Payment,0.0,3000.0,-109217954.44,UPI
2022-06-18,NEFTCr-SAA121042824-TMBL0000004-V2461APSSSELVITRADERS-null,0.0,6421.0,-109211533.44,NEFT
2022-06-18,IBOAT425155003054201000229OTH,0.0,600000.0,-108611533.44,TRANSFER
2022-06-18,CashDeposit MDUPTNAGAR2461,0.0,500000.0,-108111533.44,CASH
2022-06-18,FundsTransferDebit3315201000036THIRUMURUGANAUTOSP,0.0,11074.0,-108100459.44,TRANSFER
2022-06-18,FundsTransferDebit1011282000079-S2461KSAUTOCENTRE,0.0,32922.0,-108067537.44,TRANSFER
2022-06-18,FundsTransferDebit1093201001547PRABHUOILSTORE,0.0,10433.0,-108057104.44,TRANSFER
2022-06-18,FundsTransferDebit1009201003580BALAJIAUTOCRAFTS,0.0,5108.0,-108051996.44,TRANSFER
2022-06-18,INET-IMPS-CR KRAGENCI TheState2461 M 2022,0.0,33394.0,-108018602.44,IMPS
2022-06-18,NEFT2461Cr---NEWRPSAUTOSPARES-SPLSMEBRANCHMADURAI,0.0,5922.0,-108012680.44,NEFT
2022-06-18,NEFT2461Cr-91-RENUGABATTERYOILANDTYRES- ATTN INB,0.0,11000.0,-108001680.44,NEFT
2022-06-18,NEFT2461Cr---SASTHAAUTOPARTS-null,0.0,7132.0,-107994548.44,NEFT
2022-06-18,NEFT2461MMANAUTOSTORE-null,0.0,8939.0,-107985609.44,NEFT
2022-06-18,MOB-IMPS-CR SRIAGENCI UBI2461 017 1,0.0,8632.0,-107976977.44,IMPS
2022-06-18,NEFT2461Cr-47-MSMSSSON- ATTN INB,0.0,19637.0,-107957340.44,NEFT
2022-06-18,UPI CR 216991727865 MS2461RAGUMA IDIB 15268ibl Payment a6,0.0,2000.0,-107955340.44,UPI
2022-06-18,NEFTCr-SAA121090643-TMBL0000051-S2461PSTORE-SPLSMEBRANCHMADURAI,0.0,6260.0,-107949080.44,NEFT
2022-06-18,CASHHANDLINGCHCAODOCC2461,1180.0,0.0,-107950260.44,BANK-CHARGES
2022-06-19,PeriodicGodownSCcharges2461,2950.0,0.0,-107953210.44,BANK-CHARGES
2022-06-19,UPI CR 217055049485 MrR2461ARAV IDIB y21-1okaxis Castrol 2022,0.0,3700.0,-107949510.44,UPI
2022-06-19,UPI CR 217029376156 SHANMUGA2461 CNRB dar3yokicici UPI I,0.0,3000.0,-107946510.44,UPI
2022-06-19,SMSALERTCHARGESNEW2461,18.0,0.0,-107946528.44,BANK-CHARGES
2022-06-20,NEFT2461Cr-30-SIDDHESHAUTOSPARES- REF,0.0,15273.0,-107931255.44,NEFT
2022-06-20,ByClgCHNACCTSEC-KARURVYSYA2461BANKLTDKVBCHITHRAAGENCIES,0.0,7000.0,-107924255.44,CHQ
2022-06-20,ByClgCHNACCTSEC-TAMILNAD2461MERCANTILEBANKLTDTMBCHITHRAAGENCIES,0.0,5057.0,-107919198.44,CHQ
2022-06-20,ByClgCHNACCTSEC-KARURVYSYA2461BANKLTDKVBCHITHRAAGENCIES,0.0,13877.0,-107905321.44,CHQ
2022-06-20,ByClgCHNACCTSEC-TAMILNAD2461MERCANTILEBANKLTDTMBCHITHRAAGENCIES,0.0,5894.0,-107899427.44,CHQ
2022-06-20,ByClgCHNACCTSEC-TAMILNAD2461MERCANTILEBANKLTDTMBCHITHRAAGENCIESPage53of215,0.0,5203.0,-107894224.44,CHQ
2022-06-20,ByClgCHNACCTSEC-INDIAN2461OVERSEASBANKIOBCHITHRAAGENCIES,0.0,61766.0,-107832458.44,CHQ
2022-06-20,ByClgCHNACCTSEC-INDIANBANK2461INBCHITHRAAGENCIES,0.0,3058.0,-107829400.44,CHQ
2022-06-20,ByClgCHNACCTSEC-AXISBANKLTD2461CHITHRAAGENCIES,0.0,15610.0,-107813790.44,CHQ
2022-06-20,ByClgCHNACCTSEC-UNIONBANKOF2461INDIAUBICHITHRAAGENCIES,0.0,5359.0,-107808431.44,CHQ
2022-06-20,ByClgCHNACCTSEC-INDIANBANK2461INBCHITHRAAGENCIES,0.0,44091.0,-107764340.44,CHQ
2022-06-20,ByClgCHNACCTSEC-UNIONBANKOF2461INDIAUBICHITHRAAGENCIES,0.0,16581.0,-107747759.44,OUTWARD-RETURN
2022-06-20,ByClgCHNACCTSEC-KARURVYSYA2461BANKLTDKVBCHITHRAAGENCIES,0.0,7226.0,-107740533.44,CHQ
2022-06-20,ByClgCHNACCTSEC-KARURVYSYA2461BANKLTDKVBCHITHRAAGENCIES,0.0,8695.0,-107731838.44,CHQ
2022-06-20,ByClgCHNACCTSEC-ICICIBANKLTD2461CHITHRAAGENCIES,0.0,15000.0,-107716838.44,CHQ
2022-06-20,ByClgCHNACCTSEC-KARURVYSYA2461BANKLTDKVBCHITHRAAGENCIES,0.0,62393.0,-107654445.44,CHQ
2022-06-20,ByClgCHNACCTSEC-BANKOF2461BARODABOBCHITHRAAGENCIES,0.0,7595.0,-107646850.44,CHQ
2022-06-20,ByClgCHNACCTSEC-INDIAN2461OVERSEASBANKIOBCHITHRAAGENCIES,0.0,40899.0,-107605951.44,CHQ
2022-06-20,ByClgCHNACCTSEC-Equitassmall2461financebankLTDCHITHRAAGENCIES,0.0,7414.0,-107598537.44,CHQ
2022-06-20,NEFT246164-SARAVANAAUTOSTORES- URGENT,0.0,13414.0,-107585123.44,NEFT
2022-06-20,NEFT2461Cr-35-SRIGANESHAUTOAGENCY- ATTN Gan,0.0,3139.0,-107581984.44,NEFT
2022-06-20,NEFT24610-CHITHRA,0.0,46633.0,-107535351.44,NEFT
2022-06-20,UPI CR 217174355932 N2461MUTHUKR IOBA s UPI 1,0.0,16727.0,-107518624.44,UPI
2022-06-20,INET-IMPS-CR CHITHRAAG UBI2461 2022,0.0,9777.0,-107508847.44,IMPS
2022-06-20,UPI CR 217174643873 ANANDA2461RA TMBL s velauto 3,0.0,6411.0,-107502436.44,UPI
2022-06-20,2461UPI 355 Pitchaipa BARB pandiaxl PaytoM AXL7 06 2022,0.0,500.0,-107501936.44,UPI
2022-06-20,2461UPI 048 VEERAMANI BARB veeraybl Payment YBf,0.0,500.0,-107501436.44,UPI
2022-06-20,NEFT2461NAUTOSPARES-Guhan,0.0,1956.0,-107499480.44,NEFT
2022-06-20,INET-IMPS-CR SRIKRISHN TAMILNAD2461M 073,0.0,10498.0,-107488982.44,IMPS
2022-06-20,INET-IMPS-CR BALUAUTO TAMILNAD2461M 492 Page54of215,0.0,70000.0,-107418982.44,IMPS
2022-06-20,MB6700450 06 2213-28032010000292461,0.0,13877.0,-107405105.44,TRANSFER
2022-06-20,NEFT2461Cr-64-SUNDARAMCO- ATTN Chit,0.0,11895.0,-107393210.44,NEFT
2022-06-20,UPI CR 217138909414 GAUTHAM2461K PUNB 65955ybl PaytoM Yb5,0.0,2578.0,-107390632.44,UPI
2022-06-20,NEFT2461Cr-48-JAYAAUTOPARTS- ATTN INB,0.0,50000.0,-107340632.44,NEFT
2022-06-20,NEFT2461HAGAVATHIAUTO-null,0.0,3339.0,-107337293.44,NEFT
2022-06-20,INET-IMPS-CR SRIABIRAM DBSS2461 1057 Cas 2022,0.0,50615.0,-107286678.44,IMPS
2022-06-20,IBOAT941371003054201000229Online2461TransactionOTH-,1400000.0,0.0,-108686678.44,TRANSFER
2022-06-20,UPI CR 217179710555 MrK2461ALAG IDIB s PaytoM AXIf8b7cb,0.0,1000.0,-108685678.44,UPI
2022-06-20,gefuchqreturn-FundsInsufficient2461,16581.0,0.0,-108702259.44,OUTWARD-RETURN
2022-06-20,IBITG12512690010062610052682461OTH-BILLPAY,0.0,14438.0,-108687821.44,TRANSFER
2022-06-20,NEFT2461Cr-48-SRIJAYAKRISHNAAUTOSTORE- ATTN BUSINESS,0.0,3000.0,-108684821.44,NEFT
2022-06-20,NEFT2461Cr-00-THIRUNAVUKARASUAUTOSTORE- Autostore,0.0,5000.0,-108679821.44,NEFT
2022-06-20,NEFT2461Cr---SELVITYRES-null,0.0,51061.0,-108628760.44,NEFT
2022-06-20,NEFT2461Cr-50-SUBBIAHAGENCYS- ATTN,0.0,13065.0,-108615695.44,NEFT
2022-06-20,NEFT2461RISHNAAUTOPAR-DBSS0IN0426,0.0,5507.0,-108610188.44,NEFT
2022-06-21,OWCHQRTNCHGSNCAOTHTHAN2461IND,354.0,0.0,-108610542.44,OUTWARD-CHARGES
2022-06-21,ByClgCHNACCTSEC-CITYUNION2461BANKLTDCHITHRAAGENCIES,0.0,10000.0,-108600542.44,CHQ
2022-06-21,ByClgCHNACCTSEC-TAMILNADU2461INDUSTRIALCO-OPERATIVEBANKCHITHRAAGENCIES,0.0,13410.0,-108587132.44,CHQ
2022-06-21,ByClgCHNACCTSEC-UNITED2461COMMERCIALBANKUCOCHITHRAAGENCIES,0.0,6656.0,-108580476.44,CHQ
2022-06-21,ByClgCHNACCTSEC-AXISBANKLTD2461CHITHRAAGENCIES,0.0,15805.0,-108564671.44,CHQ
2022-06-21,ByClgCHNACCTSEC-INDIANBANK2461INBCHITHRAAGENCIES,0.0,4119.0,-108560552.44,CHQ
2022-06-21,ByClgCHNACCTSEC-TAMILNAD2461MERCANTILEBANKLTDTMBCHITHRAAGENCIES,0.0,9870.0,-108550682.44,CHQ
2022-06-21,ByClgCHNACCTSEC-PUNJAB2461NATIONALBANKPNBCHITHRAAGENCIESPage55of215,0.0,7891.0,-108542791.44,CHQ
2022-06-21,ByClgCHNACCTSEC-AXISBANKLTD2461CHITHRAAGENCIES,0.0,15301.0,-108527490.44,CHQ
2022-06-21,ByClgCHNACCTSEC-KARURVYSYA2461BANKLTDKVBCHITHRAAGENCIES,0.0,14882.0,-108512608.44,CHQ
2022-06-21,ByClgCHNACCTSEC-INDIAN2461OVERSEASBANKIOBCHITHRAAGENCIES,0.0,6462.0,-108506146.44,CHQ
2022-06-21,UPI CR 217282513184 Mr2461DINESH IDIB ci UPI c8ba,0.0,20000.0,-108486146.44,UPI
2022-06-21,NEFT2461ANDLYDIATRADER-null,0.0,12327.0,-108473819.44,NEFT
2022-06-21,INET-IMPS-CR MPTRACTO TAMILNAD2461M 028,0.0,16535.0,-108457284.44,IMPS
2022-06-21,UPI CR 217207170994 NANTHINI2461 SBIN 38535ybl PaytoM fd4d 06 2022,0.0,1677.0,-108455607.44,UPI
2022-06-21,UPI CR 217268015923 Mr2461SUBASH IDIB ent-1okicici PaytoM,0.0,2000.0,-108453607.44,UPI
2022-06-21,NEFT2461Cr-27-SOUNDARAUTOAGENCIES- ATTN,0.0,3752.0,-108449855.44,NEFT
2022-06-21,UPI CR 217215295783 SRI2461VINAY KVBL cbank UPI d 06 2022,0.0,3655.0,-108446200.44,UPI
2022-06-21,NEFTCr-SAA121227956-TMBL0000051-S2461PSTORE-SPLSMEBRANCHMADURAI,0.0,4119.0,-108442081.44,NEFT
2022-06-21,NEFT2461Cr-58-RAJENDRAENTERPRISES- REF,0.0,7336.0,-108434745.44,NEFT
2022-06-21,NEFT2461Cr-88-SWAMYAUTOSPAREPARTS-null,0.0,30438.0,-108404307.44,NEFT
2022-06-21,UPI CR 217215574200 MrS2461KANN IDIB s UPI AXI 2146,0.0,4000.0,-108400307.44,UPI
2022-06-21,UPI CR 217277624532 NTRAUTO2461 TMBL osdglokicici PaytoM Id,0.0,2128.0,-108398179.44,UPI
2022-06-21,NEFT2461Cr---SRIRAGAVENDRAAUTOSTORE-castral,0.0,13877.0,-108384302.44,NEFT
2022-06-21,2461UPI 852 CHANDRASE CNRB 76143ybl Payment d9,0.0,10000.0,-108374302.44,UPI
2022-06-21,UPI CR 217287952834 JEGAN2461A HDFC NA 25aa,0.0,30000.0,-108344302.44,UPI
2022-06-22,ChqPaid-MICRInwardClearing-THE2461ORIENTALINSURANCECO-AXISBANKLTD-UTIBANKLTD,18495.0,0.0,-108362797.44,CHQ
2022-06-22,ByClgCHNACCTSEC-TAMILNAD2461MERCANTILEBANKLTDTMBCHITHRAAGENCIESPage56of215,0.0,20000.0,-108342797.44,CHQ
2022-06-22,ByClgCHNACCTSEC-BANKOF2461BARODABOBCHITHRAAGENCIES,0.0,7595.0,-108335202.44,CHQ
2022-06-22,ByClgCHNACCTSEC-TAMILNAD2461MERCANTILEBANKLTDTMBCHITHRAAGENCIES,0.0,10922.0,-108324280.44,CHQ
2022-06-22,ByClgCHNACCTSEC-BANKOFINDIA2461BOICHITHRAAGENCIES,0.0,9102.0,-108315178.44,CHQ
2022-06-22,ByClgCHNACCTSEC-UNIONBANKOF2461INDIAUBICHITHRAAGENCIES,0.0,6656.0,-108308522.44,CHQ
2022-06-22,ByClgCHNACCTSEC-CITYUNION2461BANKLTDCHITHRAAGENCIES,0.0,4349.0,-108304173.44,CHQ
2022-06-22,ByClgCHNACCTSEC-KARURVYSYA2461BANKLTDKVBCHITHRAAGENCIES,0.0,7239.0,-108296934.44,CHQ
2022-06-22,INET-IMPS-CR ASHANMUGA ICICI24611433 CAS 2022,0.0,1361.0,-108295573.44,IMPS
2022-06-22,NEFT2461Cr---SRIAYYANARAUTOMOBILES-SPLSMEBRANCHMADURAI,0.0,17124.0,-108278449.44,NEFT
2022-06-22,UPI CR 217325908672 ELSADAI2461T UTIB duraiokaxis UPI,0.0,1062.0,-108277387.44,UPI
2022-06-22,UPI CR 217325959023 ELSADAI2461T UTIB duraiokaxis UPI,0.0,1716.0,-108275671.44,UPI
2022-06-22,UPI CR 217311670377 SURESH2461KU SBIN crboil dae5c,0.0,5000.0,-108270671.44,UPI
2022-06-22,UPI CR 217327186460 MBR2461AUTOM UTIB mbr-1okaxis MBR 7dc,0.0,4000.0,-108266671.44,UPI
2022-06-22,MOB-IMPS-CR AbdulKade INDIAN24617 Deposit6,0.0,100000.0,-108166671.44,IMPS
2022-06-22,NEFTCr-SAA121263763-TMBL0000343-S2461KAUTOSPARES-SPLSMEBRANCHMADURAI,0.0,6333.0,-108160338.44,NEFT
2022-06-22,CashDepositSARAVANAN2461KADAMALAIGUN,0.0,11500.0,-108148838.44,CASH
2022-06-22,INET-IMPS-CR YESKAYAUT TAMILNAD2461M 388 paidon0,0.0,9096.0,-108139742.44,IMPS
2022-06-22,UPI CR 217392136909 SOMU2461R IOBA ci UPI ICI,0.0,2000.0,-108137742.44,UPI
2022-06-22,2461MOB-IMPS-CR GGEETHA BANKOFn 2022,0.0,7336.0,-108130406.44,IMPS
2022-06-22,INET-IMPS-CR SRIITHIRU TAMILNAD2461M 654 Sriit 06,0.0,3328.0,-108127078.44,IMPS
2022-06-22,NEFT2461Cr-T015-SRIBALAJIAUTOSTORE-null,0.0,80875.0,-108046203.44,NEFT
2022-06-22,NEFT2461Cr---SELVITYRES-null,0.0,66448.0,-107979755.44,NEFT
2022-06-22,UPI CR 217315306864 BHOLA2461RAM IOBA 09814ybl PaytoPage57of215M Y,0.0,4068.0,-107975687.44,UPI
2022-06-22,NEFT2461ARAJAUTOSTORE-null,0.0,3226.0,-107972461.44,NEFT
2022-06-22,NEFT2461Cr-16-PNRSCOOTERHOUSE-null,0.0,3115.0,-107969346.44,NEFT
2022-06-22,NEFT2461Cr-98-VSKAUTOMOBILES- URGENT,0.0,22341.0,-107947005.44,NEFT
2022-06-22,INET-IMPS-CR Ananthapr IOBN22461 149 SRIGA 33,0.0,8636.0,-107938369.44,IMPS
2022-06-22,NEFT24610NEFT01-SRIVISHNUAUTOMOBILES-CASTROL,0.0,43709.0,-107894660.44,NEFT
2022-06-23,ByClgCHNACCTSEC-TAMILNAD2461MERCANTILEBANKLTDTMBCHITHRAAGENCIES,0.0,16362.0,-107878298.44,CHQ
2022-06-23,ByClgCHNACCTSEC-IDBIBANKLTD2461CHITRAAGENCIES,0.0,8146.0,-107870152.44,CHQ
2022-06-23,ByClgCHNACCTSEC-TAMILNAD2461MERCANTILEBANKLTDTMBCHITHRAAGENCIES,0.0,7534.0,-107862618.44,CHQ
2022-06-23,ByClgCHNACCTSEC-TAMILNAD2461MERCANTILEBANKLTDTMBC,0.0,2727.0,-107859891.44,CHQ
2022-06-23,ByClgCHNACCTSEC-INDIAN2461OVERSEASBANKIOBCHITHRAAGENCIES,0.0,3879.0,-107856012.44,OUTWARD-RETURN
2022-06-23,ByClgCHNACCTSEC-BANKOFINDIA2461BOIC,0.0,11695.0,-107844317.44,CHQ
2022-06-23,ByClgCHNACCTSEC-CITYUNION2461BANKLTDCHITHRAAGENCIES,0.0,2729.0,-107841588.44,CHQ
2022-06-23,ByClgCHNACCTSEC-AXISBANKLTD2461CHITHRAAGENCIES,0.0,11284.0,-107830304.44,CHQ
2022-06-23,ByClgCHNACCTSEC-TAMILNAD2461MERCANTILEBANKLTDTMBCHITHRAAGENCIES,0.0,41940.0,-107788364.44,CHQ
2022-06-23,ByClgCHNACCTSEC-AXISBANKLTD2461CHITHRAAGENCIES,0.0,10000.0,-107778364.44,CHQ
2022-06-23,ByClgCHNACCTSEC-INDIAN2461OVERSEASBANKIOBCHITHRAAGENCIES,0.0,94964.0,-107683400.44,CHQ
2022-06-23,ByClgCHNACCTSEC-KARURVYSYA2461BANKLTDKVBC,0.0,14550.0,-107668850.44,CHQ
2022-06-23,MB 62081400000335 PMVAUTO2461STRA CAN 2022,0.0,5000.0,-107663850.44,IMPS
2022-06-23,MB 62081400000335 PMVAUTO2461STRA CAN 2022,0.0,5000.0,-107658850.44,IMPS
2022-06-23,NEFT2461LAKSHMITRADING-null,0.0,7026.0,-107651824.44,NEFT
2022-06-23,NEFT24610000001-JCFUELSANDLUBES-JCFLPKM,0.0,23189.0,-107628635.44,NEFT
2022-06-23,CashDeposit DGULNGLNGR2461,0.0,62980.0,-107565655.44,CASH
2022-06-23,FundsTransferDebit1011282000079-S2461KSAUTOCENTRE,0.0,15381.0,-107550274.44,TRANSFER
2022-06-23,IBNEFTDrP1742201758895352461SRIRAMGUNASEKARANLoantosriramPage58of215,1500000.0,0.0,-109050274.44,NEFT
2022-06-23,SCNEFTOTHERTHANSBIMB2461,29.0,0.0,-109050303.44,BANK-CHARGES
2022-06-23,IBITG8447760010112820000862461OTH-CASTROLBILLPAYMENT,0.0,160997.0,-108889306.44,TRANSFER
2022-06-23,gefuchqreturn-Contactdrawer drawee2461bankpresentagain,3879.0,0.0,-108893185.44,OUTWARD-RETURN
2022-06-23,SCNEFTOTHERTHANSBIMB2461,3.0,0.0,-108893188.44,BANK-CHARGES
2022-06-23,IBNEFTDrP174220175934999RAM2461MOTORSBARB0MADURA28PaytoRamMotorsforservice,8451.0,0.0,-108901639.44,NEFT
2022-06-23,2461UPI 907 PAULPANDI TMBL 35677axl Payment ce8e,0.0,7500.0,-108894139.44,UPI
2022-06-23,2461UPI 477 PONSURESH KVBL amahaybl PaytoM YB,0.0,6400.0,-108887739.44,UPI
2022-06-23,INET-IMPS-CR SRISELVAK TAMILNAD2461M 052,0.0,6516.0,-108881223.44,IMPS
2022-06-23,INET-IMPS-CR SSAUTOS TAMILNAD2461M 142 CRB8,0.0,25839.0,-108855384.44,IMPS
2022-06-23,UPI CR 217444466410 SRI2461EASWA CIUB ci UPI dc,0.0,4588.0,-108850796.44,UPI
2022-06-23,UPI CR 217440966389 JANDJ2461A IBKL osh-1okicici UPI Ia0b 06 2022,0.0,15000.0,-108835796.44,UPI
2022-06-23,NEFT2461Cr-48-JAYAAUTOPARTS- ATTN INB,0.0,30696.0,-108805100.44,NEFT
2022-06-23,NEFT2461MEDLUKMANM-null,0.0,7239.0,-108797861.44,NEFT
2022-06-23,OWCHQRTNCHGSNCAOTHTHAN2461IND,354.0,0.0,-108798215.44,OUTWARD-CHARGES
2022-06-24,ByClgCHNACCTSEC-STATEBANKOF2461INDIASBICHITHRAAGENCIES,0.0,12000.0,-108786215.44,CHQ
2022-06-24,ByClgCHNACCTSEC-IDBIBANKLTD2461CHITHRAAGENCIES,0.0,3328.0,-108782887.44,CHQ
2022-06-24,2461UPI 910 MUTHUKUMAR CNRB s UPI ad,0.0,1000.0,-108781887.44,UPI
2022-06-24,UPI CR 217565752547 S2461NANDHAK INDB s PaytoM a,0.0,3726.0,-108778161.44,UPI
2022-06-24,NEFT2461HNAAUTOMOBILES-DBSS0IN0426,0.0,7336.0,-108770825.44,NEFT
2022-06-24,NEFT2461Cr-39-SBMOTORS-null,0.0,3032.0,-108767793.44,NEFT
2022-06-24,NEFT2461AUTOSTORES-arunbyepassPage59of215,0.0,13930.0,-108753863.44,NEFT
2022-06-24,CashDeposit MDUPTNAGAR2461,0.0,375000.0,-108378863.44,CASH
2022-06-24,NEFT2461AMAUTOSPARES-null,0.0,15643.0,-108363220.44,NEFT
2022-06-24,FundsTransferDebit1009201003580BALAJIAUTOCRAFTS,0.0,6125.0,-108357095.44,TRANSFER
2022-06-24,NEFT2461Cr-02-SAMTRACTORANDSPARESCONTRACT- ATTN INB,0.0,10000.0,-108347095.44,NEFT
2022-06-24,NEFT2461AUTOMOBILES-Prem,0.0,81590.0,-108265505.44,NEFT
2022-06-24,2461UPI 534 SASIKUMAR SBIN UPI c,0.0,5000.0,-108260505.44,UPI
2022-06-24,MOB-IMPS-CR AbdulKade INDIAN24617 Deposit6,0.0,100000.0,-108160505.44,IMPS
2022-06-24,NEFT2461Cr-21-SRIBALAJIAUTOSPARES- ATTN BAL,0.0,11591.0,-108148914.44,NEFT
2022-06-24,NEFT24610002101-MKENTERPRISES-null,0.0,150000.0,-107998914.44,NEFT
2022-06-24,INET-IMPS-CR SRIKRISHN TAMILNAD2461M 073,0.0,10000.0,-107988914.44,IMPS
2022-06-24,2461UPI 919 JEEVARATH CNRB cbank PaytoM HDFe 06 2022,0.0,2000.0,-107986914.44,UPI
2022-06-24,NEFT2461Cr-16-SRIMOOKAMBIGAIAGENCIES- ATTN INB,0.0,50000.0,-107936914.44,NEFT
2022-06-24,IBITG15572970010062610052682461OTH-BILLPAY,0.0,20000.0,-107916914.44,TRANSFER
2022-06-24,2461UPI 549 ANANDARAJ KVBL 99457ybl Payment ca99b5f7f 06 2022,0.0,3000.0,-107913914.44,UPI
2022-06-24,NEFT2461KRISHNAAUTOPARTS-Harikrishnatocrb,0.0,56788.0,-107857126.44,NEFT
2022-06-24,NEFT2461Cr-B027-ThIRUMANIAUTOSPARES- URGENT,0.0,3328.0,-107853798.44,NEFT
2022-06-24,CASHHANDLINGCHCAODOCC2461,885.0,0.0,-107854683.44,BANK-CHARGES
2022-06-25,NEFT2461Cr-27-ABDULLAHAUTOSTORES- ATTN,0.0,100000.0,-107754683.44,NEFT
2022-06-25,NEFT2461Cr---NEWRPSAUTOSPARES-SPLSMEBRANCHMADURAI,0.0,5588.0,-107749095.44,NEFT
2022-06-25,NEFT2461Cr-66-SRILAKSHMIAGENCIES- ATTN INB,0.0,156153.0,-107592942.44,NEFT
2022-06-25,MB 4861255000004 ANBALAGAN2461M 8 CASTROOIL CANARA Page60of215anbueri 2022,0.0,5000.0,-107587942.44,IMPS
2022-06-25,NEFT2461MMANAUTOSTORE-null,0.0,6656.0,-107581286.44,NEFT
2022-06-25,UPI CR 217696527334 MANIAN2461B CNRB lvm-1okaxis UPI 92e 06 2022,0.0,754.0,-107580532.44,UPI
2022-06-25,UPI CR 217638712431 MrB2461MANI IDIB lvm-1okicici UPI f,0.0,4329.0,-107576203.44,UPI
2022-06-25,MB 62081400000335 PMVAUTO2461STRA CAN 2022,0.0,5000.0,-107571203.44,IMPS
2022-06-26,INET-IMPS-CR Customer IOBN22461 241 kayyem0,0.0,4680.0,-107566523.44,IMPS
2022-06-26,ATMTxndoneinotherbankATM IMPS2461Charges,9.44,0.0,-107566532.88,BANK-CHARGES
2022-06-26,IB-IMPS-DR UTIB 1880 26 06 20222461,27824.0,0.0,-107594356.88,IMPS
2022-06-26,INET-IMPS-CR JEYAAUTO TAMILNAD2461M 146,0.0,13866.0,-107580490.88,IMPS
2022-06-27,NEFT2461Cr-30-SIDDHESHAUTOSPARES- REF,0.0,14292.0,-107566198.88,NEFT
2022-06-27,ChqPaid-MICRInwardClearing-UNITED2461INDIAINSURANCECO-KOTAKMAHINDRABANKLTD-KOTAKMAHINDRABANKLTDKOT,9767.0,0.0,-107575965.88,CHQ
2022-06-27,ByClgCHNACCTSEC-PANDYAN2461GRAMABPURAMSTPACHITHRAAGENCIES,0.0,4865.0,-107571100.88,CHQ
2022-06-27,ByClgCHNACCTSEC-CITYUNION2461BANKLTDCHITHRAAGENCIES,0.0,5604.0,-107565496.88,CHQ
2022-06-27,ByClgCHNACCTSEC-BANKOF2461BARODABOBCHITHRAAGENCIES,0.0,4841.0,-107560655.88,CHQ
2022-06-27,ByClgCHNACCTSEC-TAMILNAD2461MERCANTILEBANKLTDTMBCHITHRAAGENCIES,0.0,5000.0,-107555655.88,CHQ
2022-06-27,ByClgCHNACCTSEC-BANKOF2461BARODABOBCHITHRAAGENCIES,0.0,7378.0,-107548277.88,CHQ
2022-06-27,ByClgCHNACCTSEC-KARURVYSYA2461BANKLTDKVBCHITHRAAGENCIES,0.0,6221.0,-107542056.88,CHQ
2022-06-27,ByClgCHNACCTSEC-ICICIBANKLTD2461CHITHRAAGENCIES,0.0,15000.0,-107527056.88,CHQ
2022-06-27,ByClgCHNACCTSEC-INDIAN2461OVERSEASBANKIOBCHITHRAAGENCIES,0.0,68597.0,-107458459.88,CHQ
2022-06-27,ByClgCHNACCTSEC-CITYUNION2461BANKLTDCHITHRAAGENCIES,0.0,3000.0,-107455459.88,CHQ
2022-06-27,ChqPaid-MICRInward2461Clearing-CASTROLINDIALTD-DEUTSCHEBANKDTB-DEUTSCHEBANK,2446651.84,0.0,-109902111.72,CHQ
2022-06-27,CashDeposit MDUPTNAGAR2461,0.0,210000.0,-109692111.72,CASH
2022-06-27,NEFT2461Cr-00-TMSAUTOSPARES-null,0.0,149830.0,-109542281.72,NEFT
2022-06-27,NEFTCr-SAA121513253-TMBL0000051-S2461PSTORE-SPLSMEBRANCHMADURAI,0.0,6113.0,-109536168.72,NEFT
2022-06-27,NEFT246164-PRANIKASPARESLUBRICANTS- URGENT,0.0,14123.0,-109522045.72,NEFT
2022-06-27,INET-IMPS-CR SRIVIGNES TAMILNAD2461M 175,0.0,3468.0,-109518577.72,IMPS
2022-06-27,UPI CR 217819613590 MrVK2461MA IDIB cbank UPI 5,0.0,500.0,-109518077.72,UPI
2022-06-27,NEFT2461ELAMMALAUTOSP-null,0.0,1295.0,-109516782.72,NEFT
2022-06-27,UPI CR 217844856837 NAVA2461KUMA SBIN 24487ybl Payment,0.0,730.0,-109516052.72,UPI
2022-06-27,NEFT2461Cr-15-DUBAIAUTOTYRES- ATTN trf,0.0,10000.0,-109506052.72,NEFT
2022-06-27,UPI CR 217842874833 MrK2461ALAG IDIB s UPI f,0.0,1000.0,-109505052.72,UPI
2022-06-27,NEFT2461Cr-98-VSKAUTOMOBILES- URGENT,0.0,8838.0,-109496214.72,NEFT
2022-06-27,MB 1459201001596 LAKSHMI2461AUTOMOBRAAGENCIES CANARA Lakshmiautomo 202209,0.0,5000.0,-109491214.72,IMPS
2022-06-27,NEFT2461Cr---MAKESHLAKSHMIAUTOSTORES-SPLSMEBRANCHMADURAI,0.0,7323.0,-109483891.72,NEFT
2022-06-27,NEFT2461Cr-09-SRIVALATHTHIAMMANAUTOS- FAST,0.0,3191.0,-109480700.72,NEFT
2022-06-28,CASHHANDLINGCHCAODOCC2461,496.0,0.0,-109481196.72,BANK-CHARGES
2022-06-28,ByClgCHNACCTSEC-TAMILNAD2461MERCANTILEBANKLTDTMBCHITHRAAGENCIES,0.0,7079.0,-109474117.72,CHQ
2022-06-28,ByClgCHNACCTSEC-ICICIBANKLTD2461CHITHRAAGENCIES,0.0,1500.0,-109472617.72,CHQ
2022-06-28,ByClgCHNACCTSEC-KARURVYSYA2461BANKLTDKVBCHITHRAAGENCIES,0.0,26423.0,-109446194.72,CHQ
2022-06-28,ByClgCHNACCTSEC-PUNJAB2461NATIONALBANKPNBCHITHRAAGENCIES,0.0,6000.0,-109440194.72,CHQ
2022-06-28,ByClgCHNACCTSEC-STATEBANKOF2461INDIASBICHITHRAAGENCIES,0.0,3807.0,-109436387.72,CHQ
2022-06-28,ByClgCHNACCTSEC-HDFCBANK2461LTDCHITHRAAGENCIES,0.0,10646.0,-109425741.72,CHQ
2022-06-28,ByClgCHNACCTSEC-TAMILNAD2461MERCANTILEBANKLTDTMBCHITHRAAGENCIES,0.0,13832.0,-109411909.72,CHQ
2022-06-28,ByClgCHNACCTSEC-Equitassmall2461financebankLTDCHITHRAAGENCIES,0.0,3947.0,-109407962.72,CHQ
2022-06-28,ByClgCHNACCTSEC-BANKOF2461BARODABOBCHITHRAAGENCIES,0.0,10000.0,-109397962.72,CHQ
2022-06-28,ByClgCHNACCTSEC-TAMILNAD2461MERCANTILEBANKLTDTMBCHITHRAAGENCIESPage62of215,0.0,6469.0,-109391493.72,CHQ
2022-06-28,ByClgCHNACCTSEC-KARURVYSYA2461BANKLTDKVBCHITHRAAGENCIES,0.0,7336.0,-109384157.72,OUTWARD-RETURN
2022-06-28,ByClgCHNACCTSEC-TAMILNAD2461MERCANTILEBANKLTDTMBCHITHRAAGENCIES,0.0,27000.0,-109357157.72,CHQ
2022-06-28,ByClgCHNACCTSEC-STATEBANKOF2461INDIASBICHITHRAAGENCIES,0.0,45417.0,-109311740.72,CHQ
2022-06-28,ByClgCHNACCTSEC-TAMILNAD2461MERCANTILEBANKLTDTMBCHITHRAAGENCIES,0.0,18044.0,-109293696.72,CHQ
2022-06-28,ByClgCHNACCTSEC-INDIAN2461OVERSEASBANKIOBCHITHRAAGENCIES,0.0,25703.0,-109267993.72,CHQ
2022-06-28,ByClgCHNACCTSEC-INDIANBANK2461INBCHITHRAAGENCIES,0.0,25769.0,-109242224.72,CHQ
2022-06-28,ByClgCHNACCTSEC-INDIAN2461OVERSEASBANKIOBCHITHRAAGENCIES,0.0,42272.0,-109199952.72,CHQ
2022-06-28,ByClgCHNACCTSEC-TAMILNAD2461MERCANTILEBANKLTDTMBCHITHRAAGENCIES,0.0,73498.0,-109126454.72,CHQ
2022-06-28,2461UPI 258 MUTHUKUMAR CNRB s UPI A,0.0,1000.0,-109125454.72,UPI
2022-06-28,NEFT24610002101-JMLUBRICANTS-null,0.0,2339.0,-109123115.72,NEFT
2022-06-28,NEFT2461Cr---SRIGANESHAUTOPARTS-null,0.0,3418.0,-109119697.72,NEFT
2022-06-28,MOB-IMPS-CR SREE2461AUTOM CityUn0105 06 2022,0.0,7216.0,-109112481.72,IMPS
2022-06-28,RAJANGAMPERIYAKARUPPATHEVARRAJANGAMP,23955.0,0.0,-109136436.72,TRANSFER
2022-06-28,NEFT2461ANDLYDIATRADER-null,0.0,14156.0,-109122280.72,NEFT
2022-06-28,NEFT2461Cr---SRIAYYANARAUTOMOBILES-SPLSMEBRANCHMADURAI,0.0,78032.0,-109044248.72,NEFT
2022-06-28,INET-IMPS-CR PONRAJANA TAMILNAD2461M 514 towards3,0.0,1511.0,-109042737.72,IMPS
2022-06-28,NEFT24610002101-SMRLUBRICANTS-null,0.0,3034.0,-109039703.72,NEFT
2022-06-28,UPI CR 217936905757 KALIDASS2461A HDFC 639-1okhdfcbank CRB,0.0,6000.0,-109033703.72,UPI
2022-06-28,UPI CR 217914836009 MrS2461KANN IDIB UPI 7bc4ee 1724,0.0,4000.0,-109029703.72,UPI
2022-06-28,gefuchqreturn-FundsInsufficient2461,7336.0,0.0,-109037039.72,OUTWARD-RETURN
2022-06-28,NEFT2461Cr-94-SREEMURUGANBALAAJEEENTERPRISES- ATTN INB,0.0,34440.0,-109002599.72,NEFT
2022-06-28,NEFT2461Cr-50-SUPage63of215BBIAHAGENCYS- ATTN,0.0,21560.0,-108981039.72,NEFT
2022-06-28,2461UPI 183 GUNASEKAR SBIN otorsoksbi PaytoM 4d,0.0,1129.0,-108979910.72,UPI
2022-06-28,NEFT2461Cr-98-VSKAUTOMOBILES- URGENT,0.0,22010.0,-108957900.72,NEFT
2022-06-28,OWCHQRTNCHGSNCAOTHTHAN2461IND,354.0,0.0,-108958254.72,OUTWARD-CHARGES
2022-06-29,INET-IMPS-CR NAGAPPAAU INDIAN24619 NAGAPPA4,0.0,7043.0,-108951211.72,IMPS
2022-06-29,ByClgCHNACCTSEC-PANDYAN2461GRAMABPURAMSTPACHITHRAAGENCIES,0.0,17195.0,-108934016.72,CHQ
2022-06-29,ByClgCHNACCTSEC-ICICIBANKLTD2461CHITHRAAGENCIES,0.0,4085.0,-108929931.72,CHQ
2022-06-29,ByClgCHNACCTSEC-STATEBANKOF2461INDIASBICHITHRAAGENCIES,0.0,15000.0,-108914931.72,CHQ
2022-06-29,ByClgCHNACCTSEC-CITYUNION2461BANKLTDCHITHRAAGENCIES,0.0,5621.0,-108909310.72,CHQ
2022-06-29,ByClgCHNACCTSEC-TAMILNAD2461MERCANTILEBANKLTDTMBCHITHRAAGENCIES,0.0,4119.0,-108905191.72,CHQ
2022-06-29,ByClgCHNACCTSEC-IDBIBANKLTD2461CHITHRAAGENCIES,0.0,10927.0,-108894264.72,CHQ
2022-06-29,ByClgCHNACCTSEC-DBSBANKLTD2461DBSCHITHRAAGENCIES,0.0,3328.0,-108890936.72,CHQ
2022-06-29,ByClgCHNACCTSEC-TAMILNAD2461MERCANTILEBANKLTDTMBCHITHRAAGENCIES,0.0,8925.0,-108882011.72,CHQ
2022-06-29,ByClgCHNACCTSEC-PUNJAB2461NATIONALBANKPNBCHITHRAAGENCIES,0.0,31601.0,-108850410.72,CHQ
2022-06-29,ByClgCHNACCTSEC-INDIAN2461OVERSEASBANKIOBCHITHRAAGENCIES,0.0,20000.0,-108830410.72,CHQ
2022-06-29,NEFT2461Cr---SRIGANESHAUTOPARTS-null,0.0,21912.0,-108808498.72,NEFT
2022-06-29,IBITG6329460010112820000862461OTH-CASTROLBILLPAYMENT,0.0,192793.0,-108615705.72,TRANSFER
2022-06-29,CashDeposit MDUPTNAGAR2461,0.0,40000.0,-108575705.72,CASH
2022-06-29,INET-IMPS-CR SRIITHIRU TAMILNAD2461M 654 Sriit 22,0.0,3328.0,-108572377.72,IMPS
2022-06-29,UPI CR 218029092138 SOMU2461R IOBA ci UPI,0.0,2000.0,-108570377.72,UPI
2022-06-29,MOB-IMPS-CR SNAGAJOTH INDIAN24615 cas 2022,0.0,10000.0,-108560377.72,IMPS
2022-06-29,MOB-IMPS-CR RAMESHPAND Karur2461 logesh4,0.0,3000.0,-108557377.72,IMPS
2022-06-29,2461UPI 748 VIGNESHWA FDRL 56876ybl Payment Y3244f3a4fbe0,0.0,15623.0,-108541754.72,UPI
2022-06-29,CASH-BNA-09460946BY01 06 222461,0.0,34000.0,-108507754.72,CASH
2022-06-29,CASH-BNA-09460946BY01 06 222461,0.0,6200.0,-108501554.72,CASH
2022-06-29,UPI CR 218020731237 SURESH2461SA TMBL 73730ybl PaytoM Y,0.0,2000.0,-108499554.72,UPI
2022-06-29,UPI CR 218052276613 Mr2461BOUSDE IDIB 37752axl Payment,0.0,3311.0,-108496243.72,UPI
2022-06-29,NEFT2461Cr---SELVITYRES-null,0.0,117875.0,-108378368.72,NEFT
2022-06-29,NEFT2461Cr-98-VSKAUTOMOBILES- URGENT,0.0,23004.0,-108355364.72,NEFT
2022-06-29,NEFT2461Cr-47-MSMSSSON- ATTN INB,0.0,24087.0,-108331277.72,NEFT
2022-06-30,INET-IMPS-CR VINAYAKAA TAMILNAD2461M 884,0.0,5000.0,-108326277.72,IMPS
2022-06-30,-CHITHRAAGENCIES2461DrawdownFromCASA,362419.0,0.0,-108688696.72,EMI-DEBIT
2022-06-30,ByClgCHNACCTSEC-BANDHAN2461BANKCHITHRAAGENCIES,0.0,65888.0,-108622808.72,CHQ
2022-06-30,ByClgCHNACCTSEC-STATEBANKOF2461INDIASBICHITHRAAGENCIES,0.0,81871.0,-108540937.72,CHQ
2022-06-30,ByClgCHNACCTSEC-TAMILNAD2461MERCANTILEBANKLTDTMBCHITHRAAGENCIES,0.0,1775.0,-108539162.72,CHQ
2022-06-30,ByClgCHNACCTSEC-BANKOFINDIA2461BOICHITHRAAGENCIES,0.0,9065.0,-108530097.72,CHQ
2022-06-30,ByClgCHNACCTSEC-INDIAN2461OVERSEASBANKIOBCHITHRAAGENCIES,0.0,19218.0,-108510879.72,CHQ
2022-06-30,ByClgCHNACCTSEC-CENTRALBANK2461OFINDIACBICHITHRAAGENCIES,0.0,13845.0,-108497034.72,CHQ
2022-06-30,ByClgCHNACCTSEC-INDIAN2461OVERSEASBANKIOBCHITHRAAGENCIES,0.0,105034.0,-108392000.72,CHQ
2022-06-30,ByClgCHNACCTSEC-KARURVYSYA2461BANKLTDKVBCHITHRAAGENCIES,0.0,8840.0,-108383160.72,CHQ
2022-06-30,ByClgCHNACCTSEC-CITYUNION2461BANKLTDCHITHRAAGENCIES,0.0,3000.0,-108380160.72,CHQ
2022-06-30,ByClgCHNACCTSEC-INDIAN2461OVERSEASBANKIOBCHITHRAAGENCIES,0.0,3879.0,-108376281.72,CHQ
2022-06-30,UPI CR 218191594791 MSVKS2461 IDIB s vks,0.0,9053.0,-108367228.72,UPI
2022-06-30,NEFT2461Cr-34-SRIKUMARANAUTOSPARES- REF,0.0,3000.0,-108364228.72,NEFT
2022-06-30,MOB-IMPS-CR AbdulKade INDIAN24617 Deposit6,0.0,30000.0,-108334228.72,IMPS
2022-06-30,CashDeposit1MDUPTNAGAR2461,0.0,60000.0,-108274228.72,CASH
2022-06-30,2461UPI 039 VIGNESH KVBL cbank UPI Hfeaeaf 06 2022,0.0,2000.0,-108272228.72,UPI
2022-06-30,2461UPI 148 PONNUCHAM BKID hasmyokhdfcbank UPI HDF9d7d7cdcb 06 2022,0.0,9449.0,-108262779.72,UPI
2022-06-30,FundsTransferDebit1019201000493SARAVANACYCLEMART,0.0,6747.0,-108256032.72,TRANSFER
2022-06-30,INET-IMPS-CR ALEXAUTO TAMILNAD2461M 010,0.0,13091.0,-108242941.72,IMPS
2022-06-30,NEFT2461Cr---MOORTHYMOTORSTORES-7 610 6Inv-,0.0,12291.0,-108230650.72,NEFT
2022-06-30,NEFT24610NEFT01-SRIVISHNUAUTOMOBILES-BUSINESSRELATED,0.0,59293.0,-108171357.72,NEFT
2022-06-30,INET-IMPS-CR SRISELVAK TAMILNAD2461M 052,0.0,4266.0,-108167091.72,IMPS
2022-06-30,NEFT2461Cr-62-SEENIAPPAAUTOSTORE-null,0.0,20702.0,-108146389.72,NEFT
2022-06-30,INET-IMPS-CR SOMNATHAU ICICI24611134 CHE 2022,0.0,40338.0,-108106051.72,IMPS
2022-06-30,UPI CR 218138623506 SRI2461EASWA CIUB ci UPI 91f,0.0,10000.0,-108096051.72,UPI
2022-06-30,IBOAT2140877002397261010137OTH,0.0,250000.0,-107846051.72,TRANSFER
2022-06-30,NEFT2461Cr-35-SRIGANESHAUTOAGENCY- ATTN Gane,0.0,10360.0,-107835691.72,NEFT
2022-06-30,2461UPI 877 RAMAMOORT KVBL 30461ibl PaytoM bc 2022,0.0,10000.0,-107825691.72,UPI
2022-06-30,MOB-IMPS-CR RAMALINGAM IOBN12461 065 Ot 2022,0.0,4000.0,-107821691.72,IMPS
2022-07-01,FolioamtFixed2461,6785.0,0.0,-107828476.72,BANK-CHARGES
2022-07-01,CASADebitInterestCapitalized2461,860447.0,0.0,-108688923.72,INTEREST-PAID
2022-07-01,INET-IMPS-CR Ananthapr IOBN22461 149 SRIGA 14,0.0,8472.0,-108680451.72,IMPS
2022-07-01,ChqPaid-MICRInward2461Clearing-CASTROLINDIALTD-DEUTSCHEBANKDTB-DEUTSCHEBANK,2319955.86,0.0,-111000407.58,CHQ
2022-07-01,ByClgCHNACCTSEC-TAMILNAD2461MERCANTILEBANKLTDTMBCHITHRAAGENCIES,0.0,9669.0,-110990738.58,CHQ
2022-07-01,ByClgCHNACCTSEC-IDBIBANKLTD2461CHITHRAAGENCIES,0.0,4049.0,-110986689.58,CHQ
2022-07-01,ByClgCHNACCTSEC-STATEBANKOF2461INDIASBICHITHRAAGENCIES,0.0,7319.0,-110979370.58,CHQ
2022-07-01,ByClgCHNACCTSEC-TAMILNAD2461MERCANTILEBANKLTDTMBCHITHRAGENCIES,0.0,13847.0,-110965523.58,CHQ
2022-07-01,ByClgCHNACCTSEC-CITYUNION2461BANKLTDCHITHRAAGENCIES,0.0,2202.0,-110963321.58,CHQ
2022-07-01,ByClgCHNACCTSEC-CITYUNION2461BANKLTDCHITHRAAGENCIES,0.0,10000.0,-110953321.58,CHQ
2022-07-01,ByClgCHNACCTSEC-STATEBANKOF2461INDIASBIALAGENDRAN,0.0,110879.0,-110842442.58,CHQ
2022-07-01,2461UPI 357 PUGALENTH SBIN imn-1oksbi mathitw a 2022,0.0,5379.0,-110837063.58,UPI
2022-07-01,NEFT2461Cr-27-ABDULLAHAUTOSTORES- ATTN,0.0,100000.0,-110737063.58,NEFT
2022-07-01,2461UPI 331 MUTHUKUMAR CNRB s UPI f,0.0,300.0,-110736763.58,UPI
2022-07-01,UPI CR 218225758852 HANNAH2461EL CNRB ay PaytoM ea,0.0,562.0,-110736201.58,UPI
2022-07-01,NEFT24610002101-MKENTERPRISES-null,0.0,150000.0,-110586201.58,NEFT
2022-07-01,CashDeposit MDUPTNAGAR2461,0.0,375000.0,-110211201.58,CASH
2022-07-01,FundsTransferDebit1007201001201LORRYOWNERSASSOCIA,0.0,21893.0,-110189308.58,TRANSFER
2022-07-01,2461UPI 148 NAGARAJAN UBIN s UPI adaa6a 07 2022,0.0,3000.0,-110186308.58,UPI
2022-07-01,UPI CR 218253778143 RAMYA2461P CNRB 36451ibl Payment IBLbe8e 07 2022,0.0,3000.0,-110183308.58,UPI
2022-07-01,NEFT246180-METROAUTOCORPORATION- URGENT,0.0,17642.0,-110165666.58,NEFT
2022-07-01,NEFT2461Cr-48-JAYAAUTOPARTS- ATTN INB,0.0,40000.0,-110125666.58,NEFT
2022-07-01,NEFT2461Cr-66-SRILAKSHMIAGENCIES- ATTN INB,0.0,104061.0,-110021605.58,NEFT
2022-07-01,MOB-IMPS-CR Selvapandi INDIAN24619 Deposit4,0.0,5000.0,-110016605.58,IMPS
2022-07-01,MOB-IMPS-CR Selvapandi INDIAN24619 Deposit4,0.0,1000.0,-110015605.58,IMPS
2022-07-01,FundsTransferDebit62141400000046SRIVENKATESHWARATW,0.0,12405.0,-110003200.58,TRANSFER
2022-07-01,FundsTransferDebit3315201000036THIRUMURUGANAUTOSP,0.0,4418.0,-109998782.58,TRANSFER
2022-07-01,FundsTransferDebit62263070000315SAKTHIISIVAMMOTORS,0.0,9616.0,-109989166.58,TRANSFER
2022-07-01,FundsTransferDebit1093201001547PRABHUOILSTORE,0.0,17294.0,-109971872.58,TRANSFER
2022-07-01,MOB-IMPS-CR SELVARAJA INDIAN2461 9,0.0,24585.0,-109947287.58,IMPS
2022-07-01,NEFT2461AUTOMOBILES-Prem,0.0,9273.0,-109938014.58,NEFT
2022-07-01,INET-IMPS-CR NELSONSBE TAMILNAD2461M 029 AGAINST2,0.0,58788.0,-109879226.58,IMPS
2022-07-01,MB6700450 07 2220-28032010000292461,0.0,17337.0,-109861889.58,TRANSFER
2022-07-01,2461UPI 929 ANANDARAJ KVBL 99457ybl Payment,0.0,3000.0,-109858889.58,UPI
2022-07-01,NEFT2461Cr-98-BHARATHTRADERS- REF,0.0,4119.0,-109854770.58,NEFT
2022-07-01,MOB-IMPS-CR AbdulKade INDIAN24617 6,0.0,100000.0,-109754770.58,IMPS
2022-07-02,CASHHANDLINGCHCAODOCC2461,885.0,0.0,-109755655.58,BANK-CHARGES
2022-07-02,NEFT2461Cr-99-NATIONALTRADERS-null,0.0,12930.0,-109742725.58,NEFT
2022-07-02,ByClgCHNACCTSEC-TAMILNAD2461MERCANTILEBANKLTDTMBCHITHRAAGENCIES,0.0,13849.0,-109728876.58,CHQ
2022-07-02,ByClgCHNACCTSEC-HDFCBANK2461LTDCHITHRAAGENCIES,0.0,5242.0,-109723634.58,CHQ
2022-07-02,ByClgCHNACCTSEC-CITYUNION2461BANKLTDCHITHRAAGENCIES,0.0,3000.0,-109720634.58,CHQ
2022-07-02,ByClgCHNACCTSEC-INDIANBANK2461INBCHITHRAAGENCIES,0.0,7342.0,-109713292.58,CHQ
2022-07-02,ByClgCHNACCTSEC-CITYUNION2461BANKLTDCHITHRAAGENCIES,0.0,12572.0,-109700720.58,CHQ
2022-07-02,ByClgCHNACCTSEC-AXISBANKLTD2461CHITHRAAGENCIES,0.0,10000.0,-109690720.58,CHQ
2022-07-02,ByClgCHNACCTSEC-INDIANBANK2461INBCHITHRAAGENCIES,0.0,36535.0,-109654185.58,CHQ
2022-07-02,ByClgCHNACCTSEC-UNIONBANKOF2461INDIAUBICHITHRAAGENCIES,0.0,2280.0,-109651905.58,CHQ
2022-07-02,ByClgCHNACCTSEC-TAMILNAD2461MERCANTILEBANKLTDTMBCHITHRAAGENCIES,0.0,12315.0,-109639590.58,CHQ
2022-07-02,ByClgCHNACCTSEC-TAMILNAD2461MERCANTILEBANKLTDTMBCHITHRAAGENCIES,0.0,11641.0,-109627949.58,CHQ
2022-07-02,FundsTransferDebit1011261000400-M2461RAUTOSTORE,0.0,17049.0,-109610900.58,TRANSFER
2022-07-02,FundsTransferDebit1093201001547PRABHUOILSTORE,0.0,12817.0,-109598083.58,TRANSFER
2022-07-02,CashDeposit1MDUPTNAGAR2461,0.0,300000.0,-109298083.58,CASH
2022-07-02,INET-IMPS-CR Customer IOBN22461 105 Sathiy 2022,0.0,6377.0,-109291706.58,IMPS
2022-07-02,NEFT2461MMANAUTOSTORE-nullPage68of215,0.0,7860.0,-109283846.58,NEFT
2022-07-02,IBOAT18577920030542010002292461OnlineTransactionOTH-LoantoAgenciesVIP,60000.0,0.0,-109343846.58,TRANSFER
2022-07-02,UPI CR 218319814070 MSTHE2461RO IDIB 998-2okhdfcbank UPI 2,0.0,10000.0,-109333846.58,UPI
2022-07-02,NEFT24610IN0426-THECHAKRAAUTOLINK-DBSS0IN0426,0.0,23341.0,-109310505.58,NEFT
2022-07-03,CASHHANDLINGCHCAODOCC2461,708.0,0.0,-109311213.58,BANK-CHARGES
2022-07-03,2461UPI 970 DINESHKUM AIRP 088-1okhdfcbank UPI d,0.0,5480.0,-109305733.58,UPI
2022-07-04,NEFT2461Cr-30-SIDDHESHAUTOSPARES- REF,0.0,16665.0,-109289068.58,NEFT
2022-07-04,ByClgCHNACCTSEC-PANDYAN2461GRAMABPURAMSTPACHITHRAAGENCIES,0.0,2885.0,-109286183.58,CHQ
2022-07-04,ByClgCHNACCTSEC-PUNJAB2461NATIONALBANKPNBCHITHRAAGENCIES,0.0,3447.0,-109282736.58,CHQ
2022-07-04,ByClgCHNACCTSEC-ICICIBANKLTD2461CHITHRAAGENCIES,0.0,15000.0,-109267736.58,CHQ
2022-07-04,ByClgCHNACCTSEC-TAMILNAD2461MERCANTILEBANKLTDTMBCHITHRAAGENCIES,0.0,2926.0,-109264810.58,CHQ
2022-07-04,ByClgCHNACCTSEC-TAMILNAD2461MERCANTILEBANKLTDTMBCHITHRAAGENCIES,0.0,5502.0,-109259308.58,CHQ
2022-07-04,ByClgCHNACCTSEC-INDIAN2461OVERSEASBANKIOBCHITHRAAGENCIES,0.0,37300.0,-109222008.58,CHQ
2022-07-04,ByClgCHNACCTSEC-INDIAN2461OVERSEASBANKIOBCHITHRAAGENCIES,0.0,22008.0,-109200000.58,CHQ
2022-07-04,ByClgCHNACCTSEC-KARURVYSYA2461BANKLTDKVBCHITHRAAGENCIES,0.0,13720.0,-109186280.58,CHQ
2022-07-04,ByClgCHNACCTSEC-CITYUNION2461BANKLTDCHITHRAAGENCIES,0.0,20575.0,-109165705.58,CHQ
2022-07-04,ByClgCHNACCTSEC-TAMILNAD2461MERCANTILEBANKLTDTMBCHITHRAAGENCIES,0.0,7336.0,-109158369.58,CHQ
2022-07-04,ByClgCHNACCTSEC-INDIANBANK2461INBCHITHRAAGENCIES,0.0,6629.0,-109151740.58,CHQ
2022-07-04,ByClgCHNACCTSEC-BANKOF2461BARODABOBCHITHRAAGENCIES,0.0,8300.0,-109143440.58,CHQ
2022-07-04,ByClgCHNACCTSEC-TAMILNAD2461MERCANTILEBANKLTDTMBCHITHRAAGENCIES,0.0,18816.0,-109124624.58,CHQ
2022-07-04,NEFT2461Cr-00-TMSAUTOSPARES-null,0.0,114158.0,-109010466.58,NEFT
2022-07-04,UPI CR 218511341084 Antony2461Pr SBIN ckiumoksbi UPI,0.0,2000.0,-109008466.58,UPI
2022-07-04,2461UPI 376 BOOPATHIR HDFC 759-1okhdfcbank UPI f2f4adcd1ae Page69of215,0.0,16377.0,-108992089.58,UPI
2022-07-04,UPI CR 218589242790 SRI2461KANNA UBIN s PaytoM 3deabaffe8ad,0.0,8688.0,-108983401.58,UPI
2022-07-04,NEFT2461NAUTOSPARES-Guhan,0.0,1467.0,-108981934.58,NEFT
2022-07-04,MOB-IMPS-CR POPULARAU Karur2461 pop 2022,0.0,7518.0,-108974416.58,IMPS
2022-07-04,VALUATIONREPORTCHARGES2461,11800.0,0.0,-108986216.58,REVERSED
2022-07-04,CashDepositCHITHRAAGENCIESUNIT2461IIVIRUDHUNAGAR,0.0,7887.0,-108978329.58,CASH
2022-07-04,MB 4861101000314 ANBALAGAN2461M 8 CASTROOIL CANARA anbueri 2022,0.0,5000.0,-108973329.58,IMPS
2022-07-04,UPI CR 218555109795 BALAJIM2461G HDFC dit-1okhdfcbank PaytoM d92 07 2022,0.0,2299.0,-108971030.58,UPI
2022-07-04,FundsTransferDebit3001201001227BAVANISRIAUTO,0.0,5114.0,-108965916.58,TRANSFER
2022-07-04,FundsTransferDebit1011282000079-S2461KSAUTOCENTRE,0.0,32905.0,-108933011.58,TRANSFER
2022-07-04,FundsTransferDebit3040255000023ASAIMOTORS,0.0,5231.0,-108927780.58,TRANSFER
2022-07-04,NEFT2461Cr---SRIVIGNESHMOTORS-SPLSMEBRANCHMADURAI,0.0,1987.0,-108925793.58,NEFT
2022-07-04,2461FI-TAB-TPDDEPOSIT-8-0263-1308,0.0,5500.0,-108920293.58,CASH
2022-07-04,INET-IMPS-CR MURUGAN2461AU TAMILNADM 181 Bill68092 04 07 2022165803,0.0,461.0,-108919832.58,IMPS
2022-07-04,NEFT2461Cr---VELMURUGANN-null,0.0,20547.0,-108899285.58,NEFT
2022-07-04,NEFT2461Cr---SELVITYRES-null,0.0,12356.0,-108886929.58,NEFT
2022-07-04,NEFT2461Cr-28-ANANDAUTO- ATTN,0.0,11494.0,-108875435.58,NEFT
2022-07-04,MOB-IMPS-CR SELVAMAUT Karur2461 chitra6,0.0,6480.0,-108868955.58,IMPS
2022-07-04,UPI CR 218597127435 PALANI2461VE CNRB thikaokaxis PaytoM a7,0.0,4584.0,-108864371.58,UPI
2022-07-04,2461UPI 319 SANDHIVEE TMBL ci UPI ICIdaa 07 2022,0.0,6922.0,-108857449.58,UPI
2022-07-04,NEFT2461Cr-98-VSKAUTOMOBILES- URGENT,0.0,21845.0,-108835604.58,NEFT
2022-07-04,UPI CR 218550622141 PRAKASH2461G CNRB ci PaytoM Page70of215,0.0,7336.0,-108828268.58,UPI
2022-07-04,NEFT246156-BHARATHAUTOPARTS- URGENT,0.0,9170.0,-108819098.58,NEFT
2022-07-04,NEFT246171DC-ICICATHAUTOMOBILES-SOMNATHAUTOMOBILES,0.0,94325.0,-108724773.58,NEFT
2022-07-04,INET-IMPS-CR RATHINAVEL TAMILNAD2461M 153,0.0,10507.0,-108714266.58,IMPS
2022-07-04,UPI CR 218551932967 THULASI2461R KVBL 21101ybl Payment a1e1,0.0,12118.0,-108702148.58,UPI
2022-07-04,MB 62002010077696 SUBRAMANIANR2461M 8 CASTROL CANARA ARAutopartsMaduraiSubrama 2022,0.0,3000.0,-108699148.58,IMPS
2022-07-05,UPI CR 218624873752 SURESH2461R SBIN vetriybl Sureshr 9,0.0,3808.0,-108695340.58,UPI
2022-07-05,ByClgCHNACCTSEC-KARURVYSYA2461BANKLTDKVBCHITHRAAGENCIES,0.0,13209.0,-108682131.58,CHQ
2022-07-05,ByClgCHNACCTSEC-BANKOF2461BARODABOBCHITHRAAGENCIES,0.0,8567.0,-108673564.58,CHQ
2022-07-05,ByClgCHNACCTSEC-STATEBANKOF2461INDIASBICHITHRAAGENCIES,0.0,8274.0,-108665290.58,CHQ
2022-07-05,ByClgCHNACCTSEC-TAMILNAD2461MERCANTILEBANKLTDTMBCHITHRAAGENCIES,0.0,6241.0,-108659049.58,CHQ
2022-07-05,ByClgCHNACCTSEC-INDIAN2461OVERSEASBANKIOBCHITHRAAGENCIES,0.0,10000.0,-108649049.58,CHQ
2022-07-05,ByClgCHNACCTSEC-DBSBANKLTD2461DBSCHITHRAGENCIES,0.0,3328.0,-108645721.58,CHQ
2022-07-05,ByClgCHNACCTSEC-ESAFSmall2461FinanceBankCHITHRAAGENCIES,0.0,14630.0,-108631091.58,CHQ
2022-07-05,ByClgCHNACCTSEC-TAMILNAD2461MERCANTILEBANKLTDTMBCHITHRAAGENCIES,0.0,14631.0,-108616460.58,CHQ
2022-07-05,ChqPaid-MICRInward2461Clearing-CASTROLINDIALTD-DEUTSCHEBANKDTB-DEUTSCHEBANK,1767753.56,0.0,-110384214.14,CHQ
2022-07-05,NEFT2461Cr-41-MURUGATAMILNADUAUTOSTORE- ATTN INB,0.0,24635.0,-110359579.14,NEFT
2022-07-05,NEFT2461Cr---SRIRAGAVENDRAAUTOSTORE-chithra,0.0,9455.0,-110350124.14,NEFT
2022-07-05,INET-IMPS-CR MPTRACTO TAMILNAD2461M 028,0.0,7739.0,-110342385.14,IMPS
2022-07-05,FundsTransferDebit0901282010390GOVINDARAJAUTOSTOR,0.0,3328.0,-110339057.14,TRANSFER
2022-07-05,FundsTransferDebit125000085755-SRI2461KRISHNAAGENCY,0.0,21563.0,-110317494.14,TRANSFER
2022-07-05,NEFT24610002101-SMRLUBRICANTS-null,0.0,8108.0,-110309386.14,NEFT
2022-07-05,INET-IMPS-CR SRIKRISHN TAMILNAD2461M 073 Page71of215,0.0,10000.0,-110299386.14,IMPS
2022-07-05,IBITG17892440010062610052682461OTH-BILLPAY,0.0,14099.0,-110285287.14,TRANSFER
2022-07-05,NEFT2461Cr-74-SRISARAVANAAAUTOPARTS- REF,0.0,10834.0,-110274453.14,NEFT
2022-07-05,UPI CR 218614510993 MrS2461KANN IDIB UPI Scd5bc8ba 5217,0.0,3000.0,-110271453.14,UPI
2022-07-05,NEFT2461Cr-56-SRIVISHNUTRADERS-SRIVISHNUTRADERS,0.0,7000.0,-110264453.14,NEFT
2022-07-05,UPI CR 218617256326 MS2461PRAKAS IDIB 63355upi PRAKASH c,0.0,15000.0,-110249453.14,UPI
2022-07-05,NEFT2461Cr-48-JAYAAUTOPARTS- ATTN INB,0.0,34483.0,-110214970.14,NEFT
2022-07-05,IBITG32655570040642560003772461OTH-tnchithraagencies,0.0,15000.0,-110199970.14,TRANSFER
2022-07-05,NEFT2461Cr---MANICKAMCOMPANYFIRM-null,0.0,16315.0,-110183655.14,NEFT
2022-07-05,MOB-IMPS-CR AANANTH INDIAN24612 AMAUTO4,0.0,2551.0,-110181104.14,IMPS
2022-07-05,2461MOB-IMPS-CR BLOSSOMTRA BANKOF000 07 2022,0.0,16246.0,-110164858.14,IMPS
2022-07-05,UPI CR 218620782840 OM2461SAKTHI SBIN otorsoksbi oilbill S3,0.0,8716.0,-110156142.14,UPI
2022-07-05,UPI CR 218621353640 RANJITH2461K SBIN UPI fafe,0.0,15000.0,-110141142.14,UPI
2022-07-05,MOB-IMPS-CR AMAAUTO TheState2461 MOBLTA 2022,0.0,6939.0,-110134203.14,IMPS
2022-07-06,ByClgCHNACCTSEC-INDIAN2461OVERSEASBANKIOBCHITHRAAGENCIES,0.0,5134.0,-110129069.14,CHQ
2022-07-06,ByClgCHNACCTSEC-TAMILNAD2461MERCANTILEBANKLTDTMBCHITHRAAGENCIES,0.0,20000.0,-110109069.14,CHQ
2022-07-06,ByClgCHNACCTSEC-INDIAN2461OVERSEASBANKIOBCHITHRAAGENCIES,0.0,3668.0,-110105401.14,OUTWARD-RETURN
2022-07-06,ByClgCHNACCTSEC-BANKOFINDIA2461BOICHITHRAAGENCIES,0.0,6441.0,-110098960.14,CHQ
2022-07-06,ByClgCHNACCTSEC-IDBIBANKLTD2461CHITHRAAGENCIES,0.0,14245.0,-110084715.14,CHQ
2022-07-06,ByClgCHNACCTSEC-ICICIBANKLTD2461CHITHRAAGENCIES,0.0,11967.0,-110072748.14,CHQ
2022-07-06,ByClgCHNACCTSEC-INDIAN2461OVERSEASBANKIOBCHITHRAAGENCIES,0.0,16000.0,-110056748.14,CHQ
2022-07-06,ByClgCHNACCTSEC-CITYUNION2461BANKLTDCHITHRAAGENCIES,0.0,3000.0,-110053748.14,CHQ
2022-07-06,MB 62081400000335 PMVAUTO2461STRA CAN 2022,0.0,10000.0,-110043748.14,IMPS
2022-07-06,NEFT2461Cr---SRIGANESHAUTOPARTS-null,0.0,6594.0,-110037154.14,NEFT
2022-07-06,IBITG8589310010112820000862461OTH-CHITRAAGENCIESPAYMENT,0.0,169446.0,-109867708.14,TRANSFER
2022-07-06,MOB-IMPS-CR MAHADEVAU Equitas2461963 CHITHRA3,0.0,43860.0,-109823848.14,IMPS
2022-07-06,NEFT2461Cr-12-FGAUTOZONE- ATTN INB,0.0,5937.0,-109817911.14,NEFT
2022-07-06,CashDeposit DGULNGLNGR2461,0.0,35360.0,-109782551.14,CASH
2022-07-06,INET-IMPS-CR SRISELVAK TAMILNAD2461M 052,0.0,6321.0,-109776230.14,IMPS
2022-07-06,UPI CR 218761787921 AMBIGA2461CY CNRB partsybl Payment Y,0.0,6302.0,-109769928.14,UPI
2022-07-06,2461MOB-IMPS-CR GGEETHA BANKOFn 2022,0.0,6600.0,-109763328.14,IMPS
2022-07-06,INET-IMPS-CR VENKATTWO TAMILNAD2461M 448,0.0,7078.0,-109756250.14,IMPS
2022-07-06,UPI CR 218796282510 SRI2461VINAY KVBL cbank UPI H5a4d 07 2022,0.0,2988.0,-109753262.14,UPI
2022-07-06,CashDeposit MDUPTNAGAR2461,0.0,60000.0,-109693262.14,CASH
2022-07-06,gefuchqreturn-Contactdrawer drawee2461bankpresentagain,3668.0,0.0,-109696930.14,OUTWARD-RETURN
2022-07-06,NEFT2461LUBRICANTS-null,0.0,13347.0,-109683583.14,NEFT
2022-07-06,NEFT2461Cr-27-SOUNDARAUTOAGENCIES- ATTN,0.0,3722.0,-109679861.14,NEFT
2022-07-06,UPI CR 218799166046 VSAUTO2461 CNRB cbank UPI c,0.0,7336.0,-109672525.14,UPI
2022-07-06,UPI CR 218749767252 SATHISH2461B CNRB s pethanac,0.0,3500.0,-109669025.14,UPI
2022-07-06,UPI CR 218718108673 ASHOK2461KUM SBIN hok-1oksbi PaytoM SBI,0.0,375.0,-109668650.14,UPI
2022-07-06,MOB-IMPS-CR AbdulKade INDIAN24617 Deposit6,0.0,100000.0,-109568650.14,IMPS
2022-07-06,NEFT2461Cr-98-VSKAUTOMOBILES- URGENT,0.0,22209.0,-109546441.14,NEFT
2022-07-06,NEFT24610NEFT01-SRIVISHNUAUTOMOBILES-BUSINESSRELATED,0.0,23879.0,-109522562.14,NEFT
2022-07-07,OWCHQRTNCHGSNCAOTHTHAN2461IND,354.0,0.0,-109522916.14,OUTWARD-CHARGES
2022-07-07,ByClgCHNACCTSEC-KARURVYSYA2461BANKLTDKVBCHITHRAAGENCIES,0.0,57975.0,-109464941.14,CHQ
2022-07-07,ByClgCHNACCTSEC-BANDHAN2461BANKCHITHRAAGENCIES,0.0,10123.0,-109454818.14,CHQ
2022-07-07,ByClgCHNACCTSEC-CITYUNION2461BANKLTDCHITHRAAGENCIES,0.0,28454.0,-109426364.14,CHQ
2022-07-07,ByClgCHNACCTSEC-KARURVYSYA2461BANKLTDKVBCHITHRAAGENCIES,0.0,10370.0,-109415994.14,CHQ
2022-07-07,ByClgCHNACCTSEC-INDIAN2461OVERSEASBANKIOBCHITHRAAGENCIES,0.0,67830.0,-109348164.14,CHQ
2022-07-07,ByClgCHNACCTSEC-KARURVYSYA2461BANKLTDKVBC,0.0,3791.0,-109344373.14,CHQ
2022-07-07,ByClgCHNACCTSEC-INDIAN2461OVERSEASBANKIOBC,0.0,14053.0,-109330320.14,CHQ
2022-07-07,ByClgCHNACCTSEC-INDIAN2461OVERSEASBANKIOBCHITHRAAGENCIES,0.0,16707.0,-109313613.14,CHQ
2022-07-07,ByClgCHNACCTSEC-HDFCBANK2461LTDCHITHRAAGENCIES,0.0,16880.0,-109296733.14,CHQ
2022-07-07,ByClgCHNACCTSEC-STATEBANKOF2461INDIASBICHITHRAAGENCIES,0.0,6804.0,-109289929.14,CHQ
2022-07-07,ByClgCHNACCTSEC-ICICIBANKLTD2461CHITHRAAGENCIES,0.0,4009.0,-109285920.14,CHQ
2022-07-07,ByClgCHNACCTSEC-TAMILNAD2461MERCANTILEBANKLTDTMBCHITHRAAGENCIES,0.0,85313.0,-109200607.14,CHQ
2022-07-07,CashDeposit DGULNGLNGR2461,0.0,28050.0,-109172557.14,CASH
2022-07-07,NEFT246180-METROAUTOCORPORATION- URGENT,0.0,13386.0,-109159171.14,NEFT
2022-07-07,INET-IMPS-CR PONRAJANA TAMILNAD2461M 514 towards3,0.0,2500.0,-109156671.14,IMPS
2022-07-07,NEFT24610002101-MKENTERPRISES-null,0.0,10000.0,-109146671.14,NEFT
2022-07-07,NEFT24610002101-MKENTERPRISES-null,0.0,90000.0,-109056671.14,NEFT
2022-07-07,INET-IMPS-CR SRIABIRAM DBSS2461 1057 Cas 2022,0.0,39374.0,-109017297.14,IMPS
2022-07-07,CashDeposit MDUPTNAGAR2461,0.0,100000.0,-108917297.14,CASH
2022-07-07,MB 3113201005505 KARUPPAIYA2461P 8 CRB CAN 2022,0.0,4500.0,-108912797.14,IMPS
2022-07-07,-DIRECT2461TAX1,14045.0,0.0,-108926842.14,INCOME-TAX
2022-07-07,-DIRECT2461TAX1,6178.0,0.0,-108933020.14,INCOME-TAX
2022-07-07,UPI CR 218815834099 Mr2461Dhanes CIUB cbank PaytoM f 2022,0.0,2000.0,-108931020.14,UPI
2022-07-07,2461UPI 679 SUDHANDHI TMBL ci UPI a819d 07 2022,0.0,5000.0,-108926020.14,UPI
2022-07-07,INET-IMPS-CR SRIKRISHN DBSS2461 5303 0,0.0,20837.0,-108905183.14,IMPS
2022-07-07,NEFT2461Cr-66-SRILAKSHMIAGENCIES- ATTN INB,0.0,156384.0,-108748799.14,NEFT
2022-07-07,UPI CR 218843094279 SRI2461EASWA CIUB ci UPI I,0.0,7543.0,-108741256.14,UPI
2022-07-07,CASH-BNA-10121012BY01 07 222461,0.0,38500.0,-108702756.14,CASH
2022-07-07,CASH-BNA-10121012BY01 07 222461,0.0,11000.0,-108691756.14,CASH
2022-07-07,CASH-BNA-10121012BY01 07 222461,0.0,500.0,-108691256.14,CASH
2022-07-07,UPI CR 218821455958 SEKAR2461S HDFC cbank UPI ffc7ff 2022,0.0,3000.0,-108688256.14,UPI
2022-07-07,NEFTCr-000601289597-UBIN0545554-B2461MAUTOSTORES- URGENT,0.0,5784.0,-108682472.14,NEFT
2022-07-07,NEFT2461Cr-00-THIRUNAVUKARASUAUTOSTORE- Autostore,0.0,6000.0,-108676472.14,NEFT
2022-07-07,NEFT2461Cr---SASTHAAUTOPARTS-null,0.0,5213.0,-108671259.14,NEFT
2022-07-07,NEFT2461NAUTOAGENCY-null,0.0,10163.0,-108661096.14,NEFT
2022-07-07,IBOAT4249107003054201000229OTH,0.0,200000.0,-108461096.14,TRANSFER
2022-07-07,NEFT2461Cr---MAKESHLAKSHMIAUTOSTORES-SPLSMEBRANCHMADURAI,0.0,7353.0,-108453743.14,NEFT
2022-07-08,NEFT2461Cr-27-ABDULLAHAUTOSTORES- ATTN,0.0,100000.0,-108353743.14,NEFT
2022-07-08,ChqPaid-MICRInward2461Clearing-CASTROLINDIALTD-DEUTSCHEBANKDTB-DEUTSCHEBANK,2800571.24,0.0,-111154314.38,CHQ
2022-07-08,ChqPaid-MICRInward2461Clearing-CASTROLINDIALTD-DEUTSCHEBANKDTB-DEUTSCHEBANK,28677.56,0.0,-111182991.94,CHQ
2022-07-08,INET-IMPS-CR SRIANNAI TAMILNAD2461M 595,0.0,5573.0,-111177418.94,IMPS
2022-07-08,ByClgCHNACCTSEC-ICICIBANKLTD2461CHITHRAAGENCIES,0.0,20517.0,-111156901.94,CHQ
2022-07-08,ByClgCHNACCTSEC-TAMILNAD2461MERCANTILEBANKLTDTMBCHITHRAAGENCIES,0.0,25021.0,-111131880.94,CHQ
2022-07-08,ByClgCHNACCTSEC-CITYUNION2461BANKLTDCHITHRAAGENCIES,0.0,2118.0,-111129762.94,CHQ
2022-07-08,ByClgCHNACCTSEC-STATEBANKOF2461INDIASBICHITHRAAGENCIES,0.0,12000.0,-111117762.94,CHQ
2022-07-08,ByClgCHNACCTSEC-TAMILNAD2461MERCANTILEBANKLTDTMBCHITHRAAGENCIESPage75of215,0.0,15357.0,-111102405.94,CHQ
2022-07-08,ByClgCHNACCTSEC-CITYUNION2461BANKLTDC,0.0,5530.0,-111096875.94,CHQ
2022-07-08,ByClgCHNACCTSEC-INDIAN2461OVERSEASBANKIOBCHITHRAAGENCIES,0.0,120000.0,-110976875.94,CHQ
2022-07-08,ByClgCHNACCTSEC-AXISBANKLTD2461C,0.0,28126.0,-110948749.94,CHQ
2022-07-08,ByClgCHNACCTSEC-INDIAN2461OVERSEASBANKIOBCHITHRAAGENCIES,0.0,7630.0,-110941119.94,CHQ
2022-07-08,UPI CR 218911125224 Rajkumar2461 SBIN PaytoM SBIb9,0.0,3000.0,-110938119.94,UPI
2022-07-08,RTGS2461Cr---MrSRIRAMGUNASEKARAN-Paymenttowardsloanrepayment,0.0,885000.0,-110053119.94,RTGS
2022-07-08,NEFT2461Cr-48-JAYAAUTOPARTS- ATTN INB,0.0,22744.0,-110030375.94,NEFT
2022-07-08,NEFT2461Cr-98-BHARATHTRADERS- REF,0.0,41296.0,-109989079.94,NEFT
2022-07-08,FundsTransferDebit1093201001547PRABHUOILSTORE,0.0,11996.0,-109977083.94,TRANSFER
2022-07-08,UPI CR 218921713053 JANDJ2461A IBKL osh-1okicici UPI dbc,0.0,15000.0,-109962083.94,UPI
2022-07-08,CashDepositSWAMYAUTOSPARE2461PARTSODDANCHATRAM,0.0,26120.0,-109935963.94,CASH
2022-07-08,CashDeposit MDUPTNAGAR2461,0.0,170000.0,-109765963.94,CASH
2022-07-08,UPI CR 218913780470 MURUGAN2461P CNRB PaytoM SBI,0.0,900.0,-109765063.94,UPI
2022-07-08,2461UPI 924 SASIKUMAR SBIN UPI,0.0,5000.0,-109760063.94,UPI
2022-07-08,NEFT2461Cr-87-TSUBBULAKSHMI- REF,0.0,5000.0,-109755063.94,NEFT
2022-07-08,FundsTransferDebit4036261000058SRIVIGNESHAUTO,0.0,44244.0,-109710819.94,TRANSFER
2022-07-08,RTGS2461Cr---SRIRAM-null,0.0,500000.0,-109210819.94,RTGS
2022-07-08,MOB-IMPS-CR Selvapandi INDIAN2461 LoanR 05,0.0,5315.0,-109205504.94,IMPS
2022-07-08,UPI CR 218937954269 Mr2461Nagara CIUB 881-2okhdfcbank UPI,0.0,2000.0,-109203504.94,UPI
2022-07-08,NEFT2461Cr-21-SRIBALAJIAUTOSPARES- ATTN BAL,0.0,7336.0,-109196168.94,NEFT
2022-07-08,NEFT24610002101-MKENTERPRISES-null,0.0,65000.0,-109131168.94,NEFT
2022-07-08,2461UPI 649 ADHIVISHN SBIN u93-1oksbi PaytoPage76of215M SBIaa 07 2022,0.0,2000.0,-109129168.94,UPI
2022-07-08,NEFT2461Cr-09-TRVRAMKUMAR- ATTN INB,0.0,26381.0,-109102787.94,NEFT
2022-07-08,UPI CR 218948325597 JEGAN2461A HDFC NA PTM4eada 2022,0.0,5013.0,-109097774.94,UPI
2022-07-08,UPI CR 218940941552 KEERTHI2461K CNRB somanokhdfcbank PaytoM Hb640dba 07 2022,0.0,3668.0,-109094106.94,UPI
2022-07-08,2461UPI 926 ANANDARAJ KVBL 99457ybl Payment YBf351d 07 2022,0.0,3000.0,-109091106.94,UPI
2022-07-08,NEFT2461KRISHNAAUTOPARTS-Haritochidraage,0.0,23110.0,-109067996.94,NEFT
2022-07-08,MB 3315261000010 CROWNTRADER2461M S 8 CHITHRAAGENCIES CANARA crownvedasa 2022,0.0,20286.0,-109047710.94,IMPS
2022-07-08,NEFT24610NEFT01-SRIVISHNUAUTOMOBILES-CASTROL,0.0,119638.0,-108928072.94,NEFT
2022-07-08,NEFT2461Cr---MAKESHLAKSHMIAUTOSTORES-SPLSMEBRANCHMADURAI,0.0,3391.0,-108924681.94,NEFT
2022-07-09,CASHHANDLINGCHCAODOCC2461,401.0,0.0,-108925082.94,BANK-CHARGES
2022-07-09,INET-IMPS-CR Customer IOBN22461 241 kayyem0,0.0,5079.0,-108920003.94,IMPS
2022-07-09,CASH-BNA-14591459BY01 07 222461,0.0,63300.0,-108856703.94,CASH
2022-07-09,MOB-IMPS-CR AbdulKade INDIAN24617 Deposit6,0.0,100000.0,-108756703.94,IMPS
2022-07-09,CASH-BNA-14591459BY01 07 222461,0.0,20200.0,-108736503.94,CASH
2022-07-09,CASH-BNA-14591459BY01 07 222461,0.0,66000.0,-108670503.94,CASH
2022-07-09,NEFT2461ANDLYDIATRADER-null,0.0,29731.0,-108640772.94,NEFT
2022-07-09,NEFT2461Cr-50-SUBBIAHAGENCYS- ATTN,0.0,41484.0,-108599288.94,NEFT
2022-07-10,MB 62081400000335 PMVAUTO2461STRA CAN 2022,0.0,10000.0,-108589288.94,IMPS
2022-07-10,UPI CR 219112913976 Antony2461Pr SBIN ckiumoksbi UPI SBI4f 07 2022,0.0,2400.0,-108586888.94,UPI
2022-07-10,IBOAT25137580023972610101372461OnlineTransactionOTH-,500000.0,0.0,-109086888.94,TRANSFER
2022-07-11,NEFT2461Cr-30-SIDDHESHAUTOSPARES- REF Page77of215,0.0,6942.0,-109079946.94,NEFT
2022-07-11,ByClgCHNACCTSEC-TAMILNAD2461MERCANTILEBANKLTDTMBCHITHRAAGENCIES,0.0,6014.0,-109073932.94,CHQ
2022-07-11,ByClgCHNACCTSEC-UNITED2461COMMERCIALBANKUCOCHITHRAAGENCIES,0.0,14023.0,-109059909.94,CHQ
2022-07-11,ByClgCHNACCTSEC-INDIAN2461OVERSEASBANKIOBCHITHRAAGENCIES,0.0,64987.0,-108994922.94,CHQ
2022-07-11,ByClgCHNACCTSEC-STATEBANKOF2461INDIASBICHITHRAAGENCIES,0.0,33979.0,-108960943.94,CHQ
2022-07-11,ByClgCHNACCTSEC-INDIANBANK2461INBCHITHRAAGENCIES,0.0,8652.0,-108952291.94,CHQ
2022-07-11,ByClgCHNACCTSEC-PUNJAB2461NATIONALBANKPNBCHITHRAAGENCIES,0.0,40309.0,-108911982.94,CHQ
2022-07-11,ByClgCHNACCTSEC-KARURVYSYA2461BANKLTDKVBCHITRAAGENCIES,0.0,5044.0,-108906938.94,CHQ
2022-07-11,ByClgCHNACCTSEC-TAMILNAD2461MERCANTILEBANKLTDTMBCHITHRAAGENCIES,0.0,3939.0,-108902999.94,CHQ
2022-07-11,ByClgCHNACCTSEC-INDIAN2461OVERSEASBANKIOBCHITHRAAGENCIES,0.0,95630.0,-108807369.94,CHQ
2022-07-11,ByClgCHNACCTSEC-BANKOF2461BARODABOBCHITHRAAGENCIES,0.0,10107.0,-108797262.94,CHQ
2022-07-11,ChqPaid-MICRInward2461Clearing-CASTROLINDIALTD-DEUTSCHEBANKDTB-DEUTSCHEBANK,2387520.85,0.0,-111184783.79,CHQ
2022-07-11,2461UPI 301 NAGENDRAN SBIN UPI b43dbb 07 2022,0.0,25123.0,-111159660.79,UPI
2022-07-11,2461UPI 325 RAMAMOORT KVBL 30461ibl PaytoM Iea,0.0,10000.0,-111149660.79,UPI
2022-07-11,NEFT2461Cr---SRIGANESHAUTOPARTS-null,0.0,17492.0,-111132168.79,NEFT
2022-07-11,NEFT2461Cr---SRIAYYANARAUTOMOBILES-SPLSMEBRANCHMADURAI,0.0,11812.0,-111120356.79,NEFT
2022-07-11,NEFT2461Cr-47-MSMSSSON- ATTN INB,0.0,36567.0,-111083789.79,NEFT
2022-07-11,NEFT2461Cr-87-DHANALAKSHMIAUTOSTORE-null,0.0,2500.0,-111081289.79,NEFT
2022-07-11,NEFT2461Cr-64-SUNDARAMCO- ATTN Chit,0.0,5565.0,-111075724.79,NEFT
2022-07-11,NEFT2461Cr-12-FGAUTOZONE- ATTN INB,0.0,8120.0,-111067604.79,NEFT
2022-07-11,2461UPI 326 SOMANATHA CNRB 20048ybl Payment f,0.0,5208.0,-111062396.79,UPI
2022-07-11,NEFT2461Cr-28-SRIAMMANAUTOAGENCY- ATTN Page78of215,0.0,2811.0,-111059585.79,NEFT
2022-07-11,UPI CR 219215193143 GAUTHAM2461K PUNB 65955ybl PaytoM YB,0.0,1876.0,-111057709.79,UPI
2022-07-11,FundsTransferDebit120001362808CHITHRATYRES,0.0,600000.0,-110457709.79,TRANSFER
2022-07-11,IBOAT24889480030542010002292461OnlineTransactionOTH-,400000.0,0.0,-110857709.79,TRANSFER
2022-07-11,MB6700450 07 222461,0.0,3658.0,-110854051.79,TRANSFER
2022-07-11,NEFT2461Cr-15-DUBAIAUTOTYRES- ATTN trf,0.0,20000.0,-110834051.79,NEFT
2022-07-11,UPI CR 219266191356 MANIAN2461B CNRB lvm-1okaxis UPI AXI,0.0,1660.0,-110832391.79,UPI
2022-07-11,NEFT2461Cr---MAKESHLAKSHMIAUTOSTORES-SPLSMEBRANCHMADURAI,0.0,4119.0,-110828272.79,NEFT
2022-07-11,NEFT2461Cr---SRIRAGAVENDRAAUTOSTORE-chitra,0.0,3011.0,-110825261.79,NEFT
2022-07-11,MOB-IMPS-CR SELVARAJA INDIAN2461 9,0.0,5000.0,-110820261.79,IMPS
2022-07-11,MB 62081400000335 PMVAUTO2461STRA CAN 2022,0.0,5000.0,-110815261.79,IMPS
2022-07-12,ByClgCHNACCTSEC-AXISBANKLTD2461CHITHRAAGENCIES,0.0,7025.0,-110808236.79,CHQ
2022-07-12,ByClgCHNACCTSEC-ICICIBANKLTD2461CHITHRAAGENCIES,0.0,10000.0,-110798236.79,CHQ
2022-07-12,ByClgCHNACCTSEC-BANKOF2461BARODABOBCHITHRAAGENCIES,0.0,6488.0,-110791748.79,CHQ
2022-07-12,ByClgCHNACCTSEC-BANKOFINDIA2461BOICHITHRAAGENCIES,0.0,6939.0,-110784809.79,CHQ
2022-07-12,ByClgCHNACCTSEC-UNIONBANKOF2461INDIAUBICHITHRAAGENCIES,0.0,21517.0,-110763292.79,CHQ
2022-07-12,ByClgCHNACCTSEC-TAMILNAD2461MERCANTILEBANKLTDTMBCHITHRAAGENCIES,0.0,5206.0,-110758086.79,CHQ
2022-07-12,ByClgCHNACCTSEC-AXISBANKLTD2461CHITHRAAGENCIES,0.0,14668.0,-110743418.79,CHQ
2022-07-12,ByClgCHNACCTSEC-INDIANBANK2461INBCHITHRAAGENCIES,0.0,4415.0,-110739003.79,CHQ
2022-07-12,ByClgCHNACCTSEC-TAMILNAD2461MERCANTILEBANKLTDTMBCHITHRAAGENCIES,0.0,6203.0,-110732800.79,CHQ
2022-07-12,ByClgCHNACCTSEC-PUNJAB2461NATIONALBANKPNBCHITHRAAGENCIES,0.0,6000.0,-110726800.79,CHQ
2022-07-12,ByClgCHNACCTSEC-CENTRALBANK2461OFINDIACBICHITHRAAGENCIES,0.0,3396.0,-110723404.79,CHQ
2022-07-12,ByClgCHNACCTSEC-INDIAN2461OVERSEASBANKIOBCHITHRAAGENCIES,0.0,8921.0,-110714483.79,CHQ
2022-07-12,ByClgCHNACCTSEC-TAMILNAD2461MERCANTILEBANKLTDTMBCHITHRAAGENCIES,0.0,6656.0,-110707827.79,CHQ
2022-07-12,ByClgCHNACCTSEC-TAMILNAD2461MERCANTILEBANKLTDTMBCHITHRAAGENCIES,0.0,16679.0,-110691148.79,CHQ
2022-07-12,ByClgCHNACCTSEC-HDFCBANK2461LTDCHITHRAAGENCIESPage79of215,0.0,7336.0,-110683812.79,CHQ
2022-07-12,ByClgCHNACCTSEC-TAMILNAD2461MERCANTILEBANKLTDTMBCHITHRAAGENCIES,0.0,29889.0,-110653923.79,CHQ
2022-07-12,ByClgCHNACCTSEC-TAMILNAD2461MERCANTILEBANKLTDTMBCHITHRAAGENCIES,0.0,6727.0,-110647196.79,CHQ
2022-07-12,ByClgCHNACCTSEC-ICICIBANKLTD2461CHITHRAAGENCIES,0.0,9569.0,-110637627.79,CHQ
2022-07-12,UPI CR 219376025092 MrK2461ALAG IDIB s Castrol d 2022,0.0,1700.0,-110635927.79,UPI
2022-07-12,2461UPI 468 SUBBULAKS SBIN 56197axl PaytoM c6ed 07 2022,0.0,1000.0,-110634927.79,UPI
2022-07-12,FundsTransferDebit1011282000079-S2461KSAUTOCENTRE,0.0,22831.0,-110612096.79,TRANSFER
2022-07-12,2461UPI 400 DURAIPRAB KVBL 28128ybl Payment 6883e 07 2022,0.0,2500.0,-110609596.79,UPI
2022-07-12,NEFT2461AUTOSTORES-arunbyepass,0.0,11346.0,-110598250.79,NEFT
2022-07-12,IBITG17092550010112820000862461OTH-CHITRAAGENCIESPAYMENT,0.0,206910.0,-110391340.79,TRANSFER
2022-07-12,UPI CR 219379701845 Mr2461SUBASH IDIB ent-1okaxis PaytoM d,0.0,3000.0,-110388340.79,UPI
2022-07-12,NEFTCr-SAA122643316-TMBL0000051-S2461PSTORE-SPLSMEBRANCHMADURAI,0.0,6839.0,-110381501.79,NEFT
2022-07-12,MOB-IMPS-CR ROYALARUM Karur2461 2022,0.0,10000.0,-110371501.79,IMPS
2022-07-12,UPI CR 219314605020 MS2461PRAKAS IDIB 63355upi PRAKASH U37da 07 2022,0.0,10000.0,-110361501.79,UPI
2022-07-12,INET-IMPS-CR SRISELVAK TAMILNAD2461M 052,0.0,5930.0,-110355571.79,IMPS
2022-07-12,NEFT2461Cr-98-VSKAUTOMOBILES- URGENT,0.0,23742.0,-110331829.79,NEFT
2022-07-12,NEFT2461Cr-98-SARAVANATRACTORSPARES-SARAVANATRACTORSPARES,0.0,28096.0,-110303733.79,NEFT
2022-07-12,MB 3315261000010 CROWNTRADER2461M S 8 CHITHRAAGENCIES CANARA crownvedasa 2022,0.0,13733.0,-110290000.79,IMPS
2022-07-12,NEFT2461Cr-02-SAMTRACTORANDSPARESCONTRACT- ATTN INB,0.0,10000.0,-110280000.79,NEFT
2022-07-12,NEFT2461Cr-00-TMSAUTOSPARES-null,0.0,38085.0,-110241915.79,NEFT
2022-07-12,IBOAT3880712003054201000229OTHPage80of215,0.0,40000.0,-110201915.79,TRANSFER
2022-07-12,2461UPI 639 CHANDRASE CNRB 76143ybl Payment Y,0.0,10000.0,-110191915.79,UPI
2022-07-12,NEFTCr-SAA122682879-TMBL0000343-S2461KAUTOSPARES-SPLSMEBRANCHMADURAI,0.0,9318.0,-110182597.79,NEFT
2022-07-13,ByClgCHNACCTSEC-INDIAN2461OVERSEASBANKIOBCHITHRAAGENCIES,0.0,9000.0,-110173597.79,CHQ
2022-07-13,ByClgCHNACCTSEC-KARURVYSYA2461BANKLTDKVBCHITHRAAGENCIES,0.0,3802.0,-110169795.79,CHQ
2022-07-13,ByClgCHNACCTSEC-HDFCBANK2461LTDCHITHRAAGENCIES,0.0,11385.0,-110158410.79,CHQ
2022-07-13,ByClgCHNACCTSEC-PANDYAN2461GRAMABPURAMSTPACHITHRAAGENCIES,0.0,20309.0,-110138101.79,CHQ
2022-07-13,ByClgCHNACCTSEC-INDIAN2461OVERSEASBANKIOBCHITHRAAGENCIES,0.0,10000.0,-110128101.79,CHQ
2022-07-13,ByClgCHNACCTSEC-KARURVYSYA2461BANKLTDKVBCHITHRAAGENCIES,0.0,4161.0,-110123940.79,CHQ
2022-07-13,ByClgCHNACCTSEC-TAMILNAD2461MERCANTILEBANKLTDTMBCHITHRAAGENCIES,0.0,2300.0,-110121640.79,CHQ
2022-07-13,ByClgCHNACCTSEC-CITYUNION2461BANKLTDCHITHRAAGENCIES,0.0,7177.0,-110114463.79,CHQ
2022-07-13,ChqPaid-MICRInward2461Clearing-CASTROLINDIALTD-DEUTSCHEBANKDTB-DEUTSCHEBANK,1293017.71,0.0,-111407481.5,CHQ
2022-07-13,NEFT2461Cr-27-ABDULLAHAUTOSTORES- ATTN,0.0,80000.0,-111327481.5,NEFT
2022-07-13,UPI CR 219451082078 Mr2461KANNAN CIUB 95861ybl Payment Y976e 07 2022,0.0,6541.0,-111320940.5,UPI
2022-07-13,CashDeposit DGULNGLNGR2461,0.0,41350.0,-111279590.5,CASH
2022-07-13,UPI CR 219499073138 MBR2461AUTOM UTIB mbr-1okaxis MBR,0.0,4000.0,-111275590.5,UPI
2022-07-13,CashDeposit MDUPTNAGAR2461,0.0,535000.0,-110740590.5,CASH
2022-07-13,MOB-IMPS-CR AbdulKade INDIAN24617 6,0.0,100000.0,-110640590.5,IMPS
2022-07-13,INET-IMPS-CR SSAUTOS TAMILNAD2461M 142 CRB8,0.0,16921.0,-110623669.5,IMPS
2022-07-13,INET-IMPS-CR VENKATTWO TAMILNAD2461M 448,0.0,7336.0,-110616333.5,IMPS
2022-07-13,FundsTransferDebit5961101005096SRIRAMG,0.0,1465000.0,-109151333.5,TRANSFER
2022-07-13,NEFT24610IN0426-THECHAKRAAUTOLINK-DBSS0IN0426,0.0,21120.0,-109130213.5,NEFT
2022-07-13,UPI CR 219421533478 GEETHA2461G BARB ci Mathano 7939fa 07 2022,0.0,6000.0,-109124213.5,UPI
2022-07-13,FundsTransferDebit1011201011691AUTOTYRES,0.0,9026.0,-109115187.5,TRANSFER
2022-07-13,NEFT2461AMAUTOSPARES-null,0.0,20853.0,-109094334.5,NEFT
2022-07-13,NEFT2461Cr---SELVITYRES-null,0.0,33913.0,-109060421.5,NEFT
2022-07-13,NEFT2461Cr-28-ANANDAUTO- ATTN,0.0,18149.0,-109042272.5,NEFT
2022-07-13,NEFT2461Cr---PAGELUBES-pagelubes,0.0,13313.0,-109028959.5,NEFT
2022-07-13,NEFT24610NEFT01-SRIVISHNUAUTOMOBILES-BUSINESSRELATED,0.0,7414.0,-109021545.5,NEFT
2022-07-13,NEFT24610NEFT01-SRIVISHNUAUTOMOBILES-CASTROL,0.0,71647.0,-108949898.5,NEFT
2022-07-13,NEFT2461Cr---MAKESHLAKSHMIAUTOSTORES-SPLSMEBRANCHMADURAI,0.0,4255.0,-108945643.5,NEFT
2022-07-13,CASHHANDLINGCHCAODOCC2461,1263.0,0.0,-108946906.5,BANK-CHARGES
2022-07-14,IBOAT72261002397261010137Online2461TransactionOTH-,800000.0,0.0,-109746906.5,TRANSFER
2022-07-14,ChqPaid-MICRInward2461Clearing-CASTROLINDIALTD-DEUTSCHEBANKDTB-DEUTSCHEBANK,1439399.42,0.0,-111186305.92,CHQ
2022-07-14,ByClgCHNACCTSEC-CITYUNION2461BANKLTDCHITHRAAGENCIES,0.0,3000.0,-111183305.92,CHQ
2022-07-14,ByClgCHNACCTSEC-TAMILNAD2461MERCANTILEBANKLTDTMBCHITHRAAGENCIES,0.0,2300.0,-111181005.92,CHQ
2022-07-14,ByClgCHNACCTSEC-TAMILNAD2461MERCANTILEBANKLTDTMBC,0.0,4505.0,-111176500.92,CHQ
2022-07-14,ByClgCHNACCTSEC-FEDERALBANK2461LTDFBLC,0.0,9896.0,-111166604.92,CHQ
2022-07-14,ByClgCHNACCTSEC-TAMILNAD2461MERCANTILEBANKLTDTMBC,0.0,7040.0,-111159564.92,CHQ
2022-07-14,ByClgCHNACCTSEC-INDIAN2461OVERSEASBANKIOBCHITHRAAGENCIES,0.0,2926.0,-111156638.92,CHQ
2022-07-14,ByClgCHNACCTSEC-TAMILNAD2461MERCANTILEBANKLTDTMBCHITHRAAGENCIES,0.0,23089.0,-111133549.92,CHQ
2022-07-14,ByClgCHNACCTSEC-TAMILNADU2461INDUSTRIALCO-OPERATIVEBANKC,0.0,7533.0,-111126016.92,CHQ
2022-07-14,ByClgCHNACCTSEC-CITYUNION2461BANKLTDCHITHRAAGENCIES,0.0,10000.0,-111116016.92,CHQ
2022-07-14,ByClgCHNACCTSEC-CITYUNION2461BANKLTDCHITHRAAGENCIES,0.0,11533.0,-111104483.92,CHQ
2022-07-14,ByClgCHNACCTSEC-UNIONBANKOF2461INDIAUBICHITHRAAGENCIES,0.0,14349.0,-111090134.92,CHQ
2022-07-14,ByClgCHNACCTSEC-CITYUNION2461BANKLTDCHITHRAAGENCIES,0.0,4418.0,-111085716.92,CHQ
2022-07-14,ByClgCHNACCTSEC-FEDERALBANK2461LTDFBLCPage82of215,0.0,3421.0,-111082295.92,CHQ
2022-07-14,INET-IMPS-CR Customer IOBN22461 241 kayyem0,0.0,4575.0,-111077720.92,IMPS
2022-07-14,NEFT2461Cr-34-SRIKUMARANAUTOSPARES- REF,0.0,5000.0,-111072720.92,NEFT
2022-07-14,UPI CR 219547385239 PERUMAL2461V SBIN 26167axl PaytoM baaeab 07 2022,0.0,2100.0,-111070620.92,UPI
2022-07-14,UPI CR 219529452337 PRAVEEN2461K KVBL s UPI A69 07 2022,0.0,6000.0,-111064620.92,UPI
2022-07-14,2461UPI 460 PONNUCHAM BKID hasmyokhdfcbank PaytoM HDFee 07 2022,0.0,5000.0,-111059620.92,TRANSFER
2022-07-14,NEFT2461Cr---NOVACOTTAGEINDUSTRY-SPLSMEBRANCHMADURAI,0.0,15651.0,-111043969.92,NEFT
2022-07-14,IBITG185591800OnlineTransaction2461BDP-BDTANGED-BILLDSK-1-CLIENTCODE,24117.0,0.0,-111068086.92,ONLINE-PAYMENT
2022-07-14,CashDeposit MDUPTNAGAR2461,0.0,150000.0,-110918086.92,CASH
2022-07-14,UPI CR 219587711084 Mr2461BOUSDE IDIB 37752axl Payment A,0.0,5000.0,-110913086.92,UPI
2022-07-14,FundsTransferDebit62143070000376MALARAUTOMOBILES,0.0,8071.0,-110905015.92,TRANSFER
2022-07-14,FundsTransferDebit3315201000036THIRUMURUGANAUTOSP,0.0,6656.0,-110898359.92,TRANSFER
2022-07-14,NEFT2461Cr-35-SRIGANESHAUTOAGENCY- ATTN Gane,0.0,6451.0,-110891908.92,NEFT
2022-07-14,NEFT246161DC-ICIC0SF0002-ASHANMUGASUNDARAMU-null,0.0,1417.0,-110890491.92,NEFT
2022-07-14,IBITG33310790010062610052682461OTH-BILLPAY,0.0,15000.0,-110875491.92,TRANSFER
2022-07-14,NEFT2461ARAJAUTOSTORE-null,0.0,5288.0,-110870203.92,NEFT
2022-07-14,2461UPI 461 PONSURESH KVBL amahaybl PaytoM ca8c 07 2022,0.0,6334.0,-110863869.92,UPI
2022-07-14,NEFT2461Cr---SRIRAMDEVAUTOSPARES-null,0.0,8782.0,-110855087.92,NEFT
2022-07-14,CASHHANDLINGCHCAODOCC2461,354.0,0.0,-110855441.92,BANK-CHARGES
2022-07-15,NEFT2461THUPANDICHINNAP-null,0.0,5969.0,-110849472.92,NEFT
2022-07-15,ByClgCHNACCTSEC-AXISBANKLTD2461CHITHRAAGENCIES,0.0,5000.0,-110844472.92,CHQ
2022-07-15,ByClgCHNACCTSEC-Equitassmall2461financebankLTDC,0.0,3015.0,-110841457.92,CHQ
2022-07-15,ByClgCHNACCTSEC-THECATHOLIC2461SYRIANBANKLTDCSBCPage83of215,0.0,13563.0,-110827894.92,CHQ
2022-07-15,ByClgCHNACCTSEC-AXISBANKLTD2461CHITHRAAGENCIES,0.0,8182.0,-110819712.92,OUTWARD-RETURN
2022-07-15,ByClgCHNACCTSEC-TAMILNAD2461MERCANTILEBANKLTDTMBCHITHRAAGENCIES,0.0,2140.0,-110817572.92,CHQ
2022-07-15,ByClgCHNACCTSEC-TAMILNAD2461MERCANTILEBANKLTDTMBCHITHRAAGENCIES,0.0,8569.0,-110809003.92,CHQ
2022-07-15,ByClgCHNACCTSEC-BANKOFINDIA2461BOICHITHRAAGENCIES,0.0,6889.0,-110802114.92,CHQ
2022-07-15,ByClgCHNACCTSEC-TAMILNAD2461MERCANTILEBANKLTDTMBCHITHRAAGENCIES,0.0,6202.0,-110795912.92,CHQ
2022-07-15,ByClgCHNACCTSEC-KARURVYSYA2461BANKLTDKVBCHITHRAAGENCIES,0.0,17417.0,-110778495.92,CHQ
2022-07-15,ByClgCHNACCTSEC-INDIAN2461OVERSEASBANKIOBCHITHRAAGENCIES,0.0,137076.0,-110641419.92,CHQ
2022-07-15,ByClgCHNACCTSEC-ICICIBANKLTD2461CHITHRAAGENCIES,0.0,9169.0,-110632250.92,CHQ
2022-07-15,ByClgCHNACCTSEC-TAMILNAD2461MERCANTILEBANKLTDTMBCHITHRAAGENCIES,0.0,24294.0,-110607956.92,CHQ
2022-07-15,ByClgCHNACCTSEC-IDBIBANKLTD2461CHITHRAAGENCIES,0.0,3797.0,-110604159.92,CHQ
2022-07-15,ByClgCHNACCTSEC-CITYUNION2461BANKLTDCHITHRAAGENCIES,0.0,4325.0,-110599834.92,CHQ
2022-07-15,ByClgCHNACCTSEC-KARURVYSYA2461BANKLTDKVBCHITHRAAGENCIES,0.0,5657.0,-110594177.92,CHQ
2022-07-15,2461UPI 428 MUTHUKUMAR CNRB s UPI AX 07 2022,0.0,1000.0,-110593177.92,UPI
2022-07-15,INET-IMPS-CR SRIKRISHN TAMILNAD2461M 073,0.0,12218.0,-110580959.92,IMPS
2022-07-15,CashDeposit KARAIKUDI2461,0.0,3800.0,-110577159.92,CASH
2022-07-15,UPI CR 219614644675 AMBIGA2461CY CNRB partsybl Payment YBec 07 2022,0.0,7336.0,-110569823.92,UPI
2022-07-15,NEFT2461Cr---SRIGANESHAUTOPARTS-null,0.0,6506.0,-110563317.92,NEFT
2022-07-15,NEFT2461Cr-48-JAYAAUTOPARTS- ATTN INB,0.0,8511.0,-110554806.92,NEFT
2022-07-15,NEFTCr-SAA122857152-TMBL0000004-V2461APSSSELVITRADERS-null,0.0,7140.0,-110547666.92,NEFT
2022-07-15,FundsTransferDebit1011282000079-S2461KSAUTOCENTRE,0.0,7032.0,-110540634.92,TRANSFER
2022-07-15,NEFT2461Cr-98-ASHIKAAUTOSPARES- REF,0.0,4700.0,-110535934.92,NEFT
2022-07-15,UPI CR 219666505718 RAMYA2461P CNRB 36451ibl Payment,0.0,6600.0,-110529334.92,UPI
2022-07-15,NEFTCr-SAA122870283-TMBL0000051-S2461PSTORE-SPLSMEBRANCHMADURAI,0.0,7673.0,-110521661.92,NEFT
2022-07-15,gefuchqreturn-Alterationrequires2461drawersauthenticat,8182.0,0.0,-110529843.92,OUTWARD-RETURN
2022-07-15,INET-IMPS-CR ACNMOTORS INDIAN24612 OilPage84of215Ba 37,0.0,52967.0,-110476876.92,IMPS
2022-07-15,INET-IMPS-CR SARAVANAA TAMILNAD2461M 762,0.0,3573.0,-110473303.92,IMPS
2022-07-15,UPI CR 219697886162 MrR2461ARAV IDIB ci JKMotor a 2022,0.0,3800.0,-110469503.92,UPI
2022-07-15,NEFT2461Cr-41-MURUGATAMILNADUAUTOSTORE- ATTN INB,0.0,24096.0,-110445407.92,NEFT
2022-07-15,IBNEFTDrP196220180033039ARUN2461POLYMERSRepayloantoAP,250000.0,0.0,-110695407.92,NEFT
2022-07-15,SCNEFTOTHERTHANSBIMB2461,29.0,0.0,-110695436.92,BANK-CHARGES
2022-07-15,NEFT2461Cr-66-SRILAKSHMIAGENCIES- ATTN INB,0.0,105566.0,-110589870.92,NEFT
2022-07-15,2461UPI 850 ANANDARAJ KVBL 99457ybl Payment,0.0,3000.0,-110586870.92,UPI
2022-07-15,NEFT2461ANTHAAUTOSTOR-null,0.0,1846.0,-110585024.92,NEFT
2022-07-15,MB 1349108318553 KUMARESAN2461S 8 GASTROLOIL CAN 2022,0.0,700.0,-110584324.92,IMPS
2022-07-15,MOB-IMPS-CR SSUBBIAH AXB2461,0.0,20000.0,-110564324.92,IMPS
2022-07-15,2461UPI 579 CHANDRASE CNRB 76143ybl Payment e,0.0,10000.0,-110554324.92,UPI
2022-07-15,NEFT2461NAUTOSTORE-jegan,0.0,7431.0,-110546893.92,NEFT
2022-07-15,NEFT2461Cr-B027-ThIRUMANIAUTOSPARES- URGENT,0.0,3328.0,-110543565.92,NEFT
2022-07-15,OWCHQRTNCHGSNCAOTHTHAN2461IND,354.0,0.0,-110543919.92,OUTWARD-CHARGES
2022-07-16,-CHITHRAAGENCIES2461DrawdownFromCASA,26317.0,0.0,-110570236.92,EMI-DEBIT
2022-07-16,ByClgCHNACCTSEC-PANDYAN2461GRAMABPURAMSTPACHITHRAAGENCIES,0.0,4183.0,-110566053.92,CHQ
2022-07-16,ByClgCHNACCTSEC-UNIONBANKOF2461INDIAUBICHITHRAAGENCIES,0.0,10000.0,-110556053.92,CHQ
2022-07-16,ByClgCHNACCTSEC-PUNJAB2461NATIONALBANKPNBCHITHRAAGENCIES,0.0,47842.0,-110508211.92,CHQ
2022-07-16,ByClgCHNACCTSEC-TAMILNAD2461MERCANTILEBANKLTDTMBCHITHRAAGENCIES,0.0,7340.0,-110500871.92,CHQ
2022-07-16,ByClgCHNACCTSEC-TAMILNAD2461MERCANTILEBANKLTDTMBCHITHRAAGENCIES,0.0,8253.0,-110492618.92,CHQ
2022-07-16,ByClgCHNACCTSEC-TAMILNAD2461MERCANTILEBANKLTDTMBCHITHRAAGENCIESPage85of215,0.0,23498.0,-110469120.92,CHQ
2022-07-16,ByClgCHNACCTSEC-KARURVYSYA2461BANKLTDKVBCHITHRAAGENCIES,0.0,16109.0,-110453011.92,CHQ
2022-07-16,ByClgCHNACCTSEC-AXISBANKLTD2461CHITHRAAGENCIES,0.0,7500.0,-110445511.92,CHQ
2022-07-16,ByClgCHNACCTSEC-FEDERALBANK2461LTDFBLCHITHRAAGENCIES,0.0,3421.0,-110442090.92,CHQ
2022-07-16,ByClgCHNACCTSEC-INDUSINDBANK2461LTDCHITHRAAGENCIES,0.0,3658.0,-110438432.92,CHQ
2022-07-16,ByClgCHNACCTSEC-KARURVYSYA2461BANKLTDKVBCHITHRAGENCIES,0.0,9285.0,-110429147.92,CHQ
2022-07-16,ByClgCHNACCTSEC-IDBIBANKLTD2461CHITHRAAGENCIES,0.0,14691.0,-110414456.92,CHQ
2022-07-16,ChqPaid-MICRInward2461Clearing-CASTROLINDIALIMITED-DEUTSCHEBANKDTB-DEUTSCHEBANK,284665.29,0.0,-110699122.21,CHQ
2022-07-16,UPI CR 219789375914 VSAUTO2461 CNRB cbank UPI bec4ebf 07 2022,0.0,14725.0,-110684397.21,UPI
2022-07-16,CashDepositMATHANSIVAKASI2461,0.0,3000.0,-110681397.21,CASH
2022-07-16,NEFT2461TERPRISES-null,0.0,150000.0,-110531397.21,NEFT
2022-07-16,MOB-IMPS-CR AbdulKade INDIAN24617 Deposit6,0.0,100000.0,-110431397.21,IMPS
2022-07-16,INET-IMPS-CR BALUAUTO TAMILNAD2461M 492,0.0,50000.0,-110381397.21,IMPS
2022-07-16,FundsTransferDebit3040255000023ASAIMOTORS,0.0,5355.0,-110376042.21,TRANSFER
2022-07-16,FundsTransferDebit3315201000036THIRUMURUGANAUTOSP,0.0,6656.0,-110369386.21,TRANSFER
2022-07-16,CashDeposit MDUPTNAGAR2461,0.0,90000.0,-110279386.21,CASH
2022-07-16,UPI CR 219785709920 Mr2461DINESH IDIB ci newsakthi 5cc,0.0,10000.0,-110269386.21,UPI
2022-07-16,RTGS2461Cr---ARUNPOLYMERS-null,0.0,250000.0,-110019386.21,RTGS
2022-07-16,NEFT2461Cr---SRIRAGAVENDRAAUTOSTORE-castral,0.0,2666.0,-110016720.21,NEFT
2022-07-17,IBITG10155020010062610052682461OTH-BILLPAY,0.0,28110.0,-109988610.21,TRANSFER
2022-07-18,NEFT2461Cr-30-SIDDHESHAUTOSPARES- REF,0.0,36192.0,-109952418.21,NEFT
2022-07-18,ByClgCHNACCTSEC-INDIAN2461OVERSEASBANKIOBCHITHRAAGENCIES,0.0,72777.0,-109879641.21,CHQ
2022-07-18,ByClgCHNACCTSEC-KARURVYSYA2461BANKLTDKVBCHITHRAAGENCIES,0.0,37671.0,-109841970.21,CHQ
2022-07-18,ByClgCHNACCTSEC-BANKOFINDIA2461BOICHITHRAAGENCIES,0.0,2529.0,-109839441.21,CHQ
2022-07-18,ByClgCHNACCTSEC-INDIANBANK2461INBCHITHRAAGENCIES,0.0,9489.0,-109829952.21,CHQ
2022-07-18,ByClgCHNACCTSEC-TAMILNAD2461MERCANTILEBANKLTDTMBCHITHRAAGENCIES,0.0,30434.0,-109799518.21,CHQ
2022-07-18,ByClgCHNACCTSEC-ICICIBANKLTD2461CHITHRAAGENCIES,0.0,30354.0,-109769164.21,CHQ
2022-07-18,ByClgCHNACCTSEC-INDIANBANK2461INBCHITHRAAGENCIES,0.0,6963.0,-109762201.21,CHQ
2022-07-18,ByClgCHNACCTSEC-TAMILNAD2461MERCANTILEBANKLTDTMBCHITHRAAGENCIES,0.0,4599.0,-109757602.21,CHQ
2022-07-18,ByClgCHNACCTSEC-BANKOF2461BARODABOBCHITHRAAGENCIES,0.0,10000.0,-109747602.21,CHQ
2022-07-18,ByClgCHNACCTSEC-TAMILNAD2461MERCANTILEBANKLTDTMBCHITHRAAGENCIES,0.0,8737.0,-109738865.21,CHQ
2022-07-18,MB6700450 07 2210-10092010035802461,0.0,17455.0,-109721410.21,TRANSFER
2022-07-18,NEFT2461Cr---SRIAYYANARAUTOMOBILES-SPLSMEBRANCHMADURAI,0.0,50000.0,-109671410.21,NEFT
2022-07-18,NEFT2461Cr-00-TMSAUTOSPARES-null,0.0,70842.0,-109600568.21,NEFT
2022-07-18,INET-IMPS-CR SRIKRISHN TAMILNAD2461M 073,0.0,10000.0,-109590568.21,IMPS
2022-07-18,NEFT2461Cr---NEWRPSAUTOSPARES-SPLSMEBRANCHMADURAI,0.0,7082.0,-109583486.21,NEFT
2022-07-18,UPI CR 219911258028 VIVEHA2461AU SBIN 60006ybl PaytoM Yc 07 2022,0.0,3500.0,-109579986.21,UPI
2022-07-18,NEFT2461Cr-12-FGAUTOZONE- ATTN INB,0.0,6872.0,-109573114.21,NEFT
2022-07-18,2461UPI 733 JAWAHARP CNRB s62-2okhdfcbank UPI 2459bcab9a0a,0.0,1000.0,-109572114.21,UPI
2022-07-18,NEFT2461Cr-92-NASAUTOELECTRICALS- 2-CUSTOMER 1-CUSTOMERPAYMENT,0.0,8594.0,-109563520.21,NEFT
2022-07-18,NEFT2461Cr-T015-SRIBALAJIAUTOSTORE-null,0.0,182464.0,-109381056.21,NEFT
2022-07-18,gefuchqreturn-FundsInsufficient2461,13613.0,0.0,-109394669.21,OUTWARD-RETURN
2022-07-18,INET-IMPS-CR VETRIAUTO IDFCBANK2461,0.0,5038.0,-109389631.21,IMPS
2022-07-18,NEFT2461Cr---KAMADHENUMOTORCYCLECOMPANY-null,0.0,7336.0,-109382295.21,NEFT
2022-07-18,MB 4861101000314 ANBALAGAN2461M 8 CHITHRAAGENCIES CANARA 2022,0.0,5000.0,-109377295.21,IMPS
2022-07-18,INET-IMPS-CR SRIMEENAK TAMILNAD2461M 149,0.0,4963.0,-109372332.21,IMPS
2022-07-18,IBITG31229720010062610052682461OTH-BILLPAYPage87of215,0.0,16890.0,-109355442.21,TRANSFER
2022-07-18,NEFT2461MMANAUTOSTORE-null,0.0,3964.0,-109351478.21,NEFT
2022-07-18,2461FI-TAB-TPDDEPOSIT-8-0263-1308,0.0,5000.0,-109346478.21,CASH
2022-07-18,NEFT2461Cr-15-DUBAIAUTOTYRES- ATTN trf,0.0,9432.0,-109337046.21,NEFT
2022-07-18,NEFT246164-SARAVANAAUTOSTORES- URGENT,0.0,18904.0,-109318142.21,NEFT
2022-07-18,UPI CR 219993862619 MOHAMED2461B CNRB ci UPI ICec2d 07 2022,0.0,6200.0,-109311942.21,UPI
2022-07-18,MOB-IMPS-CR SELVAMAUT Karur2461 chitra 2022,0.0,11375.0,-109300567.21,IMPS
2022-07-18,MOB-IMPS-CR ARUNCYCLE UBI2461 07 2022,0.0,16847.0,-109283720.21,IMPS
2022-07-18,MB 62081400000335 PMVAUTO2461STRA CAN 2022,0.0,5000.0,-109278720.21,IMPS
2022-07-18,INET-IMPS-CR VINAYAKAA TAMILNAD2461M 884,0.0,6013.0,-109272707.21,IMPS
2022-07-19,OWCHQRTNCHGSNCAOTHTHAN2461IND,354.0,0.0,-109273061.21,OUTWARD-CHARGES
2022-07-19,CASH-BNA-09010901BY01 07 222461,0.0,3000.0,-109270061.21,CASH
2022-07-19,ByClgCHNACCTSEC-UNIONBANKOF2461INDIAUBICHITHRAAGENCIES,0.0,6916.0,-109263145.21,CHQ
2022-07-19,ByClgCHNACCTSEC-KARURVYSYA2461BANKLTDKVBCHITHRAAGENCIES,0.0,15978.0,-109247167.21,CHQ
2022-07-19,ByClgCHNACCTSEC-DBSBANKLTD2461DBSCHITHRAAGENCIES,0.0,3507.0,-109243660.21,CHQ
2022-07-19,ByClgCHNACCTSEC-AXISBANKLTD2461C,0.0,25756.0,-109217904.21,CHQ
2022-07-19,ByClgCHNACCTSEC-BANDHAN2461BANKCHITHRAAGENCIES,0.0,28550.0,-109189354.21,CHQ
2022-07-19,RTGS2461Dr---ARUNPOLYMERS-null,250000.0,0.0,-109439354.21,RTGS
2022-07-19,RTGSTOUPTO5LSC2461,29.0,0.0,-109439383.21,BANK-CHARGES
2022-07-19,INET-IMPS-CR JOYSAUTO TAMILNAD2461M 112,0.0,4000.0,-109435383.21,IMPS
2022-07-19,2461UPI 720 SASIKUMAR SBIN UPI SB17 07 2022,0.0,5000.0,-109430383.21,UPI
2022-07-19,RTGS2461Cr---ARUNPOLYMERS-null,0.0,250000.0,-109180383.21,RTGS
2022-07-19,INET-IMPS-CR PONRAJANA TAMILNAD2461M 514 towards3,0.0,3000.0,-109177383.21,IMPS
2022-07-19,CashDepositlakshmiMDUSMEBR2461,0.0,100000.0,-109077383.21,CASH
2022-07-19,2461MOB-IMPS-CR SATHIYAOIL BANKOFr9Page88of215,0.0,15000.0,-109062383.21,IMPS
2022-07-19,INET-IMPS-CR ALEXAUTO TAMILNAD2461M 010,0.0,16025.0,-109046358.21,IMPS
2022-07-19,RTGSTOABOVE5LSC2461,58.0,0.0,-109046416.21,BANK-CHARGES
2022-07-19,RTGS2461Dr---GOUSES-null,1000000.0,0.0,-110046416.21,RTGS
2022-07-19,MOB-IMPS-CR SELVARAJA INDIAN2461 9,0.0,8000.0,-110038416.21,IMPS
2022-07-19,NEFT2461LUBRICANTS-null,0.0,7096.0,-110031320.21,NEFT
2022-07-19,NEFT2461Cr-50-SUBBIAHAGENCYS- ATTN,0.0,16042.0,-110015278.21,NEFT
2022-07-19,IBOAT2847794002397261010137OTH,0.0,100000.0,-109915278.21,TRANSFER
2022-07-19,FundsTransferDebit-SRIRAMG2461,1500000.0,0.0,-111415278.21,TRANSFER
2022-07-19,2461UPI 884 ARUMUGAMR BKID xfaceokhdfcbank PaytoM e,0.0,3000.0,-111412278.21,UPI
2022-07-19,NEFT2461Cr-47-MSMSSSON- ATTN INB,0.0,6772.0,-111405506.21,NEFT
2022-07-19,INET-IMPS-CR SRISELVAK TAMILNAD2461M 052,0.0,7146.0,-111398360.21,IMPS
2022-07-19,NEFT2461Cr-16-PNRSCOOTERHOUSE-null,0.0,19928.0,-111378432.21,NEFT
2022-07-19,2461UPI 888 CHANDRASE CNRB 76143ybl Payment dc,0.0,10000.0,-111368432.21,UPI
2022-07-20,ByClgCHNACCTSEC-PANDYAN2461GRAMABPURAMSTPACHITHRAAGENCIES,0.0,10000.0,-111358432.21,CHQ
2022-07-20,ByClgCHNACCTSEC-CITYUNION2461BANKLTDCHITHRAAGENCIES,0.0,3000.0,-111355432.21,CHQ
2022-07-20,ByClgCHNACCTSEC-ESAFSmall2461FinanceBankCHITHRAAGENCIES,0.0,10210.0,-111345222.21,CHQ
2022-07-20,ByClgCHNACCTSEC-TAMILNAD2461MERCANTILEBANKLTDTMBCHITHRAAGENCIES,0.0,8484.0,-111336738.21,CHQ
2022-07-20,ByClgCHNACCTSEC-TAMILNAD2461MERCANTILEBANKLTDTMBCHITHRAAGENCIES,0.0,26908.0,-111309830.21,CHQ
2022-07-20,ByClgCHNACCTSEC-INDIAN2461OVERSEASBANKIOBCHITHRAAGENCIES,0.0,10000.0,-111299830.21,CHQ
2022-07-20,ByClgCHNACCTSEC-STATEBANKOF2461INDIASBIALAGENDRANAUTOAGYS,0.0,157752.0,-111142078.21,CHQ
2022-07-20,ByClgCHNACCTSEC-TAMILNAD2461MERCANTILEBANKLTDTMBCHITHRAAGENCIES,0.0,4120.0,-111137958.21,CHQ
2022-07-20,ByClgCHNACCTSEC-BANKOFINDIA2461BOICHITHRAAGENCIES,0.0,6996.0,-111130962.21,CHQ
2022-07-20,ByClgCHNACCTSEC-TAMILNAD2461MERCANTILEBANKLTDTMBPRIYAPage89of215AUTOSTORE,0.0,13296.0,-111117666.21,CHQ
2022-07-20,ByClgCHNACCTSEC-INDIAN2461OVERSEASBANKIOBCHITHRAAGENCIES,0.0,7959.0,-111109707.21,CHQ
2022-07-20,FundsTransferDebit4036261000058SRIVIGNESHAUTO,0.0,31896.0,-111077811.21,TRANSFER
2022-07-20,INET-IMPS-CR VENKATTWO TAMILNAD2461M 448,0.0,4119.0,-111073692.21,IMPS
2022-07-20,INET-IMPS-CR MURUGAN2461AU TAMILNADM 181,0.0,3296.0,-111070396.21,IMPS
2022-07-20,UPI CR 220158470529 MBR2461AUTOM UTIB mbr-1okaxis MBR 7,0.0,5000.0,-111065396.21,UPI
2022-07-20,MOB-IMPS-CR AbdulKade INDIAN24617 Deposit6,0.0,100000.0,-110965396.21,IMPS
2022-07-20,UPI CR 220113215329 RAMKUMAR2461 SBIN PaytoM Sbce,0.0,7336.0,-110958060.21,UPI
2022-07-20,NEFT2461Cr-88-SWAMYAUTOSPAREPARTS-null,0.0,41948.0,-110916112.21,NEFT
2022-07-20,MB 1349108318553 KUMARESAN2461S 8 CHITHRAAGENCIES CAN 2022,0.0,1000.0,-110915112.21,IMPS
2022-07-20,UPI CR 220116300541 SOMU2461R IOBA ci UPI c7,0.0,2246.0,-110912866.21,UPI
2022-07-20,NEFT2461Cr---SASTHAAUTOPARTS-null,0.0,4109.0,-110908757.21,NEFT
2022-07-20,RTGS2461Cr---ARUNPOLYMERS-null,0.0,1500000.0,-109408757.21,RTGS
2022-07-20,NEFT2461Cr---PAGELUBES-pagelubes,0.0,12507.0,-109396250.21,NEFT
2022-07-20,NEFT2461Cr-47-MSMSSSON- ATTN INB,0.0,41490.0,-109354760.21,NEFT
2022-07-20,IBOAT3988951003054201000229OTH,0.0,1500000.0,-107854760.21,TRANSFER
2022-07-20,RTGSTOABOVE5LSC2461,58.0,0.0,-107854818.21,BANK-CHARGES
2022-07-20,RTGS2461Dr---ARUNPOLYMERS-null,1500000.0,0.0,-109354818.21,RTGS
2022-07-20,UPI CR 220120083521 SURESH2461KU SBIN crboil Sa,0.0,5000.0,-109349818.21,UPI
2022-07-20,NEFT2461Cr-98-VSKAUTOMOBILES- URGENT,0.0,28951.0,-109320867.21,NEFT
2022-07-20,MOB-IMPS-CR AMAAUTO TheState2461 MOBLTA 2022,0.0,13936.0,-109306931.21,IMPS
2022-07-20,MB 62081400000335 PMVAUTO2461STRA CAN 2022Page90of215,0.0,5000.0,-109301931.21,IMPS
2022-07-20,2461UPI 999 BOOPATHIR HDFC 759-1okhdfcbank UPI e8,0.0,9959.0,-109291972.21,UPI
2022-07-21,NEFT2461AMAUTOSPARES-null,0.0,14074.0,-109277898.21,NEFT
2022-07-21,ByClgCHNACCTSEC-INDIAN2461OVERSEASBANKIOBCHITHRAAGENCIES,0.0,7008.0,-109270890.21,CHQ
2022-07-21,ByClgCHNACCTSEC-FEDERALBANK2461LTDFBLCHITHRAAGENCIES,0.0,3421.0,-109267469.21,CHQ
2022-07-21,ByClgCHNACCTSEC-TAMILNAD2461MERCANTILEBANKLTDTMBCHITHRAAGENCIES,0.0,1100.0,-109266369.21,CHQ
2022-07-21,ByClgCHNACCTSEC-CENTRALBANK2461OFINDIACBICHITHRAAGENCIES,0.0,15197.0,-109251172.21,CHQ
2022-07-21,ByClgCHNACCTSEC-HDFCBANK2461LTDCHITHRAAGENCIES,0.0,6701.0,-109244471.21,CHQ
2022-07-21,ChqPaid-MICRInward2461Clearing-CASTROLINDIALTD-DEUTSCHEBANKDTB-DEUTSCHEBANK,1793161.56,0.0,-111037632.77,CHQ
2022-07-21,NEFT246164-PRANIKASPARESLUBRICANTS- URGENT,0.0,6064.0,-111031568.77,NEFT
2022-07-21,NEFT2461Cr-00-TMSAUTOSPARES-null,0.0,20973.0,-111010595.77,NEFT
2022-07-21,CASH-BNA-14591459BY01 07 222461,0.0,34700.0,-110975895.77,CASH
2022-07-21,INET-IMPS-CR MPTRACTO TAMILNAD2461M 028,0.0,9715.0,-110966180.77,IMPS
2022-07-21,NEFT2461Cr-74-SRISARAVANAAAUTOPARTS- REF,0.0,6348.0,-110959832.77,NEFT
2022-07-21,IBITG11358420010112820000862461OTH-CHITRAAGECNIESPAYMENT,0.0,167710.0,-110792122.77,TRANSFER
2022-07-21,FundsTransferDebit1093282010159KARTHIKAUTOSTORE,0.0,52401.0,-110739721.77,TRANSFER
2022-07-21,UPI CR 220206881085 SHATHIK2461S SBIN PaytoM 6,0.0,13331.0,-110726390.77,UPI
2022-07-21,NEFT24610NEFT01-SRIVISHNUAUTOMOBILES-CASTROL,0.0,83213.0,-110643177.77,NEFT
2022-07-21,NEFT2461ARAJAUTOSTORE-null,0.0,3668.0,-110639509.77,NEFT
2022-07-21,2461UPI 915 SARAVANAN SIBL PaytoM SBI 07 2022,0.0,1000.0,-110638509.77,UPI
2022-07-21,NEFT2461Cr-50-SUBBIAHAGENCYS- ATTN,0.0,11738.0,-110626771.77,NEFT
2022-07-21,NEFT2461Cr-56-SRIVISHNUTRADERS-null,0.0,10000.0,-110616771.77,NEFT
2022-07-21,NEFT2461Cr-94-DEEPAAUTOMOBILES- ATTN INBPage91of215,0.0,11744.0,-110605027.77,NEFT
2022-07-21,UPI CR 220214338846 V2461PERUMAL SBIN 010-1oksbi PaytoM daa,0.0,3850.0,-110601177.77,UPI
2022-07-21,UPI CR 220268331978 SRI2461EASWA CIUB ci UPI Ic007d 07 2022,0.0,3328.0,-110597849.77,UPI
2022-07-21,MB 3315261000010 CROWNTRADER2461M S 8 CHITHRAAGENCIES CANARA crownvedasa 2022,0.0,20032.0,-110577817.77,IMPS
2022-07-21,MOB-IMPS-CR SRIVENKAT UBI2461 2022,0.0,5602.0,-110572215.77,IMPS
2022-07-21,NEFT2461Cr-02-SAMTRACTORANDSPARESCONTRACT- ATTN INB,0.0,10000.0,-110562215.77,NEFT
2022-07-21,INET-IMPS-CR Ananthapr IOBN22461 149 SRIGA 40,0.0,3391.0,-110558824.77,IMPS
2022-07-22,ByClgCHNACCTSEC-UNIONBANKOF2461INDIAUBIC,0.0,7293.0,-110551531.77,CHQ
2022-07-22,ByClgCHNACCTSEC-INDIAN2461OVERSEASBANKIOBC,0.0,7621.0,-110543910.77,CHQ
2022-07-22,NEFT2461Cr---SRIGANESHAUTOPARTS-null,0.0,7960.0,-110535950.77,NEFT
2022-07-22,NEFT2461Cr-27-ABDULLAHAUTOSTORES- ATTN,0.0,89050.0,-110446900.77,NEFT
2022-07-22,CashDeposit DGULNGLNGR2461,0.0,16500.0,-110430400.77,CASH
2022-07-22,CashDeposit DGULNGLNGR2461,0.0,32800.0,-110397600.77,CASH
2022-07-22,FundsTransferDebit1011282000079-S2461KSAUTOCENTRE,0.0,20461.0,-110377139.77,TRANSFER
2022-07-22,CashDeposit MDUPTNAGAR2461,0.0,100000.0,-110277139.77,CASH
2022-07-22,MB 1349108318553 KUMARESAN2461S 8 CHITHRAAGENCIES CAN 2022,0.0,800.0,-110276339.77,IMPS
2022-07-22,UPI CR 220313613783 SRI2461MARUT PUNB 20082upi Srimaru c,0.0,15000.0,-110261339.77,UPI
2022-07-22,NEFT2461AKSHMIAGENCIES-SRILAKSHMIAGSVPR,0.0,14743.0,-110246596.77,NEFT
2022-07-22,NEFT2461Cr-50-SUBBIAHAGENCYS- ATTN,0.0,5596.0,-110241000.77,NEFT
2022-07-22,NEFT2461Cr-15-DUBAIAUTOTYRES- ATTN trf,0.0,10000.0,-110231000.77,NEFT
2022-07-22,NEFT2461Cr-69-ANNAIAUTOPARTS-ANNAIAUTOPARTS,0.0,4266.0,-110226734.77,NEFT
2022-07-22,MOB-IMPS-CR SRIABIRAM DBSBANK2461I 1057 Cas 2022,0.0,46825.0,-110179909.77,IMPS
2022-07-22,UPI CR 220316586546 MANIAN2461B CNRB lvm-1okaxis UPI Aa,0.0,112605.0,-110067304.77,UPI
2022-07-22,NEFT2461Cr-16-GHAYATHRIMOTORS- ATTN INB,0.0,3583.0,-110063721.77,NEFT
2022-07-22,IBITG44019390040642560003772461OTH-TNCHITHRAAGENCY,0.0,6338.0,-110057383.77,TRANSFER
2022-07-22,NEFT2461Cr---SRIAYYANARAUTOMOBILES-SPLSMEBRANCHMADURAI,0.0,50000.0,-110007383.77,NEFT
2022-07-22,NEFT24610NEFT01-SRIVISHNUAUTOMOBILES-BUSINESSRELATED,0.0,4255.0,-110003128.77,NEFT
2022-07-23,NEFT2461AUTOSTORES-Arun,0.0,25969.0,-109977159.77,NEFT
2022-07-23,NEFT2461TERPRISES-null,0.0,140000.0,-109837159.77,NEFT
2022-07-23,2461UPI 858 VIGNESH KVBL cbank UPI,0.0,2000.0,-109835159.77,UPI
2022-07-23,CASH-BNA-14591459BY01 07 222461,0.0,91700.0,-109743459.77,CASH
2022-07-23,CASH-BNA-14591459BY01 07 222461,0.0,6500.0,-109736959.77,CASH
2022-07-23,MOB-IMPS-CR AbdulKade INDIAN24617 Deposit6,0.0,100000.0,-109636959.77,IMPS
2022-07-23,2461UPI 059 CHANDRASE CNRB 76143ybl Payment e7a,0.0,10000.0,-109626959.77,UPI
2022-07-23,INET-IMPS-CR TRVRAM TheState2461 M 2022,0.0,40000.0,-109586959.77,IMPS
2022-07-23,2461UPI 389 ANANDARAJ KVBL 99457ybl Payment 0,0.0,2000.0,-109584959.77,UPI
2022-07-23,INET-IMPS-CR SRIANNAI TAMILNAD2461M 595,0.0,1698.0,-109583261.77,IMPS
2022-07-23,UPI CR 220434345110 MSTHE2461RO IDIB 998-2okhdfcbank UPI dcd0d 07 2022,0.0,10000.0,-109573261.77,UPI
2022-07-23,NEFT2461Cr---SRIVIGNESHMOTORS-SPLSMEBRANCHMADURAI,0.0,3736.0,-109569525.77,NEFT
2022-07-23,NEFT2461Cr---MAKESHLAKSHMIAUTOSTORES-SPLSMEBRANCHMADURAI,0.0,12042.0,-109557483.77,NEFT
2022-07-24,INET-IMPS-CR Customer IOBN22461 241 kayyem0,0.0,9434.0,-109548049.77,IMPS
2022-07-24,MOB-IMPS-CR SELVARAJA INDIAN2461 9,0.0,7114.0,-109540935.77,IMPS
2022-07-25,NEFT2461ALAJIAUTOPART-1071,0.0,7336.0,-109533599.77,NEFT
2022-07-25,NEFT2461Cr-30-SIDDHESHAUTOSPARES- REF,0.0,11672.0,-109521927.77,NEFT
2022-07-25,ByClgCHNACCTSEC-TAMILNAD2461MERCANTILEBANKLTDTMBCHITHRAAGENCIES,0.0,5049.0,-109516878.77,CHQ
2022-07-25,ByClgCHNACCTSEC-INDIAN2461OVERSEASBANKIOBCHITHRAAGENCIES,0.0,7500.0,-109509378.77,CHQ
2022-07-25,ByClgCHNACCTSEC-STATEBANKOF2461INDIASBICHITHRAAGENCIES,0.0,8271.0,-109501107.77,CHQ
2022-07-25,ByClgCHNACCTSEC-INDIAN2461OVERSEASBANKIOBCHITHRAAGENCIES,0.0,136383.0,-109364724.77,CHQ
2022-07-25,ByClgCHNACCTSEC-BANKOF2461BARODABOBCHITHRAAGENCIES,0.0,10296.0,-109354428.77,CHQ
2022-07-25,ByClgCHNACCTSEC-TAMILNAD2461MERCANTILEBANKLTDTMBCHITHRAAGENCIES,0.0,19817.0,-109334611.77,CHQ
2022-07-25,ByClgCHNACCTSEC-TAMILNAD2461MERCANTILEBANKLTDTMBCHITHRAAGENCIES,0.0,3000.0,-109331611.77,CHQ
2022-07-25,ByClgCHNACCTSEC-KARURVYSYA2461BANKLTDKVBC,0.0,14588.0,-109317023.77,CHQ
2022-07-25,ByClgCHNACCTSEC-ICICIBANKLTD2461CHITHRAAGENCIES,0.0,6749.0,-109310274.77,CHQ
2022-07-25,ByClgCHNACCTSEC-ICICIBANKLTD2461CHITHRAAGENCIES,0.0,18689.0,-109291585.77,CHQ
2022-07-25,ByClgCHNACCTSEC-INDIAN2461OVERSEASBANKIOBCHITHRAAGENCIES,0.0,22780.0,-109268805.77,CHQ
2022-07-25,ByClgCHNACCTSEC-BANKOFINDIA2461BOICHITHRAAGENCIES,0.0,7256.0,-109261549.77,OUTWARD-RETURN
2022-07-25,ByClgCHNACCTSEC-INDIAN2461OVERSEASBANKIOBCHITHRAAGENCIES,0.0,14929.0,-109246620.77,CHQ
2022-07-25,ByClgCHNACCTSEC-AXISBANKLTD2461C,0.0,14102.0,-109232518.77,CHQ
2022-07-25,ByClgCHNACCTSEC-INDIAN2461OVERSEASBANKIOBCHITHRAAGENCIES,0.0,6605.0,-109225913.77,CHQ
2022-07-25,ByClgCHNACCTSEC-CITYUNION2461BANKLTDCHITHRAAGENCIES,0.0,10710.0,-109215203.77,CHQ
2022-07-25,ByClgCHNACCTSEC-INDIANBANK2461INBC,0.0,15000.0,-109200203.77,CHQ
2022-07-25,UPI CR 220682008595 Mr2461DINESH IDIB ci UPI 3d,0.0,15000.0,-109185203.77,UPI
2022-07-25,ChqPaid-MICRInward2461Clearing-CASTROLINDIALTD-DEUTSCHEBANKDTB-DEUTSCHEBANK,1773221.97,0.0,-110958425.74,CHQ
2022-07-25,NEFT24610002101-GUPage94of215HANAUTOSPARES-Guhan,0.0,1760.0,-110956665.74,NEFT
2022-07-25,INET-IMPS-CR SRIKRISHN TAMILNAD2461M 073,0.0,10034.0,-110946631.74,IMPS
2022-07-25,NEFT2461Cr---SELVITYRES-null,0.0,42356.0,-110904275.74,NEFT
2022-07-25,NEFT2461Cr-12-FGAUTOZONE- ATTN INB,0.0,7956.0,-110896319.74,NEFT
2022-07-25,CashDeposit MDUPTNAGAR2461,0.0,100000.0,-110796319.74,CASH
2022-07-25,NEFTCr-000614466064-UBIN0545554-B2461MAUTOSTORES- URGENT,0.0,3724.0,-110792595.74,NEFT
2022-07-25,NEFT2461HAGAVATHIAUTO-null,0.0,4255.0,-110788340.74,NEFT
2022-07-25,NEFT24610002101-JMLUBRICANTS-null,0.0,7336.0,-110781004.74,NEFT
2022-07-25,NEFT2461ELAMMALAUTOSP-null,0.0,2392.0,-110778612.74,NEFT
2022-07-25,NEFT24610-CHITHRA,0.0,7665.0,-110770947.74,NEFT
2022-07-25,NEFT2461Cr---SRIAYYANARAUTOMOBILES-SPLSMEBRANCHMADURAI,0.0,7903.0,-110763044.74,NEFT
2022-07-25,NEFT2461MMANAUTOSTORE-null,0.0,13595.0,-110749449.74,NEFT
2022-07-25,gefuchqreturn-FundsInsufficient2461,7256.0,0.0,-110756705.74,OUTWARD-RETURN
2022-07-25,NEFT2461Cr-28-ANANDAUTO- ATTN,0.0,16099.0,-110740606.74,NEFT
2022-07-25,UPI CR 220625821920 MrR2461ARAV IDIB ci JKMotor ICe 07 2022,0.0,5100.0,-110735506.74,UPI
2022-07-25,UPI CR 220685719115 VIJAYA2461KU CNRB ci UPI,0.0,4498.0,-110731008.74,UPI
2022-07-25,NEFT2461Cr-47-MSMSSSON- ATTN INB,0.0,12980.0,-110718028.74,NEFT
2022-07-25,FundsTransferDebit1342201000207SARGURU,0.0,5000.0,-110713028.74,TRANSFER
2022-07-25,FundsTransferDebit62141400000046SRIVENKATESHWARATW,0.0,9000.0,-110704028.74,TRANSFER
2022-07-25,FundsTransferDebit3315201000036THIRUMURUGANAUTOSP,0.0,10133.0,-110693895.74,TRANSFER
2022-07-25,FundsTransferDebit1011261000400-M2461RAUTOSTORE,0.0,3824.0,-110690071.74,TRANSFER
2022-07-25,MB 1349108318553 KUMARESAN2461S 8 CHITHRAAGENCIES CAN 2022,0.0,2200.0,-110687871.74,IMPS
2022-07-25,IBITG42913890015982010007072461OTH-paymentgurumotorstochitra,0.0,13625.0,-110674246.74,TRANSFER
2022-07-25,2461UPI 804 Dineshkum BARB 77192ybl PaytoPage95of215M YB,0.0,2000.0,-110672246.74,UPI
2022-07-25,NEFT2461Cr-98-VSKAUTOMOBILES- URGENT,0.0,25861.0,-110646385.74,NEFT
2022-07-26,OWCHQRTNCHGSNCAOTHTHAN2461IND,354.0,0.0,-110646739.74,OUTWARD-CHARGES
2022-07-26,ByClgCHNACCTSEC-PANDYAN2461GRAMABPURAMSTPAC,0.0,2520.0,-110644219.74,CHQ
2022-07-26,ByClgCHNACCTSEC-PANDYAN2461GRAMABPURAMSTPACHITHRAAGENCIES,0.0,10000.0,-110634219.74,CHQ
2022-07-26,ByClgCHNACCTSEC-AXISBANKLTD2461C,0.0,10595.0,-110623624.74,CHQ
2022-07-26,ByClgCHNACCTSEC-TAMILNAD2461MERCANTILEBANKLTDTMBC,0.0,1700.0,-110621924.74,CHQ
2022-07-26,ByClgCHNACCTSEC-UNIONBANKOF2461INDIAUBIC,0.0,3052.0,-110618872.74,CHQ
2022-07-26,ByClgCHNACCTSEC-FEDERALBANK2461LTDFBLC,0.0,11249.0,-110607623.74,CHQ
2022-07-26,ByClgCHNACCTSEC-KARURVYSYA2461BANKLTDKVBC,0.0,8407.0,-110599216.74,CHQ
2022-07-26,ByClgCHNACCTSEC-KARURVYSYA2461BANKLTDKVBC,0.0,26133.0,-110573083.74,CHQ
2022-07-26,ByClgCHNACCTSEC-ICICIBANKLTD2461CHITHRAAGENCIES,0.0,1809.0,-110571274.74,CHQ
2022-07-26,ByClgCHNACCTSEC-TAMILNAD2461MERCANTILEBANKLTDTMBCHITHRAAGENCIES,0.0,3498.0,-110567776.74,CHQ
2022-07-26,ByClgCHNACCTSEC-TAMILNAD2461MERCANTILEBANKLTDTMBCHITHRAAGENCIES,0.0,25680.0,-110542096.74,CHQ
2022-07-26,ByClgCHNACCTSEC-KARURVYSYA2461BANKLTDKVBCHITHRAAGENCIES,0.0,28971.0,-110513125.74,CHQ
2022-07-26,ByClgCHNACCTSEC-INDIAN2461OVERSEASBANKIOBCHITHRAAGENCIES,0.0,79536.0,-110433589.74,CHQ
2022-07-26,ByClgCHNACCTSEC-PUNJAB2461NATIONALBANKPNBCHITHRAAGENCIES,0.0,6191.0,-110427398.74,CHQ
2022-07-26,ByClgCHNACCTSEC-PUNJAB2461NATIONALBANKPNBCHITHRAAGENCIES,0.0,3365.0,-110424033.74,CHQ
2022-07-26,ByClgCHNACCTSEC-INDIANBANK2461INBCHITHRAAGENCIES,0.0,7375.0,-110416658.74,CHQ
2022-07-26,ByClgCHNACCTSEC-CENTRALBANK2461OFINDIACBICHITHRAAGENCIES,0.0,3296.0,-110413362.74,CHQ
2022-07-26,ByClgCHNACCTSEC-TAMILNAD2461MERCANTILEBANKLTDTMBCHITHRAAGENCIES,0.0,24199.0,-110389163.74,CHQ
2022-07-26,ByClgCHNACCTSEC-CITYUNION2461BANKLTDCHITHRAAGENCIES,0.0,3000.0,-110386163.74,CHQ
2022-07-26,ByClgCHNACCTSEC-TAMILNAD2461MERCANTILEBANKLTDTMBC,0.0,14991.0,-110371172.74,CHQ
2022-07-26,ByClgCHNACCTSEC-KARURVYSYA2461BANKLTDKVBC,0.0,16086.0,-110355086.74,CHQ
2022-07-26,NEFT2461Cr-65-FREEDOMRIDERSPROBIKING-null,0.0,7518.0,-110347568.74,NEFT
2022-07-26,FundsTransferDebit1093201001547PRABHUOILSTORE,0.0,20332.0,-110327236.74,TRANSFER
2022-07-26,NEFT2461Cr---SRIGANESHAUTOPARTS-nullPage96of215,0.0,9814.0,-110317422.74,NEFT
2022-07-26,NEFT2461TERPRISES-null,0.0,70000.0,-110247422.74,NEFT
2022-07-26,FundsTransferDebit1011282000079-S2461KSAUTOCENTRE,0.0,21405.0,-110226017.74,TRANSFER
2022-07-26,UPI CR 220786990958 Mr2461SUBASH IDIB ent-1okaxis PaytoM AXb4b,0.0,2000.0,-110224017.74,UPI
2022-07-26,NEFT2461Cr---MANICKAMCOMPANYFIRM-null,0.0,877.0,-110223140.74,NEFT
2022-07-26,UPI CR 220709234779 MrS2461KANN IDIB UPI SBIec 07 2022,0.0,2500.0,-110220640.74,UPI
2022-07-26,UPI CR 220764719799 AYYANAR2461A TMBL 71758ybl PaytoM 5b,0.0,5271.0,-110215369.74,UPI
2022-07-26,NEFTCr-SAA123507901-TMBL0000051-S2461PSTORE-SPLSMEBRANCHMADURAI,0.0,5360.0,-110210009.74,NEFT
2022-07-26,NEFT2461Cr-26-SHRIMURUGESANMOTORS- ATTN INB,0.0,2153.0,-110207856.74,NEFT
2022-07-26,INET-IMPS-CR SRIRAM2461EN CityUnhra2,0.0,5795.0,-110202061.74,IMPS
2022-07-26,INET-IMPS-CR SRIRAM2461EN CityUnhra2,0.0,6470.0,-110195591.74,IMPS
2022-07-26,2461UPI 067 PALANIVEL TMBL 09653apl UPI Aa2f 07 2022,0.0,7059.0,-110188532.74,UPI
2022-07-26,NEFT2461Cr-98-SARAVANATRACTORSPARES-null,0.0,30101.0,-110158431.74,NEFT
2022-07-26,2461UPI 122 GUNASEKAR SBIN otorsoksbi oil SBId 07 2022,0.0,2801.0,-110155630.74,UPI
2022-07-26,NEFT2461Cr---MOORTHYMOTORSTORES-11 75274,0.0,2136.0,-110153494.74,NEFT
2022-07-26,NEFT2461URUGANAUTOSTOR-velmurugandvk,0.0,19391.0,-110134103.74,NEFT
2022-07-26,MB 3315261000010 CROWNTRADER2461M S 8 CHITHRAAGENCIES CANARA crownvedasa 2022,0.0,9913.0,-110124190.74,IMPS
2022-07-27,ByClgCHNACCTSEC-HDFCBANK2461LTDC,0.0,6418.0,-110117772.74,CHQ
2022-07-27,ByClgCHNACCTSEC-BANKOFINDIA2461BOICHITHRAAGENCIES,0.0,6627.0,-110111145.74,CHQ
2022-07-27,ByClgCHNACCTSEC-KARURVYSYA2461BANKLTDKVBC,0.0,13308.0,-110097837.74,OUTWARD-RETURN
2022-07-27,ByClgCHNACCTSEC-INDIAN2461OVERSEASBANKIOBCHITHRAAGENCIES,0.0,7000.0,-110090837.74,CHQ
2022-07-27,ByClgCHNACCTSEC-INDIAN2461OVERSEASBANKIOBCHITHRAAGENCIES,0.0,10000.0,-110080837.74,CHQ
2022-07-27,ByClgCHNACCTSEC-KARURVYSYA2461BANKLTDKVBCHITRAAGENCIES,0.0,30899.0,-110049938.74,CHQ
2022-07-27,INET-IMPS-CR PONRAJANA TAMILNAD2461M 514 towards3,0.0,3262.0,-110046676.74,IMPS
2022-07-27,UPI CR 220806358991 GEETHA2461G BARB ci Mathano ICI4a35b 07 2022,0.0,6000.0,-110040676.74,UPI
2022-07-27,NEFT2461Cr---SRIGANESHAUTOPARTS-null,0.0,1659.0,-110039017.74,NEFT
2022-07-27,INET-IMPS-CR VENKATTWO TAMILNAD2461M 448,0.0,6266.0,-110032751.74,IMPS
2022-07-27,NEFT2461LAKSHMITRADING-null,0.0,10464.0,-110022287.74,NEFT
2022-07-27,INET-IMPS-CR MAHADEVAU ICICI24610749 MA 2022,0.0,7787.0,-110014500.74,IMPS
2022-07-27,INET-IMPS-CR SRIITHIRU TAMILNAD2461M 654 Sriit 37,0.0,3328.0,-110011172.74,IMPS
2022-07-27,UPI CR 220831559256 SOMU2461R IOBA ci UPI ICIfcff 2022,0.0,1254.0,-110009918.74,UPI
2022-07-27,2461UPI 029 RAMESHPAN KVBL PaytoM cde26b 07 2022,0.0,3709.0,-110006209.74,UPI
2022-07-27,IBITG24560410010112820000862461OTH-chitraagenciespayment,0.0,203767.0,-109802442.74,TRANSFER
2022-07-27,MB 120001158015 SRIESWARI2461MORAAGENCIES CAN 2022,0.0,7113.0,-109795329.74,IMPS
2022-07-27,gefuchqreturn-Exceedsarrangement2461,13308.0,0.0,-109808637.74,OUTWARD-RETURN
2022-07-27,NEFT2461Cr-56-SRIVISHNUTRADERS-SRIVISHNUTRADERS,0.0,15000.0,-109793637.74,NEFT
2022-07-27,SFMSCHARGESTO2461,472.0,0.0,-109794109.74,BANK-CHARGES
2022-07-27,UPI CR 220888049926 Mr2461VIJAYA CIUB ravmeybl Payment YB,0.0,2500.0,-109791609.74,UPI
2022-07-27,INET-IMPS-CR SRISELVAK TAMILNAD2461M 052,0.0,7594.0,-109784015.74,IMPS
2022-07-27,NEFT2461Cr-50-SUBBIAHAGENCYS- ATTN,0.0,12882.0,-109771133.74,NEFT
2022-07-27,NEFT2461Cr-21-SRIBALAJIAUTOSPARES- ATTN BAL,0.0,8498.0,-109762635.74,NEFT
2022-07-27,UPI CR 220811354205 AMBIGA2461CY CNRB partsybl Payment YBLebe 07 2022,0.0,5000.0,-109757635.74,UPI
2022-07-27,NEFT2461Cr-B027-ThIRUMANIAUTOSPARES- URGENT,0.0,19630.0,-109738005.74,NEFT
2022-07-27,CASH-BNA-14591459BY01 07 222461,0.0,33200.0,-109704805.74,CASH
2022-07-27,UPI CR 220802673667 MrR2461ARAV IDIB ci Castrol ICc0,0.0,3033.0,-109701772.74,UPI
2022-07-27,MOB-IMPS-CR AbdulKade INDIAN24617 Deposit6,0.0,100000.0,-109601772.74,IMPS
2022-07-27,OWCHQRTNCHGSNCAOTHTHAN2461IND,354.0,0.0,-109602126.74,OUTWARD-CHARGES
2022-07-28,ByClgCHNACCTSEC-PANDYAN2461GRAMABPURAMSTPACHITHRAAGENCIES,0.0,10000.0,-109592126.74,CHQ
2022-07-28,ByClgCHNACCTSEC-STATEBANKOF2461INDIASBICHITHRAAGENCIES,0.0,20000.0,-109572126.74,CHQ
2022-07-28,ByClgCHNACCTSEC-INDIAN2461OVERSEASBANKIOBCHITHRAAGENCIES,0.0,6786.0,-109565340.74,CHQ
2022-07-28,ByClgCHNACCTSEC-KARURVYSYA2461BANKLTDKVBCHITHRAAGENCIES,0.0,9206.0,-109556134.74,CHQ
2022-07-28,ByClgCHNACCTSEC-KARURVYSYA2461BANKLTDKVBCHITHRAAGENCIES,0.0,7043.0,-109549091.74,CHQ
2022-07-28,ChqPaid-MICRInward2461Clearing-CASTROLINDIALTD-DEUTSCHEBANKDTB-DEUTSCHEBANK,1051026.41,0.0,-110600118.15,CHQ
2022-07-28,MOB-IMPS-CR AANANTH INDIAN24612 AMAUTO4,0.0,6059.0,-110594059.15,IMPS
2022-07-28,2461UPI 335 MUTHUKUMAR CNRB s UPI AX,0.0,1000.0,-110593059.15,UPI
2022-07-28,CashDeposit MDUPTNAGAR2461,0.0,100000.0,-110493059.15,CASH
2022-07-28,FundsTransferDebit1093201001547PRABHUOILSTORE,0.0,20348.0,-110472711.15,TRANSFER
2022-07-28,UPI CR 220923867120 M SVK2461S IDIB cbank vks d3f6b,0.0,8774.0,-110463937.15,UPI
2022-07-28,NEFT246180-METROAUTOCORPORATION- URGENT,0.0,12767.0,-110451170.15,NEFT
2022-07-28,IBITG18253830045182010002542461OTH-PaymentfromKV,0.0,4337.0,-110446833.15,TRANSFER
2022-07-28,IBITG20701090010062610052682461OTH-BILLPAY,0.0,11800.0,-110435033.15,TRANSFER
2022-07-28,NEFT2461Cr-70-PNRSCOOTERHOUSE- 24-NEFT 1-CUSTOMERPAYMENT,0.0,7330.0,-110427703.15,NEFT
2022-07-28,MB 120001499477 THENIPOWER2461CONRAAGENCIESCASTROL CAN 2022,0.0,2306.0,-110425397.15,IMPS
2022-07-28,NEFT2461Cr-50-SUPage99of215BBIAHAGENCYS- ATTN,0.0,13488.0,-110411909.15,NEFT
2022-07-28,INET-IMPS-CR Customer IOBN22461 241 kayyem0,0.0,5897.0,-110406012.15,IMPS
2022-07-28,FundsTransferDebit4036261000058SRIVIGNESHAUTO,0.0,13137.0,-110392875.15,TRANSFER
2022-07-28,2461C BNA,0.0,37100.0,-110355775.15,TRANSFER
2022-07-28,UPI CR 220944103748 MBR2461AUTOM UTIB mbr-1okaxis MBR AXI 07 2022,0.0,4000.0,-110351775.15,UPI
2022-07-28,NEFT2461Cr-48-JAYAAUTOPARTS- ATTN INB,0.0,50000.0,-110301775.15,NEFT
2022-07-28,UPI CR 220966353541 Mr2461RAJAP IDIB PaytoM,0.0,500.0,-110301275.15,UPI
2022-07-28,NEFT2461AUTOMOBILES-Prem,0.0,9722.0,-110291553.15,NEFT
2022-07-28,UPI CR 220988092455 SRI2461EASWA CIUB ci UPI b,0.0,13582.0,-110277971.15,UPI
2022-07-28,NEFT2461Cr-52-SRIKRISHNAAUTOPARTS-null,0.0,7013.0,-110270958.15,NEFT
2022-07-28,INET-IMPS-CR SOMNATHAU ICICI24611134 CHI 2022,0.0,4119.0,-110266839.15,IMPS
2022-07-29,ChqPaid-MICRInward2461Clearing-RAJKUMARPRINTERS-KARURVYSYABANKLTDKVB-KARURVYSYABANKLTD,10100.0,0.0,-110276939.15,CHQ
2022-07-29,ByClgCHNACCTSEC-BANKOFINDIA2461BOICHITHRAAGENCIES,0.0,6573.0,-110270366.15,CHQ
2022-07-29,ByClgCHNACCTSEC-BANKOF2461BARODABOBCHITHRAAGENCIES,0.0,4183.0,-110266183.15,CHQ
2022-07-29,ByClgCHNACCTSEC-INDIAN2461OVERSEASBANKIOBCHITHRAAGENCIES,0.0,14119.0,-110252064.15,CHQ
2022-07-29,ByClgCHNACCTSEC-CITYUNION2461BANKLTDCHITHRAAGENCIES,0.0,6000.0,-110246064.15,CHQ
2022-07-29,ByClgCHNACCTSEC-STATEBANKOF2461INDIASBICHITHRAAGENCIES,0.0,6767.0,-110239297.15,CHQ
2022-07-29,ByClgCHNACCTSEC-CITYUNION2461BANKLTDCHITHRAAGENCIES,0.0,4332.0,-110234965.15,CHQ
2022-07-29,ByClgCHNACCTSEC-KARURVYSYA2461BANKLTDKVBC,0.0,5534.0,-110229431.15,CHQ
2022-07-29,ByClgCHNACCTSEC-UNIONBANKOF2461INDIAUBIC,0.0,7078.0,-110222353.15,CHQ
2022-07-29,ByClgCHNACCTSEC-TAMILNAD2461MERCANTILEBANKLTDTMBC,0.0,5233.0,-110217120.15,CHQ
2022-07-29,MB 1349108318553 KUMARESAN2461S 8 CHITHRAAGENCIES CAN 2022,0.0,700.0,-110216420.15,IMPS
2022-07-29,MOB-IMPS-CR AANANTH INDIAN24612 AMAUTO4,0.0,4037.0,-110212383.15,IMPS
2022-07-29,CashDeposit DGULNGLNGR2461,0.0,11410.0,-110200973.15,CASH
2022-07-29,2461UPI 553 RAJAKUMAR HDFC r5207axl PaytoM fe,0.0,34513.0,-110166460.15,UPI
2022-07-29,UPI CR 221060974525 THULASI2461R KVBL 21101ybl Payment,0.0,14113.0,-110152347.15,UPI
2022-07-29,2461UPI 464 SUBASHCHA CNRB 59717ibl PaytoM If8,0.0,5000.0,-110147347.15,UPI
2022-07-29,2461UPI 744 SASIKUMAR SBIN UPI SB,0.0,3000.0,-110144347.15,UPI
2022-07-29,CashDeposit MDUPTNAGAR2461,0.0,180000.0,-109964347.15,CASH
2022-07-29,UPI CR 221017726327 MS2461RAGUMA IDIB 15268ibl Payment Iace,0.0,3000.0,-109961347.15,UPI
2022-07-29,UPI CR 221059718394 R2461SURESH IOBA s PaytoM,0.0,3000.0,-109958347.15,UPI
2022-07-29,NEFTCr-SAA123719365-TMBL0000004-V2461APSSSELVITRADERS-null,0.0,8638.0,-109949709.15,NEFT
2022-07-29,INET-IMPS-CR SRIKRISHN TAMILNAD2461M 073,0.0,10000.0,-109939709.15,IMPS
2022-07-29,NEFT2461LUBRICANTS-null,0.0,11855.0,-109927854.15,NEFT
2022-07-29,INET-IMPS-CR ACN2461MOTORS HDFCBAl,0.0,49840.0,-109878014.15,IMPS
2022-07-29,NEFT2461Cr-00-THIRUNAVUKARASUAUTOSTORE- Autostore,0.0,3000.0,-109875014.15,NEFT
2022-07-29,NEFT2461Cr-27-ABDULLAHAUTOSTORES- ATTN,0.0,111771.0,-109763243.15,NEFT
2022-07-29,MB 1349108318553 KUMARESAN2461S 8 CHITHRAAGENCIES CAN 2022,0.0,300.0,-109762943.15,IMPS
2022-07-29,NEFT2461Cr-98-VSKAUTOMOBILES- URGENT,0.0,35066.0,-109727877.15,NEFT
2022-07-29,NEFT2461AUTOSTORE-null,0.0,20901.0,-109706976.15,NEFT
2022-07-29,UPI CR 221036853581 PRASATH2461K SBIN 37708ybl Payment YBL2b,0.0,3000.0,-109703976.15,UPI
2022-07-29,2461UPI 891 ANANDARAJ KVBL 99457ybl Payment YBLfc39db2fad Page101of215,0.0,3000.0,-109700976.15,UPI
2022-07-29,NEFT24610002101-MSJCYCLEMART-null,0.0,14619.0,-109686357.15,NEFT
2022-07-29,NEFT2461Cr-28-SRIAMMANAUTOAGENCY- ATTN,0.0,1699.0,-109684658.15,NEFT
2022-07-29,NEFT2461Cr---SASTHAAUTOPARTS-null,0.0,4808.0,-109679850.15,NEFT
2022-07-29,NEFT2461Cr---MAKESHLAKSHMIAUTOSTORES-SPLSMEBRANCHMADURAI,0.0,6408.0,-109673442.15,NEFT
2022-07-29,CASHHANDLINGCHCAODOCC2461,425.0,0.0,-109673867.15,BANK-CHARGES
2022-07-30,-CHITHRAAGENCIES2461DrawdownFromCASA,364232.0,0.0,-110038099.15,EMI-DEBIT
2022-07-30,ByClgCHNACCTSEC-TAMILNAD2461MERCANTILEBANKLTDTMBCHITHRAAGENCIES,0.0,14685.0,-110023414.15,CHQ
2022-07-30,ByClgCHNACCTSEC-ICICIBANKLTD2461CHITHRAAGENCIES,0.0,7042.0,-110016372.15,OUTWARD-RETURN
2022-07-30,ByClgCHNACCTSEC-BANKOF2461BARODABOBCHITHRAAGENCIES,0.0,10000.0,-110006372.15,CHQ
2022-07-30,ByClgCHNACCTSEC-INDIAN2461OVERSEASBANKIOBCHITHRAAGENCIES,0.0,12630.0,-109993742.15,CHQ
2022-07-30,ByClgCHNACCTSEC-TAMILNAD2461MERCANTILEBANKLTDTMBCHITHRAAGENCIES,0.0,2767.0,-109990975.15,CHQ
2022-07-30,ByClgCHNACCTSEC-AXISBANKLTD2461CHITHRAAGENCIES,0.0,5729.0,-109985246.15,CHQ
2022-07-30,ByClgCHNACCTSEC-SOUTHINDIAN2461BANKLTDSIBCHITHRAAGENCIES,0.0,12350.0,-109972896.15,CHQ
2022-07-30,ByClgCHNACCTSEC-INDIAN2461OVERSEASBANKIOBCHITHRAAGENCIES,0.0,120000.0,-109852896.15,CHQ
2022-07-30,MOB-IMPS-CR AbdulKade INDIAN24617 Deposit6,0.0,100000.0,-109752896.15,IMPS
2022-07-30,IBNEFTDrP211220182282409GOUSE2461S6610LoantoGouse,200000.0,0.0,-109952896.15,NEFT
2022-07-30,SCNEFTOTHERTHANSBIMB2461,17.0,0.0,-109952913.15,BANK-CHARGES
2022-07-30,MOB-IMPS-CR POPULARAU Karur2461 popular,0.0,6549.0,-109946364.15,IMPS
2022-07-30,NEFT2461TERPRISES-null,0.0,140000.0,-109806364.15,NEFT
2022-07-30,NEFT2461Cr-66-SRILAKSHMIAGENCIES- ATTN INB,0.0,137548.0,-109668816.15,NEFT
2022-07-30,FundsTransferDebit1093201001547PRABHUOILSTORE,0.0,18277.0,-109650539.15,TRANSFER
2022-07-30,NEFT246164-PRANIKASPARESLUBRICANTS- URGENT,0.0,9568.0,-109640971.15,NEFT
2022-07-30,CashDeposit MDUPTNAGAR2461,0.0,420000.0,-109220971.15,CASH
2022-07-30,INET-IMPS-CR SRIRAM2461EN CityUn2 Page102of215,0.0,951.0,-109220020.15,IMPS
2022-07-30,INET-IMPS-CR SRIRAM2461EN CityUnhra2,0.0,16131.0,-109203889.15,IMPS
2022-07-30,FundsTransferDebit62143070000376MALARAUTOMOBILES,0.0,6634.0,-109197255.15,TRANSFER
2022-07-30,FundsTransferDebit62141400000046SRIVENKATESHWARATW,0.0,9080.0,-109188175.15,TRANSFER
2022-07-30,gefuchqreturn-FundsInsufficient2461,7042.0,0.0,-109195217.15,OUTWARD-RETURN
2022-07-30,NEFT2461Cr-88-SWAMYAUTOSPAREPARTS-null,0.0,29849.0,-109165368.15,NEFT
2022-07-30,2461UPI 075 AATHEESWA CNRB ci UPI eb,0.0,1.0,-109165367.15,UPI
2022-07-30,NEFT2461Cr-47-MSMSSSON- ATTN INB,0.0,18876.0,-109146491.15,NEFT
2022-07-30,OWCHQRTNCHGSNCAOTHTHAN2461IND,354.0,0.0,-109146845.15,OUTWARD-CHARGES
2022-07-30,CASHHANDLINGCHCAODOCC2461,991.0,0.0,-109147836.15,BANK-CHARGES
2022-07-30,NEFT2461Cr---KAMADHENUMOTORCYCLECOMPANY-null,0.0,2733.0,-109145103.15,NEFT
2022-07-31,INET-IMPS-CR Ananthapr IOBN22461 149 SRIGA 27,0.0,10085.0,-109135018.15,IMPS
2022-07-31,UPI CR 221275060644 MS2461RAGUMA IDIB 15268ibl Payment,0.0,2400.0,-109132618.15,UPI
2022-07-31,NEFT2461HNAAUTOMOBILES-DBSS0IN0426,0.0,7599.0,-109125019.15,NEFT
2022-07-31,UPI CR 221293903725 MSTHE2461RO IDIB 998-2okhdfcbank UPI Hf 07 2022,0.0,10000.0,-109115019.15,UPI
2022-07-31,MB 62002010077696 SUBRAMANIANR2461M 8 CASTROL CANARA ARAutopartsMaduraiSubrama 2022,0.0,3000.0,-109112019.15,IMPS
2022-07-31,CASADebitInterestCapitalized2461,783110.0,0.0,-109895129.15,INTEREST-PAID
2022-08-01,NEFT2461Cr-30-SIDDHESHAUTOSPARES- REF,0.0,5874.0,-109889255.15,NEFT
2022-08-01,ByClgCHNACCTSEC-ICICIBANKLTD2461CHITHRAAGENCIES,0.0,2000.0,-109887255.15,CHQ
2022-08-01,ByClgCHNACCTSEC-INDIAN2461OVERSEASBANKIOBCHITHRAAGENCIES,0.0,107786.0,-109779469.15,CHQ
2022-08-01,ByClgCHNACCTSEC-ICICIBANKLTD2461CHITHRAAGENCIES,0.0,13613.0,-109765856.15,CHQ
2022-08-01,ByClgCHNACCTSEC-INDIAN2461OVERSEASBANKIOBCHITHRAAGENCIES,0.0,62062.0,-109703794.15,CHQ
2022-08-01,ByClgCHNACCTSEC-TAMILNAD2461MERCANTILEBANKLTDTMBCHITHRAAGENCIES,0.0,12787.0,-109691007.15,CHQ
2022-08-01,ByClgCHNACCTSEC-BANDHAN2461BANKCHITHRAAGENCIES,0.0,36018.0,-109654989.15,CHQ
2022-08-01,ByClgCHNACCTSEC-TAMILNAD2461MERCANTILEBANKLTDTMBPage103of215CHITHRAAGENCIES,0.0,28193.0,-109626796.15,OUTWARD-RETURN
2022-08-01,ByClgCHNACCTSEC-PUNJAB2461NATIONALBANKPNBCHITHRAAGENCIES,0.0,33214.0,-109593582.15,CHQ
2022-08-01,ChqPaid-MICRInward2461Clearing-CASTROLINDIALIMITED-DEUTSCHEBANKDTB-DEUTSCHEBANK,826196.12,0.0,-110419778.27,CHQ
2022-08-01,2461UPI 727 DINESHKUM AIRP 088-1okhdfcbank UPI HDFec41 08 2022,0.0,10000.0,-110409778.27,UPI
2022-08-01,MB 1349108318553 KUMARESAN2461S 8 CHITHRAAGENCIES CAN 2022,0.0,500.0,-110409278.27,IMPS
2022-08-01,NEFT2461Cr-12-FGAUTOZONE- ATTN INB,0.0,13118.0,-110396160.27,NEFT
2022-08-01,UPI CR 221318898883 GAUTHAM2461K PUNB 65955ybl PaytoM e1,0.0,3188.0,-110392972.27,UPI
2022-08-01,NEFT2461Cr---SRIGANESHAUTOPARTS-null,0.0,9409.0,-110383563.27,NEFT
2022-08-01,NEFT2461Cr-64-SUNDARAMCO- ATTN Chit,0.0,3408.0,-110380155.27,NEFT
2022-08-01,NEFT2461Cr-48-JAYAAUTOPARTS- ATTN INB,0.0,35408.0,-110344747.27,NEFT
2022-08-01,MB 1349108318553 KUMARESAN2461S 8 CHITHRAAGENCIES CAN 2022,0.0,600.0,-110344147.27,IMPS
2022-08-01,IBITG3215877001200014704382461OTH-RepayloantoAgenciesmdu,0.0,500000.0,-109844147.27,TRANSFER
2022-08-01,IBOAT33174080030542010002292461OnlineTransactionOTH-RepaytoAgenciesVIP,486870.0,0.0,-110331017.27,TRANSFER
2022-08-01,gefuchqreturn-ChequeIrregularily2461drawnamtdiff,28193.0,0.0,-110359210.27,OUTWARD-RETURN
2022-08-01,NEFT2461Cr-28-ANANDAUTO- ATTN,0.0,25443.0,-110333767.27,NEFT
2022-08-01,TDPayinCASAXfer2461-CHITHRAAGENCIES,500000.0,0.0,-110833767.27,OTHER-STATUTORY
2022-08-01,INET-IMPS-CR JAYAPRIYA TAMILNAD2461M 283,0.0,11970.0,-110821797.27,IMPS
2022-08-01,MOB-IMPS-CR SELVAMAUT Karur2461 chitra6,0.0,5134.0,-110816663.27,IMPS
2022-08-01,NEFT2461Cr-50-SUBBIAHAGENCYS- ATTN,0.0,30998.0,-110785665.27,NEFT
2022-08-01,NEFT2461KRISHNAAUTOPARTS-Haritochidraage,0.0,28433.0,-110757232.27,NEFT
2022-08-01,NEFT2461MMANAUTOSTORE-null,0.0,10668.0,-110746564.27,NEFT
2022-08-02,ByClgCHNACCTSEC-PANDYAN2461GRAMABPURAMSTPACHITHRAAGENCIES,0.0,9646.0,-110736918.27,CHQ
2022-08-02,ByClgCHNACCTSEC-DEUTSCHE2461BANKDTBCHITHRAAGENCIES,0.0,9819.0,-110727099.27,CHQ
2022-08-02,ByClgCHNACCTSEC-CITYUNION2461BANKLTDCHITHRAAGENCIES,0.0,6000.0,-110721099.27,CHQ
2022-08-02,ByClgCHNACCTSEC-KARURVYSYA2461BANKLTDKVBCHITHRAAGENCIES,0.0,19305.0,-110701794.27,CHQ
2022-08-02,ByClgCHNACCTSEC-UNIONBANKOF2461INDIAUBICHITHRAAGENCIES,0.0,9934.0,-110691860.27,CHQ
2022-08-02,ByClgCHNACCTSEC-STATEBANKOF2461INDIASBICHITHRAAGENCIES,0.0,4370.0,-110687490.27,CHQ
2022-08-02,ByClgCHNACCTSEC-PUNJAB2461NATIONALBANKPNBCHITHRAAGENCIES,0.0,5092.0,-110682398.27,CHQ
2022-08-02,ByClgCHNACCTSEC-INDIANBANK2461INBCHITHRAAGENCIES,0.0,4367.0,-110678031.27,CHQ
2022-08-02,NEFT2461Cr---NEWRPSAUTOSPARES-SPLSMEBRANCHMADURAI,0.0,5067.0,-110672964.27,NEFT
2022-08-02,NEFT2461AUTOSTORES-Arunbyepassmadur,0.0,3787.0,-110669177.27,NEFT
2022-08-02,MB 125000972721 AYYANARAUTO2461PRA CANARA AyyanarAutopartsAm 36,0.0,8098.0,-110661079.27,IMPS
2022-08-02,CashDepositARULGUNASEKARAN2461MDUSMEBR,0.0,100000.0,-110561079.27,CASH
2022-08-02,MOB-IMPS-CR SNAGAJOTH INDIAN24615 2,0.0,30000.0,-110531079.27,IMPS
2022-08-02,NEFT2461Cr-91-RENUGABATTERYOILANDTYRES- ATTN INB,0.0,2377.0,-110528702.27,NEFT
2022-08-02,DocChgsWCMSMERenwl0104202461,59000.0,0.0,-110587702.27,OTHER-DEBITS
2022-08-02,ProcChgsWCMSMERenewal2461,526280.0,0.0,-111113982.27,LOAN-CHARGES
2022-08-02,ProcChgsWCMSMEAdhoc2461,47200.0,0.0,-111161182.27,LOAN-CHARGES
2022-08-02,2461UPI 134 ARUMUGAMR BKID xfaceokhdfcbank PaytoM,0.0,3000.0,-111158182.27,UPI
2022-08-02,IBOAT45140800030542010002292461OnlineTransactionOTH-LoantoAgenciesVIP,175000.0,0.0,-111333182.27,TRANSFER
2022-08-02,UPI CR 221491725212 MrR2461ARAV IDIB ci Castrol f,0.0,4534.0,-111328648.27,UPI
2022-08-02,MB 62081400000335 PMVAUTO2461STRA CAN 2022,0.0,5000.0,-111323648.27,IMPS
2022-08-03,ChqPaid-MICRInward2461Clearing-CASTROLINDIALTD-DEUTSCHEBANKDTB-DEUTSCHEBANK,2071668.12,0.0,-113395316.39,CHQ
2022-08-03,NEFT24610002101-LETPage105of215YANDLYDIATRADER-null,0.0,24104.0,-113371212.39,NEFT
2022-08-03,MOB-IMPS-CR SRIABIRAM DBSBANK2461I 1057 Cas 2022,0.0,32583.0,-113338629.39,IMPS
2022-08-03,UPI CR 221591418641 SURESH2461KU SBIN crbbala 41a3dee 08 2022,0.0,5000.0,-113333629.39,UPI
2022-08-03,IBITG13960230010112820000862461OTH-chitraagenciespayment,0.0,159880.0,-113173749.39,TRANSFER
2022-08-03,CashDepositPRABHUMDUSMEBR2461,0.0,80000.0,-113093749.39,CASH
2022-08-03,NEFT2461Cr---SRIKUMARAUTOSPARES-null,0.0,4706.0,-113089043.39,NEFT
2022-08-03,NEFT2461ARAJAUTOSTORE-null,0.0,3077.0,-113085966.39,NEFT
2022-08-03,NEFT2461Cr-B027-MTHIRUGNANASAMBANDANM- URGENT,0.0,11575.0,-113074391.39,NEFT
2022-08-03,UPI CR 221522946422 SOMU2461R IOBA ci UPI c,0.0,1000.0,-113073391.39,UPI
2022-08-03,MOB-IMPS-CR AbdulKade INDIAN24617 6,0.0,150000.0,-112923391.39,IMPS
2022-08-03,FundsTransferDebit-CHITHRATYRES2461,600000.0,0.0,-113523391.39,TRANSFER
2022-08-03,FundsTransferDebit1011282000079-S2461KSAUTOCENTRE,0.0,13753.0,-113509638.39,TRANSFER
2022-08-03,UPI CR 221529627581 AMBIGA2461CY CNRB partsybl Payment YBL4498bbfb 2022,0.0,2252.0,-113507386.39,UPI
2022-08-03,NEFT2461Cr-50-SUBBIAHAGENCYS- ATTN,0.0,3316.0,-113504070.39,NEFT
2022-08-03,NEFT2461Cr-09-SRIVALATHTHIAMMANAUTOS- FAST,0.0,3362.0,-113500708.39,NEFT
2022-08-03,UPI CR 221576551734 MOHAMED2461B CNRB ci UPI I,0.0,3587.0,-113497121.39,UPI
2022-08-03,NEFT2461Cr-15-DUBAIAUTOTYRES- ATTN trf,0.0,11885.0,-113485236.39,NEFT
2022-08-03,NEFT246156-BHARATHAUTOPARTS- URGENT,0.0,3507.0,-113481729.39,NEFT
2022-08-03,INET-IMPS-CR NELSONSBE TAMILNAD2461M 029 AGAINST2,0.0,33658.0,-113448071.39,IMPS
2022-08-03,MB 62081400000335 PMVAUTO2461STRA CAN 2022,0.0,5000.0,-113443071.39,IMPS
2022-08-03,NEFT24610NEFT01-SRIVISHNUAUTOMOBILES-CASTROL,0.0,52035.0,-113391036.39,NEFT
2022-08-03,NEFTCr-SAA124121398-TMBL0000051-S2461PSTORE-SPLSMEBRANCHMADURAI,0.0,7459.0,-113383577.39,NEFT
2022-08-04,ByClgCHNACCTSEC-PANDYAN2461GRAMABPURAMSTPACHITHRAAGENCIESPage106of215,0.0,14460.0,-113369117.39,CHQ
2022-08-04,ByClgCHNACCTSEC-INDIAN2461OVERSEASBANKIOBMARUTHIMAHALAGY,0.0,24119.0,-113344998.39,CHQ
2022-08-04,ByClgCHNACCTSEC-INDIAN2461OVERSEASBANKIOBANNAITRACTORSPARES,0.0,16264.0,-113328734.39,CHQ
2022-08-04,ByClgCHNACCTSEC-TAMILNAD2461MERCANTILEBANKLTDTMBCHITHRAAGENCIES,0.0,8474.0,-113320260.39,CHQ
2022-08-04,ByClgCHNACCTSEC-IDBIBANKLTD2461CHITHRAAGENCIES,0.0,7248.0,-113313012.39,CHQ
2022-08-04,ByClgCHNACCTSEC-INDIAN2461OVERSEASBANKIOBCHITHRAAGENCIES,0.0,10000.0,-113303012.39,CHQ
2022-08-04,ByClgCHNACCTSEC-UNIONBANKOF2461INDIAUBISRIVILVAMAUTOELECTRICALS,0.0,19544.0,-113283468.39,CHQ
2022-08-04,ByClgCHNACCTSEC-TAMILNAD2461MERCANTILEBANKLTDTMBPRIYAAUTOSTORE,0.0,12787.0,-113270681.39,CHQ
2022-08-04,ByClgCHNACCTSEC-TAMILNAD2461MERCANTILEBANKLTDTMBCHITHRAAGENCIES,0.0,6469.0,-113264212.39,CHQ
2022-08-04,ByClgCHNACCTSEC-TAMILNAD2461MERCANTILEBANKLTDTMBSRIKRISHNABATTERYOIL,0.0,4805.0,-113259407.39,CHQ
2022-08-04,ByClgCHNACCTSEC-TAMILNAD2461MERCANTILEBANKLTDTMBSENTHILIBRICANTS,0.0,4852.0,-113254555.39,CHQ
2022-08-04,ByClgCHNACCTSEC-INDIAN2461OVERSEASBANKIOBCHITHRAAGENCIES,0.0,24881.0,-113229674.39,CHQ
2022-08-04,INET-IMPS-CR SREEVINAY TAMILNAD2461M 247,0.0,3032.0,-113226642.39,IMPS
2022-08-04,NEFT2461Cr-98-BHARATHTRADERS- REF,0.0,40591.0,-113186051.39,NEFT
2022-08-04,MB 4861255000004 ANBALAGAN2461M 8 CHITHRAAGENCIES CANARA anbueri 53,0.0,4000.0,-113182051.39,IMPS
2022-08-04,IBOAT1626519002397261010137OTH,0.0,250000.0,-112932051.39,TRANSFER
2022-08-04,MB 120001499477 THENIPOWER2461CONRAAGENCIESCASTROL CAN 2022,0.0,874.0,-112931177.39,IMPS
2022-08-04,FundsTransferDebit3001201001227BAVANISRIAUTO,0.0,3507.0,-112927670.39,TRANSFER
2022-08-04,UPI CR 221622499777 Antony2461Pr SBIN ckiumoksbi UPI SBIb,0.0,500.0,-112927170.39,UPI
2022-08-04,NEFT2461Cr-62-SEENIAPPAAUTOSTORE-null,0.0,51058.0,-112876112.39,NEFT
2022-08-04,NEFT2461Cr-99-NATIONALTRADERS-null,0.0,3887.0,-112872225.39,NEFT
2022-08-04,UPI CR 221629022138 Mr2461Senthil IDIB UPI 94612,0.0,5448.0,-112866777.39,UPI
2022-08-05,ByClgCHNACCTSEC-INDIAN2461OVERSEASBANKIOBCHITHRAAGENCIES,0.0,34622.0,-112832155.39,CHQ
2022-08-05,ByClgCHNACCTSEC-TAMILNAD2461MERCANTILEBANKLTDTMBCHITHRAAGENCIES,0.0,2450.0,-112829705.39,CHQ
2022-08-05,ByClgCHNACCTSEC-TAMILNAD2461MERCANTILEBANKLTDTMBCHITHRAAGENCIES,0.0,3125.0,-112826580.39,CHQ
2022-08-05,ByClgCHNACCTSEC-INDIAN2461OVERSEASBANKIOBCHITHRAAGENCIES,0.0,120000.0,-112706580.39,CHQ
2022-08-05,ByClgCHNACCTSEC-CITYUNION2461BANKLTDCHITHRAAGENCIES,0.0,6042.0,-112700538.39,CHQ
2022-08-05,ByClgCHNACCTSEC-DBSBANKLTD2461DBSCHITHRAAGENCIES,0.0,7013.0,-112693525.39,CHQ
2022-08-05,ByClgCHNACCTSEC-STATEBANKOF2461INDIASBICHITHRAAGENCIES,0.0,53982.0,-112639543.39,CHQ
2022-08-05,INET-IMPS-CR SRIKRISHN TAMILNAD2461M 073,0.0,17149.0,-112622394.39,IMPS
2022-08-05,NEFT2461Cr---SRIRAGAVENDRAAUTOSTORE-chitra,0.0,8613.0,-112613781.39,NEFT
2022-08-05,MOB-IMPS-CR RUDARAM Equitas2461722 CHITHRA3,0.0,28125.0,-112585656.39,IMPS
2022-08-05,UPI CR 221718322046 MBR2461AUTOM UTIB mbr-1okaxis MBR fca,0.0,5000.0,-112580656.39,UPI
2022-08-05,MB 4861255000004 ANBALAGAN2461M 8 CHITHRAAGENCIES CANARA anbueri 53,0.0,4000.0,-112576656.39,IMPS
2022-08-05,MB 1349108318553 KUMARESAN2461S 8 CHITHRAAGENCIES CAN 2022,0.0,1900.0,-112574756.39,IMPS
2022-08-05,CashDeposit DGULNGLNGR2461,0.0,27150.0,-112547606.39,CASH
2022-08-05,CashDeposit MDUPTNAGAR2461,0.0,100000.0,-112447606.39,CASH
2022-08-05,NEFT2461LAKSHMITRADING-null,0.0,5679.0,-112441927.39,NEFT
2022-08-05,INET-IMPS-CR MPTRACTO TAMILNAD2461M 028,0.0,8945.0,-112432982.39,IMPS
2022-08-05,NEFT2461TERPRISES-null,0.0,150000.0,-112282982.39,NEFT
2022-08-05,UPI CR 221722243652 R2461SURESH IOBA s PaytoM cc3,0.0,2900.0,-112280082.39,UPI
2022-08-05,2461UPI 019 RAJAKUMAR HDFC cbank PaytoM H,0.0,3000.0,-112277082.39,UPI
2022-08-05,UPI CR 221743217153 Mrs2461RAMYA IDIB ramyaoksbi PaytoM d654a91ccaPage108of215,0.0,1800.0,-112275282.39,UPI
2022-08-05,UPI CR 221743234965 Mrs2461RAMYA IDIB ramyaoksbi UPI SBIc178feca1,0.0,1.0,-112275281.39,UPI
2022-08-05,NEFT2461AKSHMIAGENCIES-SRILAKSHMIAGSVPR,0.0,31850.0,-112243431.39,NEFT
2022-08-05,MOB-IMPS-CR Selvapandi INDIAN24619 4,0.0,6929.0,-112236502.39,IMPS
2022-08-05,UPI CR 221792404721 Mrs2461CHITR CBIN ci PaytoM ICI,0.0,2000.0,-112234502.39,UPI
2022-08-05,2461UPI 944 SASIKUMAR SBIN UPI SB7,0.0,5000.0,-112229502.39,UPI
2022-08-05,UPI CR 221705238102 SRI2461VINAY KVBL cbank UPI 7,0.0,4142.0,-112225360.39,UPI
2022-08-05,UPI CR 221705272993 SRI2461VINAY KVBL cbank UPI HDFa 08 2022,0.0,2022.0,-112223338.39,UPI
2022-08-05,MOB-IMPS-CR AMAAUTO TheState2461 MOBLTA 2022,0.0,15000.0,-112208338.39,IMPS
2022-08-05,MOB-IMPS-CR AMAAUTO TheState2461 MOBLTA 2022,0.0,1784.0,-112206554.39,IMPS
2022-08-05,NEFT2461Cr-47-MSMSSSON- ATTN INB,0.0,21849.0,-112184705.39,NEFT
2022-08-05,UPI CR 221749195732 Mrs2461RAMYA IDIB ramyaoksbi UPI e 2022,0.0,2000.0,-112182705.39,UPI
2022-08-05,NEFT2461Cr-66-SRILAKSHMIAGENCIES- ATTN INB,0.0,146078.0,-112036627.39,NEFT
2022-08-05,NEFT2461Cr-98-ASHIKAAUTOSPARES- REF,0.0,3000.0,-112033627.39,NEFT
2022-08-05,NEFT2461Cr-58-RAJENDRAENTERPRISES- REF,0.0,7407.0,-112026220.39,NEFT
2022-08-05,NEFT2461Cr-35-SRIGANESHAUTOAGENCY- ATTN Gane,0.0,7998.0,-112018222.39,NEFT
2022-08-05,INET-IMPS-CR Customer IOBN22461 241 kayyem0,0.0,8498.0,-112009724.39,IMPS
2022-08-05,2461UPI 194 ANANDARAJ KVBL ci PaytoM ICf 08 2022,0.0,3000.0,-112006724.39,UPI
2022-08-05,UPI CR 221752817829 SRI2461VEERA TMBL n88-1oksbi PaytoM 5c,0.0,11546.0,-111995178.39,UPI
2022-08-06,ByClgCHNACCTSEC-INDIANBANK2461INBC,0.0,16723.0,-111978455.39,CHQ
2022-08-06,ByClgCHNACCTSEC-TAMILNADU2461INDUSTRIALCO-OPERATIVEBANKC,0.0,7952.0,-111970503.39,CHQ
2022-08-06,ByClgCHNACCTSEC-HDFCBANK2461LTDC,0.0,6052.0,-111964451.39,CHQ
2022-08-06,ByClgCHNACCTSEC-AXISBANKLTD2461CHITHRAAGENCIES,0.0,5264.0,-111959187.39,CHQ
2022-08-06,ByClgCHNACCTSEC-TAMILNAD2461MERCANTILEBANKLTDTMBCHITHRAAGENCIES,0.0,22029.0,-111937158.39,CHQ
2022-08-06,ByClgCHNACCTSEC-AXISBANKLTD2461CHITHRAAGENCIES,0.0,7508.0,-111929650.39,CHQ
2022-08-06,ByClgCHNACCTSEC-KARURVYSYA2461BANKLTDKVBCHITHRAAGENCIES,0.0,6793.0,-111922857.39,CHQ
2022-08-06,ByClgCHNACCTSEC-TAMILNAD2461MERCANTILEBANKLTDTMBCHITHRAAGENCIES,0.0,48315.0,-111874542.39,CHQ
2022-08-06,ByClgCHNACCTSEC-ICICIBANKLTD2461CHITHRAAGENCIES,0.0,1500.0,-111873042.39,CHQ
2022-08-06,ChqPaid-MICRInward2461Clearing-CASTROLINDIALTD-DEUTSCHEBANKDTB-DEUTSCHEBANK,1382280.81,0.0,-113255323.2,CHQ
2022-08-06,NEFT2461Cr-98-VSKAUTOMOBILES- URGENT,0.0,24590.0,-113230733.2,NEFT
2022-08-06,-DIRECT2461TAX1,4908.0,0.0,-113235641.2,INCOME-TAX
2022-08-06,INET-IMPS-CR SRISELVAK TAMILNAD2461M 052,0.0,5000.0,-113230641.2,IMPS
2022-08-06,INET-IMPS-CR BALUAUTO TAMILNAD2461M 492,0.0,70000.0,-113160641.2,IMPS
2022-08-06,CashDeposit MDUPTNAGAR2461,0.0,400000.0,-112760641.2,CASH
2022-08-06,-DIRECT2461TAX1,10479.0,0.0,-112771120.2,INCOME-TAX
2022-08-06,MOB-IMPS-CR AbdulKade INDIAN24617 Deposit6,0.0,100000.0,-112671120.2,IMPS
2022-08-06,INET-IMPS-CR SRIRAM2461EN CityUnhra2,0.0,11355.0,-112659765.2,IMPS
2022-08-06,IBITG28748160010062610052682461OTH-BILLPAY,0.0,18976.0,-112640789.2,TRANSFER
2022-08-06,NEFT2461Cr-50-SUBBIAHAGENCYS- ATTN,0.0,9072.0,-112631717.2,NEFT
2022-08-06,INET-IMPS-CR RATHINAVEL TAMILNAD2461M 153,0.0,15218.0,-112616499.2,IMPS
2022-08-06,MB 62081400000335 PMVAUTO2461STRA CAN 2022,0.0,5000.0,-112611499.2,IMPS
2022-08-07,CASHHANDLINGCHCAODOCC2461,944.0,0.0,-112612443.2,BANK-CHARGES
2022-08-07,NEFT2461TERPRISES-null,0.0,200000.0,-112412443.2,NEFT
2022-08-08,NEFT2461Cr-30-SIDDHESHAUTOSPARES- REF,0.0,46544.0,-112365899.2,NEFT
2022-08-08,CASH-BNA-09010901BY01 08 222461,0.0,5000.0,-112360899.2,CASH
2022-08-08,ByClgCHNACCTSEC-PANDYAN2461GRAMABPURAMSTPACHITHRAAGENCIES,0.0,3250.0,-112357649.2,CHQ
2022-08-08,ByClgCHNACCTSEC-INDIANBANK2461INBCHITHRAAGENCIES,0.0,15000.0,-112342649.2,CHQ
2022-08-08,ByClgCHNACCTSEC-TAMILNAD2461MERCANTILEBANKLTDTMBCHITHRAAGENCIES,0.0,14412.0,-112328237.2,CHQ
2022-08-08,ByClgCHNACCTSEC-TAMILNAD2461MERCANTILEBANKLTDTMBCHITHRAAGENCIES,0.0,6145.0,-112322092.2,CHQ
2022-08-08,ByClgCHNACCTSEC-ICICIBANKLTD2461CHITHRAAGENCIES,0.0,5669.0,-112316423.2,CHQ
2022-08-08,ByClgCHNACCTSEC-KARURVYSYA2461BANKLTDKVBCHITHRAAGENCIES,0.0,5278.0,-112311145.2,CHQ
2022-08-08,ByClgCHNACCTSEC-INDIAN2461OVERSEASBANKIOBCHITHRAAGENCIES,0.0,52902.0,-112258243.2,CHQ
2022-08-08,ByClgCHNACCTSEC-KARURVYSYA2461BANKLTDKVBCHITHRAAGENCIES,0.0,18918.0,-112239325.2,CHQ
2022-08-08,ByClgCHNACCTSEC-CITYUNION2461BANKLTDCHITHRAAGENCIES,0.0,6000.0,-112233325.2,CHQ
2022-08-08,ByClgCHNACCTSEC-ICICIBANKLTD2461CHITHRAAGENCIES,0.0,15000.0,-112218325.2,CHQ
2022-08-08,ByClgCHNACCTSEC-TAMILNAD2461MERCANTILEBANKLTDTMBCHITHRAAGENCIES,0.0,2100.0,-112216225.2,CHQ
2022-08-08,ChqPaid-MICRInward2461Clearing-CASTROLINDIALIMITED-DEUTSCHEBANKDTB-DEUTSCHEBANK,1029680.03,0.0,-113245905.23,CHQ
2022-08-08,NEFT2461Cr---SRIGANESHAUTOPARTS-null,0.0,6710.0,-113239195.23,NEFT
2022-08-08,MB 1349108318553 KUMARESAN2461S 8 CHITHRAAGENCIES CAN 2022,0.0,500.0,-113238695.23,IMPS
2022-08-08,FundsTransferDebit4036261000058SRIVIGNESHAUTO,0.0,14573.0,-113224122.23,TRANSFER
2022-08-08,FundsTransferDebit3040255000023ASAIMOTORS,0.0,8056.0,-113216066.23,TRANSFER
2022-08-08,FundsTransferDebit3315201000036THIRUMURUGANAUTOSP,0.0,7013.0,-113209053.23,TRANSFER
2022-08-08,NEFT2461NAUTOSPARES-Guhan,0.0,1388.0,-113207665.23,NEFT
2022-08-08,NEFT2461MMANAUTOSTORE-null,0.0,6245.0,-113201420.23,NEFT
2022-08-08,NEFT2461Cr-15-DUBAIAUTOTYRES- ATTN trf,0.0,14000.0,-113187420.23,NEFT
2022-08-08,NEFT2461Cr-50-SUBBIAHAGENCYS- ATTN,0.0,15477.0,-113171943.23,NEFT
2022-08-08,NEFT2461URUGANAUTOSTOR-velmurugandvkPage111of215,0.0,17810.0,-113154133.23,NEFT
2022-08-08,INET-IMPS-CR SARAVANAA TAMILNAD2461M 762,0.0,7014.0,-113147119.23,IMPS
2022-08-08,UPI CR 222072493043 MrK2461ALAG IDIB cbank UPI HDb 08 2022,0.0,2000.0,-113145119.23,UPI
2022-08-08,NEFT2461Cr---SELVITYRES-null,0.0,41318.0,-113103801.23,NEFT
2022-08-08,FundsTransferDebitCHITHRA2461AGEN02981-BASKARELECTRICALS,0.0,3492.0,-113100309.23,TRANSFER
2022-08-08,2461UPI 201 SOMANATHA CNRB 20048ybl Payment e,0.0,6371.0,-113093938.23,UPI
2022-08-08,NEFT2461Cr-16-PNRSCOOTERHOUSE-null,0.0,7513.0,-113086425.23,NEFT
2022-08-08,NEFT2461Cr-12-FGAUTOZONE- ATTN INB,0.0,19258.0,-113067167.23,NEFT
2022-08-08,NEFT2461Cr---MAKESHLAKSHMIAUTOSTORES-SPLSMEBRANCHMADURAI,0.0,7048.0,-113060119.23,NEFT
2022-08-09,INET-IMPS-CR SRIANNAI TAMILNAD2461M 595,0.0,1951.0,-113058168.23,IMPS
2022-08-09,NEFT2461AMAUTOSPARES-null,0.0,9162.0,-113049006.23,NEFT
2022-08-09,ByClgCHNACCTSEC-ESAFSmall2461FinanceBankCHITHRAAGENCIES,0.0,8270.0,-113040736.23,CHQ
2022-08-09,ByClgCHNACCTSEC-INDIAN2461OVERSEASBANKIOBCHITHRAAGENCIES,0.0,15526.0,-113025210.23,OUTWARD-RETURN
2022-08-09,ByClgCHNACCTSEC-TAMILNAD2461MERCANTILEBANKLTDTMBCHITHRAAGENCIES,0.0,14412.0,-113010798.23,CHQ
2022-08-09,ByClgCHNACCTSEC-INDIAN2461OVERSEASBANKIOBCHITHRAAGENCIES,0.0,27277.0,-112983521.23,CHQ
2022-08-09,ByClgCHNACCTSEC-CITYUNION2461BANKLTDCHITHRAAGENCIES,0.0,6877.0,-112976644.23,CHQ
2022-08-09,ByClgCHNACCTSEC-TAMILNAD2461MERCANTILEBANKLTDTMBCHITHRAAGENCIES,0.0,2019.0,-112974625.23,OUTWARD-RETURN
2022-08-09,ByClgCHNACCTSEC-KARURVYSYA2461BANKLTDKVBCHITHRAAGENCIES,0.0,6922.0,-112967703.23,CHQ
2022-08-09,ByClgCHNACCTSEC-KARURVYSYA2461BANKLTDKVBCHITHRAAGENCIES,0.0,23871.0,-112943832.23,CHQ
2022-08-09,ByClgCHNACCTSEC-INDUSINDBANK2461LTDCHITHRAAGENCIES,0.0,3452.0,-112940380.23,CHQ
2022-08-09,ByClgCHNACCTSEC-IDBIBANKLTD2461CHITHRAAGENCIES,0.0,14026.0,-112926354.23,CHQ
2022-08-09,ByClgCHNACCTSEC-TAMILNAD2461MERCANTILEBANKLTDTMBCHITHRAAGENCIES,0.0,24835.0,-112901519.23,CHQ
2022-08-09,ByClgCHNACCTSEC-IDBIBANKLTD2461CHITHRAAGENCIES,0.0,2259.0,-112899260.23,CHQ
2022-08-09,ByClgCHNACCTSEC-STATEBANKOF2461INDIASBICHITHRAAGENCIES,0.0,20000.0,-112879260.23,CHQ
2022-08-09,UPI CR 222187235950 VSAUTO2461 CNRB cbank UPI HDFc,0.0,39949.0,-112839311.23,UPI
2022-08-09,NEFT2461Cr-98-VSKAUTOMOBILES- URGENT,0.0,28709.0,-112810602.23,NEFT
2022-08-09,gefuchqreturn-Exceedsarrangement2461,2019.0,0.0,-112812621.23,OUTWARD-RETURN
2022-08-09,gefuchqreturn-FundsInsufficient2461,15526.0,0.0,-112828147.23,OUTWARD-RETURN
2022-08-09,NEFT2461Cr---SMTENTERPRISES-SPLSMEBRANCHMADURAI,0.0,3321.0,-112824826.23,NEFT
2022-08-09,INET-IMPS-CR SREEVINAY TAMILNAD2461M 247,0.0,7365.0,-112817461.23,IMPS
2022-08-09,INET-IMPS-CR SSAUTOS TAMILNAD2461M 142 CRB8,0.0,19542.0,-112797919.23,IMPS
2022-08-09,MOB-IMPS-CR SELVARAJA INDIAN2461 9,0.0,6000.0,-112791919.23,IMPS
2022-08-09,MB 1349108318553 KUMARESAN2461S 8 CHITHRAAGENCIES CAN 2022,0.0,2100.0,-112789819.23,IMPS
2022-08-09,NEFT2461Cr-50-SUBBIAHAGENCYS- ATTN,0.0,10932.0,-112778887.23,NEFT
2022-08-09,NEFT24610002101-NASAUTOELECTRICALS-null,0.0,6656.0,-112772231.23,NEFT
2022-08-09,2461MOB-IMPS-CR BLOSSOMTRA BANKOF000 08 2022,0.0,8898.0,-112763333.23,IMPS
2022-08-09,MOB-IMPS-CR DHANALAKSH INDIAN24615 sribal 2022,0.0,14000.0,-112749333.23,IMPS
2022-08-09,UPI CR 222196415454 Mr2461VENKAT IDIB cbank UPI H,0.0,2000.0,-112747333.23,UPI
2022-08-09,INET-IMPS-CR SRISELVAK TAMILNAD2461M 052,0.0,5000.0,-112742333.23,IMPS
2022-08-09,2461UPI 538 CHANDRASE CNRB 76143ybl Payment YBL3bb 08 2022,0.0,10000.0,-112732333.23,UPI
2022-08-09,OWCHQRTNCHGSNCAOTHTHAN2461IND,354.0,0.0,-112732687.23,OUTWARD-CHARGES
2022-08-09,OWCHQRTNCHGSNCAOTHTHAN2461IND,354.0,0.0,-112733041.23,OUTWARD-CHARGES
2022-08-09,INET-IMPS-CR Ananthapr IOBN22461 149 SRIGA 04,0.0,7788.0,-112725253.23,IMPS
2022-08-10,ChqPaid-MICRInward2461Clearing-CASTROLINDIALTD-DEUTSCHEBANKDTB-DEUTSCHEBANK,1544526.62,0.0,-114269779.85,CHQ
2022-08-10,UPI CR 222258275110 SURESH2461KU SBIN crb SBI5365d770813441d18717a62dc96082cb 10 08 2022,0.0,98708.0,-114171071.85,UPI
2022-08-10,NEFT2461Cr-27-SOUNDARAUTOAGENCIES- ATTN,0.0,3047.0,-114168024.85,NEFT
2022-08-10,MB 3420108002239 DHANASEKARAN2461KAOL CAN 2022,0.0,1716.0,-114166308.85,IMPS
2022-08-10,IBOAT15874560023972610101372461OnlineTransactionOTH-,1500000.0,0.0,-115666308.85,TRANSFER
2022-08-10,CashDeposit MDUPTNAGAR2461,0.0,85000.0,-115581308.85,CASH
2022-08-10,IBITG18790660010112820000862461OTH-CHITRAAGENCIESPAYMENT,0.0,158974.0,-115422334.85,TRANSFER
2022-08-10,UPI CR 222261410123 MrS2461KANN IDIB UPI,0.0,5000.0,-115417334.85,UPI
2022-08-10,NEFT2461Cr-56-SRIVISHNUTRADERS-SRIVISHNUTRADERS,0.0,15000.0,-115402334.85,NEFT
2022-08-10,FundsTransferDebit4036261000058SRIVIGNESHAUTO,0.0,24810.0,-115377524.85,TRANSFER
2022-08-10,2461UPI 804 DINESHKUM CNRB cbank PaytoM,0.0,2435.0,-115375089.85,UPI
2022-08-10,NEFT2461Cr-50-SUBBIAHAGENCYS- ATTN,0.0,11074.0,-115364015.85,NEFT
2022-08-10,UPI CR 222216374342 SRI2461MARUT PUNB 20082upi SriMaru UP34becaf 2022,0.0,13000.0,-115351015.85,UPI
2022-08-10,MB 120001499477 THENIPOWER2461CONRAAGENCIESCASTROL CAN 2022,0.0,3000.0,-115348015.85,IMPS
2022-08-10,UPI CR 222208002484 AMBIGA2461CY CNRB partsybl Payment,0.0,6000.0,-115342015.85,UPI
2022-08-10,NEFT2461AKSHMIAGENCIES-SRILAKSHMIAGSVPR,0.0,10125.0,-115331890.85,NEFT
2022-08-10,MB 1349108318553 KUMARESAN2461S 8 CHITHRAAGENCIES CAN 2022,0.0,400.0,-115331490.85,IMPS
2022-08-10,NEFTCr-SAA124638066-TMBL0000051-S2461PSTORE-SPLSMEBRANCHMADURAI,0.0,8238.0,-115323252.85,NEFT
2022-08-10,UPI CR 222273834051 MrS2461KANN IDIB UPI Sfac,0.0,2000.0,-115321252.85,UPI
2022-08-10,INET-IMPS-CR SRIRAM2461EN CityUn2 Page114of215,0.0,11000.0,-115310252.85,IMPS
2022-08-10,NEFT24610NEFT01-SRIVISHNUAUTOMOBILES-CASTROL,0.0,42311.0,-115267941.85,NEFT
2022-08-11,UPI CR 222326458831 SEKAR2461S HDFC cbank UPI HDF764a 08 2022,0.0,1810.0,-115266131.85,UPI
2022-08-11,ByClgCHNACCTSEC-INDIAN2461OVERSEASBANKIOBCHITHRAAGENCIES,0.0,14119.0,-115252012.85,CHQ
2022-08-11,ByClgCHNACCTSEC-UNITED2461COMMERCIALBANKUCOCHITHRAAGENCIES,0.0,7175.0,-115244837.85,CHQ
2022-08-11,ByClgCHNACCTSEC-UNIONBANKOF2461INDIAUBICHITHRAGENCIES,0.0,6939.0,-115237898.85,CHQ
2022-08-11,ByClgCHNACCTSEC-PUNJAB2461NATIONALBANKPNBCHITHRAAGENCIES,0.0,64078.0,-115173820.85,CHQ
2022-08-11,ByClgCHNACCTSEC-INDIAN2461OVERSEASBANKIOBCHITHRAAGENCIES,0.0,10000.0,-115163820.85,CHQ
2022-08-11,ByClgCHNACCTSEC-CITYUNION2461BANKLTDCHITHRAAGENCIES,0.0,10000.0,-115153820.85,CHQ
2022-08-11,ByClgCHNACCTSEC-INDIAN2461OVERSEASBANKIOBCHITHRAAGENCIES,0.0,16126.0,-115137694.85,CHQ
2022-08-11,ByClgCHNACCTSEC-BANKOFINDIA2461BOICHITHRAAGENCIES,0.0,7234.0,-115130460.85,CHQ
2022-08-11,ByClgCHNACCTSEC-TAMILNAD2461MERCANTILEBANKLTDTMBCHITHRAAGENCIES,0.0,12471.0,-115117989.85,CHQ
2022-08-11,ByClgCHNACCTSEC-HDFCBANK2461LTDCHITHRAAGENCIES,0.0,6686.0,-115111303.85,CHQ
2022-08-11,ByClgCHNACCTSEC-UNIONBANKOF2461INDIAUBICHITHRAAGENCIES,0.0,6866.0,-115104437.85,CHQ
2022-08-11,ByClgCHNACCTSEC-PANDYAN2461GRAMABPURAMSTPACHITHRAAGENCIES,0.0,10000.0,-115094437.85,CHQ
2022-08-11,NEFT2461Cr-34-SRIKUMARANAUTOSPARES- REF,0.0,5000.0,-115089437.85,NEFT
2022-08-11,CashDeposit DGULNGLNGR2461,0.0,32150.0,-115057287.85,CASH
2022-08-11,NEFT2461Cr-27-ABDULLAHAUTOSTORES- ATTN,0.0,108000.0,-114949287.85,NEFT
2022-08-11,RTGSTOABOVE5LSC2461,58.0,0.0,-114949345.85,BANK-CHARGES
2022-08-11,RTGS2461Dr---CASTROLINDIALTD-null,1800000.0,0.0,-116749345.85,RTGS
2022-08-11,2461UPI 349 VIGNESH KVBL ci UPI I,0.0,3000.0,-116746345.85,UPI
2022-08-11,UPI CR 222333345765 M SVK2461S IDIB cbank UPI HD,0.0,5161.0,-116741184.85,UPI
2022-08-11,CashDeposit MDUPTNAGAR2461,0.0,200000.0,-116541184.85,CASH
2022-08-11,2461UPI 942 PONNUCHAM BKID hasmyokhdfcbank PaytoM HDFe Page115of215,0.0,5000.0,-116536184.85,UPI
2022-08-11,FundsTransferDebit1011282000079-S2461KSAUTOCENTRE,0.0,14962.0,-116521222.85,TRANSFER
2022-08-11,NEFT2461Cr-69-ANNAIAUTOPARTS-ANNAIAUTOPARTS,0.0,11766.0,-116509456.85,NEFT
2022-08-11,UPI CR 222359973416 SRI2461EASWA CIUB ci UPI 3,0.0,14143.0,-116495313.85,UPI
2022-08-11,NEFT2461Cr-98-BHARATHTRADERS- REF,0.0,8663.0,-116486650.85,NEFT
2022-08-11,NEFT2461Cr-88-SWAMYAUTOSPAREPARTS-null,0.0,36274.0,-116450376.85,NEFT
2022-08-11,MB 3315261000010 CROWNTRADER2461M S 8 CHITHRAAGENCIES CANARA crownvedasa 2022,0.0,14580.0,-116435796.85,IMPS
2022-08-12,CASHHANDLINGCHCAODOCC2461,472.0,0.0,-116436268.85,BANK-CHARGES
2022-08-12,IBOAT137328002397261010137Online2461TransactionOTH-,1000000.0,0.0,-117436268.85,TRANSFER
2022-08-12,ByClgCHNACCTSEC-TAMILNAD2461MERCANTILEBANKLTDTMBCHITHRAAGENCIES,0.0,3823.0,-117432445.85,CHQ
2022-08-12,ByClgCHNACCTSEC-INDIANBANK2461INBCHITHRAAGENCIES,0.0,42441.0,-117390004.85,CHQ
2022-08-12,ByClgCHNACCTSEC-CITYUNION2461BANKLTDCHITHRAAGENCIES,0.0,17523.0,-117372481.85,CHQ
2022-08-12,ByClgCHNACCTSEC-STATEBANKOF2461INDIASBICHITHRAAGENCIES,0.0,87759.0,-117284722.85,CHQ
2022-08-12,ByClgCHNACCTSEC-BANKOF2461BARODABOBCHITHRAAGENCIES,0.0,3806.0,-117280916.85,CHQ
2022-08-12,ByClgCHNACCTSEC-TAMILNAD2461MERCANTILEBANKLTDTMBCHITHRAAGENCIES,0.0,35758.0,-117245158.85,CHQ
2022-08-12,ByClgCHNACCTSEC-KARURVYSYA2461BANKLTDKVBCHITHRAAGENCIES,0.0,6793.0,-117238365.85,CHQ
2022-08-12,ByClgCHNACCTSEC-INDIAN2461OVERSEASBANKIOBCHITHRAAGENCIES,0.0,36841.0,-117201524.85,CHQ
2022-08-12,ByClgCHNACCTSEC-TAMILNAD2461MERCANTILEBANKLTDTMBCHITHRAAGENCIES,0.0,3507.0,-117198017.85,CHQ
2022-08-12,ByClgCHNACCTSEC-INDIAN2461OVERSEASBANKIOBCHITHRAAGENCIES,0.0,119675.0,-117078342.85,CHQ
2022-08-12,ByClgCHNACCTSEC-ICICIBANKLTD2461C,0.0,7076.0,-117071266.85,CHQ
2022-08-12,ByClgCHNACCTSEC-TAMILNAD2461MERCANTILEBANKLTDTMBCHITHRAAGENCIES,0.0,8917.0,-117062349.85,CHQ
2022-08-12,ByClgCHNACCTSEC-AXISBANKLTD2461CHITHRAAGENCIES,0.0,11548.0,-117050801.85,CHQ
2022-08-12,ByClgCHNACCTSEC-ICICIBANKLTD2461CHITHRAAGENCIES,0.0,13098.0,-117037703.85,CHQ
2022-08-12,ByClgCHNACCTSEC-AXISBANKLTD2461C,0.0,9478.0,-117028225.85,CHQ
2022-08-12,ByClgCHNACCTSEC-ICICIBANKLTD2461CHITHRAAGENCIES,0.0,3225.0,-117025000.85,CHQ
2022-08-12,ByClgCHNACCTSEC-CITYUNION2461BANKLTDCHITHRAAGENCIES,0.0,3000.0,-117022000.85,CHQ
2022-08-12,NEFTCr-SAA124743062-TMBL0000343-S2461KAUTOSPARES-SPLSMEBRANCHMADURAI,0.0,28495.0,-116993505.85,NEFT
2022-08-12,NEFT2461Cr-66-SRILAKSHMIAGENCIES- ATTN INB,0.0,73637.0,-116919868.85,NEFT
2022-08-12,NEFT24610IN0426-THECHAKRAAUTOLINK-DBSS0IN0426,0.0,45152.0,-116874716.85,NEFT
2022-08-12,IBNEFTDrP2242201851900132461CASTROLINDIALTDPaytoCIL,114934.0,0.0,-116989650.85,NEFT
2022-08-12,SCNEFTOTHERTHANSBIMB2461,17.0,0.0,-116989667.85,BANK-CHARGES
2022-08-12,IBOAT12821640023972610101372461OnlineTransactionOTH-LoantoAgenciesTvl,68000.0,0.0,-117057667.85,TRANSFER
2022-08-12,CashDeposit DGULNGLNGR2461,0.0,77000.0,-116980667.85,CASH
2022-08-12,NEFTSC2461,6.0,0.0,-116980673.85,BANK-CHARGES
2022-08-12,NEFT2461AUTOMOBILES-,37753.0,0.0,-117018426.85,NEFT
2022-08-12,FundsTransferDebit1093201001547PRABHUOILSTORE,0.0,25064.0,-116993362.85,TRANSFER
2022-08-12,2461UPI 214 MUTHUKUMAR CNRB s UPI bfb,0.0,1000.0,-116992362.85,UPI
2022-08-12,CashDeposit MDUPTNAGAR2461,0.0,150000.0,-116842362.85,CASH
2022-08-12,NEFT2461Cr-41-MURUGATAMILNADUAUTOSTORE- ATTN INB,0.0,14588.0,-116827774.85,NEFT
2022-08-12,NEFT2461Cr-T015-SRIBALAJIAUTOSTORE-null,0.0,119009.0,-116708765.85,NEFT
2022-08-12,IBITG18997780010062610052682461OTH-BILLPAY,0.0,15000.0,-116693765.85,TRANSFER
2022-08-12,UPI CR 222413243728 Mrs2461RAMYA IDIB ramyaoksbi UPI SBIacdacdd05b6,0.0,2000.0,-116691765.85,UPI
2022-08-12,MOB-IMPS-CR AbdulKade INDIAN24617 Deposit6,0.0,100000.0,-116591765.85,IMPS
2022-08-12,NEFT2461Cr-87-DHANALAKSHMIAUTOSTORE-null,0.0,3500.0,-116588265.85,NEFT
2022-08-12,NEFT2461Cr-28-ANANDAUTO- ATTN,0.0,21716.0,-116566549.85,NEFT
2022-08-12,2461UPI 476 SASIKUMAR SBIN UPI 8ac0de 08 2022,0.0,5000.0,-116561549.85,UPI
2022-08-12,NEFT2461Cr---NEWRPSAUTOSPARES-SPLSMEBRANCHMADURAI,0.0,8729.0,-116552820.85,NEFT
2022-08-12,UPI CR 222475668636 R2461SURESH IOBA s oilpurc c4,0.0,78000.0,-116474820.85,UPI
2022-08-12,NEFT2461Cr-98-VSKAUTOMOBILES- URGENT,0.0,16152.0,-116458668.85,NEFT
2022-08-12,UPI CR 222461920547 MURUGAN2461P CNRB cbank PaytoM b,0.0,1000.0,-116457668.85,UPI
2022-08-12,UPI CR 222463861164 BALU2461SAMA BARB ujackokhdfcbank PaytoM 2022,0.0,2684.0,-116454984.85,UPI
2022-08-12,UPI CR 222477104870 MrB2461MANI IDIB lvm-1okicici UPI 11bd 08 2022,0.0,830.0,-116454154.85,UPI
2022-08-12,2461UPI 117 CHANDRASE CNRB 76143ybl Payment,0.0,10000.0,-116444154.85,UPI
2022-08-12,2461UPI 917 ANANDARAJ KVBL 99457ybl Payment,0.0,3000.0,-116441154.85,UPI
2022-08-12,MB 62081400000335 PMVAUTO2461STRA CAN 2022,0.0,5000.0,-116436154.85,IMPS
2022-08-13,CASHHANDLINGCHCAODOCC2461,536.0,0.0,-116436690.85,BANK-CHARGES
2022-08-13,INET-IMPS-CR VINAYAKAA TAMILNAD2461M 884,0.0,3530.0,-116433160.85,IMPS
2022-08-13,NEFT2461Cr-52-SRIKRISHNAAUTOPARTS-null,0.0,7013.0,-116426147.85,NEFT
2022-08-13,IBOAT12695820030542010002292461OnlineTransactionOTH-LoantoAgenciesVIP,265000.0,0.0,-116691147.85,TRANSFER
2022-08-13,MOB-IMPS-CR AbdulKade INDIAN24617 Deposit6,0.0,100000.0,-116591147.85,IMPS
2022-08-15,UPI CR 222710673380 MS2461PRAKAS IDIB 63355upi PRAKASH Uff,0.0,10000.0,-116581147.85,UPI
2022-08-15,UPI CR 222716453880 MrK2461ALAG IDIB cbank Castrol ad 2022,0.0,2000.0,-116579147.85,UPI
2022-08-15,NEFT2461Cr-98-ASHIKAAUTOSPARES- REF,0.0,3916.0,-116575231.85,NEFT
2022-08-15,NEFT2461Cr-00-THIRUNAVUKARASUAUTOSTORE- Autostore,0.0,3000.0,-116572231.85,NEFT
2022-08-15,NEFT2461Cr-56-SRIGANESHAUTOPARTS-OTHERS,0.0,3478.0,-116568753.85,NEFT
2022-08-16,NEFT2461Cr-30-SIDDHESHAUTOSPARES- REF,20299.0,0.0,-116589052.85,NEFT
2022-08-16,ByClgCHNACCTSEC-KARURVYSYA2461BANKLTDKVBCHITHRAAGENCIES,0.0,13308.0,-116575744.85,CHQ
2022-08-16,ByClgCHNACCTSEC-DBSBANKLTD2461DBSC,0.0,3507.0,-116572237.85,CHQ
2022-08-16,ByClgCHNACCTSEC-BANKOF2461BARODABOBCHITHRAAGENCIES,0.0,25000.0,-116547237.85,CHQ
2022-08-16,ByClgCHNACCTSEC-INDIAN2461OVERSEASBANKIOBCHITHRAAGENCIES,0.0,20901.0,-116526336.85,CHQ
2022-08-16,ByClgCHNACCTSEC-IDBIBANKLTD2461CHITHRAAGENCIES,0.0,13000.0,-116513336.85,CHQ
2022-08-16,ByClgCHNACCTSEC-INDIAN2461OVERSEASBANKIOBCHITHRAAGENCIES,0.0,61562.0,-116451774.85,CHQ
2022-08-16,ByClgCHNACCTSEC-TAMILNAD2461MERCANTILEBANKLTDTMBCHITHRAAGENCIES,0.0,14412.0,-116437362.85,CHQ
2022-08-16,ByClgCHNACCTSEC-TAMILNAD2461MERCANTILEBANKLTDTMBC,0.0,28193.0,-116409169.85,CHQ
2022-08-16,ByClgCHNACCTSEC-AXISBANKLTD2461C,0.0,9317.0,-116399852.85,CHQ
2022-08-16,ByClgCHNACCTSEC-TAMILNAD2461MERCANTILEBANKLTDTMBCHITHRAAGENCIES,0.0,4964.0,-116394888.85,CHQ
2022-08-16,ByClgCHNACCTSEC-TAMILNAD2461MERCANTILEBANKLTDTMBCHITHRAAGENCIES,0.0,33590.0,-116361298.85,CHQ
2022-08-16,ByClgCHNACCTSEC-INDIAN2461OVERSEASBANKIOBCHITHRAAGENCIES,0.0,3000.0,-116358298.85,CHQ
2022-08-16,ByClgCHNACCTSEC-ICICIBANKLTD2461CHITHRAAGENCIES,0.0,15000.0,-116343298.85,CHQ
2022-08-16,ByClgCHNACCTSEC-CITYUNION2461BANKLTDCHITHRAAGENCIES,0.0,4243.0,-116339055.85,CHQ
2022-08-16,ByClgCHNACCTSEC-HDFCBANK2461LTDCHITHRAAGENCIES,0.0,3042.0,-116336013.85,CHQ
2022-08-16,INET-IMPS-CR SRIITHIRU TAMILNAD2461M 654 sriit 59,0.0,3507.0,-116332506.85,IMPS
2022-08-16,INET-IMPS-CR VETRIAUTO IDFCBANK2461,0.0,9677.0,-116322829.85,IMPS
2022-08-16,NEFT246164-PRANIKASPARESLUBRICANTS- URGENT,0.0,8859.0,-116313970.85,NEFT
2022-08-16,NEFT2461Cr-48-SAMELECTRICALS- REF,0.0,10000.0,-116303970.85,NEFT
2022-08-16,NEFT2461Cr-70-PNRSCOOTERHOUSE- 2-CUSTOMER 1-CUSTOMERPAYMENT,0.0,17612.0,-116286358.85,NEFT
2022-08-16,INET-IMPS-CR SRIMEENAK TAMILNAD2461M 149,0.0,8257.0,-116278101.85,IMPS
2022-08-16,CashDeposit MDUPTNAGAR2461,0.0,250000.0,-116028101.85,CASH
2022-08-16,UPI CR 222858035640 SAADHANA2461 UCBA 639-2okaxis PaytoM d Page119of215,0.0,10000.0,-116018101.85,UPI
2022-08-16,FundsTransferDebit125000085755-SRI2461KRISHNAAGENCY,0.0,18501.0,-115999600.85,TRANSFER
2022-08-16,FundsTransferDebit125002404180KARTHIKAUTOSTORE,0.0,33058.0,-115966542.85,TRANSFER
2022-08-16,FundsTransferDebit3315201000036THIRUMURUGANAUTOSP,0.0,11265.0,-115955277.85,TRANSFER
2022-08-16,NEFT2461TERPRISES-null,0.0,150000.0,-115805277.85,NEFT
2022-08-16,UPI CR 222836118117 MANOJ2461KUM ESFB arpykokhdfcbank PaytoM HDF3da 08 2022,0.0,1000.0,-115804277.85,UPI
2022-08-16,UPI CR 222836327022 Mr2461SURESH IDIB cbank PaytoM,0.0,1010.0,-115803267.85,UPI
2022-08-16,UPI CR 222867891797 AYYANAR2461A TMBL 71758ybl PaytoM YB7457abbd3,0.0,8071.0,-115795196.85,UPI
2022-08-16,NEFT2461NYAAUTOPARTS-saranyadgl,0.0,4119.0,-115791077.85,NEFT
2022-08-16,IBNEFTDrP2282201856260262461CASTROLINDIALTDPaytoCIL,154.23,0.0,-115791232.08,NEFT
2022-08-16,SCNEFTOTHERTHANSBIMB2461,3.0,0.0,-115791235.08,BANK-CHARGES
2022-08-16,NEFT2461Cr-94-SRIRAGAVENDRAAUTOSTORE-OTHERS,0.0,14638.0,-115776597.08,NEFT
2022-08-16,NEFT2461Cr-28-ANANDAUTO- ATTN,0.0,13876.0,-115762721.08,NEFT
2022-08-16,NEFT2461Cr-46-UMAR-null,0.0,6804.0,-115755917.08,NEFT
2022-08-16,CashDepositSELFARUPPUKOTTAI2461,0.0,2500.0,-115753417.08,CASH
2022-08-16,NEFT2461Cr-15-DUBAIAUTOTYRES- ATTN trf,0.0,14437.0,-115738980.08,NEFT
2022-08-16,IBOAT3599721003054201000229OTH,0.0,265000.0,-115473980.08,TRANSFER
2022-08-16,ft2461,0.0,5000.0,-115468980.08,TRANSFER
2022-08-16,MB 1349108318553 KUMARESAN2461S 8 CHITHRAAGENCIES CAN 2022,0.0,800.0,-115468180.08,IMPS
2022-08-16,NEFT2461MMANAUTOSTORE-null,0.0,7445.0,-115460735.08,NEFT
2022-08-16,2461UPI 673 RAMAMOORT KVBL 30461ibl PaytoM 0a8da 08 2022,0.0,10000.0,-115450735.08,UPI
2022-08-16,NEFT2461Cr-12-FGAUTOZONE- ATTN INB,0.0,2111.0,-115448624.08,NEFT
2022-08-16,MB 1459201001596 LAKSHMI2461AUTOMOBRAAGENCIES CANARA LakshmiautoPage120of215mo 202208,0.0,3705.0,-115444919.08,IMPS
2022-08-16,2461UPI 873 CHANDRASE CNRB 76143ybl Payment be,0.0,10000.0,-115434919.08,UPI
2022-08-16,MB 3315261000010 CROWNTRADER2461M S 8 CHITHRAAGENCIES CANARA crownvedasa 2022,0.0,9768.0,-115425151.08,IMPS
2022-08-16,CASHHANDLINGCHCAODOCC2461,590.0,0.0,-115425741.08,BANK-CHARGES
2022-08-17,ByClgCHNACCTSEC-TAMILNAD2461MERCANTILEBANKLTDTMBC,0.0,11445.0,-115414296.08,CHQ
2022-08-17,ByClgCHNACCTSEC-KARURVYSYA2461BANKLTDKVBCHITHRAAGENCIESPRIVATELIMITED,0.0,4670.0,-115409626.08,CHQ
2022-08-17,ByClgCHNACCTSEC-CENTRALBANK2461OFINDIACBICHITHRAAGENCIESPRIVATELIMITED,0.0,10246.0,-115399380.08,CHQ
2022-08-17,ByClgCHNACCTSEC-CITYUNION2461BANKLTDCHITHRAAGENCIESPRIVATELIMITED,0.0,6000.0,-115393380.08,CHQ
2022-08-17,ByClgCHNACCTSEC-ICICIBANKLTD2461CHITHRAAGENCIESPRIVATELIMITED,0.0,8031.0,-115385349.08,CHQ
2022-08-17,ByClgCHNACCTSEC-STATEBANKOF2461INDIASBICHITHRAAGENCIESPRIVATELIMITED,0.0,15000.0,-115370349.08,CHQ
2022-08-17,ByClgCHNACCTSEC-UNIONBANKOF2461INDIAUBICHITHRAAGENCIES,0.0,9112.0,-115361237.08,CHQ
2022-08-17,ByClgCHNACCTSEC-INDIAN2461OVERSEASBANKIOBCHITHRAAGENCIESPRIVATELIMITED,0.0,20901.0,-115340336.08,CHQ
2022-08-17,ByClgCHNACCTSEC-IDBIBANKLTD2461CHITHRAAGENCIESPRIVATELIMITED,0.0,14732.0,-115325604.08,CHQ
2022-08-17,ByClgCHNACCTSEC-KARURVYSYA2461BANKLTDKVBCHITHRAAGENCIESPRIVATELIMITED,0.0,16481.0,-115309123.08,CHQ
2022-08-17,ByClgCHNACCTSEC-ICICIBANKLTD2461CHITHRAAGENCIESPRIVATELIMITED,0.0,1637.0,-115307486.08,CHQ
2022-08-17,ByClgCHNACCTSEC-PUNJAB2461NATIONALBANKPNBCHITHRAAGENCIES,0.0,5000.0,-115302486.08,CHQ
2022-08-17,ByClgCHNACCTSEC-ESAFSmall2461FinanceBankCHITHRAAGENCIESPRIVATELIMITED,0.0,11926.0,-115290560.08,CHQ
2022-08-17,ByClgCHNACCTSEC-INDIAN2461OVERSEASBANKIOBCHITHRAAGENCIESPRIVATELIMITED,0.0,10000.0,-115280560.08,CHQ
2022-08-17,ByClgCHNACCTSEC-TAMILNAD2461MERCANTILEBANKLTDTMBCHITHRAAGENCIESPRIVATELIMITED,0.0,35656.0,-115244904.08,CHQ
2022-08-17,ByClgCHNACCTSEC-AXISBANKLTD2461CHITHRAAGENCIESPRIVATELIMITED,0.0,17622.0,-115227282.08,CHQ
2022-08-17,ByClgCHNACCTSEC-INDIANBANK2461INBCHITHRAAGENCIESPRIVATELIMITED,0.0,20000.0,-115207282.08,CHQ
2022-08-17,NEFT2461AMAUTOSPARES-null,0.0,18657.0,-115188625.08,NEFT
2022-08-17,UPI CR 222903508786 Mr2461DINESH IDIB ci UPI IC,0.0,10000.0,-115178625.08,UPI
2022-08-17,NEFT2461Cr-00-TMSAUTOSPARES-null,0.0,64505.0,-115114120.08,NEFT
2022-08-17,2461UPI 161 VIGNESH KVBL ci UPI ICIbdc 2022,0.0,2000.0,-115112120.08,UPI
2022-08-17,IBITG9947650010112820000862461OTH-chitraagenciespayment,0.0,143252.0,-114968868.08,TRANSFER
2022-08-17,UPI CR 222913214499 GEETHA2461G BARB ci Mathano ICIe,0.0,7336.0,-114961532.08,UPI
2022-08-17,NEFT2461ANDLYDIATRADER-null,0.0,89178.0,-114872354.08,NEFT
2022-08-17,UPI CR 222992217102 SOMU2461R IOBA ci UPI ICIde 08 2022,0.0,1000.0,-114871354.08,UPI
2022-08-17,INET-IMPS-CR SRISELVAK TAMILNAD2461M 052,0.0,7533.0,-114863821.08,IMPS
2022-08-17,2461UPI 224 DINESHKUM CNRB cbank PaytoM,0.0,4683.0,-114859138.08,UPI
2022-08-17,NEFT2461ARAJAUTOSTORE-null,0.0,6354.0,-114852784.08,NEFT
2022-08-17,UPI CR 222937954082 JOSEVA2461B CNRB 74837ybl Payment ad,0.0,10000.0,-114842784.08,UPI
2022-08-17,NEFT2461Cr-21-SRIBALAJIAUTOSPARES- ATTN BAL,0.0,4225.0,-114838559.08,NEFT
2022-08-17,UPI CR 222931925258 MOHAMED2461B CNRB ci UPI b,0.0,5321.0,-114833238.08,UPI
2022-08-17,IBITG44362780010062610052682461OTH-BILLPAY,0.0,12000.0,-114821238.08,TRANSFER
2022-08-17,MOB-IMPS-CR SELVARAJA INDIAN2461 9,0.0,8100.0,-114813138.08,IMPS
2022-08-17,NEFT2461KRISHNAAUTOPARTS-Haritochidraage,0.0,24713.0,-114788425.08,NEFT
2022-08-18,NEFT2461Cr-98-ASHIKAAUTOSPARES- REF,0.0,3000.0,-114785425.08,NEFT
2022-08-18,ByClgCHNACCTSEC-CITYUNION2461BANKLTDCHITHRAAGENCIESPRIVATELIMITED,0.0,3000.0,-114782425.08,CHQ
2022-08-18,ByClgCHNACCTSEC-KARURVYSYA2461BANKLTDKVBCHITHRAAGENCIES,0.0,7336.0,-114775089.08,CHQ
2022-08-18,ByClgCHNACCTSEC-CITYUNION2461BANKLTDCHITHRAAGENCIESPRIVATELIMITEDPage122of215,0.0,4428.0,-114770661.08,CHQ
2022-08-18,ByClgCHNACCTSEC-STATEBANKOF2461INDIASBICHITHRAAGENCIESPRIVATELIMITED,0.0,182704.0,-114587957.08,CHQ
2022-08-18,ByClgCHNACCTSEC-ICICIBANKLTD2461CHITHRAAGENCIES,0.0,10188.0,-114577769.08,CHQ
2022-08-18,NEFTSC2461,6.0,0.0,-114577775.08,BANK-CHARGES
2022-08-18,NEFT2461000T075-PMUTHUPANDI-MODCHARGES,40450.0,0.0,-114618225.08,NEFT
2022-08-18,CashDeposit DGULNGLNGR2461,0.0,35420.0,-114582805.08,CASH
2022-08-18,INET-IMPS-CR CHOCKALING TAMILNADM 127100050305379 2461,0.0,5000.0,-114577805.08,IMPS
2022-08-18,FundsTransferDebit1011282000079-S2461KSAUTOCENTRE,0.0,9759.0,-114568046.08,TRANSFER
2022-08-18,CashDeposit MDUPTNAGAR2461,0.0,150000.0,-114418046.08,CASH
2022-08-18,NEFT2461Cr-A6-UNITEDINDIAINSURANCECOMPANYLIM-CUSTUNITEDINDIAINSURANCECOMPA,0.0,24690.0,-114393356.08,INSURANCE
2022-08-18,IBOAT2292237002397261010137OTH,0.0,1500000.0,-112893356.08,TRANSFER
2022-08-18,INET-IMPS-CR KANNAAUTO ICICI24618209 CHITAR 2022,0.0,7375.0,-112885981.08,IMPS
2022-08-18,MB 120001499477 THENIPOWER2461CONRAAGENCIESCASTROL CAN 2022,0.0,3391.0,-112882590.08,IMPS
2022-08-18,NEFT2461Cr-50-SUBBIAHAGENCYS- ATTN,0.0,11891.0,-112870699.08,NEFT
2022-08-18,FundsTransferDebit62143070000376MALARAUTOMOBILES,0.0,10329.0,-112860370.08,TRANSFER
2022-08-18,NEFT2461LUBRICANTS-null,0.0,10000.0,-112850370.08,NEFT
2022-08-18,INET-IMPS-CR VENKATTWO TAMILNAD2461M 448,0.0,10000.0,-112840370.08,IMPS
2022-08-18,NEFT2461Cr-15-DUBAIAUTOTYRES- ATTN trf,0.0,8238.0,-112832132.08,NEFT
2022-08-18,NEFT2461Cr-35-SRIGANESHAUTOAGENCY- ATTN Gane,0.0,6447.0,-112825685.08,NEFT
2022-08-19,CASHHANDLINGCHCAODOCC2461,354.0,0.0,-112826039.08,BANK-CHARGES
2022-08-19,ByClgCHNACCTSEC-UNIONBANKOF2461INDIAUBICHITHRAAGENCIESPRIVATELIMITED,0.0,10000.0,-112816039.08,CHQ
2022-08-19,ByClgCHNACCTSEC-SOUTHINDIAN2461BANKLTDSIBC,0.0,9726.0,-112806313.08,CHQ
2022-08-19,ByClgCHNACCTSEC-IDBIBANKLTD2461CHITHRAAGENCIESPRIVATELIMITED,0.0,3000.0,-112803313.08,CHQ
2022-08-19,ByClgCHNACCTSEC-INDIANBANK2461INBCHITHRAAGENCIESPRIVATELIMITED,0.0,13228.0,-112790085.08,CHQ
2022-08-19,ByClgCHNACCTSEC-AXISBANKLTD2461CHITHRAAGENCIESPRIVATELIMITED,0.0,10000.0,-112780085.08,CHQ
2022-08-19,ByClgCHNACCTSEC-TAMILNAD2461MERCANTILEBANKLTDTMBCHITHRAAGENCIESPRIVATELIMITED,0.0,128810.0,-112651275.08,CHQ
2022-08-19,ByClgCHNACCTSEC-TAMILNAD2461MERCANTILEBANKLTDTMBCHITHRAAGENCIESPRIVATELIMITED,0.0,4546.0,-112646729.08,CHQ
2022-08-19,ByClgCHNACCTSEC-TAMILNAD2461MERCANTILEBANKLTDTMBCHITHRAAGENCIESPRIVATELIMITED,0.0,34524.0,-112612205.08,CHQ
2022-08-19,ByClgCHNACCTSEC-UNIONBANKOF2461INDIAUBICHITHRAAGENCIEPRIVATELIMITED,0.0,8524.0,-112603681.08,CHQ
2022-08-19,ByClgCHNACCTSEC-INDIANBANK2461INBCHITHRAAGENCIESPRIVATELIMITED,0.0,71632.0,-112532049.08,CHQ
2022-08-19,ByClgCHNACCTSEC-TAMILNAD2461MERCANTILEBANKLTDTMBCHITHRAAGENCIESPRIVATELIMITED,0.0,17518.0,-112514531.08,CHQ
2022-08-19,ByClgCHNACCTSEC-BANDHAN2461BANKCHITHRAAGENCIESPRIVATELIMITED,0.0,19399.0,-112495132.08,CHQ
2022-08-19,ByClgCHNACCTSEC-TAMILNAD2461MERCANTILEBANKLTDTMBCHITHRAAGENCIESPRIVATELIMITED,0.0,6495.0,-112488637.08,CHQ
2022-08-19,ByClgCHNACCTSEC-INDIAN2461OVERSEASBANKIOBCHITHRAAGENCIESPRIVATELIMITED,0.0,2352.0,-112486285.08,CHQ
2022-08-19,ByClgCHNACCTSEC-CITYUNION2461BANKLTDCHITHRAAGENCIESPRIVATELIMITED,0.0,2085.0,-112484200.08,CHQ
2022-08-19,ByClgCHNACCTSEC-KARURVYSYA2461BANKLTDKVBC,0.0,7281.0,-112476919.08,CHQ
2022-08-19,NEFT2461LAKSHMITRADING-null,0.0,6192.0,-112470727.08,NEFT
2022-08-19,MOB-IMPS-CR SENTHILLU BOI2461 162 P 08 2022,0.0,8275.0,-112462452.08,IMPS
2022-08-19,CASH-BNA-14591459BY01 08 222461,0.0,3500.0,-112458952.08,CASH
2022-08-19,IBITG134302800120001362808Online2461TransactionOTH-ForTyrepurchase,8655.0,0.0,-112467607.08,TRANSFER
2022-08-19,2461UPI 982 THAMARAIK KVBL cbank PaytoM 1,0.0,10000.0,-112457607.08,UPI
2022-08-19,INET-IMPS-CR ALEXAUTO TAMILNAD2461M 010,0.0,8882.0,-112448725.08,IMPS
2022-08-19,2461UPI 030 SASIKUMAR UTIB 51201axl PaytoM AXLffbc 08 2022,0.0,5000.0,-112443725.08,UPI
2022-08-19,NEFT2461Cr-09-SRIVALATHTHIAMMANAUTOS- FAST,0.0,4119.0,-112439606.08,NEFT
2022-08-19,MOB-IMPS-CR AbdulKade INDIAN24617 Deposit6,0.0,100000.0,-112339606.08,IMPS
2022-08-19,gefuchqreturn-Exceedsarrangement2461,126461.0,0.0,-112466067.08,OUTWARD-RETURN
2022-08-19,IBOAT26404020030542010002292461OnlineTransactionOTH-,1002352.0,0.0,-113468419.08,TRANSFER
2022-08-19,IBITG29284530015982010007072461OTH-paymentgurumotorstochitraagenci,0.0,9150.0,-113459269.08,TRANSFER
2022-08-19,2461UPI 854 ANANDARAJ KVBL 99457ybl Payment 6,0.0,3000.0,-113456269.08,UPI
2022-08-19,NEFT2461HNAAUTOMOBILES-DBSS0IN0426,0.0,16431.0,-113439838.08,NEFT
2022-08-19,UPI CR 223179142259 MrS2461KANN IDIB UPI Sbf 08 2022,0.0,3000.0,-113436838.08,UPI
2022-08-19,MB 62081400000335 PMVAUTO2461STRAAGENCIES CAN 2022,0.0,5000.0,-113431838.08,IMPS
2022-08-19,OWCHQRTNCHGSNCAOTHTHAN2461IND,354.0,0.0,-113432192.08,OUTWARD-CHARGES
2022-08-19,OWCHQRTNCHGSNCAOTHTHAN2461IND,354.0,0.0,-113432546.08,OUTWARD-CHARGES
2022-08-20,2461UPI 050 VEERAKUMA KVBL cbank UPI b152e2bc 08 2022,0.0,5000.0,-113427546.08,UPI
2022-08-20,NEFT2461Cr-27-ABDULLAHAUTOSTORES- ATTN,0.0,115077.0,-113312469.08,NEFT
2022-08-20,NEFT2461Cr-052-IDIB0PLB001-MrTHANASEKARANT-null,0.0,10000.0,-113302469.08,NEFT
2022-08-20,NEFT2461Cr-93-SELVITYRES-null,0.0,42424.0,-113260045.08,NEFT
2022-08-20,NEFT2461Cr-16-SRIMOOKAMBIGAIAGENCIES- ATTN INB,0.0,19010.0,-113241035.08,NEFT
2022-08-20,UPI CR 223289287469 OM2461SAKTHI SBIN otorsoksbi UPI SBId,0.0,6537.0,-113234498.08,UPI
2022-08-20,INET-IMPS-CR BALUAUTO TAMILNAD2461M 492,0.0,90369.0,-113144129.08,IMPS
2022-08-20,INET-IMPS-CR SRIKRISHN TAMILNAD2461M 073,0.0,15104.0,-113129025.08,IMPS
2022-08-20,FundsTransferDebit1093201001547PRABHUOILSTORE,0.0,15657.0,-113113368.08,TRANSFER
2022-08-20,FundsTransferDebit1007201001201LORRYOWNERSASSOCIA,0.0,10517.0,-113102851.08,TRANSFER
2022-08-20,MOB-IMPS-CR AMAAUTO TheState2461 MOBLTA 2022,0.0,4891.0,-113097960.08,IMPS
2022-08-20,MB 1349108318553 KUMARESAN2461S 8 CHITHRAAGENCIES CAN 2022,0.0,500.0,-113097460.08,IMPS
2022-08-20,MB 1349108318553 KUMARESAN2461S 8 CHITHRAAGENCIES CAN 2Page125of215,0.0,600.0,-113096860.08,IMPS
2022-08-20,CashDeposit MDUPTNAGAR2461,0.0,300000.0,-112796860.08,CASH
2022-08-20,UPI CR 223288082715 THULASI2461R KVBL 21101ybl Payment YBLf3,0.0,13893.0,-112782967.08,UPI
2022-08-20,UPI CR 223286104249 MOHAMED2461A ICIC ancesokicici PaytoM 9,0.0,2500.0,-112780467.08,UPI
2022-08-20,NEFT2461Cr-00-TMSAUTOSPARES-null,0.0,94719.0,-112685748.08,NEFT
2022-08-20,NEFT2461Cr-61-THANUSHHONDA- THANUSHHONDACOIMBATORE,0.0,11933.0,-112673815.08,NEFT
2022-08-20,BGCHARGESMDUSMEBR2461,5133.0,0.0,-112678948.08,BG-CHARGES
2022-08-20,UPI CR 223202029260 Alagu2461Mur SBIN 987-1oksbi srimeen 2022,0.0,3000.0,-112675948.08,UPI
2022-08-20,NEFT24610NEFT01-SRIVISHNUAUTOMOBILES-CASTROL,0.0,25498.0,-112650450.08,NEFT
2022-08-20,MB 62081400000335 PMVAUTO2461STRAAGENCIES CAN 2022,0.0,5000.0,-112645450.08,IMPS
2022-08-20,CASHHANDLINGCHCAODOCC2461,708.0,0.0,-112646158.08,BANK-CHARGES
2022-08-21,MB6700450 08 2210-47422010002042461,0.0,3682.0,-112642476.08,TRANSFER
2022-08-21,IBITG9327650010062610052682461OTH-BILLPAY,0.0,13182.0,-112629294.08,TRANSFER
2022-08-21,NEFT2461Cr-70-KAMADHENUMOTORCYCLECOMPANY-OTHERS,0.0,4613.0,-112624681.08,NEFT
2022-08-22,ByClgCHNACCTSEC-TAMILNAD2461MERCANTILEBANKLTDTMBCHITHRAAGENCIESPRIVATELIMITED,0.0,3950.0,-112620731.08,CHQ
2022-08-22,ByClgCHNACCTSEC-BANKOFINDIA2461BOICHITHRAAGENCIESPRIVATELIMITED,0.0,2611.0,-112618120.08,CHQ
2022-08-22,ByClgCHNACCTSEC-INDIAN2461OVERSEASBANKIOBCHITHRAAGENCIESPRIVATELIMITED,0.0,7923.0,-112610197.08,CHQ
2022-08-22,ByClgCHNACCTSEC-KARURVYSYA2461BANKLTDKVBCHITHRAAGENCIESPRIVATELIMITED,0.0,19101.0,-112591096.08,CHQ
2022-08-22,ByClgCHNACCTSEC-BANKOFINDIA2461BOICHITHRAAGENCIESPRIVATELIMITED,0.0,13810.0,-112577286.08,OUTWARD-RETURN
2022-08-22,ByClgCHNACCTSEC-TAMILNAD2461MERCANTILEBANKLTDTMBCHITHRAAGENCIESPRIVATELIMITED,0.0,15490.0,-112561796.08,CHQ
2022-08-22,ByClgCHNACCTSEC-TAMILNAD2461MERCANTILEBANKLTDTMBCHITHRAAGENCIESPRIVATELIMITED,0.0,7168.0,-112554628.08,CHQ
2022-08-22,ByClgCHNACCTSEC-INDIANBANK2461INBCHITHRAAGENCIESPRIVATELIMITED,0.0,10000.0,-112544628.08,CHQ
2022-08-22,ByClgCHNACCTSEC-AXISBANKLTD2461CHITHRAAGENCIESPRIVATELIMITED,0.0,9056.0,-112535572.08,CHQ
2022-08-22,ByClgCHNACCTSEC-ICICIBANKLTD2461CHITHRAAGENCIESPRIVATELIMITED,0.0,15000.0,-112520572.08,CHQ
2022-08-22,ByClgCHNACCTSEC-HDFCBANK2461LTDCHITHRAAGENCIESPRIVATELIMITED,0.0,5000.0,-112515572.08,CHQ
2022-08-22,ByClgCHNACCTSEC-TAMILNAD2461MERCANTILEBANKLTDTMBCHITHRAAGENCIESPRIVATELIMITED,0.0,13565.0,-112502007.08,CHQ
2022-08-22,ByClgCHNACCTSEC-CENTRALBANK2461OFINDIACBICHITHRAAGENCIESPRIVATELIMITED,0.0,4771.0,-112497236.08,CHQ
2022-08-22,ByClgCHNACCTSEC-TAMILNAD2461MERCANTILEBANKLTDTMBCHITHRAAGENCIESPRIVATELIMITED,0.0,30000.0,-112467236.08,CHQ
2022-08-22,ByClgCHNACCTSEC-INDIAN2461OVERSEASBANKIOBCHITHRAAGENCIESPRIVATELIMITED,0.0,54191.0,-112413045.08,CHQ
2022-08-22,ByClgCHNACCTSEC-KARURVYSYA2461BANKLTDKVBCHITHRAAGENCIESPRIVATELIMITED,0.0,3286.0,-112409759.08,CHQ
2022-08-22,ByClgCHNACCTSEC-KARURVYSYA2461BANKLTDKVBCHITHRAAGENCIESPRIVATELIMITED,0.0,22480.0,-112387279.08,CHQ
2022-08-22,ByClgCHNACCTSEC-TAMILNAD2461MERCANTILEBANKLTDTMBCHITHRAAGENCIESPRIVATELIMITED,0.0,5000.0,-112382279.08,CHQ
2022-08-22,ByClgCHNACCTSEC-KARURVYSYA2461BANKLTDKVBCHITHRAAGENCIESPRIVATELIMITED,0.0,10880.0,-112371399.08,CHQ
2022-08-22,NEFT2461Cr-98-VSKAUTOMOBILES- URGENT,0.0,12247.0,-112359152.08,NEFT
2022-08-22,NEFT2461TERPRISES-null,0.0,100000.0,-112259152.08,NEFT
2022-08-22,UPI CR 223455451151 VSAUTO2461 CNRB cbank UPI,0.0,28498.0,-112230654.08,UPI
2022-08-22,2461UPI 736 BOOPATHIR HDFC 759-1okhdfcbank UPI HD47dcfa 2022,0.0,5499.0,-112225155.08,UPI
2022-08-22,IBITG175923500120001470438Online2461TransactionOTH-LoantoSriram,150000.0,0.0,-112375155.08,TRANSFER
2022-08-22,MOB-IMPS-CR SELVAMAUT Karur2461 chitra6,0.0,4433.0,-112370722.08,IMPS
2022-08-22,NEFT2461Cr-84-SRIAYYANARAUTOMOBILES-OTHERS,0.0,29598.0,-112341124.08,NEFT
2022-08-22,MOB-IMPS-CR SELVARAJA INDIAN2461 9,0.0,6783.0,-112334341.08,IMPS
2022-08-22,FundsTransferDebit3315201000036THIRUMURUGANAUTOSP,0.0,16844.0,-112317497.08,TRANSFER
2022-08-22,FundsTransferDebit1011282000079-S2461KSAUTOCENTRE,0.0,13336.0,-112304161.08,TRANSFER
2022-08-22,NEFT2461HAGAVATHIAUTO-nullPage127of215,0.0,7964.0,-112296197.08,NEFT
2022-08-22,NEFT2461Cr-04-VAPSSSELVITRADERS-null,0.0,5538.0,-112290659.08,NEFT
2022-08-22,INET-IMPS-CR CHOCKALING TAMILNADM 127100050305379 2461,0.0,4439.0,-112286220.08,IMPS
2022-08-22,NEFT2461Cr-33-SRIRAMDEVAUTOSPARES-OTHERS,0.0,14115.0,-112272105.08,NEFT
2022-08-22,gefuchqreturn-FundsInsufficient2461,13810.0,0.0,-112285915.08,OUTWARD-RETURN
2022-08-22,MB 4861255000004 ANBALAGAN2461M 8 CHITHRAAGENCIES CANARA anbueri 34,0.0,5000.0,-112280915.08,IMPS
2022-08-22,INET-IMPS-CR RATHINAVEL TAMILNAD2461M 153,0.0,11837.0,-112269078.08,IMPS
2022-08-22,NEFT2461AKSHMIAGENCIES-SRILAKSHMIAGSVPR,0.0,48065.0,-112221013.08,NEFT
2022-08-22,NEFT2461Cr-28-ANANDAUTO- ATTN,0.0,7898.0,-112213115.08,NEFT
2022-08-22,NEFT2461URUGANAUTOSTOR-velmurugandvk,0.0,15733.0,-112197382.08,NEFT
2022-08-22,M56GPGE191140002-GUARANTEE2461AMENDMENTCHAMDUSMEBR,200.0,0.0,-112197582.08,BG-CHARGES
2022-08-22,M56GPGE191140002-TAXONGTEE2461CHARGES COMDUSMEBR,9.0,0.0,-112197591.08,BG-CHARGES
2022-08-22,M56GPGE191140002-LCOPE2461EXPENSESMDUSMEBR,600.0,0.0,-112198191.08,BG-CHARGES
2022-08-22,M56GPGE191140002-TAXONGTEE2461CHARGES COMDUSMEBR,108.0,0.0,-112198299.08,BG-CHARGES
2022-08-22,M56GPGE191140002-TAXONGTEE2461CHARGES COMDUSMEBR,600.0,0.0,-112198899.08,BG-CHARGES
2022-08-22,M56GPGE191140002-LCOPE2461EXPENSESMDUSMEBR,108.0,0.0,-112199007.08,BG-CHARGES
2022-08-22,M56GPGE191140002-GUARANTEE2461AMENDMENTCHAMDUSMEBR,50.0,0.0,-112199057.08,BG-CHARGES
2022-08-22,M56GPGE191140002-TAXONGTEE2461CHARGES COMDUSMEBR,36.0,0.0,-112199093.08,BG-CHARGES
2022-08-22,NEFT2461Cr-51-SPSTORE-OTHERS,0.0,6084.0,-112193009.08,NEFT
2022-08-22,NEFT2461Cr-12-FGAUTOZONE- ATTN INB,0.0,18517.0,-112174492.08,NEFT
2022-08-22,NEFT2461Cr-12-FGAUTOZONE- ATTN INB,0.0,40000.0,-112134492.08,NEFT
2022-08-22,INET-IMPS-CR SOMNATHAU ICICI24611134 CHIT 2022,0.0,44307.0,-112090185.08,IMPS
2022-08-22,INET-IMPS-CR NAGAPPAAU INDIAN24619 NAGAPPA4,0.0,7241.0,-112082944.08,IMPS
2022-08-22,MB 3315261000010 CROWNTRADER2461M S 8 CHITHRAAGENCIES CANARA crownvedasa 2022,0.0,15912.0,-112067032.08,IMPS
2022-08-22,INET-IMPS-CR JEYAAUTO TAMILNAD2461M 146 Page128of215,0.0,5305.0,-112061727.08,IMPS
2022-08-22,OWCHQRTNCHGSNCAOTHTHAN2461IND,354.0,0.0,-112062081.08,OUTWARD-CHARGES
2022-08-23,CASH-BNA-09010901BY01 08 222461,0.0,5000.0,-112057081.08,CASH
2022-08-23,ByClgCHNACCTSEC-TAMILNAD2461MERCANTILEBANKLTDTMBVELAVANMILLSTORE,0.0,12575.0,-112044506.08,CHQ
2022-08-23,ByClgCHNACCTSEC-CITYUNION2461BANKLTDGOVINDARAJAUTOSTORES,0.0,4546.0,-112039960.08,CHQ
2022-08-23,ByClgCHNACCTSEC-CITYUNION2461BANKLTDGOVINDARAJAUTOSTORES,0.0,3258.0,-112036702.08,CHQ
2022-08-23,ByClgCHNACCTSEC-KARURVYSYA2461BANKLTDKVBSSAUTOSPARES,0.0,6344.0,-112030358.08,CHQ
2022-08-23,ByClgCHNACCTSEC-TAMILNAD2461MERCANTILEBANKLTDTMBPRIYAAUTOSTORE,0.0,13932.0,-112016426.08,CHQ
2022-08-23,ByClgCHNACCTSEC-INDIANBANK2461INBKVVTRADERS,0.0,20000.0,-111996426.08,CHQ
2022-08-23,ByClgCHNACCTSEC-CITYUNION2461BANKLTDSAASTHAOILSTORE,0.0,3000.0,-111993426.08,CHQ
2022-08-23,ByClgCHNACCTSEC-KARURVYSYA2461BANKLTDKVBSRINIVASAAUTOSTORE,0.0,9577.0,-111983849.08,CHQ
2022-08-23,ByClgCHNACCTSEC-CITYUNION2461BANKLTDGOVINDARAJAUTOSTORES,0.0,3507.0,-111980342.08,CHQ
2022-08-23,INET-IMPS-CR JOYSAUTO TAMILNAD2461M 112,0.0,4000.0,-111976342.08,IMPS
2022-08-23,NEFT2461Cr-28-SRIAMMANAUTOAGENCY- ATTN,0.0,2568.0,-111973774.08,NEFT
2022-08-23,INET-IMPS-CR VETRIAUTO IDFCBANK2461,0.0,10146.0,-111963628.08,IMPS
2022-08-23,FundsTransferDebit4036261000058SRIVIGNESHAUTO,0.0,23182.0,-111940446.08,TRANSFER
2022-08-23,FundsTransferDebit1011282000079-S2461KSAUTOCENTRE,0.0,10487.0,-111929959.08,TRANSFER
2022-08-23,NEFT2461Cr-15-DUBAIAUTOTYRES- ATTN trf,0.0,13016.0,-111916943.08,NEFT
2022-08-23,MOB-IMPS-CR AbdulKade INDIAN24617 Deposit6,0.0,100000.0,-111816943.08,IMPS
2022-08-23,2461UPI 355 KASTHURIR FDRL aja-1oksbi PaytoM 8,0.0,1000.0,-111815943.08,UPI
2022-08-23,TDPayinCASAXfer2461-CHITHRAAGENCIESPRI,1000000.0,0.0,-112815943.08,OTHER-STATUTORY
2022-08-23,NEFT2461Cr-66-SRILAKSHMIAGENCIES- ATTN INB,0.0,85458.0,-112730485.08,NEFT
2022-08-23,2461UPI 536 VEERAKUMA KVBL cbank UPI fa,0.0,1500.0,-112728985.08,UPI
2022-08-23,2461UPI 542 CHANDRASE CNRB 76143ybl Payment c94e 08 2022,0.0,10000.0,-112718985.08,UPI
2022-08-24,UPI CR 223661019504 R2461SURESH UTIB 27420ybl Suresht,0.0,5909.0,-112713076.08,UPI
2022-08-24,ByClgCHNACCTSEC-PUNJAB2461NATIONALBANKPNBCHITHRAAGENCIESPRIVATELIMITED,0.0,5000.0,-112708076.08,CHQ
2022-08-24,ByClgCHNACCTSEC-INDIAN2461OVERSEASBANKIOBCHITHRAAGENCIESPRIVATELIMITED,0.0,10000.0,-112698076.08,CHQ
2022-08-24,ByClgCHNACCTSEC-STATEBANKOF2461INDIASBICHITHRAAGENCIESPRIVATELIMITED,0.0,20604.0,-112677472.08,CHQ
2022-08-24,ByClgCHNACCTSEC-IDBIBANKLTD2461CHITHRAAGENCIESPRIVATELIMITED,0.0,4013.0,-112673459.08,CHQ
2022-08-24,ByClgCHNACCTSEC-HDFCBANK2461LTDCHITHRAAGENCIESPRIVATELIMITED,0.0,4000.0,-112669459.08,CHQ
2022-08-24,INET-IMPS-CR VENKATTWO TAMILNAD2461M 448,0.0,7861.0,-112661598.08,IMPS
2022-08-24,MB 120001158015 SRIESWARI2461MORAAGENCIES CAN 2022,0.0,13180.0,-112648418.08,IMPS
2022-08-24,NEFT2461Cr-48-EVERESTCYCLEMART-null,0.0,10433.0,-112637985.08,NEFT
2022-08-24,FundsTransferDebit1011282000079-S2461KSAUTOCENTRE,0.0,9850.0,-112628135.08,TRANSFER
2022-08-24,UPI CR 223630298909 SOMU2461R IOBA ci UPI d9,0.0,1000.0,-112627135.08,UPI
2022-08-24,NEFT2461Cr-93-SELVITYRES-null,0.0,52300.0,-112574835.08,NEFT
2022-08-24,INET-IMPS-CR BATCHAAUT TAMILNAD2461M 146,0.0,5332.0,-112569503.08,IMPS
2022-08-24,NEFT2461Cr-50-SUBBIAHAGENCYS- ATTN,0.0,3670.0,-112565833.08,NEFT
2022-08-24,INET-IMPS-CR MURUGAN2461AU TAMILNADM 181,0.0,3647.0,-112562186.08,IMPS
2022-08-24,M56GPGE222365008-LCOPE2461EXPENSESMDUSMEBR,108.0,0.0,-112562294.08,BG-CHARGES
2022-08-24,M56GPGE222365008-TAXONGTEE2461CHARGES COMDUSMEBR,2000.0,0.0,-112564294.08,BG-CHARGES
2022-08-24,M56GPGE222365008-TAXONGTEE2461CHARGES COMDUSMEBR,108.0,0.0,-112564402.08,BG-CHARGES
2022-08-24,M56GPGE222365008-TAXONGTEE2461CHARGES COMDUSMEBR,9.0,0.0,-112564411.08,BG-CHARGES
2022-08-24,M56GPGE222365008-GUARANTEE2461ISSUECHARGESMDUSMEBR,50.0,0.0,-112564461.08,BG-CHARGES
2022-08-24,M56GPGE222365008-GUARANTEE2461ISSUECHARGESMDUSMEBR,600.0,0.0,-112565061.08,BG-CHARGES
2022-08-24,M56GPGE222365008-LCOPE2461EXPENSESMDUSMEBR,600.0,0.0,-112565661.08,BG-CHARGES
2022-08-24,M56GPGE222365008-TAXONGTEE2461CHARGES COMDUSMEBR,360.0,0.0,-112566021.08,BG-CHARGES
2022-08-24,NEFT2461Cr-21-SRIPage130of215BALAJIAUTOSPARES- ATTN BAL,0.0,15100.0,-112550921.08,NEFT
2022-08-24,MOB-IMPS-CR SRIMURUGA BOI2461 193 P 08 2022,0.0,13922.0,-112536999.08,IMPS
2022-08-24,NEFT24610NEFT01-SRIVISHNUAUTOMOBILES-CASTROL,0.0,74028.0,-112462971.08,NEFT
2022-08-24,2461UPI 167 JEGATHEES KVBL UPI SBI,0.0,7336.0,-112455635.08,UPI
2022-08-25,NEFT24610IN0426-THECHAKRAAUTOLINK-DBSS0IN0426,0.0,18018.0,-112437617.08,NEFT
2022-08-25,MB 62002010077696 SUBRAMANIANR2461M 8 CASTROL CANARA ARAutopartsMaduraiSubrama 2022,0.0,3000.0,-112434617.08,IMPS
2022-08-25,ByClgCHNACCTSEC-KARURVYSYA2461BANKLTDKVBCHITHRAAGENCIESPRIVATELIMITED,0.0,4950.0,-112429667.08,CHQ
2022-08-25,ByClgCHNACCTSEC-INDIAN2461OVERSEASBANKIOBCHITHRAAGENCIESPRIVATELIMITED,0.0,2352.0,-112427315.08,CHQ
2022-08-25,ByClgCHNACCTSEC-AXISBANKLTD2461CHITHRAAGENCIESPRIVATELIMITED,0.0,16291.0,-112411024.08,CHQ
2022-08-25,ByClgCHNACCTSEC-HDFCBANK2461LTDCHITHRAAGENCIESPRIVATELIMITED,0.0,7013.0,-112404011.08,CHQ
2022-08-25,ByClgCHNACCTSEC-CITYUNION2461BANKLTDCHITHRAAGENCIESPRIVATELIMITED,0.0,6000.0,-112398011.08,CHQ
2022-08-25,ByClgCHNACCTSEC-INDIAN2461OVERSEASBANKIOBCHITHRAAGENCIESPRIVATELIMITED,0.0,15526.0,-112382485.08,CHQ
2022-08-25,ByClgCHNACCTSEC-TAMILNAD2461MERCANTILEBANKLTDTMBCHITHRAAGENCIESPRIVATELIMITED,0.0,2019.0,-112380466.08,CHQ
2022-08-25,ByClgCHNACCTSEC-PUNJAB2461NATIONALBANKPNBCHITHRAAGENCIESPRIVATELIMITED,0.0,15000.0,-112365466.08,CHQ
2022-08-25,ByClgCHNACCTSEC-TAMILNAD2461MERCANTILEBANKLTDTMBCHITHRAAGENCIESPRIVATELIMITED,0.0,20467.0,-112344999.08,CHQ
2022-08-25,ByClgCHNACCTSEC-KARURVYSYA2461BANKLTDKVBCHITHRAAGENCIESPRIVATELIMITED,0.0,2000.0,-112342999.08,CHQ
2022-08-25,ByClgCHNACCTSEC-BANKOF2461BARODABOBCHITHRAAGENCIESPRIVATELIMITED,0.0,7104.0,-112335895.08,CHQ
2022-08-25,CashDeposit MDUPTNAGAR2461,0.0,170000.0,-112165895.08,CASH
2022-08-25,INET-IMPS-CR MTHIRUGNA INDIAN2461,0.0,8386.0,-112157509.08,IMPS
2022-08-25,INET-IMPS-CR CHOCKALING TAMILNADM 127100050305379 2461,0.0,4836.0,-112152673.08,IMPS
2022-08-25,UPI CR 223703050422 Antony2461Pr SBIN ckiumoksbi kavitha e 2022,0.0,900.0,-112151773.08,UPI
2022-08-25,BGSTAMPSCHARGESMDUSMEBR2461,500.0,0.0,-112152273.08,BG-CHARGES
2022-08-25,MOB-IMPS-CR GKAUTOMO UBI2461 160 8 25 08 2Page131of215,0.0,2273.0,-112150000.08,IMPS
2022-08-25,UPI CR 223727523382 KEERTHI2461K CNRB somanokhdfcbank UPI,0.0,7450.0,-112142550.08,UPI
2022-08-25,UPI CR 223784484405 KARTHIK2461K ICIC PaytoM 7,0.0,4000.0,-112138550.08,UPI
2022-08-25,NEFT2461Cr-27-SASTHAAUTOPARTS-OTHERS,0.0,3475.0,-112135075.08,NEFT
2022-08-26,CASHHANDLINGCHCAODOCC2461,401.0,0.0,-112135476.08,BANK-CHARGES
2022-08-26,ByClgCHNACCTSEC-INDIAN2461OVERSEASBANKIOBCHITHRAAGENCIESPRIVATELIMITED,0.0,4546.0,-112130930.08,CHQ
2022-08-26,ByClgCHNACCTSEC-TAMILNAD2461MERCANTILEBANKLTDTMBCHITHRAAGENCIESPRIVATELIMITED,0.0,5154.0,-112125776.08,CHQ
2022-08-26,ByClgCHNACCTSEC-KARURVYSYA2461BANKLTDKVBCHITHRAAGENCIESPRIVATELIMITED,0.0,25752.0,-112100024.08,CHQ
2022-08-26,ByClgCHNACCTSEC-INDIAN2461OVERSEASBANKIOBCHITHRAAGENCIESPRIVATELIMITED,0.0,11699.0,-112088325.08,CHQ
2022-08-26,ByClgCHNACCTSEC-BANKOFINDIA2461BOICHITHRAAGENCIESPRIVATELIMITED,0.0,12894.0,-112075431.08,CHQ
2022-08-26,ByClgCHNACCTSEC-CITYUNION2461BANKLTDCHITHRAAGENCIESPRIVATELIMITED,0.0,3000.0,-112072431.08,CHQ
2022-08-26,ByClgCHNACCTSEC-INDIAN2461OVERSEASBANKIOBCHITHRAAGENCIESPRIVATELIMITED,0.0,14503.0,-112057928.08,CHQ
2022-08-26,ByClgCHNACCTSEC-PUNJAB2461NATIONALBANKPNBCHITHRAAGENCIESPRIVATELIMITED,0.0,48073.0,-112009855.08,CHQ
2022-08-26,ByClgCHNACCTSEC-TAMILNAD2461MERCANTILEBANKLTDTMBCHITHRAAGENCIESPRIVATELIMITED,0.0,8465.0,-112001390.08,OUTWARD-RETURN
2022-08-26,ByClgCHNACCTSEC-PANDYAN2461GRAMABPURAMSTPACHITHRAAGENCIESPRIVATELIMITED,0.0,5433.0,-111995957.08,CHQ
2022-08-26,UPI CR 223890015664 AMBIGA2461CY CNRB partsybl Payment YBcf,0.0,5431.0,-111990526.08,UPI
2022-08-26,2461UPI 641 RAJAKUMAR HDFC cbank PaytoM 2022,0.0,4400.0,-111986126.08,UPI
2022-08-26,CashDeposit DGULNGLNGR2461,0.0,31800.0,-111954326.08,CASH
2022-08-26,UPI CR 223858246272 Mr2461DINESH IDIB ci UPI ICedcea 08 2022,0.0,20000.0,-111934326.08,UPI
2022-08-26,UPI CR 223886346984 Mr2461DINESH IDIB ci UPI,0.0,10000.0,-111924326.08,UPI
2022-08-26,IBITG155584800120001470438Online2461TransactionOTH-TransfertoSriram,800000.0,0.0,-112724326.08,TRANSFER
2022-08-26,CashDeposit MDUPTNAGAR2461,0.0,180000.0,-112544326.08,CASH
2022-08-26,UPI CR 223864691444 R2461SURESH IOBA s paycast b,0.0,2000.0,-112542326.08,UPI
2022-08-26,2186 SUBASHCHANDRABOSEC 8 CHITHRAAGENCIES CANARA 0,0.0,5000.0,-112537326.08,TRANSFER
2022-08-26,gefuchqreturn-Exceedsarrangement2461,8465.0,0.0,-112545791.08,OUTWARD-RETURN
2022-08-26,UPI CR 223826769938 Mrs2461RAMYA IDIB ramyaoksbi UPI SBda,0.0,5000.0,-112540791.08,UPI
2022-08-26,NEFT2461Cr-87-DHANALAKSHMIAUTOSTORE-null,0.0,3000.0,-112537791.08,NEFT
2022-08-26,2461UPI 915 MUTHUPAND IOBA rks48ybl PaytoM YBLdd 08 2022,0.0,2000.0,-112535791.08,UPI
2022-08-26,NEFT2461Cr-98-VSKAUTOMOBILES- URGENT,0.0,23740.0,-112512051.08,NEFT
2022-08-26,NEFT2461Cr-15-DUBAIAUTOTYRES- ATTN trf,0.0,10000.0,-112502051.08,NEFT
2022-08-26,NEFT2461Cr-98-ASHIKAAUTOSPARES- REF,0.0,4573.0,-112497478.08,NEFT
2022-08-26,NEFT2461TERPRISES-null,0.0,150000.0,-112347478.08,NEFT
2022-08-26,BGAMENDMENTSERVICECHARGE2461KALIMARKMDUSMEBR,1121.0,0.0,-112348599.08,BG-CHARGES
2022-08-26,NEFT2461Cr-88-SWAMYAUTOSPAREPARTS-null,0.0,35797.0,-112312802.08,NEFT
2022-08-26,NEFT2461Cr-53-SRIRAGAVENDRAAUTOSTORE-OTHERS,0.0,6241.0,-112306561.08,NEFT
2022-08-26,2461UPI 052 ANANDARAJ KVBL 99457ybl Payment YBc40ad9daddb2a,0.0,3000.0,-112303561.08,UPI
2022-08-26,NEFT2461Cr-48-JAYAAUTOPARTS- ATTN INB,0.0,4126.0,-112299435.08,NEFT
2022-08-26,IBITG43723320040642560003772461OTH-tnchithraagencies,0.0,20000.0,-112279435.08,TRANSFER
2022-08-26,NEFT24610IN0426-THECHAKRAAUTOLINK-DBSS0IN0426,0.0,4891.0,-112274544.08,NEFT
2022-08-26,NEFT2461Cr-53-MAKESHLAKSHMIAUTOSTORES-OTHERSPage133of215,0.0,8052.0,-112266492.08,NEFT
2022-08-26,OWCHQRTNCHGSNCAOTHTHAN2461IND,354.0,0.0,-112266846.08,OUTWARD-CHARGES
2022-08-26,CASHHANDLINGCHCAODOCC2461,401.0,0.0,-112267247.08,BANK-CHARGES
2022-08-27,MOB-IMPS-CR AbdulKade INDIAN24617 Deposit6,0.0,100000.0,-112167247.08,IMPS
2022-08-27,NEFT2461Cr-27-ABDULLAHAUTOSTORES- ATTN,0.0,101117.0,-112066130.08,NEFT
2022-08-27,NEFT2461ANDLYDIATRADER-null,0.0,38572.0,-112027558.08,NEFT
2022-08-27,IBITG19799120010062610052682461OTH-BILLPAY,0.0,30522.0,-111997036.08,TRANSFER
2022-08-27,NEFT2461Cr-47-MSMSSSON- ATTN INB,0.0,3480.0,-111993556.08,NEFT
2022-08-27,INET-IMPS-CR KRAGENCI TheState2461 M 2022,0.0,36585.0,-111956971.08,IMPS
2022-08-27,NEFT2461Cr-35-SRIGANESHAUTOAGENCY- ATTN Gane,0.0,3139.0,-111953832.08,NEFT
2022-08-27,NEFT24610NEFT01-SRIVISHNUAUTOMOBILES-BUSINESSRELATED,0.0,27019.0,-111926813.08,NEFT
2022-08-28,NEFT2461Cr-53-SMTENTERPRISES-OTHERS,0.0,4983.0,-111921830.08,NEFT
2022-08-29,ByClgCHNACCTSEC-STATEBANKOF2461INDIASBICHITHRAAGENCIESPRIVATELIMITED,0.0,15000.0,-111906830.08,CHQ
2022-08-29,ByClgCHNACCTSEC-IDBIBANKLTD2461CHITHRAAGENCIESPRIVATELIMITED,0.0,3507.0,-111903323.08,CHQ
2022-08-29,ByClgCHNACCTSEC-TAMILNAD2461MERCANTILEBANKLTDTMBCHITHRAAGENCIESPRIVATELIMITED,0.0,7014.0,-111896309.08,CHQ
2022-08-29,ByClgCHNACCTSEC-INDIAN2461OVERSEASBANKIOBCHITHRAAGENCIESPRIVATELIMITED,0.0,143002.0,-111753307.08,CHQ
2022-08-29,ByClgCHNACCTSEC-ICICIBANKLTD2461CHITHRAAGENCIESPRIVATELIMITED,0.0,15000.0,-111738307.08,CHQ
2022-08-29,ByClgCHNACCTSEC-INDIAN2461OVERSEASBANKIOBCHITHRAAGENCIESPRIVATELIMITED,0.0,12356.0,-111725951.08,OUTWARD-RETURN
2022-08-29,ByClgCHNACCTSEC-UNIONBANKOF2461INDIAUBICHITHRAAGENCIESPRIVATELIMITED,0.0,4119.0,-111721832.08,CHQ
2022-08-29,ByClgCHNACCTSEC-FEDERALBANK2461LTDFBLC,0.0,20000.0,-111701832.08,CHQ
2022-08-29,ByClgCHNACCTSEC-KARURVYSYA2461BANKLTDKVBCHITHRAAGENCIESPRIVATELIMITED,0.0,2712.0,-111699120.08,CHQ
2022-08-29,ByClgCHNACCTSEC-INDIAN2461OVERSEASBANKIOBCHITHRAAGENCIESPRIVATELIMITED,0.0,120167.0,-111578953.08,CHQ
2022-08-29,ByClgCHNACCTSEC-CITYUNION2461BANKLTDCHITHRAAGENCIESPVTLTD,0.0,6000.0,-111572953.08,CHQ
2022-08-29,ByClgCHNACCTSEC-TAMILNAD2461MERCANTILEBANKLTDTMBCHITHRAAGENCIES,0.0,69682.0,-111503271.08,CHQ
2022-08-29,ByClgCHNACCTSEC-TAMILNAD2461MERCANTILEBANKLTDTMBPage134of215CHITHRAAGENCIESPRIVATELIMITED,0.0,19264.0,-111484007.08,CHQ
2022-08-29,INET-IMPS-CR Customer IOBN22461 241 kayyem 2022,0.0,3514.0,-111480493.08,IMPS
2022-08-29,NEFT2461KRISHNAAUTOPARTS-Haritochidraage,0.0,15100.0,-111465393.08,NEFT
2022-08-29,MB 62002010077696 SUBRAMANIANR2461M 8 CASTROL CANARA ARAutopartsMaduraiSubrama 2022,0.0,4000.0,-111461393.08,IMPS
2022-08-29,UPI CR 224151378859 JOSEVA2461B CNRB 74837ybl Payment YBe,0.0,10000.0,-111451393.08,UPI
2022-08-29,INET-IMPS-CR RAMESHNAT TAMILNAD2461M 906,0.0,1668.0,-111449725.08,IMPS
2022-08-29,NEFT2461MMANAUTOSTORE-null,0.0,11722.0,-111438003.08,NEFT
2022-08-29,IBOAT18064500030542010002292461OnlineTransactionOTH-,240000.0,0.0,-111678003.08,TRANSFER
2022-08-29,NEFT2461Cr-98-VSKAUTOMOBILES- URGENT,0.0,11871.0,-111666132.08,NEFT
2022-08-29,UPI CR 224130635864 N2461MUTHUKR IOBA s PaytoM c 2022,0.0,1500.0,-111664632.08,UPI
2022-08-29,IBITG223583000OnlineTransaction2461BDP-CNBNETC-BILLDSK-3-CLIENTCODE,3561.95,0.0,-111668194.03,ONLINE-PAYMENT
2022-08-29,UPI CR 224193891915 PAPPATHI2461 SBIN PaytoM f8a,0.0,2000.0,-111666194.03,UPI
2022-08-29,CashDepositsMDUPTNAGAR2461,0.0,280000.0,-111386194.03,CASH
2022-08-29,FundsTransferDebit3315201000036THIRUMURUGANAUTOSP,0.0,5079.0,-111381115.03,TRANSFER
2022-08-29,FundsTransferDebit4036261000058SRIVIGNESHAUTO,0.0,20554.0,-111360561.03,TRANSFER
2022-08-29,NEFT2461Cr-48-ANNAITRACTORSPARES- REF,0.0,10490.0,-111350071.03,NEFT
2022-08-29,2461UPI 151 AMMANULLA UTIB 02099ybl PaytoM YBLb36b 08 2022,0.0,7013.0,-111343058.03,UPI
2022-08-29,NEFT2461Cr-64-SUNDARAMCO- ATTN Chit,0.0,3480.0,-111339578.03,NEFT
2022-08-29,UPI CR 224105206056 SEKAR2461S HDFC cbank UPI,0.0,4402.0,-111335176.03,UPI
2022-08-29,UPI CR 224196594880 Alagu2461Mur SBIN 987-1oksbi srimeen 0b2,0.0,3000.0,-111332176.03,UPI
2022-08-29,gefuchqreturn-FundsInsufficient2461,12356.0,0.0,-111344532.03,OUTWARD-RETURN
2022-08-29,MB 1349108318553 KUMARESAN2461S 8 CHITHRAAGENCIES CAN 2022,0.0,15900.0,-111328632.03,IMPS
2022-08-29,MOB-IMPS-CR ROYALARUM Karur2461 1,0.0,4500.0,-111324132.03,IMPS
2022-08-29,NEFT2461Cr-48-SRIJAYAKRISHNAAUTOSTORE- ATTN TRFR,0.0,3062.0,-111321070.03,NEFT
2022-08-29,NEFT2461Cr-00-THIRUNAVUKARASUAUTOSTORE- Autostore,0.0,3000.0,-111318070.03,NEFT
2022-08-29,MB 3315261000010 CROWNTRADER2461M S 8 CHITHRAAGENCIES CANARA crownvedasa 2022,0.0,24684.0,-111293386.03,IMPS
2022-08-30,OWCHQRTNCHGSNCAOTHTHAN2461IND,354.0,0.0,-111293740.03,OUTWARD-CHARGES
2022-08-30,CASHHANDLINGCHCAODOCC2461,661.0,0.0,-111294401.03,BANK-CHARGES
2022-08-30,-CHITHRAAGENCIES2461PRIVATELIMITEDDrawdownFromCASA,365924.0,0.0,-111660325.03,EMI-DEBIT
2022-08-30,ByClgCHNACCTSEC-STATEBANKOF2461INDIASBICHITHRAAGENCIESPRIVATELIMITED,0.0,8032.0,-111652293.03,CHQ
2022-08-30,ByClgCHNACCTSEC-INDIAN2461OVERSEASBANKIOBCHITHRAAGENCIESPRIVATELIMITED,0.0,7513.0,-111644780.03,CHQ
2022-08-30,ByClgCHNACCTSEC-DBSBANKLTD2461DBSCHITHRAAGENCIESPRIVATELIMITED,0.0,3507.0,-111641273.03,CHQ
2022-08-30,ByClgCHNACCTSEC-INDIAN2461OVERSEASBANKIOBCHITHRAAGENCIESPRIVATELIMITED,0.0,34588.0,-111606685.03,CHQ
2022-08-30,ByClgCHNACCTSEC-AXISBANKLTD2461CHITHRAAGENCIESPRIVATELIMITED,0.0,4649.0,-111602036.03,CHQ
2022-08-30,ByClgCHNACCTSEC-AXISBANKLTD2461CHITHRAAGENCIESPRIVATELIMITED,0.0,1775.0,-111600261.03,CHQ
2022-08-30,ByClgCHNACCTSEC-AXISBANKLTD2461CHITHRAAGENCIESPRIVATELIMITED,0.0,10080.0,-111590181.03,CHQ
2022-08-30,ByClgCHNACCTSEC-TAMILNAD2461MERCANTILEBANKLTDTMBCHITHRAAGENCIESPRIVATELIMITED,0.0,12445.0,-111577736.03,CHQ
2022-08-30,ByClgCHNACCTSEC-KARURVYSYA2461BANKLTDKVBCHITHRAAGENCIESPRIVATELIMITED,0.0,21236.0,-111556500.03,CHQ
2022-08-30,ByClgCHNACCTSEC-TAMILNAD2461MERCANTILEBANKLTDTMBCHITHRAAGENCIESPRIVATELIMITED,0.0,6510.0,-111549990.03,CHQ
2022-08-30,ByClgCHNACCTSEC-HDFCBANK2461LTDCHITHRAAGENCIESPRIVATELIMITED,0.0,5000.0,-111544990.03,CHQ
2022-08-30,ByClgCHNACCTSEC-CITYUNION2461BANKLTDCHITHRAAGENCIESPRIVATELIMITED,0.0,10000.0,-111534990.03,CHQ
2022-08-30,ByClgCHNACCTSEC-STATEBANKOF2461INDIASBICHITHRAAGENCIESPRIVATELIMITED,0.0,29344.0,-111505646.03,CHQ
2022-08-30,ByClgCHNACCTSEC-AXISBANKLTD2461CHITHRAAGENCIESPRIVATELIMITEDPage136of215,0.0,4082.0,-111501564.03,CHQ
2022-08-30,ByClgCHNACCTSEC-PUNJAB2461NATIONALBANKPNBCHITHRAAGENCIESPRIVATELIMITED,0.0,67730.0,-111433834.03,CHQ
2022-08-30,NEFT24610IN0426-THECHAKRAAUTOLINK-DBSS0IN0426,0.0,4891.0,-111428943.03,NEFT
2022-08-30,NEFT2461AMAUTOSPARES-null,0.0,30027.0,-111398916.03,NEFT
2022-08-30,MB 1349108318553 KUMARESAN2461S 8 CHITHRAAGENCIES CAN 2022,0.0,500.0,-111398416.03,IMPS
2022-08-30,UPI CR 224223261444 MrK2461ALAG IDIB cbank UPI HDF5dbfcd 2022,0.0,850.0,-111397566.03,UPI
2022-08-30,MB6700450 08 2212-13491013185662461,0.0,5000.0,-111392566.03,TRANSFER
2022-08-30,INET-IMPS-CR SRIKRISHN TAMILNAD2461M 073,0.0,10884.0,-111381682.03,IMPS
2022-08-30,CashDepositSURESHM2461KADAMALAIGUN,0.0,7000.0,-111374682.03,CASH
2022-08-30,IBITG210633400120001470438Online2461TransactionOTH-LoantoSriram,500000.0,0.0,-111874682.03,TRANSFER
2022-08-30,2461UPI 577 INDUMATHI SBIN PaytoM SBIa 2022,0.0,2000.0,-111872682.03,UPI
2022-08-30,FundsTransferDebit62141400000046SRIVENKATESHWARATW,0.0,9227.0,-111863455.03,TRANSFER
2022-08-30,FundsTransferDebit1342201000207SARGURU,0.0,6305.0,-111857150.03,TRANSFER
2022-08-30,NEFT24610-CHITHARA,0.0,8191.0,-111848959.03,NEFT
2022-08-30,NEFT2461Cr-51-SPSTORE-OTHERS,0.0,6494.0,-111842465.03,NEFT
2022-08-30,NEFT2461Cr-52-SRIKRISHNAAUTOPARTS-null,0.0,2273.0,-111840192.03,NEFT
2022-08-30,UPI CR 224203780756 AYYANAR2461A TMBL 71758ybl PaytoM,0.0,2135.0,-111838057.03,UPI
2022-08-30,NEFT2461Cr-06-NEWRPSAUTOSPARES-OTHERS,0.0,5780.0,-111832277.03,NEFT
2022-08-30,FundsTransferDebit125002404180KARTHIKAUTOSTORE,0.0,17162.0,-111815115.03,TRANSFER
2022-08-30,INET-IMPS-CR SREECHAKR INDIAN2461 pay 2022,0.0,3700.0,-111811415.03,IMPS
2022-08-30,IBITG4070481001200014704382461OTH-RepayloantoAgenciesMdu,0.0,400000.0,-111411415.03,TRANSFER
2022-08-30,2461UPI 422 GUNASEKAR SBIN otorsoksbi oil,0.0,2801.0,-111408614.03,UPI
2022-08-30,NEFT2461Cr-87-AATHIVINAYAGAAUTOSTORE- REF,0.0,3000.0,-111405614.03,NEFT
2022-08-31,ByClgCHNACCTSEC-PANDYAN2461GRAMABPURAMSTPACHITHRAAGENCIESPRIVATELIMITED,0.0,31297.0,-111374317.03,CHQ
2022-08-31,ByClgCHNACCTSEC-HDFCBANK2461LTDCHITHRAAGENCIESPRIVATELIMITED,0.0,5774.0,-111368543.03,CHQ
2022-08-31,ByClgCHNACCTSEC-BANDHAN2461BANKCHITHRAAGENCIESPRIVATELIMITED,0.0,42922.0,-111325621.03,CHQ
2022-08-31,ByClgCHNACCTSEC-KARURVYSYA2461BANKLTDKVBCHITHRAAGENCIESPRIVATELIMITED,0.0,5269.0,-111320352.03,CHQ
2022-08-31,ByClgCHNACCTSEC-BANKOF2461BARODABOBCHITHRAAGENCIESPRIVATELIMITED,0.0,7104.0,-111313248.03,CHQ
2022-08-31,ByClgCHNACCTSEC-INDIAN2461OVERSEASBANKIOBCHITHRAAGENCIESPRIVATELIMITED,0.0,126461.0,-111186787.03,CHQ
2022-08-31,ByClgCHNACCTSEC-CITYUNION2461BANKLTDCHITHRAAGENCIESPRIVATELIMITED,0.0,3000.0,-111183787.03,CHQ
2022-08-31,ByClgCHNACCTSEC-KARURVYSYA2461BANKLTDKVBCHITHRAAGENCIESPRIVATELIMITED,0.0,6624.0,-111177163.03,CHQ
2022-08-31,ByClgCHNACCTSEC-TAMILNAD2461MERCANTILEBANKLTDTMBCHITHRAAGENCIESPRIVATELIMITED,0.0,8980.0,-111168183.03,CHQ
2022-08-31,MOB-IMPS-CR RUDARAM Equitas2461722 CHITHRA3,0.0,25781.0,-111142402.03,IMPS
2022-08-31,NEFT2461Cr-43-SRIGANESHAUTOPARTS-OTHERS,0.0,20720.0,-111121682.03,NEFT
2022-08-31,UPI CR 224349889668 SURESH2461KU SBIN crboil SBIe,0.0,10000.0,-111111682.03,UPI
2022-09-01,CASADebitInterestCapitalized2461,859375.0,0.0,-111971057.03,INTEREST-PAID
2022-09-01,NEFT2461Cr-47-MSMSSSON- ATTN INB,0.0,54692.0,-111916365.03,NEFT
2022-09-01,IBOAT1569656002397261010137OTH,0.0,250000.0,-111666365.03,TRANSFER
2022-09-01,UPI CR 224473080894 KARUPPAR2461 UBIN sapptoksbi PaytoM 4d1,0.0,2488.0,-111663877.03,UPI
2022-09-01,CashDepositsMDUPTNAGAR2461,0.0,50000.0,-111613877.03,CASH
2022-09-01,2461UPI 003 PONSURESH SBIN 75715ybl PaytoM YBL4a 09 2022,0.0,5200.0,-111608677.03,UPI
2022-09-01,FundsTransferDebit1093201001547PRABHUOILSTORE,0.0,29735.0,-111578942.03,TRANSFER
2022-09-01,NEFT2461Cr-93-SELVITYRES-null,0.0,78831.0,-111500111.03,NEFT
2022-09-01,NEFT2461Cr-56-SRIVISHNUTRADERS-null,0.0,20000.0,-111480111.03,NEFT
2022-09-01,NEFT2461AKSHMIAGENCIES-null,0.0,18558.0,-111461553.03,NEFT
2022-09-01,MB 120001499477 THENIPOWER2461CONRAAGENCIESCASTROL CAN 2022,0.0,3062.0,-111458491.03,IMPS
2022-09-01,MOB-IMPS-CR AbdulKade INDIAN24617 6,0.0,100000.0,-111358491.03,IMPS
2022-09-01,MOB-IMPS-CR SRIABIRAM DBSBANK2461I 1057 Ca 2022,0.0,43874.0,-111314617.03,IMPS
2022-09-02,ByClgCHNACCTSEC-ICICIBANKLTD2461C,0.0,10950.0,-111303667.03,CHQ
2022-09-02,ByClgCHNACCTSEC-INDIAN2461OVERSEASBANKIOBCHITHRAAGENCIESPRIVATELIMITED,0.0,15817.0,-111287850.03,CHQ
2022-09-02,ByClgCHNACCTSEC-TAMILNAD2461MERCANTILEBANKLTDTMBC,0.0,5838.0,-111282012.03,CHQ
2022-09-02,ByClgCHNACCTSEC-UNIONBANKOF2461INDIAUBIC,0.0,4119.0,-111277893.03,CHQ
2022-09-02,ByClgCHNACCTSEC-TAMILNAD2461MERCANTILEBANKLTDTMBCHITHRAAGENCIESPRIVATELIMITED,0.0,30000.0,-111247893.03,CHQ
2022-09-02,ByClgCHNACCTSEC-TAMILNAD2461MERCANTILEBANKLTDTMBCHITHRAAGENCIESPRIVATELIMITED,0.0,49558.0,-111198335.03,CHQ
2022-09-02,ByClgCHNACCTSEC-FEDERALBANK2461LTDFBLCHITHRAAGENCIESPRIVATELIMITED,0.0,17923.0,-111180412.03,CHQ
2022-09-02,ByClgCHNACCTSEC-UNIONBANKOF2461INDIAUBICHITHRAAGENCIESPRIVATELIMITED,0.0,7150.0,-111173262.03,CHQ
2022-09-02,ByClgCHNACCTSEC-IDBIBANKLTD2461CHITHRAAGENCIESPRIVATELIMITED,0.0,10870.0,-111162392.03,CHQ
2022-09-02,ByClgCHNACCTSEC-PUNJAB2461NATIONALBANKPNBCHITHRAAGENCIESPRIVATELIMITED,0.0,15000.0,-111147392.03,CHQ
2022-09-02,ByClgCHNACCTSEC-INDIAN2461OVERSEASBANKIOBCHITHRAAGENCIESPRIVATELIMITED,0.0,10000.0,-111137392.03,CHQ
2022-09-02,ByClgCHNACCTSEC-TAMILNAD2461MERCANTILEBANKLTDTMBCHITHRAAGENCIESPRIVATELIMITED,0.0,3507.0,-111133885.03,CHQ
2022-09-02,INET-IMPS-CR PONRAJANA TAMILNAD2461M 514 towards3,0.0,2079.0,-111131806.03,IMPS
2022-09-02,IBITG17406200010112820000862461OTH-CHITRAAGENCIESBILLPAYMENT,0.0,155484.0,-110976322.03,TRANSFER
2022-09-02,UPI CR 224513871739 SRI2461MARUT PUNB 20082upi Srimaru,0.0,11992.0,-110964330.03,UPI
2022-09-02,UPI CR 224574750300 MOHAMED2461B CNRB ci UPI b,0.0,5098.0,-110959232.03,UPI
2022-09-02,NEFT2461AUTOMOBILES-Prem,0.0,4490.0,-110954742.03,NEFT
2022-09-02,UPI CR 224523854132 JOSHUA2461J IBKL ojoshokaxis UPI fPage139of215,0.0,20000.0,-110934742.03,UPI
2022-09-02,UPI CR 224524477887 R2461SURESH IOBA s srivina AXIeadd 2022,0.0,2000.0,-110932742.03,UPI
2022-09-02,IBITG37184970045182010002542461OTH-PaymentfromKV,0.0,2797.0,-110929945.03,TRANSFER
2022-09-02,2461UPI 712 SASIKUMAR SBIN UPI SBIac2f 09 2022,0.0,10000.0,-110919945.03,UPI
2022-09-02,NEFT2461Cr-50-SUBBIAHAGENCYS- ATTN,0.0,7626.0,-110912319.03,NEFT
2022-09-02,NEFT2461Cr-43-SKAUTOSPARES-OTHERS,0.0,3673.0,-110908646.03,NEFT
2022-09-02,2461UPI 332 ARUMUGAMR BKID xfaceokhdfcbank UPI b,0.0,4500.0,-110904146.03,UPI
2022-09-02,NEFT2461Cr-66-SRILAKSHMIAGENCIES- ATTN INB,0.0,80199.0,-110823947.03,NEFT
2022-09-02,NEFT2461Cr-66-SRILAKSHMIAGENCIES- ATTN INB,0.0,39103.0,-110784844.03,NEFT
2022-09-02,UPI CR 224589193433 VINOTH2461KU TMBL 74622ybl PaytoM 0,0.0,2000.0,-110782844.03,UPI
2022-09-02,MB 4861255000004 ANBALAGAN2461M 8 CHITHRAAGENCIES CANARA anbueri 53,0.0,4000.0,-110778844.03,IMPS
2022-09-02,2461UPI 440 ANANDARAJ KVBL 99457ybl Payment 2022,0.0,3000.0,-110775844.03,UPI
2022-09-02,NEFT2461NAUTOSTORE-jegan,0.0,6798.0,-110769046.03,NEFT
2022-09-02,NEFT2461Cr-15-DUBAIAUTOTYRES- ATTN trf,0.0,18237.0,-110750809.03,NEFT
2022-09-03,INET-IMPS-CR Ananthapr IOBN22461 149 SRIGA 51,0.0,7258.0,-110743551.03,IMPS
2022-09-03,ByClgCHNACCTSEC-INDIAN2461OVERSEASBANKIOBCHITHRAAGENCIESPRIVATELIMITED,0.0,17169.0,-110726382.03,CHQ
2022-09-03,ByClgCHNACCTSEC-STATEBANKOF2461INDIASBICHITHRAAGENCIESPRIVATELIMITED,0.0,22309.0,-110704073.03,CHQ
2022-09-03,ByClgCHNACCTSEC-UNITED2461COMMERCIALBANKUCOCHITHRAAGENCIESPLTD,0.0,9785.0,-110694288.03,CHQ
2022-09-03,ByClgCHNACCTSEC-KARURVYSYA2461BANKLTDKVBCHITHRAAGENCIESPRIVATELIMITED,0.0,5269.0,-110689019.03,CHQ
2022-09-03,ByClgCHNACCTSEC-TAMILNAD2461MERCANTILEBANKLTDTMBCHITHRAAGENCIESPRIVATELIMITEDPage140of215,0.0,12445.0,-110676574.03,CHQ
2022-09-03,NEFT2461TERPRISES-null,0.0,180000.0,-110496574.03,NEFT
2022-09-03,INET-IMPS-CR SRIKRISHN TAMILNAD2461M 073,0.0,10238.0,-110486336.03,IMPS
2022-09-03,CashDepositMDUPTNAGAR2461,0.0,300000.0,-110186336.03,CASH
2022-09-03,FundsTransferDebit3315201000036THIRUMURUGANAUTOSP,0.0,3426.0,-110182910.03,TRANSFER
2022-09-03,FundsTransferDebit1011282000079-S2461KSAUTOCENTRE,0.0,21433.0,-110161477.03,TRANSFER
2022-09-03,IBITG3075822003054285000003Online2461TransactionOTH-LoantoTotalGaz,100000.0,0.0,-110261477.03,TRANSFER
2022-09-03,NEFT2461Cr-50-SUBBIAHAGENCYS- ATTN,0.0,31837.0,-110229640.03,NEFT
2022-09-03,NEFT2461Cr-47-MSMSSSON- ATTN INB,0.0,5947.0,-110223693.03,NEFT
2022-09-03,NEFT2461Cr-48-JAYAAUTOPARTS- ATTN INB,0.0,2342.0,-110221351.03,NEFT
2022-09-03,NEFT2461Cr-35-SRIGANESHAUTOAGENCY- ATTN Gan,0.0,3492.0,-110217859.03,NEFT
2022-09-03,CASHHANDLINGCHCAODOCC2461,708.0,0.0,-110218567.03,BANK-CHARGES
2022-09-04,MOB-IMPS-CR POPULARAU Karur2461 popular,0.0,8751.0,-110209816.03,IMPS
2022-09-04,NEFT2461Cr-81-SRIVIGNESHMOTORS-OTHERS,0.0,3710.0,-110206106.03,NEFT
2022-09-04,UPI CR 224719217603 Mrs2461Jegat IDIB 978-1okicici UPI dec 2022,0.0,6783.0,-110199323.03,UPI
2022-09-05,ByClgCHNACCTSEC-TAMILNAD2461MERCANTILEBANKLTDTMBCHITHRAAGENCIESPRIVATELIMITED,0.0,5374.0,-110193949.03,CHQ
2022-09-05,ByClgCHNACCTSEC-BANKOF2461BARODABOBCHITHRAAGENCIESPRIVATELIMITED,0.0,8866.0,-110185083.03,CHQ
2022-09-05,ByClgCHNACCTSEC-STATEBANKOF2461INDIASBICHITHRAAGENCIESPRIVATELIMITED,0.0,15000.0,-110170083.03,CHQ
2022-09-05,ByClgCHNACCTSEC-BANKOFINDIA2461BOICHITHRAAGENCIESPRIVATELIMITED,0.0,13810.0,-110156273.03,CHQ
2022-09-05,ByClgCHNACCTSEC-FEDERALBANK2461LTDFBLCHITHRAAGENCIESPRIVATELIMITED,0.0,2614.0,-110153659.03,CHQ
2022-09-05,ByClgCHNACCTSEC-INDIANBANK2461INBCHITHRAAGENCIESPRIVATELIMITED,0.0,20000.0,-110133659.03,CHQ
2022-09-05,ByClgCHNACCTSEC-INDIAN2461OVERSEASBANKIOBCHITHRAAGENCIESPRIVATELIMITED,0.0,79881.0,-110053778.03,CHQ
2022-09-05,ByClgCHNACCTSEC-TAMILNAD2461MERCANTILEBANKLTDTMBCHITHRAAGENCIESPRIVATELIMITED,0.0,5016.0,-110048762.03,CHQ
2022-09-05,ByClgCHNACCTSEC-PANDYAN2461GRAMABPURAMSTPACHITHRAAGENCIESPRIVATELIMITED,0.0,5000.0,-110043762.03,CHQ
2022-09-05,ByClgCHNACCTSEC-PUNJAB2461NATIONALBANKPNBCHITHRAAGENCIESPRIVATELIMITED,0.0,9340.0,-110034422.03,CHQ
2022-09-05,ByClgCHNACCTSEC-BANKOFINDIA2461BOICHITHRAAGENCIESPRIVATELIMITED,0.0,2133.0,-110032289.03,CHQ
2022-09-05,ByClgCHNACCTSEC-KARURVYSYA2461BANKLTDKVBCHITHRAAGENCIESPRIVATELIMITED,0.0,6099.0,-110026190.03,CHQ
2022-09-05,ByClgCHNACCTSEC-CITYUNION2461BANKLTDCHITHRAAGENCIESPRIVATELIMITED,0.0,19447.0,-110006743.03,CHQ
2022-09-05,ByClgCHNACCTSEC-ICICIBANKLTD2461CHITHRAAGENCIESPRIVATELIMITED,0.0,15000.0,-109991743.03,CHQ
2022-09-05,NEFT2461Cr-06-NEWRPSAUTOSPARES-OTHERS,0.0,1753.0,-109989990.03,NEFT
2022-09-05,NEFT2461MMANAUTOSTORE-null,0.0,6241.0,-109983749.03,NEFT
2022-09-05,UPI CR 224862444691 BALAJIM2461G HDFC dit-1okhdfcbank PaytoM 1b50fcc1c5c,0.0,3426.0,-109980323.03,UPI
2022-09-05,NEFT2461Cr-55-AARTHIAGROAGENCIES-AARTHIAGROAGENCY,0.0,20600.0,-109959723.03,NEFT
2022-09-05,INET-IMPS-CR SOMNATHAU ICICI24611134 CHI 2022,0.0,34482.0,-109925241.03,IMPS
2022-09-05,UPI CR 224847607258 GAUTHAM2461K PUNB 65955ybl PaytoM Yc,0.0,1121.0,-109924120.03,UPI
2022-09-05,MB 3054285000003 NIVASNATARAJAN2461S 8 CHITHRAAGENCIES CANARA loanrepay 2022,0.0,100000.0,-109824120.03,TRANSFER
2022-09-05,FundsTransferDebit4036261000058SRIVIGNESHAUTO,0.0,35539.0,-109788581.03,TRANSFER
2022-09-05,NEFT2461Cr-T015-SRIBALAJIAUTOSTORE- ATTN SRIBALAJIAUTOSTORE,0.0,53677.0,-109734904.03,NEFT
2022-09-05,NEFT2461Cr-98-BHARATHTRADERS- REF,0.0,50248.0,-109684656.03,NEFT
2022-09-05,NEFT2461Cr-04-VAPSSSELVITRADERS-null,0.0,10274.0,-109674382.03,NEFT
2022-09-05,NEFT2461Cr-87-AATHIVINAYAGAAUTOSTORE- REF,0.0,2500.0,-109671882.03,NEFT
2022-09-05,UPI CR 224869614184 MrK2461ALAG IDIB cbank UPI 4,0.0,450.0,-109671432.03,UPI
2022-09-05,MOB-IMPS-CR SELVAMAUT Karur2461 chitra6,0.0,12444.0,-109658988.03,IMPS
2022-09-05,NEFT246156-BHARATPage142of215HAUTOPARTS- URGENT,0.0,2818.0,-109656170.03,NEFT
2022-09-06,NEFT2461Cr-30-SIDDHESHAUTOSPARES- REF,0.0,18352.0,-109637818.03,NEFT
2022-09-06,ByClgCHNACCTSEC-TAMILNAD2461MERCANTILEBANKLTDTMBCHITHRAAGENCIESPRIVATELIMITED,0.0,29215.0,-109608603.03,CHQ
2022-09-06,ByClgCHNACCTSEC-KARURVYSYA2461BANKLTDKVBCHITHRAAGENCIESPRIVATELIMITED,0.0,22500.0,-109586103.03,CHQ
2022-09-06,ByClgCHNACCTSEC-MADURAI2461DISTCENTRALCO-OPBANKLTDCHITHRAAGENCIESPRIVATELIMITED,0.0,13926.0,-109572177.03,OUTWARD-RETURN
2022-09-06,ByClgCHNACCTSEC-KARURVYSYA2461BANKLTDKVBCHITHIRAAGENCIESPRIVATELIMITED,0.0,17285.0,-109554892.03,CHQ
2022-09-06,ByClgCHNACCTSEC-IDBIBANKLTD2461CHITHRAAGENCIESPLTD,0.0,6085.0,-109548807.03,CHQ
2022-09-06,ByClgCHNACCTSEC-INDIANBANK2461INBCHITHRAAGENCIESPRIVATELIMITED,0.0,7550.0,-109541257.03,CHQ
2022-09-06,ByClgCHNACCTSEC-TAMILNAD2461MERCANTILEBANKLTDTMBCHITHRAAGENCIESPRIVATELIMITED,0.0,30000.0,-109511257.03,CHQ
2022-09-06,ByClgCHNACCTSEC-ESAFSmall2461FinanceBankCHITHRAAGENCIESPRIVATELIMITED,0.0,25000.0,-109486257.03,CHQ
2022-09-06,ByClgCHNACCTSEC-INDIAN2461OVERSEASBANKIOBCHITHRAAGENCIESPRIVATELIMITED,0.0,10505.0,-109475752.03,CHQ
2022-09-06,ByClgCHNACCTSEC-KARURVYSYA2461BANKLTDKVBCHITHRAAGENCIESPRIVATELIMITED,0.0,13795.0,-109461957.03,CHQ
2022-09-06,ByClgCHNACCTSEC-KARURVYSYA2461BANKLTDKVBCHITHRAAGENCIESMADURAI,0.0,3510.0,-109458447.03,CHQ
2022-09-06,ByClgCHNACCTSEC-STATEBANKOF2461INDIASBIALAGENDRAN,0.0,26884.0,-109431563.03,CHQ
2022-09-06,ByClgCHNACCTSEC-INDIAN2461OVERSEASBANKIOBCHITHRAAGENCIESPRIVATELIMITED,0.0,9782.0,-109421781.03,CHQ
2022-09-06,MB 1459201001596 LAKSHMI2461AUTOMOBRAAGENCIES CANARA Lakshmiautomo 202209,0.0,3170.0,-109418611.03,IMPS
2022-09-06,INET-IMPS-CR SRIKRISHN TAMILNAD2461M 073,0.0,5000.0,-109413611.03,IMPS
2022-09-06,NEFT2461NYAAUTOPARTS-saranyadgl,0.0,7568.0,-109406043.03,NEFT
2022-09-06,NEFT2461Cr-06-SRIKUMARAUTOSPARES-OTHERS,0.0,5863.0,-109400180.03,NEFT
2022-09-06,2461UPI 563 SUBBULAKS SBIN 56197axl PaytoM AXLfc32de 09 2022,0.0,500.0,-109399680.03,UPI
2022-09-06,MOB-IMPS-CR ARUNCYCLE UBI2461 09 2022,0.0,811.0,-109398869.03,IMPS
2022-09-06,NEFT24610002101-SMRLUBRICANTS-null,0.0,3784.0,-109395085.03,NEFT
2022-09-06,NEFT2461Cr-79-MKMAGENCIES- ATTN INB,0.0,30752.0,-109364333.03,NEFT
2022-09-06,2461UPI 371 MUTHUKUMA BKID cbank PaytoM 66b,0.0,16235.0,-109348098.03,UPI
2022-09-06,NEFT2461LUBRICANTS-null,0.0,10000.0,-109338098.03,NEFT
2022-09-06,gefuchqreturn-FundsInsufficient2461,13926.0,0.0,-109352024.03,OUTWARD-RETURN
2022-09-06,UPI CR 224988339460 MANOJ2461KUM ESFB arpykokhdfcbank PaytoM 6c,0.0,2000.0,-109350024.03,UPI
2022-09-06,UPI CR 224918670021 RANI2461S LAVB 589-2okicici PaytoM ICI,0.0,2000.0,-109348024.03,UPI
2022-09-06,NEFT2461THUPANDICHINNAP-null,0.0,5703.0,-109342321.03,NEFT
2022-09-06,MB 3315261000010 CROWNTRADER2461M S 8 CHITHRAAGENCIES CANARA crownvedasa 2022,0.0,822.0,-109341499.03,IMPS
2022-09-06,INET-IMPS-CR SRISELVAK TAMILNAD2461M 052,0.0,5000.0,-109336499.03,IMPS
2022-09-06,SCNEFTOTHERTHANSBIMB2461,29.0,0.0,-109336528.03,BANK-CHARGES
2022-09-06,IBNEFTDrP2492201895557112461CASTROLINDIALTDPaytoCIL,2100000.0,0.0,-111436528.03,NEFT
2022-09-06,NEFT2461ANTHAAUTOSTOR-null,0.0,3530.0,-111432998.03,NEFT
2022-09-07,ByClgCHNACCTSEC-INDIAN2461OVERSEASBANKIOBCHITHRAAGENCIESPRIVATELIMITED,0.0,9619.0,-111423379.03,CHQ
2022-09-07,ByClgCHNACCTSEC-TAMILNAD2461MERCANTILEBANKLTDTMBCHITHRAAGENCIESPRIVATELIMITED,0.0,12947.0,-111410432.03,CHQ
2022-09-07,ByClgCHNACCTSEC-CITYUNION2461BANKLTDCHITHRAAGENCIESPRIVATELIMITED,0.0,21484.0,-111388948.03,CHQ
2022-09-07,ByClgCHNACCTSEC-KARURVYSYA2461BANKLTDKVBCHITHRAAGENCIESPRIVATELIMITED,0.0,7000.0,-111381948.03,CHQ
2022-09-07,ByClgCHNACCTSEC-BANKOFINDIA2461BOICHITHRAAGENCIESPRIVATELIMITED,0.0,6061.0,-111375887.03,CHQ
2022-09-07,ByClgCHNACCTSEC-DBSBANKLTD2461DBSCHITHRAAGENCIESPRIVATELIMITED,0.0,10520.0,-111365367.03,CHQ
2022-09-07,NEFT2461Cr-00-TMSAUTOSPARES-null,0.0,60400.0,-111304967.03,NEFT
2022-09-07,NEFT2461Cr-43-SRIGANESHAUTOPARTS-OTHERS,0.0,25117.0,-111279850.03,NEFT
2022-09-07,MOB-IMPS-CR AbdulKade INDIAN24617 6,0.0,100000.0,-111179850.03,IMPS
2022-09-07,NEFT246164-PRANIKASPARESLUBRICANTS- URGENT,0.0,13821.0,-111166029.03,NEFT
2022-09-07,MOB-IMPS-CR AbdulKade INDIAN24617 Deposit6,0.0,100000.0,-111066029.03,IMPS
2022-09-07,IBITG15584930010112820000862461OTH-CHITRAAGENCIESPAYMENT,0.0,191439.0,-110874590.03,TRANSFER
2022-09-07,FundsTransferDebit1011261000400-M2461RAUTOSTORE,0.0,13869.0,-110860721.03,TRANSFER
2022-09-07,UPI CR 225073154702 K2461SANGEET IOBA 16601ybl PaytoM b 2022,0.0,1500.0,-110859221.03,UPI
2022-09-07,UPI CR 225081578156 AMBIGA2461CY CNRB partsybl Payment f,0.0,3394.0,-110855827.03,UPI
2022-09-07,2461UPI 723 SARAVANAN KVBL 12670ibl PaytoM b3a,0.0,3500.0,-110852327.03,UPI
2022-09-07,2461UPI 934 DINESHKUM CNRB cbank PaytoM HDFcdb 09 2022,0.0,5098.0,-110847229.03,UPI
2022-09-07,INET-IMPS-CR JEYAAUTO TAMILNAD2461M 146,0.0,7550.0,-110839679.03,IMPS
2022-09-07,INET-IMPS-CR BATCHAAUT TAMILNAD2461M 146,0.0,7112.0,-110832567.03,IMPS
2022-09-07,-DIRECT2461TAX1,1607.0,0.0,-110834174.03,INCOME-TAX
2022-09-07,2461UPI 686 RAMESHPAN SBIN r05-2oksbi UPI ed,0.0,2377.0,-110831797.03,UPI
2022-09-07,MB 1349108318553 KUMARESAN2461S 8 CHITHRAAGENCIES CAN 2022,0.0,400.0,-110831397.03,IMPS
2022-09-07,NEFT2461ARAJAUTOSTORE-null,0.0,4532.0,-110826865.03,NEFT
2022-09-07,UPI CR 225077009886 OM2461SAKTHI SBIN otorsokicici UPI a1,0.0,5098.0,-110821767.03,UPI
2022-09-07,NEFT24610NEFT01-SRIVISHNUAUTOMOBILES-CASTROL,0.0,68725.0,-110753042.03,NEFT
2022-09-07,OWCHQRTNCHGSNCAOTHTHAN2461IND,354.0,0.0,-110753396.03,OUTWARD-CHARGES
2022-09-08,INET-IMPS-CR NAGAPPAAU INDIAN24619 NAGAPPAPage145of2154,0.0,3766.0,-110749630.03,IMPS
2022-09-08,ByClgCHNACCTSEC-PUNJAB2461NATIONALBANKPNBCHITHRAAGENCIESPRIVATELIMITED,0.0,15000.0,-110734630.03,CHQ
2022-09-08,ByClgCHNACCTSEC-TAMILNAD2461MERCANTILEBANKLTDTMBCHITHRAAGENCIESPRIVATELIMITED,0.0,5447.0,-110729183.03,CHQ
2022-09-08,ByClgCHNACCTSEC-INDIAN2461OVERSEASBANKIOBCHITHRAAGENCIESPRIVATELIMITED,0.0,12556.0,-110716627.03,CHQ
2022-09-08,ByClgCHNACCTSEC-KARURVYSYA2461BANKLTDKVBCHITHRAAGENCIESPRIVATELIMITED,0.0,2351.0,-110714276.03,CHQ
2022-09-08,ByClgCHNACCTSEC-ICICIBANKLTD2461CHITHRAAGENCIESPRIVATELIMITED,0.0,7042.0,-110707234.03,CHQ
2022-09-08,INET-IMPS-CR SRIANNAI TAMILNAD2461M 595,0.0,4193.0,-110703041.03,IMPS
2022-09-08,RTGSTOABOVE5LSC2461,58.0,0.0,-110703099.03,BANK-CHARGES
2022-09-08,RTGS2461Dr---CASTROLINDIALTD-null,1000000.0,0.0,-111703099.03,RTGS
2022-09-08,INET-IMPS-CR SREEVINAY TAMILNAD2461M 247,0.0,4477.0,-111698622.03,IMPS
2022-09-08,CashDepositBALAMURUGAN2461KADAMALAIGUN,0.0,20000.0,-111678622.03,CASH
2022-09-08,NEFT2461Cr-87-AATHIVINAYAGAAUTOSTORE- REF,0.0,7000.0,-111671622.03,NEFT
2022-09-08,NEFT2461Cr-89-KSRTYRESANDBATTERY- ATTN INB,0.0,4297.0,-111667325.03,NEFT
2022-09-08,MB 1349108318553 KUMARESAN2461S 8 CHITHRAAGENCIES CAN 2022,0.0,1100.0,-111666225.03,IMPS
2022-09-08,2461UPI 494 PONNUCHAM BKID hasmyokhdfcbank PaytoM,0.0,6727.0,-111659498.03,UPI
2022-09-08,NEFT2461Cr-34-SRIKUMARANAUTOSPARES- REF,0.0,4000.0,-111655498.03,NEFT
2022-09-08,NEFT2461Cr-66-SRILAKSHMIAGENCIES- ATTN INB,0.0,100000.0,-111555498.03,NEFT
2022-09-08,UPI CR 225108930607 SRI2461EASWA CIUB ci UPI IC6f 09 2022,0.0,10000.0,-111545498.03,UPI
2022-09-08,UPI CR 225173231027 SRI2461EASWA CIUB ci UPI IC,0.0,6000.0,-111539498.03,UPI
2022-09-08,NEFT2461Cr-21-SRIBALAJIAUTOSPARES- ATTN BAL,0.0,5098.0,-111534400.03,NEFT
2022-09-08,UPI CR 225132925503 SRI2461EASWA CIUB ci UPI IC6a7e 09 2022,0.0,658.0,-111533742.03,UPI
2022-09-08,MB 1009261011460 AGRI2461IAPage146of215AGENCIES CANARA cas 2022,0.0,2351.0,-111531391.03,IMPS
2022-09-08,MOB-IMPS-CR KSELANGO UBI2461 011 pay 2022,0.0,2000.0,-111529391.03,IMPS
2022-09-08,NEFT2461Cr-02-MANICKAMCOMPANYFIRM-OTHERS,0.0,10144.0,-111519247.03,NEFT
2022-09-08,NEFT2461Cr-47-MSMSSSON- ATTN INB,0.0,23011.0,-111496236.03,NEFT
2022-09-08,NEFT2461URUGANAUTOSTOR-velmurugandvk,0.0,14286.0,-111481950.03,NEFT
2022-09-08,UPI CR 225173471617 JEGAN2461A HDFC NA ee,0.0,10000.0,-111471950.03,UPI
2022-09-09,ChqPaid-MICRInward2461Clearing-AMESHMARKETING-INDIANBANKINB-INDIANBANK,21000.0,0.0,-111492950.03,CHQ
2022-09-09,ByClgCHNACCTSEC-TAMILNAD2461MERCANTILEBANKLTDTMBCHITHRAAGENCIESPRIVATELIMITED,0.0,4413.0,-111488537.03,CHQ
2022-09-09,ByClgCHNACCTSEC-INDIAN2461OVERSEASBANKIOBCHITHRAAGENCIESPRIVATELIMITED,0.0,7517.0,-111481020.03,CHQ
2022-09-09,ByClgCHNACCTSEC-INDIANBANK2461INBCHITHRAAGENCIESPRIVATELIMITED,0.0,14475.0,-111466545.03,CHQ
2022-09-09,ByClgCHNACCTSEC-AXISBANKLTD2461CHITHRAAGENCIESPRIVATELIMITED,0.0,14693.0,-111451852.03,CHQ
2022-09-09,ByClgCHNACCTSEC-INDIANBANK2461INBCHITHRAAGENCIESPRIVATELIMITED,0.0,28930.0,-111422922.03,CHQ
2022-09-09,ByClgCHNACCTSEC-CITYUNION2461BANKLTDCHITHRAAGENCIESPRIVATELIMITED,0.0,5071.0,-111417851.03,CHQ
2022-09-09,ByClgCHNACCTSEC-BANKOFINDIA2461BOICHITHRAAGENCIESPRIVATELIMITED,0.0,29459.0,-111388392.03,CHQ
2022-09-09,ByClgCHNACCTSEC-TAMILNAD2461MERCANTILEBANKLTDTMBCHITHRAAGENCIESPRIVATELIMITED,0.0,3365.0,-111385027.03,CHQ
2022-09-09,ByClgCHNACCTSEC-INDIAN2461OVERSEASBANKIOBCHITHRAAGENCIESPRIVATELIMITED,0.0,4118.0,-111380909.03,CHQ
2022-09-09,ByClgCHNACCTSEC-FEDERALBANK2461LTDFBLCHITHRAAGENCIESPRIVATELIMITED,0.0,2614.0,-111378295.03,CHQ
2022-09-09,ByClgCHNACCTSEC-AXISBANKLTD2461CHITHRAAGENCIESPRIVATELIMITED,0.0,6490.0,-111371805.03,CHQ
2022-09-09,ByClgCHNACCTSEC-INDIAN2461OVERSEASBANKIOBCHITHRAAGENCIESPRIVATELIMITED,0.0,6890.0,-111364915.03,CHQ
2022-09-09,ByClgCHNACCTSEC-TAMILNAD2461MERCANTILEBANKLTDTMBCHITHRAAGENCIESPRIVATELIMITED,0.0,38404.0,-111326511.03,CHQ
2022-09-09,ByClgCHNACCTSEC-INDIAN2461OVERSEASBANKIOBCHITHRAAGENCIESPRIVATELIMITED,0.0,100000.0,-111226511.03,CHQ
2022-09-09,ByClgCHNACCTSEC-BANKOF2461BARODABOBCHITHRAAGENCIESPRIVATELIMITED,0.0,21045.0,-111205466.03,CHQ
2022-09-09,ChqPaid-MICRInward2461Clearing-CASTROLINDIAPage147of215LTD-DEUTSCHEBANKDTB-DEUTSCHEBANK,693568.58,0.0,-111899034.61,CHQ
2022-09-09,INET-IMPS-CR ALEXAUTO TAMILNAD2461M 010,0.0,6777.0,-111892257.61,IMPS
2022-09-09,NEFT2461Cr-27-ABDULLAHAUTOSTORES- ATTN,0.0,146720.0,-111745537.61,NEFT
2022-09-09,INET-IMPS-CR MAHADEVAU ICICI24610749 MAH 2022,0.0,12064.0,-111733473.61,IMPS
2022-09-09,2461UPI 652 SASIKUMAR UTIB 51201axl PaytoM feb4a 09 2022,0.0,10000.0,-111723473.61,UPI
2022-09-09,INET-IMPS-CR SARAVANAA TAMILNAD2461M 762,0.0,3486.0,-111719987.61,IMPS
2022-09-09,CashDepositMDUPTNAGAR2461,0.0,80000.0,-111639987.61,CASH
2022-09-09,NEFT2461Cr-35-SRIGANESHAUTOAGENCY- ATTN Gane,0.0,7346.0,-111632641.61,NEFT
2022-09-09,IBITG208084100120001470438Online2461TransactionOTH-LoantoSriram,1500000.0,0.0,-113132641.61,TRANSFER
2022-09-09,MOB-IMPS-CR AANANTH INDIAN24612 AMAUTO4,0.0,5646.0,-113126995.61,IMPS
2022-09-09,MOB-IMPS-CR SREE2461AUTOM CityUn0105 09 2022,0.0,4763.0,-113122232.61,IMPS
2022-09-09,NEFT2461LUBRICANTS-null,0.0,8222.0,-113114010.61,NEFT
2022-09-09,RTGS2461Cr---ARUNPOLYMERS-null,0.0,500000.0,-112614010.61,RTGS
2022-09-09,NEFT2461Cr-93-SELVITYRES-null,0.0,47512.0,-112566498.61,NEFT
2022-09-09,FundsTransferDebit3001201001227BAVANISRIAUTO,0.0,3486.0,-112563012.61,TRANSFER
2022-09-09,NEFT2461Cr-15-DUBAIAUTOTYRES- ATTN trf,0.0,4119.0,-112558893.61,NEFT
2022-09-09,MB 4064101002960 PERUMALRAJA2461V 8 CHITHRAAAGENCIES CAN 2022,0.0,5000.0,-112553893.61,IMPS
2022-09-09,NEFT2461Cr-50-SUBBIAHAGENCYS- ATTN,0.0,20000.0,-112533893.61,NEFT
2022-09-09,MB 1349108318553 KUMARESAN2461S 8 CHITHRAAGENCIES CAN 2022,0.0,500.0,-112533393.61,IMPS
2022-09-09,NEFT24610002101-NASAUTOELECTRICALS-null,0.0,3494.0,-112529899.61,NEFT
2022-09-09,NEFT2461KRISHNAAUTOPARTS-Haritocrb,0.0,34562.0,-112495337.61,NEFT
2022-09-09,NEFT2461Cr-94-SREEMURUGANBALAAJEEPage148of215ENTERPRISES- ATTN INB,0.0,32296.0,-112463041.61,NEFT
2022-09-09,2461UPI 263 ANANDARAJ KVBL 99457ybl Payment YBL6a45d 09 2022,0.0,3000.0,-112460041.61,UPI
2022-09-09,NEFT2461Cr-88-SWAMYAUTOSPAREPARTS-null,0.0,39788.0,-112420253.61,NEFT
2022-09-09,IBITG45775220010062610052682461OTH-BILLPAY,0.0,10300.0,-112409953.61,TRANSFER
2022-09-09,NEFT24610NEFT01-SRIVISHNUAUTOMOBILES-CASTROL,0.0,109007.0,-112300946.61,NEFT
2022-09-09,UPI CR 225277170642 JEGAN2461A HDFC NA PTMbcc 09 2022,0.0,10000.0,-112290946.61,UPI
2022-09-10,INET-IMPS-CR RAMESHNAT TAMILNAD2461M 906,0.0,3775.0,-112287171.61,IMPS
2022-09-10,NEFT2461NAUTOSPARES-Guhan,0.0,2643.0,-112284528.61,NEFT
2022-09-10,NEFT2461Cr-09-TRVRAMKUMAR- ATTN INB,0.0,22400.0,-112262128.61,NEFT
2022-09-10,UPI CR 225358351594 VEL2461MURU SBIN t2561sbi Paytoa 366CFB 09 2022,0.0,10000.0,-112252128.61,UPI
2022-09-10,MOB-IMPS-CR AbdulKade INDIAN24617 Deposit6,0.0,100000.0,-112152128.61,IMPS
2022-09-10,MB 62081400000335 PMVAUTO2461STRAAGENCIES CAN 2022,0.0,10000.0,-112142128.61,IMPS
2022-09-11,MOB-IMPS-CR SSUBBIAH AXB2461,0.0,20000.0,-112122128.61,IMPS
2022-09-11,NEFT2461NAUTOAGENCY-null,0.0,7641.0,-112114487.61,NEFT
2022-09-12,NEFT24610IN0426-THECHAKRAAUTOLINK-DBSS0IN0426,0.0,20899.0,-112093588.61,NEFT
2022-09-12,NEFT2461Cr-30-SIDDHESHAUTOSPARES- REF,0.0,12120.0,-112081468.61,NEFT
2022-09-12,ByClgCHNACCTSEC-PANDYAN2461GRAMABPURAMSTPAC,0.0,6192.0,-112075276.61,CHQ
2022-09-12,ByClgCHNACCTSEC-BANKOF2461BARODABOBCHITHRAAGENCIESPRIVATELIMITED,0.0,7336.0,-112067940.61,CHQ
2022-09-12,ByClgCHNACCTSEC-TAMILNADU2461INDUSTRIALCO-OPERATIVEBANKC,0.0,9690.0,-112058250.61,CHQ
2022-09-12,ByClgCHNACCTSEC-INDIAN2461OVERSEASBANKIOBC,0.0,8702.0,-112049548.61,CHQ
2022-09-12,ByClgCHNACCTSEC-BANKOF2461BARODABOBC,0.0,8427.0,-112041121.61,CHQ
2022-09-12,ByClgCHNACCTSEC-TAMILNAD2461MERCANTILEBANKLTDTMBCHITHRAAGENCIESPRIVATELIMITED,0.0,3365.0,-112037756.61,CHQ
2022-09-12,ByClgCHNACCTSEC-AXISBANKLTD2461CHITHRAAGENCIESPRIVATELIMITED,0.0,16505.0,-112021251.61,CHQ
2022-09-12,ByClgCHNACCTSEC-TAMILNAD2461MERCANTILEBANKLTDTMBCHITHRAAGENCIESPRIVATELIMITED,0.0,28360.0,-111992891.61,CHQ
2022-09-12,ByClgCHNACCTSEC-AXISBANKLTD2461CHITHRAAGENCIESPRIVATELIMITED,0.0,2000.0,-111990891.61,CHQ
2022-09-12,ChqPaid-MICRInward2461Clearing-CASTROLINDIALTD-DEUTSCHEBANKDTB-DEUTSCHEBANK,1330059.03,0.0,-113320950.64,CHQ
2022-09-12,ChqPaid-MICRInward2461Clearing-CASTROLINDIALTD-DEUTSCHEBANKDTB-DEUTSCHEBANK,1882640.24,0.0,-115203590.88,CHQ
2022-09-12,ChqPaid-MICRInward2461Clearing-CASTROLINDIALTD-DEUTSCHEBANKDTB-DEUTSCHEBANK,1258916.43,0.0,-116462507.31,CHQ
2022-09-12,NEFT2461Cr-12-FGAUTOZONE- ATTN INB,0.0,25707.0,-116436800.31,NEFT
2022-09-12,NEFT2461Cr-12-FGAUTOZONE- ATTN INB,0.0,40000.0,-116396800.31,NEFT
2022-09-12,IBITG160341200OnlineTransaction2461BDP-BDTANGED-BILLDSK-6-CLIENTCODE,21393.0,0.0,-116418193.31,ONLINE-PAYMENT
2022-09-12,NEFT2461Cr-55-AARTHIAGROAGENCIES-AARTHIAGROAGENCIES,0.0,20900.0,-116397293.31,NEFT
2022-09-12,MOB-IMPS-CR SRIABIRAM DBSBANK2461I 1 09 2022,0.0,28106.0,-116369187.31,IMPS
2022-09-12,2461UPI 288 PALANIVEL TMBL 09653apl Velauto APb 09 2022,0.0,5940.0,-116363247.31,UPI
2022-09-12,CashDepositMDUPTNAGAR2461,0.0,440000.0,-115923247.31,CASH
2022-09-12,NEFT2461HAGAVATHIAUTO-null,0.0,2095.0,-115921152.31,NEFT
2022-09-12,UPI CR 225554913203 GAUTHAM2461K PUNB 65955ybl PaytoM YBL4ef6ed 09 2022,0.0,2549.0,-115918603.31,UPI
2022-09-12,FundsTransferDebit1093201001547PRABHUOILSTORE,0.0,14119.0,-115904484.31,TRANSFER
2022-09-12,FundsTransferDebit3315201000036THIRUMURUGANAUTOSP,0.0,7870.0,-115896614.31,TRANSFER
2022-09-12,FundsTransferDebit4036261000058SRIVIGNESHAUTO,0.0,9548.0,-115887066.31,TRANSFER
2022-09-12,NEFT246180-METROAUTOCORPORATION- URGENT,0.0,23426.0,-115863640.31,NEFT
2022-09-12,UPI CR 225521849527 MrK2461ALAG IDIB cbank UPI c,0.0,550.0,-115863090.31,UPI
2022-09-12,FundsTransferDebit-ASAGENCIES2461Page150of215,1550000.0,0.0,-117413090.31,TRANSFER
2022-09-12,NEFT2461TERPRISES-null,0.0,200000.0,-117213090.31,NEFT
2022-09-12,NEFT2461Cr-50-SUBBIAHAGENCYS- ATTN,0.0,5096.0,-117207994.31,NEFT
2022-09-12,NEFT2461Cr-50-SUBBIAHAGENCYS- ATTN,0.0,9229.0,-117198765.31,NEFT
2022-09-12,CashDepositSURESHM2461KADAMALAIGUN,0.0,12334.0,-117186431.31,CASH
2022-09-12,NEFT2461Cr-15-DUBAIAUTOTYRES- ATTN trf,0.0,13819.0,-117172612.31,NEFT
2022-09-12,2461MOB-IMPS-CR BLOSSOMTRA BANKOF,0.0,11033.0,-117161579.31,IMPS
2022-09-12,NEFT2461Cr-93-SELVITYRES-null,0.0,8238.0,-117153341.31,NEFT
2022-09-12,NEFT2461Cr-43-SKAUTOSPARES-OTHERS,0.0,7289.0,-117146052.31,NEFT
2022-09-12,2461UPI 826 RAMAMOORT KVBL 30461ibl PaytoM IBL6 09 2022,0.0,9000.0,-117137052.31,UPI
2022-09-12,IBOAT52876520030542010002292461OnlineTransactionOTH-,400000.0,0.0,-117537052.31,TRANSFER
2022-09-13,CASHHANDLINGCHCAODOCC2461,1038.0,0.0,-117538090.31,BANK-CHARGES
2022-09-13,CASH-BNA-09010901BY01 09 222461,0.0,4700.0,-117533390.31,CASH
2022-09-13,ByClgCHNACCTSEC-UNIONBANKOF2461INDIAUBICHITRAAGENCIESPVTLTD,0.0,7002.0,-117526388.31,CHQ
2022-09-13,ByClgCHNACCTSEC-ICICIBANKLTD2461CHITRAAGENCISPVTLTD,0.0,15000.0,-117511388.31,CHQ
2022-09-13,ByClgCHNACCTSEC-INDIAN2461OVERSEASBANKIOBCHITRAAGENCIESPVTLTD,0.0,53395.0,-117457993.31,CHQ
2022-09-13,ByClgCHNACCTSEC-TAMILNAD2461MERCANTILEBANKLTDTMBRAAGENCISPVTLTD,0.0,5523.0,-117452470.31,CHQ
2022-09-13,ByClgCHNACCTSEC-BANKOFINDIA2461BOICHITRAAGENCIESPVTLTD,0.0,7256.0,-117445214.31,CHQ
2022-09-13,ByClgCHNACCTSEC-INDIAN2461OVERSEASBANKIOBCHITRAAGENCIESPVTLTD,0.0,7415.0,-117437799.31,CHQ
2022-09-13,ByClgCHNACCTSEC-PUNJAB2461NATIONALBANKPNBCHITARAGENCIESPVTLTD,0.0,3584.0,-117434215.31,CHQ
2022-09-13,ByClgCHNACCTSEC-AXISBANKLTD2461CHITRAAGENCIESPVTLTD,0.0,8111.0,-117426104.31,CHQ
2022-09-13,ByClgCHNACCTSEC-CITYUNION2461BANKLTDCHITRAAGENCIESPVTLTD,0.0,19084.0,-117407020.31,OUTWARD-RETURN
2022-09-13,ByClgCHNACCTSEC-UNIONBANKOF2461INDIAUBICHITRAAGENCIESPVTLTD,0.0,9237.0,-117397783.31,CHQ
2022-09-13,ByClgCHNACCTSEC-KARURVYSYA2461BANKLTDKVBCHITRAAGENCIESPVTLTD,0.0,24455.0,-117373328.31,CHQ
2022-09-13,ByClgCHNACCTSEC-KARURVYSYA2461BANKLTDKVBCHITRAAGENCIESPVTLTD,0.0,13894.0,-117359434.31,CHQ
2022-09-13,ByClgCHNACCTSEC-TAMILNAD2461MERCANTILEBANKLTDTMBCHITRAAGENCIESPVTLTD,0.0,45277.0,-117314157.31,CHQ
2022-09-13,ByClgCHNACCTSEC-CENTRALBANK2461OFINDIACBICHITRAAGENCIESPVTLTD,0.0,11341.0,-117302816.31,CHQ
2022-09-13,ByClgCHNACCTSEC-TAMILNAD2461MERCANTILEBANKLTDTMBCHITRAAGENCIESPVTOLTD,0.0,17426.0,-117285390.31,CHQ
2022-09-13,ByClgCHNACCTSEC-KARURVYSYA2461BANKLTDKVBCHITRAAGENCIESPVTLTD,0.0,30362.0,-117255028.31,CHQ
2022-09-13,ChqPaid-MICRInward2461Clearing-CASTROLINDIALTD-DEUTSCHEBANKDTB-DEUTSCHEBANK,2711651.09,0.0,-119966679.4,CHQ
2022-09-13,NEFT2461ANDLYDIATRADER-null,0.0,17609.0,-119949070.4,NEFT
2022-09-13,MB 125000972721 AYYANARAUTO2461PRAAGENCIES CANARA AyyanarAutopartsAm 202,0.0,7504.0,-119941566.4,IMPS
2022-09-13,MOB-IMPS-CR SELVAMAUT Karur2461 chitra6,0.0,10981.0,-119930585.4,IMPS
2022-09-13,2461UPI 183 NAGENDRAN SBIN UPI be,0.0,20602.0,-119909983.4,UPI
2022-09-13,INET-IMPS-CR SRIKRISHN TAMILNAD2461M 073,0.0,11539.0,-119898444.4,IMPS
2022-09-13,2461UPI 332 BOOPATHIR HDFC 759-1okhdfcbank UPI f,0.0,6920.0,-119891524.4,UPI
2022-09-13,INET-IMPS-CR SRIRAM2461EN CityUn0005743,0.0,19084.0,-119872440.4,IMPS
2022-09-13,UPI CR 225661066150 KALIDASS2461A ICIC ci PaytoM I3 09 2022,0.0,5000.0,-119867440.4,UPI
2022-09-13,UPI CR 225614943606 MrS2461KANN IDIB UPI SBI3bc,0.0,3000.0,-119864440.4,UPI
2022-09-13,MB6700450 09 2215-10092010035802461,0.0,10902.0,-119853538.4,TRANSFER
2022-09-13,NEFT2461Cr-56-SRIVISHNUTRADERS-SRIVISHNUTRADERS,0.0,12480.0,-119841058.4,NEFT
2022-09-13,NEFT2461Cr-91-RENUGABATTERYOILANDTYRES- ATTN INB,0.0,4055.0,-119837003.4,NEFT
2022-09-13,gefuchqreturn-Exceedsarrangement2461,19084.0,0.0,-119856087.4,OUTWARD-RETURN
2022-09-13,NEFT2461Cr-15-DUBAIAUTOTYRES- ATTN trfPage152of215,0.0,10000.0,-119846087.4,NEFT
2022-09-13,NEFT2461Cr-51-SPSTORE-OTHERS,0.0,7519.0,-119838568.4,NEFT
2022-09-13,NEFT2461Cr-81-SRIAYYANARAUTOMOBILES-OTHERS,0.0,71734.0,-119766834.4,NEFT
2022-09-13,IBITG49267850010062610052682461OTH-BILLPAY,0.0,19275.0,-119747559.4,TRANSFER
2022-09-13,NEFT246121DC-ICIC0SF0002-ASHANMUGASUNDARAMU-null,0.0,2975.0,-119744584.4,NEFT
2022-09-13,OWCHQRTNCHGSNCAOTHTHAN2461IND,354.0,0.0,-119744938.4,OUTWARD-CHARGES
2022-09-14,ChqPaid-MICRInward2461Clearing-RAJKUMARPRINTERS-KARURVYSYABANKLTDKVB-KARURVYSYABANKLTD,22550.0,0.0,-119767488.4,CHQ
2022-09-14,ByClgCHNACCTSEC-HDFCBANK2461LTDchithraagenciespvtltd,0.0,6469.0,-119761019.4,CHQ
2022-09-14,ByClgCHNACCTSEC-KARURVYSYA2461BANKLTDKVBchithraagenciespvtltd,0.0,7000.0,-119754019.4,CHQ
2022-09-14,ByClgCHNACCTSEC-CITYUNION2461BANKLTDC,0.0,13503.0,-119740516.4,CHQ
2022-09-14,ByClgCHNACCTSEC-TAMILNAD2461MERCANTILEBANKLTDTMBchithraagenciespvtltd,0.0,32984.0,-119707532.4,CHQ
2022-09-14,ByClgCHNACCTSEC-STATEBANKOF2461INDIASBIchithraagenciespvtltd,0.0,141894.0,-119565638.4,CHQ
2022-09-14,ByClgCHNACCTSEC-INDIAN2461OVERSEASBANKIOBchithraagenciespvtltd,0.0,10000.0,-119555638.4,CHQ
2022-09-14,UPI CR 225766889113 GEETHA2461G BARB ci Mathano IC,0.0,14000.0,-119541638.4,UPI
2022-09-14,NEFT2461Cr-43-SRIGANESHAUTOPARTS-OTHERS,0.0,5911.0,-119535727.4,NEFT
2022-09-14,CashDepositMDUPTNAGAR2461,0.0,110000.0,-119425727.4,CASH
2022-09-14,MB 3420108002239 DHANASEKARAN2461KARAAGENCIESPRIVATE CAN 2022,0.0,1743.0,-119423984.4,IMPS
2022-09-14,2461UPI 173 RAMESHPAN KVBL PaytoM,0.0,2900.0,-119421084.4,UPI
2022-09-14,2461UPI 610 RAMESHPAN SBIN r05-2oksbi UPI d,0.0,1100.0,-119419984.4,UPI
2022-09-14,FundsTransferDebit1011201011691AUTOTYRES,0.0,8444.0,-119411540.4,TRANSFER
2022-09-14,2461UPI 705 SELVARANI SBIN UPI SBIdeeec 09 2022,0.0,5500.0,-119406040.4,UPI
2022-09-14,IBITG288811800OnlineTransaction2461BDP-CNBNETC-BILLDSK-6-CLIENTCODE,814.16,0.0,-119406854.56,ONLINE-PAYMENT
2022-09-14,INET-IMPS-CR SREEVINAY TAMILNAD2461M 247 Page153of215,0.0,5000.0,-119401854.56,IMPS
2022-09-14,NEFT2461Cr-93-MOORTHYMOTORSTORES-OTHERS,0.0,2897.0,-119398957.56,NEFT
2022-09-14,UPI CR 225745547289 MSNEW2461TA IDIB UPI c,0.0,6249.0,-119392708.56,UPI
2022-09-14,IBOAT3558441003054201000229OTH,0.0,400000.0,-118992708.56,TRANSFER
2022-09-14,NEFT2461Cr-93-SELVITYRES-null,0.0,42590.0,-118950118.56,NEFT
2022-09-14,2461UPI 111 AMMANULLA UTIB 02099ybl PaytoM YBLaebde 09 2022,0.0,10000.0,-118940118.56,UPI
2022-09-14,NEFT2461Cr-86-SRISOLAIAGRO- REF,0.0,3000.0,-118937118.56,NEFT
2022-09-14,UPI CR 225721086661 PRASATH2461K SBIN 37708ybl Payment,0.0,2500.0,-118934618.56,UPI
2022-09-14,NEFT2461Cr-B027-MTHIRUGNANASAMBANDANM- URGENT,0.0,16417.0,-118918201.56,NEFT
2022-09-14,MB 62081400000335 PMVAUTO2461STRAAGENCIES CAN 2022,0.0,5000.0,-118913201.56,IMPS
2022-09-14,INET-IMPS-CR CHOCKALING TAMILNADM 127100050305379 2461,0.0,5100.0,-118908101.56,IMPS
2022-09-14,INET-IMPS-CR VINAYAKAA TAMILNAD2461M 884,0.0,2284.0,-118905817.56,IMPS
2022-09-14,CASHHANDLINGCHCAODOCC2461,260.0,0.0,-118906077.56,BANK-CHARGES
2022-09-15,ByClgCHNACCTSEC-TAMILNAD2461MERCANTILEBANKLTDTMBchithraagenciespvtltd,0.0,3365.0,-118902712.56,CHQ
2022-09-15,ByClgCHNACCTSEC-UNIONBANKOF2461INDIAUBIchithraagenciespvtltd,0.0,8815.0,-118893897.56,CHQ
2022-09-15,ByClgCHNACCTSEC-TAMILNAD2461MERCANTILEBANKLTDTMBchithraagenciespvt,0.0,20140.0,-118873757.56,CHQ
2022-09-15,ByClgCHNACCTSEC-HDFCBANK2461LTDchithraagenciespvtltd,0.0,7000.0,-118866757.56,CHQ
2022-09-15,ByClgCHNACCTSEC-PUNJAB2461NATIONALBANKPNBchithraagenciespvtltd,0.0,15000.0,-118851757.56,CHQ
2022-09-15,ByClgCHNACCTSEC-INDIAN2461OVERSEASBANKIOBchithraagenciespvtltd,0.0,12356.0,-118839401.56,CHQ
2022-09-15,NEFT24610NEFT01-SRIVISHNUAUTOMOBILES-CASTROL,0.0,77744.0,-118761657.56,NEFT
2022-09-15,NEFT2461MMANAUTOSTORE-null,0.0,6783.0,-118754874.56,NEFT
2022-09-15,NEFT24610-CHITHRA,0.0,26142.0,-118728732.56,NEFT
2022-09-15,UPI CR 225858827248 PERUMAL2461V UBIN ci PaytoPage154of215M If4,0.0,1000.0,-118727732.56,UPI
2022-09-15,IBITG16436290010112820000862461OTH-CHITRAAGENCIESPAYMENT,0.0,181665.0,-118546067.56,TRANSFER
2022-09-15,MB 4861101000314 ANBALAGAN2461M 8 CHITHRAAGENCIES CANARA anbueri 13,0.0,4000.0,-118542067.56,IMPS
2022-09-15,FundsTransferDebit4036261000058SRIVIGNESHAUTO,0.0,19377.0,-118522690.56,TRANSFER
2022-09-15,UPI CR 225889617882 SRI2461VINAY KVBL cbank UPI b,0.0,3951.0,-118518739.56,UPI
2022-09-15,2461UPI 991 PANDIYARA ESFB 920-1okhdfcbank UPI cd9,0.0,1876.0,-118516863.56,UPI
2022-09-15,CashDeposit MDUPTNAGAR2461,0.0,150000.0,-118366863.56,CASH
2022-09-15,2461UPI 888 PONNUCHAM BKID hasmyokhdfcbank PaytoM,0.0,10000.0,-118356863.56,UPI
2022-09-15,NEFT2461LAKSHMITRADING-null,0.0,5754.0,-118351109.56,NEFT
2022-09-15,MB 120001499477 THENIPOWER2461CONRAAGENCIESCASTROL CAN 2022,0.0,4301.0,-118346808.56,IMPS
2022-09-15,NEFT2461Cr-98-BHARATHTRADERS- REF,0.0,8787.0,-118338021.56,NEFT
2022-09-15,NEFT2461Cr-16-GHAYATHRIMOTORS- ATTN INB,0.0,3939.0,-118334082.56,NEFT
2022-09-15,MOB-IMPS-CR AbdulKade INDIAN24617 Deposit6,0.0,100000.0,-118234082.56,IMPS
2022-09-15,NEFT2461Cr-50-SUBBIAHAGENCYS- ATTN,0.0,9175.0,-118224907.56,NEFT
2022-09-15,-DIRECT2461TAX1,100001.0,0.0,-118324908.56,INCOME-TAX
2022-09-15,NEFT2461AUTOMOBILES-Prem,0.0,4673.0,-118320235.56,NEFT
2022-09-15,NEFT2461Cr-15-DUBAIAUTOTYRES- ATTN TRF,0.0,9000.0,-118311235.56,NEFT
2022-09-15,UPI CR 225844238478 SRI2461EASWA CIUB ci PaytoM b,0.0,4546.0,-118306689.56,UPI
2022-09-15,UPI CR 225882055341 PRAVEEN2461K KVBL UPI f 2022,0.0,2577.0,-118304112.56,UPI
2022-09-15,NEFT2461Cr-34-SRIKUMARANAUTOSPARES- REF,0.0,5000.0,-118299112.56,NEFT
2022-09-16,-CHITHRAAGENCIES2461PRIVATELIMITEDDrawdownFromCASA,26931.0,0.0,-118326043.56,EMI-DEBIT
2022-09-16,ChqPaid-MICRInward2461Clearing-CASTROLINDIALTD-DEUTSCHEBANKDTB-DEUTSCHEBANK,189120.86,0.0,-118515164.42,CHQ
2022-09-16,ByClgCHNACCTSEC-CITYUNION2461BANKLTDCHITHRAAGENCIESPVTLTD,0.0,12318.0,-118502846.42,CHQ
2022-09-16,ByClgCHNACCTSEC-INDIAN2461OVERSEASBANKIOBCHITHRAAGENCIESPRIVATELIMITED,0.0,100000.0,-118402846.42,CHQ
2022-09-16,ByClgCHNACCTSEC-HDFCBANK2461LTDCHITHRAAGENCIESPVTLTD,0.0,4978.0,-118397868.42,CHQ
2022-09-16,ByClgCHNACCTSEC-TAMILNAD2461MERCANTILEBANKLTDTMBCHITHRAAGENCIESPLTD,0.0,8465.0,-118389403.42,CHQ
2022-09-16,ByClgCHNACCTSEC-STATEBANKOF2461INDIASBICHITHRAAGENCIESPVTLTD,0.0,7216.0,-118382187.42,CHQ
2022-09-16,ByClgCHNACCTSEC-BANKOF2461BARODABOBCHITHRAAGENCIESPVTLTD,0.0,12778.0,-118369409.42,CHQ
2022-09-16,ByClgCHNACCTSEC-TAMILNAD2461MERCANTILEBANKLTDTMBCHITHRAAGENCIESPVTLTD,0.0,3368.0,-118366041.42,CHQ
2022-09-16,ByClgCHNACCTSEC-THECATHOLIC2461SYRIANBANKLTDCSBSRIMARUTI,0.0,16247.0,-118349794.42,CHQ
2022-09-16,MOB-IMPS-CR SRIVENKAT UBI2461,0.0,1961.0,-118347833.42,IMPS
2022-09-16,MOB-IMPS-CR KSELANGO UBI2461 011 pay 2022,0.0,5000.0,-118342833.42,IMPS
2022-09-16,UPI CR 225991412646 Alagu2461Mur SBIN 987-1oksbi Srimeen S,0.0,3000.0,-118339833.42,UPI
2022-09-16,INET-IMPS-CR SRIKRISHN TAMILNAD2461M 073,0.0,9710.0,-118330123.42,IMPS
2022-09-16,MB 1349108318553 KUMARESAN2461S 8 CHITHRAAGENCIES CAN 2022,0.0,750.0,-118329373.42,IMPS
2022-09-16,NEFT2461Cr-41-MURUGATAMILNADUAUTOSTORE- ATTN INB,0.0,18158.0,-118311215.42,NEFT
2022-09-16,UPI CR 225993836350 Rajkumar2461 SBIN PaytoM SB,0.0,3100.0,-118308115.42,UPI
2022-09-16,NEFT2461AUTOSPARE-,0.0,10806.0,-118297309.42,NEFT
2022-09-16,UPI CR 225957856541 JANDJ2461A IBKL osh-1okicici UPI Ifc,0.0,20000.0,-118277309.42,UPI
2022-09-16,NEFT2461LAGARAUTOAGEN-null,0.0,5925.0,-118271384.42,NEFT
2022-09-16,NEFT2461Cr-27-ABPage156of215DULLAHAUTOSTORES- ATTN,0.0,89477.0,-118181907.42,NEFT
2022-09-16,FundsTransferDebit1011282000079-S2461KSAUTOCENTRE,0.0,20356.0,-118161551.42,TRANSFER
2022-09-16,UPI CR 225991964423 MS2461RAGUMA IDIB 15268ibl Payment,0.0,3000.0,-118158551.42,UPI
2022-09-16,NEFT2461Cr-55-AARTHIAGROAGENCIES-AARTHIAGROAGENCIES,0.0,4000.0,-118154551.42,NEFT
2022-09-16,UPI CR 225935764474 JEGAN2461A HDFC NA PT,0.0,10000.0,-118144551.42,UPI
2022-09-16,NEFT2461Cr-58-RAJENDRAENTERPRISES- REF,0.0,6966.0,-118137585.42,NEFT
2022-09-16,IBITG34409720040642560003772461OTH-tnchithraagencies,0.0,20827.0,-118116758.42,TRANSFER
2022-09-16,NEFT2461Cr-50-SUBBIAHAGENCYS- ATTN,0.0,15251.0,-118101507.42,NEFT
2022-09-16,MB 4064101002960 PERUMALRAJA2461V 8 CHITHRAAAGENCIES CAN 2022,0.0,3216.0,-118098291.42,IMPS
2022-09-16,NEFT2461Cr-66-SRILAKSHMIAGENCIES- ATTN INB,0.0,110891.0,-117987400.42,NEFT
2022-09-16,UPI CR 225970269215 VIJAYA2461KU CNRB ci PaytoM ICIe,0.0,4583.0,-117982817.42,UPI
2022-09-16,2461UPI 985 ANANDARAJ KVBL 99457ybl Payment,0.0,3341.0,-117979476.42,UPI
2022-09-16,INET-IMPS-CR MAHADEVAU ICICI24610749 MAH 2022,0.0,7550.0,-117971926.42,IMPS
2022-09-17,ByClgCHNACCTSEC-INDIAN2461OVERSEASBANKIOBchithraagenciespvtltd,0.0,6188.0,-117965738.42,CHQ
2022-09-17,ByClgCHNACCTSEC-HDFCBANK2461LTDchithraagenciespvtltd,0.0,3486.0,-117962252.42,CHQ
2022-09-17,ByClgCHNACCTSEC-KARURVYSYA2461BANKLTDKVBchitraagenciespvtltd,0.0,6120.0,-117956132.42,CHQ
2022-09-17,ByClgCHNACCTSEC-KARURVYSYA2461BANKLTDKVBchithraagenciespvtltd,0.0,5269.0,-117950863.42,CHQ
2022-09-17,ByClgCHNACCTSEC-KARURVYSYA2461BANKLTDKVBchithraagenciespvtltd,0.0,7250.0,-117943613.42,CHQ
2022-09-17,ByClgCHNACCTSEC-AXISBANKLTD2461C,0.0,6024.0,-117937589.42,CHQ
2022-09-17,ByClgCHNACCTSEC-FEDERALBANK2461LTDFBLC,0.0,4785.0,-117932804.42,CHQ
2022-09-17,ByClgCHNACCTSEC-AXISBANKLTD2461C,0.0,8182.0,-117924622.42,CHQ
2022-09-17,ByClgCHNACCTSEC-PUNJAB2461NATIONALBANKPNBC,0.0,29698.0,-117894924.42,CHQ
2022-09-17,ByClgCHNACCTSEC-AXISBANKLTD2461C,0.0,14381.0,-117880543.42,CHQ
2022-09-17,MOB-IMPS-CR AbdulKade INDIAN24617 Deposit6 Page157of215,0.0,100000.0,-117780543.42,IMPS
2022-09-17,FundsTransferDebit3113201001704NAWINRAJENTERPRECE,0.0,5000.0,-117775543.42,TRANSFER
2022-09-17,CashDeposit MDUPTNAGAR2461,0.0,550000.0,-117225543.42,CASH
2022-09-17,FundsTransferDebit125002404180KARTHIKAUTOSTORE,0.0,10282.0,-117215261.42,TRANSFER
2022-09-17,FundsTransferDebit1093201001547PRABHUOILSTORE,0.0,14104.0,-117201157.42,TRANSFER
2022-09-17,SCNEFTOTHERTHANSBIMB2461,17.0,0.0,-117201174.42,BANK-CHARGES
2022-09-17,IBNEFTDrP260220191913113ARUN2461POLYMERSRepayloantoAP,200000.0,0.0,-117401174.42,NEFT
2022-09-17,UPI CR 226021752712 PANDIAN2461A CNRB nsmp1ybl Payment fdba,0.0,10174.0,-117391000.42,UPI
2022-09-17,INET-IMPS-CR KRAGENCI TheState2461 M 2022,0.0,29952.0,-117361048.42,IMPS
2022-09-17,2461UPI 997 SASIKUMAR SBIN UPI e,0.0,10000.0,-117351048.42,UPI
2022-09-17,IBITG307859400120001470438Online2461TransactionOTH-LoantoSriram,1550000.0,0.0,-118901048.42,TRANSFER
2022-09-17,NEFT2461Cr-03-PRAKASHAUTOS-OTHERS,0.0,7753.0,-118893295.42,NEFT
2022-09-17,NEFT2461Cr-76-SRIRAMDEVAUTOSPARES-OTHERS,0.0,15381.0,-118877914.42,NEFT
2022-09-17,NEFT2461Cr-61-THANUSHHONDA- THANUSHCBE,0.0,9187.0,-118868727.42,NEFT
2022-09-17,NEFT2461Cr-87-DHANALAKSHMIAUTOSTORE-null,0.0,5000.0,-118863727.42,NEFT
2022-09-17,NEFT2461Cr-88-SWAMYAUTOSPAREPARTS-null,0.0,23080.0,-118840647.42,NEFT
2022-09-17,NEFT2461AKSHMIAGENCIES-null,0.0,34761.0,-118805886.42,NEFT
2022-09-17,-CHITHRAAGENCIES2461PRIVATELIMITEDDrawdownFromCASA,1770.0,0.0,-118807656.42,EMI-DEBIT
2022-09-17,-CHITHRAAGENCIES2461PRIVATELIMITEDDrawdownFromCASA,1770.0,0.0,-118809426.42,EMI-DEBIT
2022-09-17,CASHHANDLINGCHCAODOCC2461,1298.0,0.0,-118810724.42,BANK-CHARGES
2022-09-17,MB 62081400000335 PMVAUTO2461STRAAGENCIES CAN 2022,0.0,5000.0,-118805724.42,IMPS
2022-09-17,UPI CR 226074504858 Mrs2461Jegat IDIB 978-1okicici JMLUBRI 7,0.0,4069.0,-118801655.42,UPI
2022-09-19,NEFT2461Cr-30-SIDDHESHAUTOSPARES- REF,0.0,14439.0,-118787216.42,NEFT
2022-09-19,ByClgCHNACCTSEC-PANDYAN2461GRAMABPURAMSTPACHITHRAAGENCIESPVTLTD,0.0,21125.0,-118766091.42,CHQ
2022-09-19,ByClgCHNACCTSEC-KARURVYSYA2461BANKLTDKVBCHITHRAAGENCIESPage158of215PVTLTD,0.0,2471.0,-118763620.42,CHQ
2022-09-19,ByClgCHNACCTSEC-KARURVYSYA2461BANKLTDKVBCHITHRAAGENCIESPVTLTD,0.0,7082.0,-118756538.42,CHQ
2022-09-19,ByClgCHNACCTSEC-ESAFSmall2461FinanceBankCHITHRAAGENCIESPVTLTD,0.0,19000.0,-118737538.42,CHQ
2022-09-19,ByClgCHNACCTSEC-STATEBANKOF2461INDIASBICHITHRAAGENCIESPVTLTD,0.0,20000.0,-118717538.42,CHQ
2022-09-19,ByClgCHNACCTSEC-IDBIBANKLTD2461CHITHRAAGENCIESPVTLTD,0.0,15059.0,-118702479.42,CHQ
2022-09-19,ByClgCHNACCTSEC-CITYUNION2461BANKLTDTHRAAGENCIOESPVTLTD,0.0,10000.0,-118692479.42,CHQ
2022-09-19,ByClgCHNACCTSEC-ICICIBANKLTD2461CHITHRAAGENCIESPVTLTD,0.0,13732.0,-118678747.42,CHQ
2022-09-19,ByClgCHNACCTSEC-TAMILNAD2461MERCANTILEBANKLTDTMBCHITHRAAGENCIESPVTLTD,0.0,12198.0,-118666549.42,CHQ
2022-09-19,ByClgCHNACCTSEC-PUNJAB2461NATIONALBANKPNBCHITHRAAGENCIESPVTLTD,0.0,5000.0,-118661549.42,CHQ
2022-09-19,ByClgCHNACCTSEC-ICICIBANKLTD2461CHITHRAAGENCIESPVTLTD,0.0,7103.0,-118654446.42,CHQ
2022-09-19,ByClgCHNACCTSEC-ICICIBANKLTD2461CHITHRAAGENCIESPVTLTD,0.0,7882.0,-118646564.42,CHQ
2022-09-19,ByClgCHNACCTSEC-ICICIBANKLTD2461CHITHRAAGENCIESPVTLTD,0.0,8308.0,-118638256.42,CHQ
2022-09-19,ByClgCHNACCTSEC-CITYUNION2461BANKLTDCHITHRAAGENCIESPVTLTD,0.0,4469.0,-118633787.42,CHQ
2022-09-19,ByClgCHNACCTSEC-SOUTHINDIAN2461BANKLTDSIBCHITHRAAGENCIESPVTLTD,0.0,11492.0,-118622295.42,CHQ
2022-09-19,ByClgCHNACCTSEC-ICICIBANKLTD2461THRAAGENCIESPVTLTD,0.0,1500.0,-118620795.42,CHQ
2022-09-19,ByClgCHNACCTSEC-TAMILNAD2461MERCANTILEBANKLTDTMBCHITHRAAGENCIESPVTLTD,0.0,21309.0,-118599486.42,CHQ
2022-09-19,ByClgCHNACCTSEC-INDIAN2461OVERSEASBANKIOBCHITHRAAGENCIESPVTLTD,0.0,61799.0,-118537687.42,CHQ
2022-09-19,ByClgCHNACCTSEC-BANKOF2461BARODABOBHITHRAAGENCIESPVTLTD,0.0,15993.0,-118521694.42,CHQ
2022-09-19,ByClgCHNACCTSEC-TAMILNAD2461MERCANTILEBANKLTDTMBCHITHRAAGENCIESPVTLTD,0.0,9574.0,-118512120.42,CHQ
2022-09-19,ByClgCHNACCTSEC-UNIONBANKOF2461INDIAUBICHITHRAAGENCIESPVTLTD,0.0,22508.0,-118489612.42,CHQ
2022-09-19,MB 62002010077696 SUBRAMANIANR2461M 8 CASTROL CANARA ARAutopartsMaduraiSubrama 2022,0.0,3000.0,-118486612.42,IMPS
2022-09-19,NEFT2461AUTOSTORES-Arunbyepass,0.0,15002.0,-118471610.42,NEFT
2022-09-19,NEFT2461Cr-06-NEWRPSAUTOSPARES-OTHERS,0.0,7013.0,-118464597.42,NEFT
2022-09-19,UPI CR 226251185310 N2461MUTHUKR IOBA 35723ibl PaytoM IBLe5b 09 2022,0.0,2000.0,-118462597.42,UPI
2022-09-19,INET-IMPS-CR SRISELVAK TAMILNAD2461M 052,0.0,10856.0,-118451741.42,IMPS
2022-09-19,MOB-IMPS-CR AANANTH INDIAN24612 AMAUTO4,0.0,3574.0,-118448167.42,IMPS
2022-09-19,NEFT246164-PRANIKASPARESLUBRICANTS- URGENT,0.0,7404.0,-118440763.42,NEFT
2022-09-19,NEFT2461Cr-81-SRIAYYANARAUTOMOBILES-OTHERS,0.0,21073.0,-118419690.42,NEFT
2022-09-19,NEFT2461TERPRISES-null,0.0,200000.0,-118219690.42,NEFT
2022-09-19,FundsTransferDebit-CHITHRATYRES2461,32768.0,0.0,-118252458.42,TRANSFER
2022-09-19,FundsTransferDebit3315201000036THIRUMURUGANAUTOSP,0.0,3507.0,-118248951.42,TRANSFER
2022-09-19,NEFT2461ELAMMALAUTOSP-null,0.0,1000.0,-118247951.42,NEFT
2022-09-19,NEFTSC2461,6.0,0.0,-118247957.42,BANK-CHARGES
2022-09-19,NEFT2461RISHNAAAUTOSALESPVTLTD-,20000.0,0.0,-118267957.42,NEFT
2022-09-19,SCNEFTOTHERTHANSBIMB2461,17.0,0.0,-118267974.42,BANK-CHARGES
2022-09-19,IBNEFTDrP262220192162611GOUSE2461S6610LoantoGouse,200000.0,0.0,-118467974.42,NEFT
2022-09-19,NEFT2461Cr-50-SUBBIAHAGENCYS- ATTN,0.0,12908.0,-118455066.42,NEFT
2022-09-19,NEFT2461Cr-93-SELVITYRES-null,0.0,43560.0,-118411506.42,NEFT
2022-09-19,IBOAT39270660030542010002292461OnlineTransactionOTH-,200000.0,0.0,-118611506.42,TRANSFER
2022-09-19,UPI CR 226285310463 MrK2461ALAG IDIB cbank UPI HDFb6fcbdc4,0.0,400.0,-118611106.42,UPI
2022-09-19,MB 3315261000010 CROWNTRADER2461M S 8 CHITHRAAGENCIES CANARA crownvedasa 2022,0.0,3635.0,-118607471.42,IMPS
2022-09-19,UPI CR 226247171580 Mr2461Rajapa IDIB s PaytoM bffcc4e 09 2022,0.0,1000.0,-118606471.42,UPI
2022-09-19,NEFT2461Cr-16-PNRSCOOTERHOUSE-null,0.0,17348.0,-118589123.42,NEFT
2022-09-19,NEFT2461Cr-62-SEENIAPPAAUTOSTORE-null,0.0,12570.0,-118576553.42,NEFT
2022-09-19,UPI CR 226280413182 SATHAM2461HU KVBL PaytoM 8,0.0,3277.0,-118573276.42,UPI
2022-09-19,NEFT2461Cr-53-MAKESHLAKSHMIAUTOSTORES-OTHERS,0.0,26826.0,-118546450.42,NEFT
2022-09-19,NEFT2461Cr-02-SAMTRACTORANDSPARESCONTRACT- ATTN INB,0.0,10000.0,-118536450.42,NEFT
2022-09-20,ChqPaid-MICRInwardClearing-THE2461ORIENTALINSURANCECO-AXISBANKLTD-UTIBANKLTD,20450.0,0.0,-118556900.42,CHQ
2022-09-20,ByClgCHNACCTSEC-BANDHAN2461BANKchithraagenciespvtltd,0.0,45512.0,-118511388.42,CHQ
2022-09-20,ByClgCHNACCTSEC-TAMILNAD2461MERCANTILEBANKLTDTMBchithraagenciespvtltd,0.0,15978.0,-118495410.42,CHQ
2022-09-20,ByClgCHNACCTSEC-CITYUNION2461BANKLTDchithraagenciespvtltd,0.0,3000.0,-118492410.42,CHQ
2022-09-20,ByClgCHNACCTSEC-KARURVYSYA2461BANKLTDKVBchithraagenciespvtltd,0.0,14274.0,-118478136.42,CHQ
2022-09-20,ByClgCHNACCTSEC-KARURVYSYA2461BANKLTDKVBchithraagenciespvtltd,0.0,3325.0,-118474811.42,CHQ
2022-09-20,ByClgCHNACCTSEC-KARURVYSYA2461BANKLTDKVBchithraagenciespvtltd,0.0,4072.0,-118470739.42,CHQ
2022-09-20,ByClgCHNACCTSEC-ICICIBANKLTD2461chithraagenciespvtltd,0.0,13098.0,-118457641.42,CHQ
2022-09-20,ByClgCHNACCTSEC-INDIAN2461OVERSEASBANKIOBchithraagenciespvtltd,0.0,100000.0,-118357641.42,CHQ
2022-09-20,ByClgCHNACCTSEC-KARURVYSYA2461BANKLTDKVBchithraagenciespvtltrd,0.0,9301.0,-118348340.42,CHQ
2022-09-20,NEFT2461Cr-98-ASHIKAAUTOSPARES- REF,0.0,4000.0,-118344340.42,NEFT
2022-09-20,UPI CR 226398252424 M2461MANIKAN KVBL cbank PaytoM 1,0.0,1500.0,-118342840.42,UPI
2022-09-20,IBNEFTDrP263220192264567ARUN2461POLYMERSRepayloantoAP,200000.0,0.0,-118542840.42,NEFT
2022-09-20,SCNEFTOTHERTHANSBIMB2461,17.0,0.0,-118542857.42,BANK-CHARGES
2022-09-20,CashDepositMDUPTNAGAR2461,0.0,100000.0,-118442857.42,CASH
2022-09-20,MOB-IMPS-CR SRIAGENCI UBI2461 017 1,0.0,10284.0,-118432573.42,IMPS
2022-09-20,UPI CR 226364164193 SAADHANA2461 UCBA 639-2okaxis CRBOli AXa,0.0,7000.0,-118425573.42,UPI
2022-09-20,NEFT2461Cr-28-SRIAMMANAUTOAGENCY- ATTN,0.0,3431.0,-118422142.42,NEFT
2022-09-20,NEFT2461Cr-15-DUBAIAUTOTYRES- ATTN trf,0.0,9558.0,-118412584.42,NEFT
2022-09-20,NEFT2461Cr-50-SUBBIAHAGENCYS- ATTN Page161of215,0.0,6075.0,-118406509.42,NEFT
2022-09-20,2461UPI 622 GUNASEKAR SBIN otorsoksbi oil S7c,0.0,2550.0,-118403959.42,UPI
2022-09-20,IBOAT38958950030542010002292461OnlineTransactionOTH-,50000.0,0.0,-118453959.42,TRANSFER
2022-09-20,GSTN10820092287692-2092728042461,189058.0,0.0,-118643017.42,GST
2022-09-20,MOB-IMPS-CR SSUBBIAH AXB2461,0.0,20000.0,-118623017.42,IMPS
2022-09-20,MB 62081400000335 PMVAUTO2461STRAAGENCIES CAN 2022,0.0,5000.0,-118618017.42,IMPS
2022-09-20,IBOAT5073876003054201000229OTH,0.0,150000.0,-118468017.42,TRANSFER
2022-09-21,ByClgCHNACCTSEC-PANDYAN2461GRAMABPURAMSTPACHITHRAAGENCIESPVTLTD,0.0,10000.0,-118458017.42,CHQ
2022-09-21,ByClgCHNACCTSEC-CITYUNION2461BANKLTDCHITHRAAGENCIESPVTLTD,0.0,13770.0,-118444247.42,CHQ
2022-09-21,ByClgCHNACCTSEC-AXISBANKLTD2461chithraagenciespvtltd,0.0,11040.0,-118433207.42,CHQ
2022-09-21,ByClgCHNACCTSEC-CITYUNION2461BANKLTDchithraagenciespvtltd,0.0,13225.0,-118419982.42,CHQ
2022-09-21,ByClgCHNACCTSEC-INDIAN2461OVERSEASBANKIOBchithraagenciespvtltd,0.0,14133.0,-118405849.42,CHQ
2022-09-21,ByClgCHNACCTSEC-IDBIBANKLTD2461chithraagenciespvtltd,0.0,13945.0,-118391904.42,CHQ
2022-09-21,ByClgCHNACCTSEC-KARURVYSYA2461BANKLTDKVBchithraagenciespvtltd,0.0,21368.0,-118370536.42,OUTWARD-RETURN
2022-09-21,ByClgCHNACCTSEC-TAMILNAD2461MERCANTILEBANKLTDTMBchithraagenciespvtltd,0.0,32040.0,-118338496.42,CHQ
2022-09-21,ByClgCHNACCTSEC-PUNJAB2461NATIONALBANKPNBCHITHRAAGENCIESPVTLTD,0.0,4183.0,-118334313.42,CHQ
2022-09-21,ByClgCHNACCTSEC-KARURVYSYA2461BANKLTDKVBCHITHRAAGENCIESPVTLTD,0.0,6668.0,-118327645.42,CHQ
2022-09-21,MOB-IMPS-CR KSELANGO UBI2461 011 pay 2022,0.0,2000.0,-118325645.42,IMPS
2022-09-21,NEFT2461Cr-06-NEWRPSAUTOSPARES-OTHERS,0.0,3486.0,-118322159.42,NEFT
2022-09-21,INET-IMPS-CR ACNMOTORS INDIAN2461 09 2022,0.0,48047.0,-118274112.42,IMPS
2022-09-21,UPI CR 226416550643 MSNEW2461TA IDIB UPI S,0.0,8889.0,-118265223.42,UPI
2022-09-21,INET-IMPS-CR VENKATTWO TAMILNAD2461M 448,0.0,9644.0,-118255579.42,IMPS
2022-09-21,UPI CR 226439747707 AMBIGA2461CY CNRB partsybl Payment YB 09 2022,0.0,7550.0,-118248029.42,UPI
2022-09-21,UPI CR 226417491619 RAMKUMAR2461 SBIN PaytoM Page162of215,0.0,11823.0,-118236206.42,UPI
2022-09-21,UPI CR 226457101068 GEETHA2461G BARB ci Mathano ICIfa,0.0,4000.0,-118232206.42,UPI
2022-09-21,CashDepositMDUPTNAGAR2461,0.0,65000.0,-118167206.42,CASH
2022-09-21,IBOAT2001395003054201000229OTH,0.0,100000.0,-118067206.42,TRANSFER
2022-09-21,RTGS2461Dr---SRIRAMGUNASEKARAN-null,200000.0,0.0,-118267206.42,RTGS
2022-09-21,RTGSTOUPTO5LSC2461,29.0,0.0,-118267235.42,BANK-CHARGES
2022-09-21,INET-IMPS-CR BALUAUTO TAMILNAD2461M 492,0.0,93916.0,-118173319.42,IMPS
2022-09-21,NEFT2461Cr-02-MANICKAMCOMPANYFIRM-OTHERS,0.0,15555.0,-118157764.42,NEFT
2022-09-21,UPI CR 226468703745 SOMU2461R IOBA ci UPI c 2022,0.0,550.0,-118157214.42,UPI
2022-09-21,gefuchqreturn-FundsInsufficient2461,21368.0,0.0,-118178582.42,OUTWARD-RETURN
2022-09-21,NEFT2461KRISHNAAUTOPARTS-Haritochidra,0.0,33793.0,-118144789.42,NEFT
2022-09-21,NEFT2461ES-null,0.0,100000.0,-118044789.42,NEFT
2022-09-21,NEFT246164-SARAVANAAUTOSTORES- URGENT,0.0,36745.0,-118008044.42,NEFT
2022-09-21,MB 4861255000004 ANBALAGAN2461M 8 CHITHRAAGENCIES CANARA anbueri 03,0.0,4000.0,-118004044.42,IMPS
2022-09-21,UPI CR 226430124723 SEKAR2461S HDFC cbank UPI cc1c,0.0,4140.0,-117999904.42,UPI
2022-09-21,UPI CR 226465549683 JEGAN2461A HDFC NA Pfc41bebcf 2022,0.0,9412.0,-117990492.42,UPI
2022-09-21,NEFT2461ES-null,0.0,95000.0,-117895492.42,NEFT
2022-09-21,NEFT2461Cr-53-SRIRAGAVENDRAAUTOSTORE-OTHERS,0.0,4277.0,-117891215.42,NEFT
2022-09-21,NEFT2461ES-null,0.0,5000.0,-117886215.42,NEFT
2022-09-21,NEFT24610NEFT01-SRIVISHNUAUTOMOBILES-CASTROL,0.0,54335.0,-117831880.42,NEFT
2022-09-21,OWCHQRTNCHGSNCAOTHTHAN2461IND,354.0,0.0,-117832234.42,OUTWARD-CHARGES
2022-09-22,ByClgCHNACCTSEC-CITYUNION2461BANKLTDCHITHRAAGENCIESPVTLTDPage163of215,0.0,6924.0,-117825310.42,CHQ
2022-09-22,ByClgCHNACCTSEC-CITYUNION2461BANKLTDCHITHRAAGENCIESPVTLTD,0.0,3000.0,-117822310.42,CHQ
2022-09-22,ByClgCHNACCTSEC-STATEBANKOF2461INDIASBICHITHRAAGENCIESPVTLTD,0.0,3112.0,-117819198.42,CHQ
2022-09-22,ByClgCHNACCTSEC-TAMILNAD2461MERCANTILEBANKLTDTMBHRAAGENCIESPVTLTD,0.0,16500.0,-117802698.42,CHQ
2022-09-22,ByClgCHNACCTSEC-ESAFSmall2461FinanceBankCHITHRAAGENCIESPVTLTD,0.0,19886.0,-117782812.42,CHQ
2022-09-22,ByClgCHNACCTSEC-CITYUNION2461BANKLTDCHITHRAAGENCIESPVTLTD,0.0,2870.0,-117779942.42,CHQ
2022-09-22,ByClgCHNACCTSEC-PUNJAB2461NATIONALBANKPNBCHITHRAAGENCIESPVTLTD,0.0,15000.0,-117764942.42,CHQ
2022-09-22,ByClgCHNACCTSEC-INDIAN2461OVERSEASBANKIOBC,0.0,6726.0,-117758216.42,CHQ
2022-09-22,ByClgCHNACCTSEC-KARURVYSYA2461BANKLTDKVBCHITHRAAGENCIESPVTLTD,0.0,7000.0,-117751216.42,CHQ
2022-09-22,ByClgCHNACCTSEC-TAMILNAD2461MERCANTILEBANKLTDTMBCHITHRAVAGENCIESPVTLTD,0.0,6117.0,-117745099.42,CHQ
2022-09-22,ByClgCHNACCTSEC-TAMILNAD2461MERCANTILEBANKLTDTMBCHITHRAAGENCIESPVTLTD,0.0,5000.0,-117740099.42,CHQ
2022-09-22,ByClgCHNACCTSEC-CITYUNION2461BANKLTDCHITHRAAGENCIESPVTLTD,0.0,4011.0,-117736088.42,CHQ
2022-09-22,ByClgCHNACCTSEC-INDIAN2461OVERSEASBANKIOBCHITHRAAGENCIESPVTLTD,0.0,10000.0,-117726088.42,CHQ
2022-09-22,MOB-IMPS-CR SahulHame INDIAN24611 0,0.0,6872.0,-117719216.42,IMPS
2022-09-22,MOB-IMPS-CR AMAAUTO TheState2461 MO 09 2022,0.0,7258.0,-117711958.42,IMPS
2022-09-22,NEFT2461AMAUTOSPARES-null,0.0,26915.0,-117685043.42,NEFT
2022-09-22,MOB-IMPS-CR AANANTH INDIAN24612 AMAUTO4,0.0,7241.0,-117677802.42,IMPS
2022-09-22,2461UPI 820 SELVAMANI UTIB ani-1okaxis PaytoM b,0.0,903.0,-117676899.42,UPI
2022-09-22,CashDeposit MDUPTNAGAR2461,0.0,100000.0,-117576899.42,CASH
2022-09-22,INET-IMPS-CR CHOCKALING TAMILNADM 127100050305379 2461,0.0,3590.0,-117573309.42,IMPS
2022-09-22,FundsTransferDebit1011201011691AUTOTYRES,0.0,7006.0,-117566303.42,TRANSFER
2022-09-22,NEFT24610NEFT01-SRIVISHNUAUTOMOBILES-BUSINESSRELATED,0.0,5269.0,-117561034.42,NEFT
2022-09-22,INET-IMPS-CR JAYAPRIYA TAMILNAD2461M 283,0.0,21677.0,-117539357.42,IMPS
2022-09-22,MOB-IMPS-CR AbdulKade INDIAN24617 6,0.0,93076.0,-117446281.42,IMPS
2022-09-22,NEFT2461Cr-50-SUBBIAHAGENCYS- ATTN,0.0,10095.0,-117436186.42,NEFT
2022-09-22,UPI CR 226522420460 KARPAGA2461V BKID s PaytoM 01c 09 2022,0.0,2000.0,-117434186.42,UPI
2022-09-22,NEFT2461Cr-93-SELVITYRES-null,0.0,79547.0,-117354639.42,NEFT
2022-09-22,IBITG36714120010112820000862461OTH-CHITRAAGENCIESBILLPAYMENT,0.0,59617.0,-117295022.42,TRANSFER
2022-09-22,IBOAT36748850030542010002292461OnlineTransactionOTH-,19000.0,0.0,-117314022.42,TRANSFER
2022-09-22,2461UPI 662 SOMANATHA CNRB 20048ybl Payment Ybff,0.0,5098.0,-117308924.42,UPI
2022-09-22,UPI CR 226551363005 PRAVEEN2461K KVBL UPI 7,0.0,2634.0,-117306290.42,UPI
2022-09-22,NEFT2461Cr-12-FGAUTOZONE- ATTN INB,0.0,4539.0,-117301751.42,NEFT
2022-09-22,MOB-IMPS-CR Manikandan INDIAN24610 RAGAVI6,0.0,5000.0,-117296751.42,IMPS
2022-09-22,INET-IMPS-CR SARAVANAA TAMILNAD2461M 762,0.0,4161.0,-117292590.42,IMPS
2022-09-22,OWCHQRTNCHGSNCAOTHTHAN2461IND,354.0,0.0,-117292944.42,OUTWARD-CHARGES
2022-09-23,ByClgCHNACCTSEC-TAMILNAD2461MERCANTILEBANKLTDTMBCHITHRAAGENCIESPVTLTD,0.0,18900.0,-117274044.42,CHQ
2022-09-23,ByClgCHNACCTSEC-INDIAN2461OVERSEASBANKIOBCHITHRAAGENCIESPVTLTD,0.0,100000.0,-117174044.42,CHQ
2022-09-23,ByClgCHNACCTSEC-INDIANBANK2461INBCHITHRAAGENCIESPVTLTD,0.0,4120.0,-117169924.42,CHQ
2022-09-23,ByClgCHNACCTSEC-CITYUNION2461BANKLTDCHITHRAAGENCIESPVTLTD,0.0,7685.0,-117162239.42,CHQ
2022-09-23,ByClgCHNACCTSEC-CITYUNION2461BANKLTDCHITHRAAGENCIESPVTLTD,0.0,21777.0,-117140462.42,CHQ
2022-09-23,ChqPaid-MICRInward2461Clearing-CASTROLINDIALTD-DEUTSCHEBANKDTB-DEUTSCHEBANK,2480243.57,0.0,-119620705.99,CHQ
2022-09-23,INET-IMPS-CR SREECHAKR INDIAN2461 pay 2022,0.0,7500.0,-119613205.99,IMPS
2022-09-23,INET-IMPS-CR SRIKRISHN TAMILNAD2461M 073,0.0,10922.0,-119602283.99,IMPS
2022-09-23,MB6700450 09 2211-10092010035802461,0.0,10000.0,-119592283.99,TRANSFER
2022-09-23,NEFT24610002101-SRIPage165of215ALAGARAUTOAGEN-null,0.0,12495.0,-119579788.99,NEFT
2022-09-23,NEFT2461LAKSHMITRADING-null,0.0,4355.0,-119575433.99,NEFT
2022-09-23,UPI CR 226680352431 JANDJ2461A IBKL osh-1okicici UPI 5d49da 09 2022,0.0,9175.0,-119566258.99,UPI
2022-09-23,UPI CR 226667156172 Mrs2461RAMYA IDIB ramyaoksbi UPI SB1 09 2022,0.0,3000.0,-119563258.99,UPI
2022-09-23,UPI CR 226639491777 R2461SURESH IOBA s srivina A1,0.0,550.0,-119562708.99,UPI
2022-09-23,CashDepositMDUPTNAGAR2461,0.0,70000.0,-119492708.99,CASH
2022-09-23,UPI CR 226613328803 SRI2461MARUT PUNB 20082upi Srimaru fba2,0.0,16896.0,-119475812.99,UPI
2022-09-23,FundsTransferDebit1011282000079-S2461KSAUTOCENTRE,0.0,20000.0,-119455812.99,TRANSFER
2022-09-23,FundsTransferDebit65101400000295SRIEASWARIMOTORS,0.0,31823.0,-119423989.99,TRANSFER
2022-09-23,UPI CR 226671281085 Alagu2461Mur SBIN 987-1oksbi Srimeen SB24d 09 2022,0.0,3000.0,-119420989.99,UPI
2022-09-23,NEFT2461Cr-66-SRILAKSHMIAGENCIES- ATTN INB,0.0,119511.0,-119301478.99,NEFT
2022-09-23,NEFT2461Cr-47-MSMSSSON- ATTN INB,0.0,37478.0,-119264000.99,NEFT
2022-09-23,NEFT2461LUBRICANTS-null,0.0,10000.0,-119254000.99,NEFT
2022-09-23,NEFT2461Cr-88-SWAMYAUTOSPAREPARTS-null,0.0,23026.0,-119230974.99,NEFT
2022-09-23,2461UPI 332 ANANDARAJ KVBL 99457ybl Payment YBb,0.0,3000.0,-119227974.99,UPI
2022-09-24,2461UPI 319 SASIKUMAR SBIN UPI Sd,0.0,10000.0,-119217974.99,UPI
2022-09-24,MOB-IMPS-CR SELVAMAUT Karur2461 chitra6,0.0,9081.0,-119208893.99,IMPS
2022-09-24,MOB-IMPS-CR POPULARAU Karur2461 popular,0.0,7550.0,-119201343.99,IMPS
2022-09-24,INET-IMPS-CR PONRAJANA TAMILNAD2461M 514 toward3,0.0,4614.0,-119196729.99,IMPS
2022-09-24,NEFT2461Cr-00-TMSAUTOSPARES-null,0.0,213711.0,-118983018.99,NEFT
2022-09-24,NEFT2461MMANAUTOSTORE-nullPage166of215,0.0,26253.0,-118956765.99,NEFT
2022-09-24,NEFT2461Cr-41-MURUGATAMILNADUAUTOSTORE- ATTN INB,0.0,22446.0,-118934319.99,NEFT
2022-09-24,IBITG21466110010062610052682461OTH-BILLPAY,0.0,15719.0,-118918600.99,TRANSFER
2022-09-24,MOB-IMPS-CR AbdulKade INDIAN24617 Deposit6,0.0,100000.0,-118818600.99,IMPS
2022-09-26,NEFT2461Cr-30-SIDDHESHAUTOSPARES- REF,0.0,6651.0,-118811949.99,NEFT
2022-09-26,NEFT2461Cr-99-NATIONALTRADERS-null,0.0,4062.0,-118807887.99,NEFT
2022-09-26,ByClgCHNACCTSEC-CITYUNION2461BANKLTDCHITHRAAGENCIESPVTLTD,0.0,3000.0,-118804887.99,CHQ
2022-09-26,ByClgCHNACCTSEC-BANKOF2461BARODABOBCHITHRAAGENCIESPVTLTD,0.0,12983.0,-118791904.99,CHQ
2022-09-26,ByClgCHNACCTSEC-INDIAN2461OVERSEASBANKIOBC,0.0,25724.0,-118766180.99,CHQ
2022-09-26,ByClgCHNACCTSEC-BANKOF2461BARODABOBCHITHRAAGENCIESPVTLTD,0.0,6783.0,-118759397.99,CHQ
2022-09-26,ByClgCHNACCTSEC-KARURVYSYA2461BANKLTDKVBCHITHRAAGENCIESPVTLTD,0.0,5895.0,-118753502.99,CHQ
2022-09-26,ByClgCHNACCTSEC-INDIAN2461OVERSEASBANKIOBCHITHRAAGENCIESPVTLTD,0.0,6189.0,-118747313.99,CHQ
2022-09-26,ByClgCHNACCTSEC-TAMILNAD2461MERCANTILEBANKLTDTMBCHITHRAAGENCIESPVTLTD,0.0,7908.0,-118739405.99,CHQ
2022-09-26,ByClgCHNACCTSEC-KARURVYSYA2461BANKLTDKVBC,0.0,12786.0,-118726619.99,CHQ
2022-09-26,ByClgCHNACCTSEC-TAMILNAD2461MERCANTILEBANKLTDTMBCHITHRAAGENCIESPVTLTD,0.0,17342.0,-118709277.99,CHQ
2022-09-26,ByClgCHNACCTSEC-KARURVYSYA2461BANKLTDKVBCHITHRAAGENCIESPVTLTD,0.0,5244.0,-118704033.99,CHQ
2022-09-26,ByClgCHNACCTSEC-INDIAN2461OVERSEASBANKIOBCHITHRAAGENCIESPVTLTD,0.0,2980.0,-118701053.99,CHQ
2022-09-26,ChqPaid-MICRInward2461Clearing-CASTROLINDIALTD-DEUTSCHEBANKDTB-DEUTSCHEBANK,2323913.4,0.0,-121024967.39,CHQ
2022-09-26,NEFT2461Cr-43-SRIGANESHAUTOPARTS-OTHERS,0.0,14247.0,-121010720.39,NEFT
2022-09-26,NEFT2461Cr-04-VAPSSSELVITRADERS-null,0.0,5815.0,-121004905.39,NEFT
2022-09-26,NEFT2461HAGAVATHIAUTO-null,0.0,4256.0,-121000649.39,NEFT
2022-09-26,FundsTransferDebit1011282000079-S2461KSAUTOCENTRE,0.0,13262.0,-120987387.39,TRANSFER
2022-09-26,FundsTransferDebit3001201001227BAVANISRIAUTO,0.0,4546.0,-120982841.39,TRANSFER
2022-09-26,FundsTransferDebit4036261000058SRIVIGNESHAUTO,0.0,17588.0,-120965253.39,TRANSFER
2022-09-26,UPI CR 226937488160 Antony2461Pr SBIN ckiumoksbi UPI SBIeb03f 09 2022,0.0,14597.0,-120950656.39,UPI
2022-09-26,IBITG2412184001200014704382461OTH-TransfertoAgenciesMdu,0.0,300000.0,-120650656.39,TRANSFER
2022-09-26,NEFT2461Cr-00-THIRUNAVUKARASUAUTOSTORE- Autostore,0.0,10000.0,-120640656.39,NEFT
2022-09-26,INET-IMPS-CR MPTRACTO TAMILNAD2461M 028,0.0,20348.0,-120620308.39,IMPS
2022-09-26,UPI CR 226985649390 VIJAYA2461KU CNRB ci UPI IC404e 09 2022,0.0,2549.0,-120617759.39,UPI
2022-09-26,NEFT2461Cr-98-VSKAUTOMOBILES- URGENT,0.0,21044.0,-120596715.39,NEFT
2022-09-26,INET-IMPS-CR SRIITHIRU TAMILNAD2461M 654,0.0,3225.0,-120593490.39,IMPS
2022-09-26,UPI CR 226944014984 MrK2461ALAG IDIB cbank UPI ad,0.0,3649.0,-120589841.39,UPI
2022-09-26,NEFT2461Cr-81-SRIAYYANARAUTOMOBILES-OTHERS,0.0,13639.0,-120576202.39,NEFT
2022-09-26,UPI CR 226972857009 Mr2461DINESH IDIB ci UPI fc,0.0,12000.0,-120564202.39,UPI
2022-09-26,MOB-IMPS-CR SRIABIRAM DBSBANK2461I 1057 Cas 2022,0.0,27697.0,-120536505.39,IMPS
2022-09-26,NEFT2461Cr-07-KAMADHENUMOTORCYCLECOMPANY-OTHERS,0.0,7550.0,-120528955.39,NEFT
2022-09-26,NEFT2461Cr-B027-ThIRUMANIAUTOSPARES- URGENT,0.0,2715.0,-120526240.39,NEFT
2022-09-27,2461UPI 264 PUGALENTH SBIN imn-1oksbi UPI,0.0,8991.0,-120517249.39,UPI
2022-09-27,ByClgCHNACCTSEC-PANDYAN2461GRAMABPURAMSTPACHITHRAAGENCIESPLTD,0.0,8663.0,-120508586.39,CHQ
2022-09-27,ByClgCHNACCTSEC-UNIONBANKOF2461INDIAUBICHITHRAAGENCIESPLTD,0.0,7013.0,-120501573.39,CHQ
2022-09-27,ByClgCHNACCTSEC-CITYUNION2461BANKLTDCHITRAAGENCIESPLTD,0.0,10000.0,-120491573.39,CHQ
2022-09-27,ByClgCHNACCTSEC-INDIAN2461OVERSEASBANKIOBchithraagenciespvtltd,0.0,71205.0,-120420368.39,CHQ
2022-09-27,ByClgCHNACCTSEC-TAMILNAD2461MERCANTILEBANKLTDTMBCHITRAAGENCIESPLTD,0.0,18581.0,-120401787.39,CHQ
2022-09-27,ByClgCHNACCTSEC-BANKOFINDIA2461BOICHITHRAAGENCIESPLTD,0.0,7550.0,-120394237.39,CHQ
2022-09-27,ByClgCHNACCTSEC-INDIANBANK2461INBCHITHRAAGENCIESPLTDPage168of215,0.0,15047.0,-120379190.39,CHQ
2022-09-27,ByClgCHNACCTSEC-TAMILNAD2461MERCANTILEBANKLTDTMBCHITHRAAGENCIESPLTD,0.0,16515.0,-120362675.39,CHQ
2022-09-27,ByClgCHNACCTSEC-STATEBANKOF2461INDIASBICHITHRAAGENCIESPLTD,0.0,15000.0,-120347675.39,CHQ
2022-09-27,ByClgCHNACCTSEC-DBSBANKLTD2461DBSCHITRAAGENCIESPLTD,0.0,3507.0,-120344168.39,CHQ
2022-09-27,ByClgCHNACCTSEC-BANKOF2461BARODABOBTRAAGENCIESPLTD,0.0,9555.0,-120334613.39,CHQ
2022-09-27,ByClgCHNACCTSEC-TAMILNAD2461MERCANTILEBANKLTDTMBCHITHRAAGENCIESPLTD,0.0,22509.0,-120312104.39,CHQ
2022-09-27,ByClgCHNACCTSEC-CITYUNION2461BANKLTDCHITHRAAGENCIESPLTD,0.0,5994.0,-120306110.39,CHQ
2022-09-27,ByClgCHNACCTSEC-PUNJAB2461NATIONALBANKPNBCHITRAAGENCIESPLTD,0.0,3444.0,-120302666.39,CHQ
2022-09-27,ByClgCHNACCTSEC-KARURVYSYA2461BANKLTDKVBCHITHRAAGENCIESPLTD,0.0,13784.0,-120288882.39,CHQ
2022-09-27,ByClgCHNACCTSEC-TAMILNADU2461INDUSTRIALCO-OPERATIVEBANKCHITHRAAGENCIESPLTD,0.0,10767.0,-120278115.39,CHQ
2022-09-27,ByClgCHNACCTSEC-KARURVYSYA2461BANKLTDKVBCHITHRAAGENCIESPVTLTD,0.0,21368.0,-120256747.39,CHQ
2022-09-27,ByClgCHNACCTSEC-TAMILNAD2461MERCANTILEBANKLTDTMBCHITHRAAGENCIESPLTD,0.0,3515.0,-120253232.39,CHQ
2022-09-27,MOB-IMPS-CR ARUNCYCLE UBI2461 09 2022,0.0,7947.0,-120245285.39,IMPS
2022-09-27,ADHOCSTAMPCHARGESMDUSME2461BR,180.0,0.0,-120245465.39,BANK-CHARGES
2022-09-27,NEFT2461Cr-55-AARTHIAGROAGENCIES-AARTHIAGROAGENCIES,0.0,4300.0,-120241165.39,NEFT
2022-09-27,UPI CR 227039820191 Mr2461SUBASH IDIB ent-1okaxis PaytoM,0.0,3000.0,-120238165.39,UPI
2022-09-27,2461UPI 315 DURAIPRAB KVBL 28128ybl Payment c9de,0.0,4316.0,-120233849.39,UPI
2022-09-27,NEFT2461Cr-26-SHRIMURUGESANMOTORS- ATTN INB,0.0,2497.0,-120231352.39,NEFT
2022-09-27,NEFT2461Cr-27-SOUNDARAUTOAGENCIES- ATTN,0.0,3507.0,-120227845.39,NEFT
2022-09-27,UPI CR 227058723031 MANOJ2461KUM ESFB arpykokhdfcbank PaytoM Hcf 09 2022,0.0,1000.0,-120226845.39,UPI
2022-09-27,FundsTransferDebit1011282000079-S2461KSAUTOCENTRE,0.0,14483.0,-120212362.39,TRANSFER
2022-09-27,FundsTransferDebit1342201000207SARGURU,0.0,10000.0,-120202362.39,TRANSFER
2022-09-27,FundsTransferDebit3315201000036THIRUMURUGANAUTOSP,0.0,16105.0,-120186257.39,TRANSFER
2022-09-27,UPI CR 227033671103 MUTHU2461SEL PYTM NA d6fa1b 09 20Page169of215,0.0,5098.0,-120181159.39,UPI
2022-09-27,NEFT2461Cr-27-SASTHAAUTOPARTS-OTHERS,0.0,3475.0,-120177684.39,NEFT
2022-09-27,INET-IMPS-CR TRVRAM TheState2461 M 2022,0.0,17971.0,-120159713.39,IMPS
2022-09-27,NEFT2461TERPRISES-null,0.0,65250.0,-120094463.39,NEFT
2022-09-27,NEFT246156-BHARATHAUTOPARTS- URGENT,0.0,7957.0,-120086506.39,NEFT
2022-09-27,INET-IMPS-CR SRIMEENAK TAMILNAD2461M 149,0.0,1480.0,-120085026.39,IMPS
2022-09-27,NEFT2461Cr-50-SUBBIAHAGENCYS- ATTN,0.0,11745.0,-120073281.39,NEFT
2022-09-27,INET-IMPS-CR Ananthapr IOBN22461 149 SRIGA 39,0.0,9553.0,-120063728.39,IMPS
2022-09-28,ByClgCHNACCTSEC-CITYUNION2461BANKLTDchithraagenciespltd,0.0,3000.0,-120060728.39,CHQ
2022-09-28,ByClgCHNACCTSEC-KARURVYSYA2461BANKLTDKVBchithraagenciespltd,0.0,6000.0,-120054728.39,CHQ
2022-09-28,ByClgCHNACCTSEC-TAMILNAD2461MERCANTILEBANKLTDTMBchithraagenciespltd,0.0,7550.0,-120047178.39,CHQ
2022-09-28,ByClgCHNACCTSEC-STATEBANKOF2461INDIASBIchithraagenciespvtltd,0.0,15000.0,-120032178.39,CHQ
2022-09-28,NEFT2461Cr-27-ABDULLAHAUTOSTORES- ATTN,0.0,100000.0,-119932178.39,NEFT
2022-09-28,NEFT2461Cr-21-MOORTHYAUTOSTORE- ATTN MOORTH,0.0,7488.0,-119924690.39,NEFT
2022-09-28,INET-IMPS-CR SRIKRISHN TAMILNAD2461M 073,0.0,10000.0,-119914690.39,IMPS
2022-09-28,NEFT2461Cr-98-SARAVANATRACTORSPARES-null,0.0,29741.0,-119884949.39,NEFT
2022-09-28,INET-IMPS-CR VENKATTWO TAMILNAD2461M 448,0.0,8665.0,-119876284.39,IMPS
2022-09-28,MOB-IMPS-CR AbdulKade INDIAN24617 Deposit6,0.0,150000.0,-119726284.39,IMPS
2022-09-28,2461UPI 038 BOOPATHIR HDFC 759-1okhdfcbank UPI da 09 2022,0.0,5000.0,-119721284.39,UPI
2022-09-28,IBITG1966040001200014704382461OTH-RepayloantoAgencies,0.0,500000.0,-119221284.39,TRANSFER
2022-09-28,CashDepositMDUPTNAGAR2461,0.0,65000.0,-119156284.39,CASH
2022-09-28,-DIRECT2461TAX1,483446.0,0.0,-119639730.39,INCOME-TAX
2022-09-28,CRIFHIGHMARKCONSUMER2461,59.0,0.0,-119639789.39,OTHER-DEBITS
2022-09-28,FundsTransferDebit4036261000058SRIVIGNESHAUTO,0.0,21163.0,-119618626.39,TRANSFER
2022-09-28,EXPERIANCONSUMER2461Page170of215,59.0,0.0,-119618685.39,OTHER-DEBITS
2022-09-28,2461UPI 769 RAMESHPAN SBIN r05-2oksbi UPI,0.0,4666.0,-119614019.39,UPI
2022-09-28,INET-IMPS-CR SRISELVAK TAMILNAD2461M 052,0.0,3668.0,-119610351.39,IMPS
2022-09-28,IBITG26639070010112820000862461OTH-BILLPAYMENT,0.0,258698.0,-119351653.39,TRANSFER
2022-09-28,UPI CR 227188630458 SURESH2461KU SBIN crboil S3e,0.0,15000.0,-119336653.39,UPI
2022-09-28,NEFT2461Cr-15-DUBAIAUTOTYRES- ATTN TRF,0.0,15204.0,-119321449.39,NEFT
2022-09-28,INET-IMPS-CR JOYSAUTO TAMILNAD2461M 112,0.0,4696.0,-119316753.39,IMPS
2022-09-28,MB 120001158015 SRIESWARI2461MORAAGENCIES CAN 2022,0.0,11499.0,-119305254.39,IMPS
2022-09-28,UPI CR 227168441094 KANNAN2461M TMBL annanokaxis UPI,0.0,5000.0,-119300254.39,UPI
2022-09-28,NEFT2461Cr-66-SRILAKSHMIAGENCIES- ATTN INB,0.0,130428.0,-119169826.39,NEFT
2022-09-28,IBITG39665720010062610052682461OTH-BILLPAY,0.0,15000.0,-119154826.39,TRANSFER
2022-09-28,UPI CR 227193359432 PRAVEEN2461K KVBL UPI S,0.0,3320.0,-119151506.39,UPI
2022-09-28,INET-IMPS-CR NELSONSBE TAMILNAD2461M 029 AGAINST2,0.0,61394.0,-119090112.39,IMPS
2022-09-28,INET-IMPS-CR SRIVISHNU ICICI24618874 srivis 2022,0.0,45397.0,-119044715.39,IMPS
2022-09-29,ByClgCHNACCTSEC-UNIONBANKOF2461INDIAUBIchithraagenciespltd,0.0,6900.0,-119037815.39,CHQ
2022-09-29,ByClgCHNACCTSEC-TAMILNAD2461MERCANTILEBANKLTDTMBchithraagenciespltd,0.0,18120.0,-119019695.39,CHQ
2022-09-29,ByClgCHNACCTSEC-KARURVYSYA2461BANKLTDKVBchithraagenciespltd,0.0,3110.0,-119016585.39,CHQ
2022-09-29,ByClgCHNACCTSEC-KARURVYSYA2461BANKLTDKVBchithraagenciespltd,0.0,6782.0,-119009803.39,CHQ
2022-09-29,ByClgCHNACCTSEC-INDIANBANK2461INBchithraagenciespltd,0.0,16218.0,-118993585.39,CHQ
2022-09-29,ByClgCHNACCTSEC-AXISBANKLTD2461chithraagenciespltd,0.0,9286.0,-118984299.39,CHQ
2022-09-29,MB 125001006844 MR2461ENTERPRRAAGENCIESPVTLTD CANARA 09 2022,0.0,7758.0,-118976541.39,IMPS
2022-09-29,NEFT2461Cr-43-SRIGANESHAUTOPARTS-OTHERS,0.0,1659.0,-118974882.39,NEFT
2022-09-29,MOB-IMPS-CR SSUBBIAH AXB2461,0.0,10000.0,-118964882.39,IMPS
2022-09-29,NEFT2461Cr-53-SMTENTERPRISES-OTHERS,0.0,8879.0,-118956003.39,NEFT
2022-09-29,CashDepositMDUPTNAGAR2461,0.0,50000.0,-118906003.39,CASH
2022-09-29,2461UPI 429 PONNUCHAM BKID hasmyokhdfcbank UPI HDFaecf8a4a,0.0,5000.0,-118901003.39,UPI
2022-09-29,MB 120001499477 THENIPOWER2461CONRAAGENCIESCASTROL CAN 2022,0.0,2.0,-118901001.39,IMPS
2022-09-29,MB 120001499477 THENIPOWER2461CONRAAGENCIESCASTROL CAN 2022,0.0,15.0,-118900986.39,IMPS
2022-09-29,MB 120001499477 THENIPOWER2461CONRAAGENCIESCASTROL CAN 2022,0.0,1132.0,-118899854.39,IMPS
2022-09-29,INET-IMPS-CR KANNAAUTO ICICI24618209 CHITAR 2022,0.0,4119.0,-118895735.39,IMPS
2022-09-29,NEFT246180-METROAUTOCORPORATION- URGENT,0.0,20071.0,-118875664.39,NEFT
2022-09-29,2461UPI 665 RAMALINGA CNRB ci UPI ICIf0a 09 2022,0.0,2000.0,-118873664.39,UPI
2022-09-29,RTGS2461Dr---CASTROLINDIALTD-null,1400000.0,0.0,-120273664.39,RTGS
2022-09-29,RTGSTOABOVE5LSC2461,58.0,0.0,-120273722.39,BANK-CHARGES
2022-09-29,MOB-IMPS-CR SELVARAJA INDIAN2461 9,0.0,9782.0,-120263940.39,IMPS
2022-09-29,INET-IMPS-CR NRSTORES TAMILNAD2461M 048,0.0,5098.0,-120258842.39,IMPS
2022-09-29,NEFT2461HNAAUTOMOBILES-DBSS0IN0426,0.0,7550.0,-120251292.39,NEFT
2022-09-29,2461UPI 128 Dineshkum BARB 77192ybl PaytoM 8b6d2fb 09 2022,0.0,3000.0,-120248292.39,UPI
2022-09-29,MOB-IMPS-CR SRIVENKAT UBI2461,0.0,5098.0,-120243194.39,IMPS
2022-09-30,-CHITHRAAGENCIES2461PRIVATELIMITEDDrawdownFromCASA,365924.0,0.0,-120609118.39,EMI-DEBIT
2022-09-30,ByClgCHNACCTSEC-STATEBANKOF2461INDIASBICHITHRAAGENCIESPLTD,0.0,176966.0,-120432152.39,CHQ
2022-09-30,ByClgCHNACCTSEC-TAMILNAD2461MERCANTILEBANKLTDTMBCHITHRAAGENCIESPLTDPage172of215,0.0,1753.0,-120430399.39,CHQ
2022-09-30,ByClgCHNACCTSEC-PUNJAB2461NATIONALBANKPNBCHITRAAGENCIES,0.0,57661.0,-120372738.39,CHQ
2022-09-30,ByClgCHNACCTSEC-INDIAN2461OVERSEASBANKIOBCHITRAAGENCIES,0.0,24912.0,-120347826.39,CHQ
2022-09-30,ByClgCHNACCTSEC-CITYUNION2461BANKLTDCHITHRAAGENCIESPLTD,0.0,2665.0,-120345161.39,CHQ
2022-09-30,ChqPaid-MICRInward2461Clearing-CASTROLINDIALTD-DEUTSCHEBANKDTB-DEUTSCHEBANK,834549.09,0.0,-121179710.48,CHQ
2022-09-30,NEFT2461TERPRISES-null,0.0,150000.0,-121029710.48,NEFT
2022-09-30,2461UPI 197 JEYAKUMAR SBIN 54254ybl Payment,0.0,7646.0,-121022064.48,UPI
2022-09-30,NEFT2461Cr-34-SRIKUMARANAUTOSPARES- REF,0.0,7000.0,-121015064.48,NEFT
2022-09-30,NEFT2461Cr-98-BHARATHTRADERS- REF,0.0,36997.0,-120978067.48,NEFT
2022-09-30,IBITG170459200OnlineTransaction2461BDP-CNBNETC-BILLDSK-0-CLIENTCODE,6309.74,0.0,-120984377.22,ONLINE-PAYMENT
2022-09-30,UPI CR 227315657129 SUDHAKAR2461R TMBL 978-2okaxis PaytoM AXI4b,0.0,2734.0,-120981643.22,UPI
2022-09-30,2461UPI 439 SASIKUMAR SBIN UPI Sb,0.0,10000.0,-120971643.22,UPI
2022-09-30,MOB-IMPS-CR ROYALARUM Karur2461 1,0.0,1300.0,-120970343.22,IMPS
2022-09-30,MB 120001467667 SRIVINAYAGABIKE24611308 chithraajencies CANARA Srivinayagabikesp 20,0.0,1.0,-120970342.22,IMPS
2022-09-30,NEFT2461Cr-70-PNRSCOOTERHOUSE- 2-CUSTOMER 1-CUSTOMERPAYMENT,0.0,15516.0,-120954826.22,NEFT
2022-09-30,NEFT2461Cr-T015-SRIBALAJIAUTOSTORE-null,0.0,49481.0,-120905345.22,NEFT
2022-09-30,FundsTransferDebit3040255000023ASAIMOTORS,0.0,4683.0,-120900662.22,TRANSFER
2022-09-30,FundsTransferDebit4036261000058SRIVIGNESHAUTO,0.0,5860.0,-120894802.22,TRANSFER
2022-09-30,FundsTransferDebit62141400000046SRIVENKATESHWARATW,0.0,15238.0,-120879564.22,TRANSFER
2022-09-30,CashDeposit MDUPTNAGAR2461,0.0,75000.0,-120804564.22,CASH
2022-09-30,FundsTransferDebit1093201001547PRABHUOILSTORE,0.0,13143.0,-120791421.22,TRANSFER
2022-09-30,IBOAT4985761002397261010137OTH,0.0,250000.0,-120541421.22,TRANSFER
2022-09-30,MOB-IMPS-CR AbdulKade INDIAN24617 6 Page173of215,0.0,100000.0,-120441421.22,IMPS
2022-09-30,INET-IMPS-CR SRIVISHNU ICICI24618874 cas 2022,0.0,53445.0,-120387976.22,IMPS
2022-10-01,FolioamtFixed2461,7375.0,0.0,-120395351.22,BANK-CHARGES
2022-10-01,CASADebitInterestCapitalized2461,866457.0,0.0,-121261808.22,INTEREST-PAID
2022-10-01,ByClgCHNACCTSEC-INDIAN2461OVERSEASBANKIOBCHITHRAAGENCIESPLTD,0.0,27555.0,-121234253.22,CHQ
2022-10-01,ByClgCHNACCTSEC-ICICIBANKLTD2461chithraagenciespltds,0.0,2183.0,-121232070.22,CHQ
2022-10-01,ByClgCHNACCTSEC-INDIANBANK2461INBchithraagenciespltd,0.0,45261.0,-121186809.22,CHQ
2022-10-01,ByClgCHNACCTSEC-TAMILNAD2461MERCANTILEBANKLTDTMBchithraagenciespltd,0.0,9101.0,-121177708.22,CHQ
2022-10-01,ByClgCHNACCTSEC-KARURVYSYA2461BANKLTDKVBCHITHRAAGENCIESPLTD,0.0,3319.0,-121174389.22,CHQ
2022-10-01,ByClgCHNACCTSEC-TAMILNAD2461MERCANTILEBANKLTDTMBCHITRAAGENCIES,0.0,3507.0,-121170882.22,CHQ
2022-10-01,ByClgCHNACCTSEC-TAMILNAD2461MERCANTILEBANKLTDTMBCHITHRAAGENCIESPLTD,0.0,26285.0,-121144597.22,CHQ
2022-10-01,ByClgCHNACCTSEC-STATEBANKOF2461INDIASBICHITHRAAGENCIESPLTD,0.0,45989.0,-121098608.22,CHQ
2022-10-01,ByClgCHNACCTSEC-KARURVYSYA2461BANKLTDKVBchithraagenciespvtltd,0.0,7346.0,-121091262.22,CHQ
2022-10-01,ByClgCHNACCTSEC-HDFCBANK2461LTDchithraagenciespltd,0.0,11038.0,-121080224.22,CHQ
2022-10-01,ByClgCHNACCTSEC-INDIAN2461OVERSEASBANKIOBCHITHRAAGENCIESPLTD,0.0,75117.0,-121005107.22,CHQ
2022-10-01,ByClgCHNACCTSEC-BANKOFINDIA2461BOICHITRA,0.0,6436.0,-120998671.22,CHQ
2022-10-01,ByClgCHNACCTSEC-ICICIBANKLTD2461CHITRA,0.0,11585.0,-120987086.22,CHQ
2022-10-01,NEFT24610IN0426-THECHAKRAAUTOLINK-DBSS0IN0426,0.0,35710.0,-120951376.22,NEFT
2022-10-01,NEFT2461Cr-55-AARTHIAGROAGENCIES-AARTHIAGROAGENCIES,0.0,20400.0,-120930976.22,NEFT
2022-10-01,NEFT2461Cr-43-SKAUTOSPARES-OTHERS,0.0,9600.0,-120921376.22,NEFT
2022-10-01,IBOAT59297760030542010002292461OnlineTransactionOTH-,310000.0,0.0,-121231376.22,TRANSFER
2022-10-01,MB 62081400000335 PMVAUTO2461STRAAGENCIES CAN 2022,0.0,10000.0,-121221376.22,IMPS
2022-10-01,NEFT2461Cr-53-MAKESHLAKSHMIAUTOSTORES-OTHERS,0.0,7017.0,-121214359.22,NEFT
2022-10-02,INET-IMPS-CR Customer IOBN22461 241 kayyem0,0.0,5313.0,-121209046.22,IMPS
2022-10-02,IBITG1208367001200014704382461OTH-RepayloantoAgenciesmdu,0.0,500000.0,-120709046.22,TRANSFER
2022-10-02,INET-IMPS-CR JEYAAUTO TAMILNAD2461M 146 Page174of215,0.0,10266.0,-120698780.22,IMPS
2022-10-02,MB 4861255000004 ANBALAGAN2461M 8 CHITHRAAGENCIES CANARA anbueri 49,0.0,4000.0,-120694780.22,IMPS
2022-10-03,NEFT2461Cr-30-SIDDHESHAUTOSPARES- REF,0.0,33349.0,-120661431.22,NEFT
2022-10-03,ByClgCHNACCTSEC-IDBIBANKLTD2461CHITHRAAGENCIESPLTD,0.0,11787.0,-120649644.22,CHQ
2022-10-03,ByClgCHNACCTSEC-STATEBANKOF2461INDIASBICHITHRAAGENCIESPLTD,0.0,7241.0,-120642403.22,CHQ
2022-10-03,ByClgCHNACCTSEC-TAMILNAD2461MERCANTILEBANKLTDTMBCHITHRAAGENCIESPLTD,0.0,5735.0,-120636668.22,CHQ
2022-10-03,ByClgCHNACCTSEC-TAMILNAD2461MERCANTILEBANKLTDTMBCHITHRAAGENCIESPLTD,0.0,7725.0,-120628943.22,CHQ
2022-10-03,ByClgCHNACCTSEC-BANKOF2461BARODABOBCHITHRAAGENCIESPLTD,0.0,12611.0,-120616332.22,CHQ
2022-10-03,ByClgCHNACCTSEC-CITYUNION2461BANKLTDCHITHRAAGENCIESPLTD,0.0,7103.0,-120609229.22,CHQ
2022-10-03,ByClgCHNACCTSEC-TAMILNAD2461MERCANTILEBANKLTDTMBCHITHRAAGENCIESPLTD,0.0,5000.0,-120604229.22,CHQ
2022-10-03,ByClgCHNACCTSEC-ICICIBANKLTD2461CHITHRAAGENCIESPLTD,0.0,10000.0,-120594229.22,CHQ
2022-10-03,ByClgCHNACCTSEC-AXISBANKLTD2461CHITHRAAGENCIESPLTD,0.0,2975.0,-120591254.22,CHQ
2022-10-03,ByClgCHNACCTSEC-AXISBANKLTD2461CHITHRAAGENCIESPLTD,0.0,24126.0,-120567128.22,CHQ
2022-10-03,ByClgCHNACCTSEC-CITYUNION2461BANKLTDCHITHRAAGENCIESPLTD,0.0,3000.0,-120564128.22,CHQ
2022-10-03,ByClgCHNACCTSEC-BANKOF2461BARODABOBCHITHRAAGENCIESPLTD,0.0,6909.0,-120557219.22,CHQ
2022-10-03,ByClgCHNACCTSEC-CITYUNION2461BANKLTDCHITHRAAGENCIESPLTD,0.0,6169.0,-120551050.22,CHQ
2022-10-03,ChqPaid-MICRInward2461Clearing-CASTROLINDIALTD-DEUTSCHEBANKDTB-DEUTSCHEBANK,779321.1,0.0,-121330371.32,CHQ
2022-10-03,NEFT2461Cr-98-VSKAUTOMOBILES- URGENT,0.0,11919.0,-121318452.32,NEFT
2022-10-03,NEFT2461Cr-98-VSKAUTOMOBILES- URGENT,0.0,50000.0,-121268452.32,NEFT
2022-10-03,NEFT2461Cr-43-SRIGANESHAUTOPARTS-OTHERS,0.0,5044.0,-121263408.32,NEFT
2022-10-03,FundsTransferDebit1011261000400-M2461RAUTOSTORE,0.0,3514.0,-121259894.32,TRANSFER
2022-10-03,FundsTransferDebit-PARVATHY2461TRADECENTRE,33033.0,0.0,-121292927.32,TRANSFER
2022-10-03,NEFT2461Cr-64-SUNDARAMCO- ATTN Chi,0.0,8629.0,-121284298.32,NEFT
2022-10-03,FundsTransferDebit3315201000036THIRUMURUGANAUTOSP,0.0,9251.0,-121275047.32,TRANSFER
2022-10-03,NEFT2461Cr-81-SRIVIGNESHMOTORS-OTHERS,0.0,3558.0,-121271489.32,NEFT
2022-10-03,INET-IMPS-CR CHOCKALING TAMILNADM 127100050305379 2461,0.0,10241.0,-121261248.32,IMPS
2022-10-03,MB 3315261000010 CROWNTRADER2461M S 8 CHITHRAAGENCIES CANARA crownvedasa 2022,0.0,8760.0,-121252488.32,IMPS
2022-10-03,CashDepositMDUPTNAGAR2461,0.0,100000.0,-121152488.32,CASH
2022-10-03,NEFT2461Cr-15-DUBAIAUTOTYRES- ATTN trf,0.0,7550.0,-121144938.32,NEFT
2022-10-03,UPI CR 227603813899 MrK2461ALAG IDIB cbank UPI HDFc,0.0,1400.0,-121143538.32,UPI
2022-10-03,FundsTransferDebit120001470438SRIRAMG,0.0,5800000.0,-115343538.32,TRANSFER
2022-10-03,NEFT2461Cr-06-NEWRPSAUTOSPARES-OTHERS,0.0,1205.0,-115342333.32,NEFT
2022-10-03,NEFT2461Cr-98-ASHIKAAUTOSPARES- REF,0.0,3000.0,-115339333.32,NEFT
2022-10-03,NEFT2461Cr-21-SRIBALAJIAUTOSPARES- ATTN BAL,0.0,7550.0,-115331783.32,NEFT
2022-10-03,NEFT2461Cr-51-SPSTORE-OTHERS,0.0,7316.0,-115324467.32,NEFT
2022-10-03,NEFT2461MMANAUTOSTORE-null,0.0,6832.0,-115317635.32,NEFT
2022-10-03,UPI CR 227611278271 SRI2461VEERA TMBL s PaytoM b,0.0,10170.0,-115307465.32,UPI
2022-10-03,NEFT2461Cr-48-JAYAAUTOPARTS- ATTN INB,0.0,24926.0,-115282539.32,NEFT
2022-10-03,NEFT2461Cr-52-SRIKRISHNAAUTOPARTS-null,0.0,2273.0,-115280266.32,NEFT
2022-10-03,NEFT2461Cr-81-VIGNESHAUTOSPARES-OTHERS,0.0,13429.0,-115266837.32,NEFT
2022-10-03,INET-IMPS-CR SRIVISHNU ICICI24618874 cas 2022,0.0,9762.0,-115257075.32,IMPS
2022-10-04,ByClgCHNACCTSEC-PANDYAN2461GRAMABPURAMSTPACHITHRAAGENCIESPRIVATELIMITED,0.0,7100.0,-115249975.32,CHQ
2022-10-04,ByClgCHNACCTSEC-INDIAN2461OVERSEASBANKIOBCHITHRAAGENCIESPRIVATELIMITED,0.0,10000.0,-115239975.32,CHQ
2022-10-04,ByClgCHNACCTSEC-TAMILNAD2461MERCANTILEBANKLTDTMBCHITHRAAGENCIESPRIVATELIMITED,0.0,123972.0,-115116003.32,CHQ
2022-10-04,ByClgCHNACCTSEC-FEDERALBANK2461LTDFBLCHITHRAAGENCIESPRIVATELIMITED,0.0,3384.0,-115112619.32,CHQ
2022-10-04,ByClgCHNACCTSEC-FEDERALBANK2461LTDFBLCHITHRAAGENCIESPage176of215PRIVATELIMITED,0.0,10840.0,-115101779.32,CHQ
2022-10-04,ByClgCHNACCTSEC-KARURVYSYA2461BANKLTDKVBCHITHRAAGENCIESPRIVATELIMITED,0.0,4518.0,-115097261.32,CHQ
2022-10-04,ByClgCHNACCTSEC-TAMILNAD2461MERCANTILEBANKLTDTMBCHITHRAAGENCIESPRIVATELIMITED,0.0,23617.0,-115073644.32,CHQ
2022-10-04,ByClgCHNACCTSEC-KARURVYSYA2461BANKLTDKVBCHITHRAAGENCIESPRIVATELIMITED,0.0,20285.0,-115053359.32,CHQ
2022-10-04,ByClgCHNACCTSEC-INDIAN2461OVERSEASBANKIOBCHITHRAAGENCIESPRIVATELIMITED,0.0,120000.0,-114933359.32,CHQ
2022-10-04,ByClgCHNACCTSEC-BANDHAN2461BANKCHITHRAAGENCIESPRIVATELIMITED,0.0,10998.0,-114922361.32,CHQ
2022-10-04,INET-IMPS-CR ADITYA2461AUT HDFCBASH0,0.0,7583.0,-114914778.32,IMPS
2022-10-04,IBOAT31124660030542010002292461OnlineTransactionOTH-,460000.0,0.0,-115374778.32,TRANSFER
2022-10-05,INET-IMPS-CR MAHADEVAU ICICI24610749 MAH 2022,0.0,20245.0,-115354533.32,IMPS
2022-10-05,UPI CR 227858973095 MSNEW2461TA IDIB UPI Sc9,0.0,2550.0,-115351983.32,UPI
2022-10-05,NEFT2461Cr-43-SRIGANESHAUTOPARTS-OTHERS,0.0,6997.0,-115344986.32,NEFT
2022-10-05,NEFT2461Cr-00-TMSAUTOSPARES-null,0.0,110331.0,-115234655.32,NEFT
2022-10-05,INET-IMPS-CR VINAYAKAA TAMILNAD2461M 884,0.0,3775.0,-115230880.32,IMPS
2022-10-05,NEFT2461Cr-B027-MTHIRUGNANASAMBANDANM- URGENT,0.0,6687.0,-115224193.32,NEFT
2022-10-05,2461UPI 469 RAJAPANDI TMBL 81897ibl PaytoM I,0.0,631.0,-115223562.32,UPI
2022-10-05,NEFT2461ARAJAUTOSTORE-null,0.0,2643.0,-115220919.32,NEFT
2022-10-05,IBNEFTDrP278220195102794ARUN2461POLYMERSRepayloantoAP,100000.0,0.0,-115320919.32,NEFT
2022-10-05,SCNEFTOTHERTHANSBIMB2461,6.0,0.0,-115320925.32,BANK-CHARGES
2022-10-06,IBOAT314454002397261010137Online2461TransactionOTH-,1120000.0,0.0,-116440925.32,TRANSFER
2022-10-06,INET-IMPS-CR SREEVINAY TAMILNAD2461M 247,0.0,2372.0,-116438553.32,IMPS
2022-10-06,NEFT2461KRISHNAAUTOPARTS-Haritochidraage,0.0,37750.0,-116400803.32,NEFT
2022-10-06,UPI CR 227967264399 KARPAGA2461V BKID s PaytoM Page177of215,0.0,7000.0,-116393803.32,UPI
2022-10-06,SL-GST-NORMALCHARGE2461,19.62,0.0,-116393822.94,BANK-CHARGES
2022-10-06,COMM-NeSLFEESDP61ONLY2461,109.0,0.0,-116393931.94,OTHER-DEBITS
2022-10-06,UPI CR 227985804882 V2461PERUMAL SBIN 010-1oksbi shri SBIa7b 10 2022,0.0,3491.0,-116390440.94,UPI
2022-10-06,INET-IMPS-CR Customer IOBN22461 105 Sathiy 2022,0.0,3647.0,-116386793.94,IMPS
2022-10-06,MB 62002010077696 SUBRAMANIANR2461M 8 CASTROL CANARA ARAutopartsMaduraiSubrama 2022,0.0,10000.0,-116376793.94,IMPS
2022-10-06,MB 1349108318553 KUMARESAN2461S 8 CHITHRAAGENCIES CAN 2022,0.0,1000.0,-116375793.94,IMPS
2022-10-06,MB 1349108318553 KUMARESAN2461S 8 CHITHRAAGENCIES CAN 2022,0.0,300.0,-116375493.94,IMPS
2022-10-06,UPI CR 227969797405 SRI2461VINAY KVBL cbank UPI 32acdf 10 2022,0.0,3809.0,-116371684.94,UPI
2022-10-06,NEFT2461URUGANAUTOSTOR-velmurugandvk,0.0,14516.0,-116357168.94,NEFT
2022-10-06,MOB-IMPS-CR AbdulKade INDIAN24617 Deposit6,0.0,100000.0,-116257168.94,IMPS
2022-10-06,IBOAT2894076003054201000229OTH,0.0,310000.0,-115947168.94,TRANSFER
2022-10-06,UPI CR 227917658767 Mr2461Dhanes CIUB 38186ybl Payment,0.0,5000.0,-115942168.94,UPI
2022-10-06,INET-IMPS-CR CHOCKALING TAMILNADM 127100050305379 2461,0.0,4040.0,-115938128.94,IMPS
2022-10-06,FundsTransferDebit1093201001547PRABHUOILSTORE,0.0,13266.0,-115924862.94,TRANSFER
2022-10-06,FundsTransferDebit1011282000079-S2461KSAUTOCENTRE,0.0,15000.0,-115909862.94,TRANSFER
2022-10-06,FundsTransferDebit4036261000058SRIVIGNESHAUTO,0.0,51307.0,-115858555.94,TRANSFER
2022-10-06,UPI CR 227972854186 VSAUTO2461 CNRB cbank UPI H766acfe 10 2022,0.0,20899.0,-115837656.94,UPI
2022-10-06,IBITG37071290010112820000862461OTH-CHITRAAGENCIESPLTDBILLPAYMENT,0.0,161387.0,-115676269.94,TRANSFER
2022-10-06,UPI CR 227995253301 Mrs2461RAMYA IDIB ramyaoksbi UPI 2ef,0.0,2400.0,-115673869.94,UPI
2022-10-06,NEFT2461Cr-98-BHARATHTRADERS- REF,0.0,30200.0,-115643669.94,NEFT
2022-10-06,UPI CR 227945240924 OM2461SAKTHI SBIN otorsokicici oil Page178of215,0.0,5098.0,-115638571.94,UPI
2022-10-06,IBITG4451841001250026715182461OTH-CarLoan,0.0,285964.0,-115352607.94,TRANSFER
2022-10-06,MB 3315261000010 CROWNTRADER2461M S 8 CHITHRAAGENCIES CANARA crownvedasa 2022,0.0,2986.0,-115349621.94,IMPS
2022-10-06,NEFT2461Cr-50-SUBBIAHAGENCYS- ATTN,0.0,20863.0,-115328758.94,NEFT
2022-10-06,INET-IMPS-CR SARAVANAA TAMILNAD2461M 762,0.0,2959.0,-115325799.94,IMPS
2022-10-06,MOB-IMPS-CR AMAAUTO TheState2461 MOBLTA 2022,0.0,5314.0,-115320485.94,IMPS
2022-10-06,NEFT2461Cr-88-SWAMYAUTOSPAREPARTS-null,0.0,33923.0,-115286562.94,NEFT
2022-10-06,NEFT24610000001-JCFUELSANDLUBES-jcflpkm,0.0,14976.0,-115271586.94,NEFT
2022-10-06,UPI CR 227962445511 PRAKASH2461G CNRB ci PaytoM ICb 10 2022,0.0,7640.0,-115263946.94,UPI
2022-10-06,NEFT2461THUPANDICHINNAP-null,0.0,6966.0,-115256980.94,NEFT
2022-10-06,NEFT2461AUTOMOBILES-Prem,0.0,42000.0,-115214980.94,NEFT
2022-10-06,-CHITHRAAGENCIES2461PRIVATELIMITEDDrawdownFromCASA,385.86,0.0,-115215366.8,EMI-DEBIT
2022-10-06,-CHITHRAAGENCIES2461PRIVATELIMITEDDrawdownFromCASA,128.62,0.0,-115215495.42,EMI-DEBIT
2022-10-07,INET-IMPS-CR NAGAPPAAU INDIAN24619 NAGAPPA4,0.0,6040.0,-115209455.42,IMPS
2022-10-07,ByClgCHNACCTSEC-PANDYAN2461GRAMABPURAMSTPAchithraagenciespltd,0.0,13006.0,-115196449.42,OUTWARD-RETURN
2022-10-07,ChqPaid-MICRInwardClearing-SELVA2461KUMARE-UNIONBANKOFINDIAUBI-UNIONBANKOFINDIA,4300.0,0.0,-115200749.42,CHQ
2022-10-07,ChqPaid-MICRInward2461Clearing-CASTROLINDIALTD-DEUTSCHEBANKDTB-DEUTSCHEBANK,2454648.47,0.0,-117655397.89,CHQ
2022-10-07,ByClgCHNACCTSEC-INDIAN2461OVERSEASBANKIOBchithraagenciespltd,0.0,14537.0,-117640860.89,CHQ
2022-10-07,ByClgCHNACCTSEC-INDIAN2461OVERSEASBANKIOBchithraagenciespltd,0.0,10000.0,-117630860.89,CHQ
2022-10-07,ByClgCHNACCTSEC-ICICIBANKLTD2461chithraagenciespltd,0.0,11779.0,-117619081.89,CHQ
2022-10-07,ByClgCHNACCTSEC-INDIAN2461OVERSEASBANKIOBchithraagenciespltd,0.0,120000.0,-117499081.89,CHQ
2022-10-07,ByClgCHNACCTSEC-AXISBANKLTD2461chithraagenciespltd,0.0,10887.0,-117488194.89,CHQ
2022-10-07,ByClgCHNACCTSEC-INDIANBANK2461INBchithraagenciespltd,0.0,33119.0,-117455075.89,CHQ
2022-10-07,MB 1349108318553 KUMARESAN2461S 8 CHITHRAAGENCIES CAN 2022,0.0,11985.0,-117443090.89,IMPS
2022-10-07,NEFT2461LAKSHMITRADING-null,0.0,10743.0,-117432347.89,NEFT
2022-10-07,INET-IMPS-CR SREECHAKR INDIAN2461 pay 2022,0.0,6983.0,-117425364.89,IMPS
2022-10-07,IBOAT1555486003054201000229OTH,0.0,460000.0,-116965364.89,TRANSFER
2022-10-07,CashDeposit DGULNGLNGR2461,0.0,34883.0,-116930481.89,CASH
2022-10-07,CashDeposit DGULNGLNGR2461,0.0,23480.0,-116907001.89,CASH
2022-10-07,IBOAT2050859002397261010137OTH,0.0,410000.0,-116497001.89,TRANSFER
2022-10-07,NEFT2461Cr-81-SRIAYYANARAUTOMOBILES-OTHERS,0.0,47751.0,-116449250.89,NEFT
2022-10-07,UPI CR 228013167379 Rajkumar2461 SBIN oli b,0.0,3000.0,-116446250.89,UPI
2022-10-07,NEFT2461Cr-34-SRIKUMARANAUTOSPARES- REF,0.0,5000.0,-116441250.89,NEFT
2022-10-07,MB 120001467667 SRIVINAYAGABIKE24611308 CHITHRAAGENCIES CANARA Srivinayagabikesp 20,0.0,2000.0,-116439250.89,IMPS
2022-10-07,2461UPI 044 PALANIVEL TMBL 09653apl Velauto APLa 10 2022,0.0,3775.0,-116435475.89,UPI
2022-10-07,FundsTransferDebit1011282000079-S2461KSAUTOCENTRE,0.0,16800.0,-116418675.89,TRANSFER
2022-10-07,IBOAT32162660030542010002292461OnlineTransactionOTH-LoantoAgenciesVIP,1700000.0,0.0,-118118675.89,TRANSFER
2022-10-07,gefuchqreturn-FundsInsufficient2461,13006.0,0.0,-118131681.89,OUTWARD-RETURN
2022-10-07,IBITG378217000OnlineTransaction2461BDP--4,28968.0,0.0,-118160649.89,TRANSFER
2022-10-07,IBITG383330100OnlineTransaction2461BDP--4,3261.0,0.0,-118163910.89,TRANSFER
2022-10-07,2461UPI 003 SHENGISKH BARB khanmybl PaytoM 0,0.0,2075.0,-118161835.89,UPI
2022-10-07,NEFT2461Cr-66-SRILAKSHMIAGENCIES- ATTN INB,0.0,172222.0,-117989613.89,NEFT
2022-10-07,NEFT2461Cr-66-SRILAKSHMIAGENCIES- ATTN INB,0.0,87011.0,-117902602.89,NEFT
2022-10-07,2461UPI 314 ANANDARAJ KVBL 99457ybl Payment YB1409ebdb23ePage180of215,0.0,3000.0,-117899602.89,UPI
2022-10-07,MB6700450 10 2220-47422010002042461,0.0,8870.0,-117890732.89,TRANSFER
2022-10-07,2461UPI 506 CHANDRASE CNRB 76143ybl Payment b,0.0,10000.0,-117880732.89,UPI
2022-10-07,NEFT2461AMAUTOSPARES-null,0.0,25046.0,-117855686.89,NEFT
2022-10-08,OWCHQRTNCHGSNCAOTHTHAN2461IND,354.0,0.0,-117856040.89,OUTWARD-CHARGES
2022-10-08,NEFT2461Cr-27-ABDULLAHAUTOSTORES- ATTN,0.0,100000.0,-117756040.89,NEFT
2022-10-08,MOB-IMPS-CR chithraag TheState2461 10 2022,0.0,2547.0,-117753493.89,IMPS
2022-10-08,UPI CR 228167028835 VEL2461MURU SBIN t2561sbi Paytoa S,0.0,3098.0,-117750395.89,UPI
2022-10-08,MOB-IMPS-CR AbdulKade INDIAN24617 Deposit6,0.0,100000.0,-117650395.89,IMPS
2022-10-08,NEFT2461TERPRISES-null,0.0,180000.0,-117470395.89,NEFT
2022-10-08,IBITG15369520010062610052682461OTH-BILLPAY,0.0,12994.0,-117457401.89,TRANSFER
2022-10-08,NEFT2461Cr-35-SRIGANESHAUTOAGENCY- ATTN Gane,0.0,7818.0,-117449583.89,NEFT
2022-10-08,INET-IMPS-CR SRIITHIRU TAMILNAD2461M 654,0.0,4429.0,-117445154.89,IMPS
2022-10-08,NEFT2461Cr-47-MSMSSSON- ATTN INB,0.0,22380.0,-117422774.89,NEFT
2022-10-08,NEFT2461Cr-47-MSMSSSON- ATTN INB,0.0,82949.0,-117339825.89,NEFT
2022-10-08,INET-IMPS-CR SOMNATHAU ICICI24611134 Chi 2022,0.0,92252.0,-117247573.89,IMPS
2022-10-08,INET-IMPS-CR SOMNATHAU ICICI24611134 CHI 2022,0.0,100000.0,-117147573.89,IMPS
2022-10-10,MB 62081400000335 PMVAUTO2461STRAAGENCIES CAN 2022,0.0,5000.0,-117142573.89,IMPS
2022-10-10,IBOAT301860002397261010137Online2461TransactionOTH-,30000.0,0.0,-117172573.89,TRANSFER
2022-10-10,ByClgCHNACCTSEC-CITYUNION2461BANKLTDCHITHRAAGHENCIESPLTD,0.0,2429.0,-117170144.89,CHQ
2022-10-10,ByClgCHNACCTSEC-TAMILNAD2461MERCANTILEBANKLTDTMBchithraagenciespltd,0.0,9171.0,-117160973.89,CHQ
2022-10-10,ByClgCHNACCTSEC-AXISBANKLTD2461CHITHRAAGENCIESPLTD,0.0,30000.0,-117130973.89,CHQ
2022-10-10,ByClgCHNACCTSEC-KARURVYSYA2461BANKLTDKVBCHITHRAAGENCIESPLTD,0.0,5269.0,-117125704.89,CHQ
2022-10-10,ByClgCHNACCTSEC-TAMILNAD2461MERCANTILEBANKLTDTMBCHITHRAAGENCIESPLTYD,0.0,14068.0,-117111636.89,CHQ
2022-10-10,ByClgCHNACCTSEC-INDIAN2461OVERSEASBANKIOBCHITHRAAGENCIESPLTD,0.0,104487.0,-117007149.89,CHQ
2022-10-10,ByClgCHNACCTSEC-INDIAN2461OVERSEASBANKIOBCHITHRAAGENCIESPLTD,0.0,22066.0,-116985083.89,CHQ
2022-10-10,NEFT2461Cr-43-SRIGANESHAUTOPARTS-OTHERS,0.0,959.0,-116984124.89,NEFT
2022-10-10,INET-IMPS-CR SRIKRISHN TAMILNAD2461M 073,0.0,10464.0,-116973660.89,IMPS
2022-10-10,MB 1349108318553 KUMARESAN2461S 8 CHITHRAAGENCIES CAN 2022,0.0,500.0,-116973160.89,IMPS
2022-10-10,UPI CR 228349694665 J2461PACKIAR IBKL 60006ybl PaytoM,0.0,1000.0,-116972160.89,UPI
2022-10-10,INET-IMPS-CR KRAGENCI TheState2461 M 2022,0.0,25883.0,-116946277.89,IMPS
2022-10-10,INET-IMPS-CR KRAGENCI TheState2461 M 2022,0.0,5350.0,-116940927.89,IMPS
2022-10-10,FundsTransferDebit3001201001227BAVANISRIAUTO,0.0,2330.0,-116938597.89,TRANSFER
2022-10-10,CashDepositPKADAMALAIGUN2461,0.0,15053.0,-116923544.89,CASH
2022-10-10,CashDepositMDUPTNAGAR2461,0.0,200000.0,-116723544.89,CASH
2022-10-10,FundsTransferDebit125002404180KARTHIKAUTOSTORE,0.0,25347.0,-116698197.89,TRANSFER
2022-10-10,INET-IMPS-CR ALEXAUTO TAMILNAD2461M 010,0.0,14681.0,-116683516.89,IMPS
2022-10-10,FundsTransferDebit3315201000036THIRUMURUGANAUTOSP,0.0,2630.0,-116680886.89,TRANSFER
2022-10-10,FundsTransferDebit1011282000079-S2461KSAUTOCENTRE,0.0,6379.0,-116674507.89,TRANSFER
2022-10-10,MOB-IMPS-CR SRIABIRAM DBSBANK2461I 1057 Cas 2022,0.0,50743.0,-116623764.89,IMPS
2022-10-10,NEFT2461Cr-04-VAPSSSELVITRADERS-null,0.0,8479.0,-116615285.89,NEFT
2022-10-10,UPI CR 228379188981 MURUGESH2461 SBIN worksybl PaytoM YBc8ed 10 2022,0.0,3983.0,-116611302.89,UPI
2022-10-10,NEFT2461Cr-35-MARISLUBRICANTS-null,0.0,41194.0,-116570108.89,NEFT
2022-10-10,UPI CR 228388066961 VIJAYA2461KU CNRB ci Oilpanam Ifecbc 10 2022,0.0,4465.0,-116565643.89,UPI
2022-10-10,NEFT2461MMANAUTOSTORE-nullPage182of215,0.0,5647.0,-116559996.89,NEFT
2022-10-10,NEFT2461Cr-76-SRIRAMDEVAUTOSPARES-OTHERS,0.0,7550.0,-116552446.89,NEFT
2022-10-10,UPI CR 228322365902 MOHAMED2461B CNRB ci UPI ICI 10 2022,0.0,4000.0,-116548446.89,UPI
2022-10-10,IBITG56646570010062610052682461OTH-BILLPAY,0.0,10000.0,-116538446.89,TRANSFER
2022-10-10,NEFT2461Cr-53-MAKESHLAKSHMIAUTOSTORES-OTHERS,0.0,7525.0,-116530921.89,NEFT
2022-10-10,NEFT2461Cr-52-SRIKRISHNAAUTOPARTS-null,0.0,7502.0,-116523419.89,NEFT
2022-10-10,NEFT2461HNAAUTOMOBILES-DBSS0IN0426,0.0,7550.0,-116515869.89,NEFT
2022-10-11,CASHHANDLINGCHCAODOCC2461,472.0,0.0,-116516341.89,BANK-CHARGES
2022-10-11,IBOAT139061003054201000229OTH,0.0,550000.0,-115966341.89,TRANSFER
2022-10-11,IBOAT142538002397261010137Online2461TransactionOTH-LoantoAgenciestvl,630000.0,0.0,-116596341.89,TRANSFER
2022-10-11,ByClgCHNACCTSEC-HDFCBANK2461LTDchithraagenciespltd,0.0,5289.0,-116591052.89,CHQ
2022-10-11,ByClgCHNACCTSEC-INDIANBANK2461INBchithraagenciespltd,0.0,8624.0,-116582428.89,CHQ
2022-10-11,ByClgCHNACCTSEC-TAMILNAD2461MERCANTILEBANKLTDTMBchithraagenciespltd,0.0,37010.0,-116545418.89,CHQ
2022-10-11,ByClgCHNACCTSEC-PUNJAB2461NATIONALBANKPNBchithraagenciespltd,0.0,26254.0,-116519164.89,CHQ
2022-10-11,ByClgCHNACCTSEC-TAMILNADU2461INDUSTRIALCO-OPERATIVEBANKchithravagenciespltd,0.0,3673.0,-116515491.89,CHQ
2022-10-11,ByClgCHNACCTSEC-KARURVYSYA2461BANKLTDKVBchithraagenciespltd,0.0,27701.0,-116487790.89,CHQ
2022-10-11,ByClgCHNACCTSEC-KARURVYSYA2461BANKLTDKVBchithraagenciespltd,0.0,40451.0,-116447339.89,CHQ
2022-10-11,ByClgCHNACCTSEC-CENTRALBANK2461OFINDIACBIchithraagenciespltd,0.0,16191.0,-116431148.89,CHQ
2022-10-11,ByClgCHNACCTSEC-KARURVYSYA2461BANKLTDKVBchithraagenciespltd,0.0,10174.0,-116420974.89,CHQ
2022-10-11,ByClgCHNACCTSEC-PUNJAB2461NATIONALBANKPNBchithraagenciespltd,0.0,4364.0,-116416610.89,CHQ
2022-10-11,ByClgCHNACCTSEC-CITYUNION2461BANKLTDchithraagenciesapltd,0.0,10000.0,-116406610.89,CHQ
2022-10-11,ByClgCHNACCTSEC-KARURVYSYA2461BANKLTDKVBchithraagenciespltd,0.0,7550.0,-116399060.89,CHQ
2022-10-11,ByClgCHNACCTSEC-TAMILNAD2461MERCANTILEBANKLTDTMBchithraagenciespltd,0.0,7434.0,-116391626.89,CHQ
2022-10-11,ByClgCHNACCTSEC-KARURVYSYA2461BANKLTDKVBchithraagenciespltd,0.0,15188.0,-116376438.89,CHQ
2022-10-11,ByClgCHNACCTSEC-ICICIBANKLTD2461chithraagenciespltd,0.0,1802.0,-116374636.89,CHQ
2022-10-11,ByClgCHNACCTSEC-KARURVYSYA2461BANKLTDKVBchithraagenciespltd,0.0,50000.0,-116324636.89,CHQ
2022-10-11,ByClgCHNACCTSEC-INDIAN2461OVERSEASBANKIOBchithraagenciepltdPage183of215,0.0,29032.0,-116295604.89,CHQ
2022-10-11,ByClgCHNACCTSEC-TAMILNAD2461MERCANTILEBANKLTDTMBchithraagenciespltd,0.0,49756.0,-116245848.89,CHQ
2022-10-11,ByClgCHNACCTSEC-DBSBANKLTD2461DBSchithraagenciespltd,0.0,3507.0,-116242341.89,CHQ
2022-10-11,ByClgCHNACCTSEC-INDIAN2461OVERSEASBANKIOBchithraagenciespltd,0.0,64589.0,-116177752.89,CHQ
2022-10-11,ByClgCHNACCTSEC-TAMILNAD2461MERCANTILEBANKLTDTMBchithraagenciespltd,0.0,45347.0,-116132405.89,CHQ
2022-10-11,IBOAT423226003054201000229Online2461TransactionOTH-,50000.0,0.0,-116182405.89,TRANSFER
2022-10-11,INET-IMPS-CR Customer IOBN22461 241 kayyem0,0.0,3512.0,-116178893.89,IMPS
2022-10-11,NEFT2461Cr-43-SRIGANESHAUTOPARTS-OTHERS,0.0,3205.0,-116175688.89,NEFT
2022-10-11,MOB-IMPS-CR KSELANGO UBI2461 011 pay 2022,0.0,3000.0,-116172688.89,IMPS
2022-10-11,UPI CR 228461644776 M2461MANIKAN KVBL 23176ybl PaytoM bf7,0.0,2000.0,-116170688.89,UPI
2022-10-11,ChqPaid-MICRInward2461Clearing-CASTROLINDIALTD-DEUTSCHEBANKDTB-DEUTSCHEBANK,413688.55,0.0,-116584377.44,CHQ
2022-10-11,ChqPaid-MICRInward2461Clearing-CASTROLINDIALTD-DEUTSCHEBANKDTB-DEUTSCHEBANK,2369270.67,0.0,-118953648.11,CHQ
2022-10-11,INET-IMPS-CR JOYSAUTO TAMILNAD2461M 112,0.0,5000.0,-118948648.11,IMPS
2022-10-11,UPI CR 228444692512 SAADHANA2461 KVBL 639-1okicici CRBOli ICI,0.0,10000.0,-118938648.11,UPI
2022-10-11,MB 1349108318553 KUMARESAN2461S 8 CHITHRAAGENCIES CAN 2022,0.0,2000.0,-118936648.11,IMPS
2022-10-11,UPI CR 228414655990 MrS2461KANN IDIB PaytoM 1,0.0,2000.0,-118934648.11,UPI
2022-10-11,MB6700450 10 2214-10092010035802461,0.0,7487.0,-118927161.11,TRANSFER
2022-10-11,UPI CR 228488381453 Mr2461VENKAT IDIB cbank PaytoM efd338b 10 2022,0.0,2000.0,-118925161.11,UPI
2022-10-11,UPI CR 228417023281 JOSHUA2461J IBKL ojoshokaxis UPI A,0.0,15000.0,-118910161.11,UPI
2022-10-11,IBOAT3465052003054201000229OTH,0.0,50000.0,-118860161.11,TRANSFER
2022-10-11,NEFT2461Cr-91-RENUGABATTERYOILANDTYRES- ATTN INB,0.0,3775.0,-118856386.11,NEFT
2022-10-11,NEFT2461Cr-09-SRIVALATHTHIAMMANAUTOS- FAST,0.0,4710.0,-118851676.11,NEFT
2022-10-11,INET-IMPS-CR SRISELVAK TAMILNAD2461M 052,0.0,3711.0,-118847965.11,IMPS
2022-10-11,2461UPI 946 GUNASEKAR SBIN otorsoksbi oil SBIafc,0.0,2550.0,-118845415.11,UPI
2022-10-11,2461UPI 961 PARAMESHW FDRL sh2-1okicici PaytoM I,0.0,2000.0,-118843415.11,UPI
2022-10-11,UPI CR 228425769915 Mr2461SIVAGN CBIN s PaytoM 55a4d5aec4 2022,0.0,1340.0,-118842075.11,UPI
2022-10-11,2461UPI 446 SASIKUMAR SBIN UPI Sea 10 2022,0.0,5000.0,-118837075.11,UPI
2022-10-11,2461UPI 571 CHANDRASE CNRB 76143ybl Payment af 10 2022,0.0,5000.0,-118832075.11,UPI
2022-10-12,ByClgCHNACCTSEC-UNIONBANKOF2461INDIAUBIchithraagenciespltd,0.0,5171.0,-118826904.11,CHQ
2022-10-12,ChqPaid-MICRInward2461Clearing-RAMMOHANS-BANKOFBARODABOB-BANKOFBARODA,30000.0,0.0,-118856904.11,CHQ
2022-10-12,ByClgCHNACCTSEC-UNIONBANKOF2461INDIAUBIchithraagenciespltd,0.0,11740.0,-118845164.11,CHQ
2022-10-12,ByClgCHNACCTSEC-FEDERALBANK2461LTDFBLchithraagenciespltd,0.0,3385.0,-118841779.11,CHQ
2022-10-12,ByClgCHNACCTSEC-INDIAN2461OVERSEASBANKIOBchithraagenciespltd,0.0,20000.0,-118821779.11,CHQ
2022-10-12,ByClgCHNACCTSEC-AXISBANKLTD2461chithraagenciespltd,0.0,5825.0,-118815954.11,CHQ
2022-10-12,ByClgCHNACCTSEC-CITYUNION2461BANKLTDchithraagenciespltd,0.0,6924.0,-118809030.11,CHQ
2022-10-12,ByClgCHNACCTSEC-BANKOFINDIA2461BOIchithraagenciespltd,0.0,6949.0,-118802081.11,CHQ
2022-10-12,ByClgCHNACCTSEC-INDIANBANK2461INBchithraagenciespltd,0.0,10000.0,-118792081.11,CHQ
2022-10-12,ChqPaid-MICRInward2461Clearing-CASTROLINDIALTD-DEUTSCHEBANKDTB-DEUTSCHEBANK,1440351.62,0.0,-120232432.73,CHQ
2022-10-12,ChqPaid-MICRInward2461Clearing-CASTROLINDIALTD-DEUTSCHEBANKDTB-DEUTSCHEBANK,1130393.13,0.0,-121362825.86,CHQ
2022-10-12,UPI CR 228526011731 GEETHA2461G BARB ci Mathano ICd 10 2022,0.0,13000.0,-121349825.86,UPI
2022-10-12,NEFT2461Cr-43-SRIGANESHAUTOPARTS-OTHERSPage185of215,0.0,6154.0,-121343671.86,NEFT
2022-10-12,NEFT2461LUBRICANTS-null,0.0,3387.0,-121340284.86,NEFT
2022-10-12,IBITG14305870010112820000862461OTH-CHITRAAGENCIESPLTDPAYMENT,0.0,223053.0,-121117231.86,TRANSFER
2022-10-12,NEFT2461Cr-53-SMTENTERPRISES-OTHERS,0.0,2336.0,-121114895.86,NEFT
2022-10-12,UPI CR 228536752532 SURESH2461KU SBIN crboil,0.0,9300.0,-121105595.86,UPI
2022-10-12,CashDepositMDUPTNAGAR2461,0.0,150000.0,-120955595.86,CASH
2022-10-12,MB 62081400000335 PMVAUTO2461STRAAGENCIES CAN 2022,0.0,3567.0,-120952028.86,IMPS
2022-10-12,MB 120001158015 SRIESWARI2461MORAAGENCIES CAN 2022,0.0,12223.0,-120939805.86,IMPS
2022-10-12,FundsTransferDebit1057201000395AMMANAUTOSPARES,0.0,8746.0,-120931059.86,TRANSFER
2022-10-12,FundsTransferDebit3315201000036THIRUMURUGANAUTOSP,0.0,7013.0,-120924046.86,TRANSFER
2022-10-12,FundsTransferDebit1007201001201LORRYOWNERSASSOCIA,0.0,7533.0,-120916513.86,TRANSFER
2022-10-12,MOB-IMPS-CR AbdulKade INDIAN24617 Deposit6,0.0,100000.0,-120816513.86,IMPS
2022-10-12,UPI CR 228574571741 PRASATH2461K SBIN 37708ybl Payment fbc8,0.0,3000.0,-120813513.86,UPI
2022-10-12,NEFT2461Cr-69-ANNAIAUTOPARTS-ANNAIAUTOPARTS,0.0,4546.0,-120808967.86,NEFT
2022-10-12,NEFT2461Cr-50-SUBBIAHAGENCYS- ATTN,0.0,15251.0,-120793716.86,NEFT
2022-10-12,MOB-IMPS-CR SSUBBIAH AXB2461,0.0,20000.0,-120773716.86,IMPS
2022-10-12,INET-IMPS-CR SRIVISHNU ICICI24618874 cast 2022,0.0,82392.0,-120691324.86,IMPS
2022-10-12,UPI CR 228525335997 SHANMUGA2461 CNRB dar3yokicici Aravindh 7e,0.0,1000.0,-120690324.86,UPI
2022-10-12,CASHHANDLINGCHCAODOCC2461,354.0,0.0,-120690678.86,BANK-CHARGES
2022-10-13,ByClgCHNACCTSEC-CITYUNION2461BANKLTDCHITHRAAGENCIESPLTD,0.0,2995.0,-120687683.86,CHQ
2022-10-13,ByClgCHNACCTSEC-INDIAN2461OVERSEASBANKIOBCHITHRAAGENCIESPLTD,0.0,7550.0,-120680133.86,CHQ
2022-10-13,ByClgCHNACCTSEC-TAMILNAD2461MERCANTILEBANKLTDTMBCHITHRAAGENCIESPLTD,0.0,7550.0,-120672583.86,CHQ
2022-10-13,ByClgCHNACCTSEC-TAMILNAD2461MERCANTILEBANKLTDTMBCHITHRAAGENCIESPLTD,0.0,2588.0,-120669995.86,CHQ
2022-10-13,ByClgCHNACCTSEC-TAMILNAD2461MERCANTILEBANKLTDTMBCHITHRAAGENCIESPLTD,0.0,33966.0,-120636029.86,CHQ
2022-10-13,ByClgCHNACCTSEC-AXISBANKLTD2461CHITHRAAGENCIESPLTD,0.0,30000.0,-120606029.86,CHQ
2022-10-13,ByClgCHNACCTSEC-INDIAN2461OVERSEASBANKIOBCHITHRAAGENCIESPLTD,0.0,17073.0,-120588956.86,CHQ
2022-10-13,ChqPaid-MICRInwardClearing-SEETHA2461TR-BANKOFBARODABOB-BANKOFBARODA,20000.0,0.0,-120608956.86,CHQ
2022-10-13,ChqPaid-MICRInward2461Clearing-CASTROLINDIALTD-DEUTSCHEBANKDTB-DEUTSCHEBANK,45886.83,0.0,-120654843.69,CHQ
2022-10-13,UPI CR 228660047900 KARPAGA2461V BKID s PaytoM e,0.0,3000.0,-120651843.69,UPI
2022-10-13,INET-IMPS-CR ACNMOTORS INDIAN24612 Tran 2022,0.0,13626.0,-120638217.69,IMPS
2022-10-13,CashDeposit MDUPTNAGAR2461,0.0,100000.0,-120538217.69,CASH
2022-10-13,MB 3315261000010 CROWNTRADER2461M S 8 CHITHRAAGENCIES CANARA crownvedasa 2022,0.0,11974.0,-120526243.69,IMPS
2022-10-13,2461UPI 194 AHASTINRA IOBA cbank PaytoM,0.0,2000.0,-120524243.69,UPI
2022-10-13,IBITG2758630001200014704382461OTH-TransfertoAgenciesmdu,0.0,500000.0,-120024243.69,TRANSFER
2022-10-13,NEFT2461Cr-46-UMAR-null,0.0,6530.0,-120017713.69,NEFT
2022-10-13,FundsTransferDebit120001470438SRIRAMG,0.0,3500000.0,-116517713.69,TRANSFER
2022-10-13,NEFT2461Cr-00-THIRUNAVUKARASUAUTOSTORE- Autostore,0.0,3000.0,-116514713.69,NEFT
2022-10-13,NEFT2461Cr-93-SELVITYRES-null,0.0,92144.0,-116422569.69,NEFT
2022-10-13,NEFT2461AUTOSTORE-null,0.0,19796.0,-116402773.69,NEFT
2022-10-13,NEFT2461Cr-88-SWAMYAUTOSPAREPARTS-null,0.0,39200.0,-116363573.69,NEFT
2022-10-13,NEFT2461Cr-48-JAYAAUTOPARTS- ATTN INB,0.0,2739.0,-116360834.69,NEFT
2022-10-13,IBOAT52226420023972610101372461OnlineTransactionOTH-LoantoAgenciesTvl,1200000.0,0.0,-117560834.69,TRANSFER
2022-10-13,IBOAT52296430030542010002292461OnlineTransactionOTH-,452000.0,0.0,-118012834.69,TRANSFER
2022-10-13,MOB-IMPS-CR Manikandan INDIAN24610 RAGAVIPage187of2156,0.0,7251.0,-118005583.69,IMPS
2022-10-14,ByClgCHNACCTSEC-CITYUNION2461BANKLTDCHITHRAAGENCIESPLTD,0.0,3629.0,-118001954.69,CHQ
2022-10-14,ByClgCHNACCTSEC-INDIAN2461OVERSEASBANKIOBCHITHRAAGENCIESPLTD,0.0,10000.0,-117991954.69,CHQ
2022-10-14,ByClgCHNACCTSEC-INDIAN2461OVERSEASBANKIOBCHITHRAAGENCIESPLTDF,0.0,20000.0,-117971954.69,CHQ
2022-10-14,ByClgCHNACCTSEC-CITYUNION2461BANKLTDCHITHRAAGENCIESPLTD,0.0,5177.0,-117966777.69,CHQ
2022-10-14,ByClgCHNACCTSEC-STATEBANKOF2461INDIASBIHITHRAAGENCIESPLTD,0.0,15000.0,-117951777.69,CHQ
2022-10-14,ByClgCHNACCTSEC-IDFCBank2461CHITHRAAGENCIESPLTD,0.0,16250.0,-117935527.69,CHQ
2022-10-14,ChqPaid-MICRInward2461Clearing-CASTROLINDIALIMITED-DEUTSCHEBANKDTB-DEUTSCHEBANK,2312713.04,0.0,-120248240.73,CHQ
2022-10-14,MOB-IMPS-CR Manikandan INDIAN24610 RAGAVI6,0.0,135.0,-120248105.73,IMPS
2022-10-14,NEFT246164-PRANIKASPARESLUBRICANTS- URGENT,0.0,10200.0,-120237905.73,NEFT
2022-10-14,NEFT2461Cr-41-MURUGATAMILNADUAUTOSTORE- ATTN INB,0.0,7550.0,-120230355.73,NEFT
2022-10-14,CashDepositMDUPTNAGAR2461,0.0,240000.0,-119990355.73,CASH
2022-10-14,NEFT2461Cr-T015-SRIBALAJIAUTOSTORE-null,0.0,141627.0,-119848728.73,NEFT
2022-10-14,NEFT2461Cr-43-SKAUTOSPARES-OTHERS,0.0,5791.0,-119842937.73,NEFT
2022-10-14,2461UPI 627 THAMARAIK KVBL cbank PaytoM HDFf,0.0,5000.0,-119837937.73,UPI
2022-10-14,MOB-IMPS-CR SENTHILNAT Karur2461 7,0.0,7688.0,-119830249.73,IMPS
2022-10-14,UPI CR 228721478640 Mrs2461CHITR CBIN ci PaytoM de,0.0,1000.0,-119829249.73,UPI
2022-10-14,MOB-IMPS-CR SELVARAJA INDIAN2461 9,0.0,11650.0,-119817599.73,IMPS
2022-10-14,NEFT2461MMANAUTOSTORE-null,0.0,8032.0,-119809567.73,NEFT
2022-10-14,FundsTransferDebit1093201001547PRABHUOILSTORE,0.0,10829.0,-119798738.73,TRANSFER
2022-10-14,NEFT2461NYAAUTOPARTS-saranyadgl,0.0,3744.0,-119794994.73,NEFT
2022-10-14,NEFT2461URUGANAUTOSTOR-velmurugandvk,0.0,19011.0,-119775983.73,NEFT
2022-10-14,IBOAT3421958003054201000229OTH,0.0,452000.0,-119323983.73,TRANSFER
2022-10-14,SCNEFTOTHERTHANSBIMB2461,700029.0,0.0,-120024012.73,NEFT
2022-10-14,NEFT2461Cr-50-SUBBIAHAGENCYS- ATTN,0.0,15347.0,-120008665.73,NEFT
2022-10-14,IBOAT3603985003054201000229OTH,0.0,700000.0,-119308665.73,TRANSFER
2022-10-14,UPI CR 228794465413 MrS2461KANN IDIB UPI SBIcae5fcb 80633,0.0,3000.0,-119305665.73,UPI
2022-10-14,NEFT2461Cr-47-MSMSSSON- ATTN INB,0.0,34204.0,-119271461.73,NEFT
2022-10-14,2461UPI 077 ANANDARAJ KVBL 99457ybl Payment YBL4de1c 10 2022,0.0,3000.0,-119268461.73,UPI
2022-10-14,NEFT2461Cr-66-SRILAKSHMIAGENCIES- ATTN INB,0.0,64945.0,-119203516.73,NEFT
2022-10-14,NEFT2461Cr-53-SRIRAGAVENDRAAUTOSTORE-OTHERS,0.0,5676.0,-119197840.73,NEFT
2022-10-14,NEFT2461AUTOMOBILES-Prem,0.0,47417.0,-119150423.73,NEFT
2022-10-14,CASHHANDLINGCHCAODOCC2461,566.0,0.0,-119150989.73,BANK-CHARGES
2022-10-15,MB 62002010077696 SUBRAMANIANR2461M 8 CASTROL CANARA ARAutopartsMaduraiSubrama 2022,0.0,3000.0,-119147989.73,IMPS
2022-10-15,ByClgCHNACCTSEC-TAMILNAD2461MERCANTILEBANKLTDTMBchithraagenciespltd,0.0,8064.0,-119139925.73,CHQ
2022-10-15,ByClgCHNACCTSEC-INDIAN2461OVERSEASBANKIOBC,0.0,21828.0,-119118097.73,CHQ
2022-10-15,ByClgCHNACCTSEC-STATEBANKOF2461INDIASBIc,0.0,2466.0,-119115631.73,CHQ
2022-10-15,ByClgCHNACCTSEC-BANKOF2461BARODABOBchithraagenciespltd,0.0,42012.0,-119073619.73,CHQ
2022-10-15,ByClgCHNACCTSEC-TAMILNAD2461MERCANTILEBANKLTDTMBchithraagenciespltd,0.0,9966.0,-119063653.73,CHQ
2022-10-15,ByClgCHNACCTSEC-INDIANBANK2461INBC,0.0,15000.0,-119048653.73,CHQ
2022-10-15,ByClgCHNACCTSEC-INDUSINDBANK2461LTDchithraagenciespltd,0.0,6000.0,-119042653.73,CHQ
2022-10-15,ByClgCHNACCTSEC-INDIAN2461OVERSEASBANKIOBchithraagenciespltd,0.0,6045.0,-119036608.73,CHQ
2022-10-15,ByClgCHNACCTSEC-TAMILNAD2461MERCANTILEBANKLTDTMBchithraagenciespltd,0.0,8585.0,-119028023.73,CHQ
2022-10-15,ByClgCHNACCTSEC-UNIONBANKOF2461INDIAUBIchithraagenciespltd,0.0,7014.0,-119021009.73,CHQ
2022-10-15,ByClgCHNACCTSEC-IDBIBANKLTD2461chithraagenciespltd,0.0,20000.0,-119001009.73,CHQ
2022-10-15,ByClgCHNACCTSEC-AXISBANKLTD2461chithraagenciespltdPage189of215,0.0,6000.0,-118995009.73,OUTWARD-RETURN
2022-10-15,ByClgCHNACCTSEC-TAMILNAD2461MERCANTILEBANKLTDTMBcnhithraagenciespl,0.0,7000.0,-118988009.73,CHQ
2022-10-15,ByClgCHNACCTSEC-HDFCBANK2461LTDchithraagenciespltd,0.0,7726.0,-118980283.73,CHQ
2022-10-15,ByClgCHNACCTSEC-BANDHAN2461BANKchithraagenciespltd,0.0,24395.0,-118955888.73,CHQ
2022-10-15,ByClgCHNACCTSEC-INDIAN2461OVERSEASBANKIOBchithraagenciespltd,0.0,120000.0,-118835888.73,CHQ
2022-10-15,ByClgCHNACCTSEC-BANKOF2461BARODABOBchithraagenciespltd,0.0,9556.0,-118826332.73,CHQ
2022-10-15,NEFT2461ANDLYDIATRADER-null,0.0,35065.0,-118791267.73,NEFT
2022-10-15,NEFT2461TERPRISES-null,0.0,100000.0,-118691267.73,NEFT
2022-10-15,MOB-IMPS-CR AbdulKade INDIAN24617 Deposit6,0.0,100000.0,-118591267.73,IMPS
2022-10-15,CashDepositMDUPTNAGAR2461,0.0,450000.0,-118141267.73,CASH
2022-10-15,NEFT24610IN0426-THECHAKRAAUTOLINK-DBSS0IN0426,0.0,14516.0,-118126751.73,NEFT
2022-10-15,NEFT24610IN0426-THECHAKRAAUTOLINK-DBSS0IN0426,0.0,33773.0,-118092978.73,NEFT
2022-10-15,2461UPI 211 VEERAKUMA KVBL cbank UPI HDFdfba 10 2022,0.0,6200.0,-118086778.73,UPI
2022-10-15,NEFT2461Cr-02-SAMTRACTORANDSPARESCONTRACT- ATTN INB,0.0,8957.0,-118077821.73,NEFT
2022-10-15,gefuchqreturn-Alterationrequires2461drawersauthenticat,6000.0,0.0,-118083821.73,OUTWARD-RETURN
2022-10-15,TAXIFAREPAIDFORUNITVISITMDU2461SMEBR,1300.0,0.0,-118085121.73,INCOME-TAX
2022-10-15,FundsTransferDebit62091400000486-P2461MMOTORS,0.0,5000.0,-118080121.73,TRANSFER
2022-10-15,NEFT2461Cr-58-RAJENDRAENTERPRISES- REF,0.0,11060.0,-118069061.73,NEFT
2022-10-15,DebitInterestAdjustmentDebit2461,18663.72,0.0,-118087725.45,INTEREST-PAID
2022-10-15,UPI CR 228862323919 Mr2461DINESH IDIB ci UPI dc7cb 10 2022,0.0,10000.0,-118077725.45,UPI
2022-10-15,UPI CR 228892133287 MSTHE2461RO IDIB 998-2okhdfcbank UPI HDf,0.0,10000.0,-118067725.45,UPI
2022-10-15,OWCHQRTNCHGSNCAOTHTHAN2461IND,300.0,0.0,-118068025.45,OUTWARD-CHARGES
2022-10-15,CASHHANDLINGCHCAODOCC2461,1062.0,0.0,-118069087.45,BANK-CHARGES
2022-10-16,-CHITHRAAGENCIES2461PRIVATELIMITEDDrawdownFromCASA,26842.0,0.0,-118095929.45,EMI-DEBIT
2022-10-16,NEFT24610002101-MSJCYCLEMART-nullPage190of215,0.0,7541.0,-118088388.45,NEFT
2022-10-17,NEFT2461Cr-30-SIDDHESHAUTOSPARES- REF,0.0,16578.0,-118071810.45,NEFT
2022-10-17,ByClgCHNACCTSEC-STATEBANKOF2461INDIASBIchithraagenciespltd,0.0,107241.0,-117964569.45,CHQ
2022-10-17,ByClgCHNACCTSEC-PUNJAB2461NATIONALBANKPNBchithrtaagenciespltd,0.0,5137.0,-117959432.45,CHQ
2022-10-17,ByClgCHNACCTSEC-BANKOF2461BARODABOBchithraagenciespltd,0.0,17000.0,-117942432.45,CHQ
2022-10-17,ByClgCHNACCTSEC-TAMILNAD2461MERCANTILEBANKLTDTMBchithraagenciespltd,0.0,11606.0,-117930826.45,CHQ
2022-10-17,ByClgCHNACCTSEC-TAMILNAD2461MERCANTILEBANKLTDTMBchithraagenciespltd,0.0,6660.0,-117924166.45,CHQ
2022-10-17,ByClgCHNACCTSEC-TAMILNAD2461MERCANTILEBANKLTDTMBchithraagenciespltd,0.0,15444.0,-117908722.45,CHQ
2022-10-17,ByClgCHNACCTSEC-AXISBANKLTD2461chithraagenciespltd,0.0,30000.0,-117878722.45,OUTWARD-RETURN
2022-10-17,ByClgCHNACCTSEC-PUNJAB2461NATIONALBANKPNBchithraagenciespltd,0.0,37730.0,-117840992.45,CHQ
2022-10-17,NEFT2461ALAJIAUTOPART-1071,0.0,7550.0,-117833442.45,NEFT
2022-10-17,IBOAT412426002397261010137Online2461TransactionOTH-,2300000.0,0.0,-120133442.45,TRANSFER
2022-10-17,ChqPaid-MICRInward2461Clearing-CASTROLINDIALTD-DEUTSCHEBANKDTB-DEUTSCHEBANK,302559.49,0.0,-120436001.94,CHQ
2022-10-17,NEFT2461Cr-27-ABDULLAHAUTOSTORES- ATTN,0.0,100000.0,-120336001.94,NEFT
2022-10-17,MB 4861101000314 ANBALAGAN2461M 8 CHITHRAAGENCIES CANARA anbueri 57,0.0,5000.0,-120331001.94,IMPS
2022-10-17,UPI CR 229008924031 AMBIGA2461CY CNRB partsybl Payment eb174e 10 2022,0.0,7000.0,-120324001.94,UPI
2022-10-17,INET-IMPS-CR SRIKRISHN TAMILNAD2461M 073,0.0,10000.0,-120314001.94,IMPS
2022-10-17,NEFT2461Cr-12-FGAUTOZONE- ATTN INB,0.0,24703.0,-120289298.94,NEFT
2022-10-17,2461UPI 493 Pitchaipa BARB pandiaxl PaytoM AXLde,0.0,500.0,-120288798.94,UPI
2022-10-17,NEFT2461Cr-55-AARTHIAGROAGENCIES-AARTHIAGROAGENCIES,0.0,17500.0,-120271298.94,NEFT
2022-10-17,FundsTransferDebit1011282000079-S2461KSAUTOCENTRE,0.0,24916.0,-120246382.94,TRANSFER
2022-10-17,INET-IMPS-CR ACNMOTORS INDIAN2461 10 2022,0.0,13626.0,-120232756.94,IMPS
2022-10-17,INET-IMPS-CR SRIMEENAK TAMILNAD2461M 149 Page191of215,0.0,2182.0,-120230574.94,IMPS
2022-10-17,NEFT2461Cr-51-SPSTORE-OTHERS,0.0,10818.0,-120219756.94,NEFT
2022-10-17,MB 1349108318553 KUMARESAN2461S 8 CHITHRAAGENCIES CAN 2022,0.0,2500.0,-120217256.94,IMPS
2022-10-17,gefuchqreturn-Effectsnotcleared2461presentagain,30000.0,0.0,-120247256.94,OUTWARD-RETURN
2022-10-17,NEFT2461HAGAVATHIAUTO-null,0.0,3386.0,-120243870.94,NEFT
2022-10-17,NEFT2461Cr-98-VSKAUTOMOBILES- URGENT,0.0,20906.0,-120222964.94,NEFT
2022-10-17,2461UPI 044 JEYAGANAP CNRB 275-1okhdfcbank PaytoM HDFb 10 2022,0.0,1000.0,-120221964.94,UPI
2022-10-17,NEFT2461Cr-02-SREESHIVAENTERPRISES-OTHERS,0.0,3561.0,-120218403.94,NEFT
2022-10-17,NEFT2461Cr-66-SRILAKSHMIAGENCIES- ATTN INB,0.0,41881.0,-120176522.94,NEFT
2022-10-17,INET-IMPS-CR BALUAUTO TAMILNAD2461M 492,0.0,100000.0,-120076522.94,IMPS
2022-10-17,CASH-BNA-09010901BY01 10 222461,0.0,6000.0,-120070522.94,CASH
2022-10-17,UPI CR 229005395729 THULASI2461R KVBL 21101ybl Payment YBLabffcdd0de6,0.0,7155.0,-120063367.94,UPI
2022-10-17,INET-IMPS-CR Ananthapr IOBN22461 149 SRIGA 29,0.0,10147.0,-120053220.94,IMPS
2022-10-18,OWCHQRTNCHGSNCAOTHTHAN2461IND,300.0,0.0,-120053520.94,OUTWARD-CHARGES
2022-10-18,ByClgCHNACCTSEC-KARURVYSYA2461BANKLTDKVBCHITHRAAGENCIESPLTD,0.0,21854.0,-120031666.94,CHQ
2022-10-18,ByClgCHNACCTSEC-BANKOFINDIA2461BOICHITHRAAGENCIESPLTD,0.0,7584.0,-120024082.94,CHQ
2022-10-18,ByClgCHNACCTSEC-IDBIBANKLTD2461CHITHRAAGENCIESPLTD,0.0,20383.0,-120003699.94,CHQ
2022-10-18,ByClgCHNACCTSEC-CITYUNION2461BANKLTDCHITHRAAGENCIESPLTD,0.0,3629.0,-120000070.94,CHQ
2022-10-18,ByClgCHNACCTSEC-INDIAN2461OVERSEASBANKIOBCHITHRAAGENCIESPLTD,0.0,75109.0,-119924961.94,CHQ
2022-10-18,ByClgCHNACCTSEC-TAMILNAD2461MERCANTILEBANKLTDTMBCHITHRAAGENCIESPLTD,0.0,13540.0,-119911421.94,CHQ
2022-10-18,ByClgCHNACCTSEC-KARURVYSYA2461BANKLTDKVBCHITHRAAGERNCIESPLTYD,0.0,15051.0,-119896370.94,CHQ
2022-10-18,ByClgCHNACCTSEC-AXISBANKLTD2461CHITHRAAGENCIESPLTD,0.0,20183.0,-119876187.94,CHQ
2022-10-18,ByClgCHNACCTSEC-KARURVYSYA2461BANKLTDKVBCHITHRAAGENCIESPLTD,0.0,7550.0,-119868637.94,CHQ
2022-10-18,NEFT2461Cr-36-MEPage192of215LURAHAMEDAUTOS- ATTN,0.0,5000.0,-119863637.94,NEFT
2022-10-18,NEFTCr-000690057389-UBIN0545554-B2461MAUTOSTORES- URGENT,0.0,4401.0,-119859236.94,NEFT
2022-10-18,2461UPI 334 PALANIVEL TMBL 09653apl UPI A5e 10 2022,0.0,3775.0,-119855461.94,UPI
2022-10-18,UPI CR 229192739337 ASWINB2461V SBIN PaytoM bdf1,0.0,1500.0,-119853961.94,UPI
2022-10-18,NEFT2461Cr-87-DHANALAKSHMIAUTOSTORE-null,0.0,6869.0,-119847092.94,NEFT
2022-10-18,FundsTransferDebit62091400000486-P2461MMOTORS,0.0,5356.0,-119841736.94,TRANSFER
2022-10-18,NEFT2461Cr-56-SRIVISHNUTRADERS-SRIVISHNUTRADERS,0.0,10000.0,-119831736.94,NEFT
2022-10-18,IBITG3561188004064256000377OTH,0.0,10000.0,-119821736.94,TRANSFER
2022-10-18,INET-IMPS-CR SRISELVAK TAMILNAD2461M 052,0.0,3668.0,-119818068.94,IMPS
2022-10-18,NEFT2461Cr-98-VSKAUTOMOBILES- URGENT,0.0,3383.0,-119814685.94,NEFT
2022-10-18,NEFT2461Cr-93-MOORTHYMOTORSTORES-OTHERS,0.0,3594.0,-119811091.94,NEFT
2022-10-18,NEFT2461Cr-00-TMSAUTOSPARES-null,0.0,199914.0,-119611177.94,NEFT
2022-10-18,UPI CR 229199468138 Mr2461SIVAGN CBIN s PaytoM AXI2b48f 10 2022,0.0,270.0,-119610907.94,UPI
2022-10-18,bgextensionchargesMDUSMEBR2461,36285.0,0.0,-119647192.94,BG-CHARGES
2022-10-18,INET-IMPS-CR SOMNATHAU ICICI24611134 CHI 2022,0.0,10197.0,-119636995.94,IMPS
2022-10-19,ByClgCHNACCTSEC-TAMILNAD2461MERCANTILEBANKLTDTMBchithraagenciespltd,0.0,12189.0,-119624806.94,CHQ
2022-10-19,ByClgCHNACCTSEC-KARURVYSYA2461BANKLTDKVBchithraagenciespltd,0.0,4518.0,-119620288.94,CHQ
2022-10-19,ChqPaid-MICRInwardClearing-HOTEL2461GOWRIKRISHNA-HDFCBANKLTD-HDFCBANKLTD,16250.0,0.0,-119636538.94,CHQ
2022-10-19,INET-IMPS-CR SSAUTOS TAMILNAD2461M 10 2022,0.0,6392.0,-119630146.94,IMPS
2022-10-19,2461UPI 606 VIGNESH KVBL ci PaytoM d6b4d0aa 10 2022,0.0,635.0,-119629511.94,UPI
2022-10-19,NEFT2461Cr-48-JAYAAUTOPARTS- ATTN INB,0.0,38473.0,-119591038.94,NEFT
2022-10-19,NEFT2461Cr-27-SOUNDARAUTOAGENCIES- ATTN,0.0,5984.0,-119585054.94,NEFT
2022-10-19,UPI CR 229273487903 M2461THIRUMO HDFC cbank UPI dda3,0.0,14241.0,-119570813.94,UPI
2022-10-19,MOB-IMPS-CR AbdulKade INDIAN24617 Deposit6,0.0,100000.0,-119470813.94,IMPS
2022-10-19,NEFT2461Cr-86-SRISOLAIAGRO- REF,0.0,2500.0,-119468313.94,NEFT
2022-10-19,IBITG26025750010112820000862461OTH-CHITRAAGECNIESPAYMENT,0.0,268245.0,-119200068.94,TRANSFER
2022-10-19,UPI CR 229215608041 SRI2461MARUT PUNB 20082upi Srimaru b22b 10 2022,0.0,5056.0,-119195012.94,UPI
2022-10-19,MB 1349108318553 KUMARESAN2461S 8 CHITHRAAGENCIES CAN 2022,0.0,650.0,-119194362.94,IMPS
2022-10-19,UPI CR 229230666577 PRASATH2461K SBIN 37708ybl Payment cf,0.0,4000.0,-119190362.94,UPI
2022-10-19,NEFT2461Cr-B027-ThIRUMANIAUTOSPARES- URGENT,0.0,3507.0,-119186855.94,NEFT
2022-10-19,MB 120001158015 SRIESWARI2461MORAAGENCIES CAN 2022,0.0,7194.0,-119179661.94,IMPS
2022-10-19,MB 120001158015 SRIESWARI2461MORAAGENCIES CAN 2022,0.0,2980.0,-119176681.94,IMPS
2022-10-19,INET-IMPS-CR RAMM2461RADHA TAMILNADM 444,0.0,10657.0,-119166024.94,IMPS
2022-10-19,MB 62081400000335 PMVAUTO2461STRAAGENCIES CAN 2022,0.0,10000.0,-119156024.94,IMPS
2022-10-19,MB 3315261000010 CROWNTRADER2461M S 8 CHITHRAAGENCIES CANARA crownvedasa 2022,0.0,18194.0,-119137830.94,IMPS
2022-10-20,ByClgCHNACCTSEC-TAMILNAD2461MERCANTILEBANKLTDTMBchithraagenciespltd,0.0,3498.0,-119134332.94,CHQ
2022-10-20,ByClgCHNACCTSEC-UNIONBANKOF2461INDIAUBIchithraagenciespltd,0.0,29698.0,-119104634.94,CHQ
2022-10-20,ByClgCHNACCTSEC-INDIAN2461OVERSEASBANKIOBchithraagenciespltd,0.0,6472.0,-119098162.94,CHQ
2022-10-20,ByClgCHNACCTSEC-KARURVYSYA2461BANKLTDKVBchithraagenciespltd,0.0,11239.0,-119086923.94,CHQ
2022-10-20,ByClgCHNACCTSEC-INDIANBANK2461INBchithraagenciespltd,0.0,5122.0,-119081801.94,CHQ
2022-10-20,ByClgCHNACCTSEC-SOUTHINDIAN2461BANKLTDSIBs,0.0,5772.0,-119076029.94,CHQ
2022-10-20,ByClgCHNACCTSEC-HDFCBANK2461LTDchithraagenciespltd,0.0,8563.0,-119067466.94,CHQ
2022-10-20,ByClgCHNACCTSEC-UNIONBANKOF2461INDIAUBIchithraagenciespltd,0.0,7550.0,-119059916.94,CHQ
2022-10-20,ByClgCHNACCTSEC-UNIONBANKOF2461INDIAUBIchithraagenciespltd,0.0,7550.0,-119052366.94,CHQ
2022-10-20,2461MOB-IMPS-CR BLOSSOMTRA BANKOF,0.0,17058.0,-119035308.94,IMPS
2022-10-20,2461UPI 133 THIRUPPAT TMBL 096-1okhdfcbank UPI He2,0.0,6966.0,-119028342.94,UPI
2022-10-20,2461UPI 617 SELVAMANI UTIB ani-1okaxis PaytoM AX3,0.0,3937.0,-119024405.94,UPI
2022-10-20,MB 1349108318553 KUMARESAN2461S 8 CHITHRAAGENCIES CAN 2022,0.0,400.0,-119024005.94,IMPS
2022-10-20,UPI CR 229393001731 U2461PRABHU IOBA 86463ibl PaytoM Iabbd 10 2022,0.0,2500.0,-119021505.94,UPI
2022-10-20,2461UPI 768 RATHINAM TMBL 146-3okaxis Srivina AXdf,0.0,2121.0,-119019384.94,UPI
2022-10-20,FundsTransferDebit4036261000058SRIVIGNESHAUTO,0.0,22620.0,-118996764.94,TRANSFER
2022-10-20,FundsTransferDebit3113201003669VINAYAGAPERUMALAGE,0.0,4347.0,-118992417.94,TRANSFER
2022-10-20,FundsTransferDebit1011261000400-M2461RAUTOSTORE,0.0,3907.0,-118988510.94,TRANSFER
2022-10-20,2461UPI 977 PONNUCHAM BKID hasmyokhdfcbank PaytoM 6cdbac 2022,0.0,5000.0,-118983510.94,UPI
2022-10-20,INET-IMPS-CR JEYAAUTO TAMILNAD2461M 146,0.0,11681.0,-118971829.94,IMPS
2022-10-20,GSTN108201022104665-2092728042461,34.0,0.0,-118971863.94,GST
2022-10-20,2461UPI 978 JEYAKUMAR SBIN 54254ybl Payment Yc 10 2022,0.0,2634.0,-118969229.94,UPI
2022-10-20,GSTN108201022105245-2092728042461,9535.0,0.0,-118978764.94,GST
2022-10-20,INET-IMPS-CR SSAUTOS TAMILNAD2461M 142 CRB8,0.0,11589.0,-118967175.94,IMPS
2022-10-20,NEFT2461Cr-04-RATHINAVELAUTOMOBILES-OTHERS,0.0,2771.0,-118964404.94,NEFT
2022-10-20,UPI CR 229312664179 SRI2461EASWA CIUB ci UPI cd6a Page195of215,0.0,6801.0,-118957603.94,UPI
2022-10-20,UPI CR 229357319578 MrS2461KANN IDIB UPI,0.0,2500.0,-118955103.94,UPI
2022-10-20,2461UPI 069 PONSURESH KVBL amahaybl PaytoM YBLb1d3f 10 2022,0.0,6188.0,-118948915.94,UPI
2022-10-20,UPI CR 229333971575 Mr2461DINESH IDIB ci UPI ca,0.0,5000.0,-118943915.94,UPI
2022-10-21,INET-IMPS-CR Ananthapr IOBN22461 149 SRIGA 05,0.0,10328.0,-118933587.94,IMPS
2022-10-21,ByClgCHNACCTSEC-PANDYAN2461GRAMABPURAMSTPACHITHRAAGENCIESPLTD,0.0,6898.0,-118926689.94,CHQ
2022-10-21,ByClgCHNACCTSEC-ICICIBANKLTD2461CHITHRAAGENCIESPLTD,0.0,1975.0,-118924714.94,CHQ
2022-10-21,ByClgCHNACCTSEC-UNIONBANKOF2461INDIAUBICHITHRAAGENCIESPLTD,0.0,7550.0,-118917164.94,CHQ
2022-10-21,ByClgCHNACCTSEC-INDIAN2461OVERSEASBANKIOBCHITHRAAGENCIESPLTD,0.0,10000.0,-118907164.94,CHQ
2022-10-21,ByClgCHNACCTSEC-TAMILNAD2461MERCANTILEBANKLTDTMBCHITHRAAGENCIESPLTD,0.0,2231.0,-118904933.94,CHQ
2022-10-21,ByClgCHNACCTSEC-AXISBANKLTD2461CHITHRAAGENCIESPLTD,0.0,10435.0,-118894498.94,CHQ
2022-10-21,ByClgCHNACCTSEC-INDIAN2461OVERSEASBANKIOBCHITHRAAGENCIESPLTD,0.0,106908.0,-118787590.94,CHQ
2022-10-21,ByClgCHNACCTSEC-KARURVYSYA2461BANKLTDKVBCHITHRAAGENCIESPLTD,0.0,7245.0,-118780345.94,CHQ
2022-10-21,ByClgCHNACCTSEC-BANDHAN2461BANKCHITHRAAGENCIESPLTD,0.0,29412.0,-118750933.94,CHQ
2022-10-21,NEFT2461HNAAUTOMOBILES-DBSS0IN0426,0.0,2258.0,-118748675.94,NEFT
2022-10-21,NEFT2461Cr-00-TMSAUTOSPARES-null,0.0,72043.0,-118676632.94,NEFT
2022-10-21,NEFT24610-CHITHRA,0.0,15295.0,-118661337.94,NEFT
2022-10-21,MOB-IMPS-CR SENTHILLU BOI2461 162 P 10 2022,0.0,4000.0,-118657337.94,IMPS
2022-10-21,NEFT2461AKSHMIAGENCIES-SRILAKSHMIAGSVPR,0.0,28129.0,-118629208.94,NEFT
2022-10-21,2461UPI 322 SASIKUMAR SBIN UPI c,0.0,5000.0,-118624208.94,UPI
2022-10-21,NEFT2461TERPRISES-null,0.0,150000.0,-118474208.94,NEFT
2022-10-21,CashDepositSHEKHARMDUSMEBR2461,0.0,100000.0,-118374208.94,CASH
2022-10-21,2461UPI 413 ANANDARAJ KVBL 99457ybl Payment 4,0.0,39823.0,-118334385.94,UPI
2022-10-21,2461UPI 779 CHANDRASE CNRB 76143ybl Payment Y,0.0,10000.0,-118324385.94,UPI
2022-10-21,NEFT2461LAKSHMITRADING-null,0.0,5886.0,-118318499.94,NEFT
2022-10-21,IBOAT46733350030542010002292461OnlineTransactionOTH-,250000.0,0.0,-118568499.94,TRANSFER
2022-10-21,MB6700450 10 2220-47422010002042461,0.0,8619.0,-118559880.94,TRANSFER
2022-10-21,MB 62782200010235 K2461KAMRAAGENCIES CANARA 2022,0.0,6790.0,-118553090.94,IMPS
2022-10-21,MOB-IMPS-CR AbdulKade INDIAN24617 Deposit6,0.0,100000.0,-118453090.94,IMPS
2022-10-22,MB 1349108318553 KUMARESAN2461S 8 CHITHRAAGENCIES CAN 2022,0.0,800.0,-118452290.94,IMPS
2022-10-22,NEFT2461Cr-50-SUBBIAHAGENCYS- ATTN,0.0,7678.0,-118444612.94,NEFT
2022-10-22,INET-IMPS-CR YESKAYAUT TAMILNAD2461M 388 paidon0,0.0,14970.0,-118429642.94,IMPS
2022-10-22,IBOAT1714941002397261010137OTH,0.0,1600000.0,-116829642.94,TRANSFER
2022-10-22,NEFT2461Cr-35-SRIGANESHAUTOAGENCY- ATTN Gane,0.0,10129.0,-116819513.94,NEFT
2022-10-22,UPI CR 229569636144 Mrs2461Jegat IDIB 978-1okicici UPI 29,0.0,7550.0,-116811963.94,UPI
2022-10-23,UPI CR 229683662089 MS2461RAGUMA IDIB 15268ibl Payment I27,0.0,9000.0,-116802963.94,UPI
2022-10-23,MB 1349108318553 KUMARESAN2461S 8 CHITHRAAGENCIES CAN 2022,0.0,600.0,-116802363.94,IMPS
2022-10-23,IBOAT1569590003054201000229OTH,0.0,200000.0,-116602363.94,TRANSFER
2022-10-25,ByClgCHNACCTSEC-TAMILNAD2461MERCANTILEBANKLTDTMBC,0.0,30000.0,-116572363.94,CHQ
2022-10-25,ByClgCHNACCTSEC-TAMILNAD2461MERCANTILEBANKLTDTMBchithraagenciespltd,0.0,2445.0,-116569918.94,CHQ
2022-10-25,ByClgCHNACCTSEC-KARURVYSYA2461BANKLTDKVBchithraagenciespltd,0.0,25796.0,-116544122.94,CHQ
2022-10-25,ByClgCHNACCTSEC-INDIAN2461OVERSEASBANKIOBchithraagenciespltd,0.0,20220.0,-116523902.94,CHQ
2022-10-25,ByClgCHNACCTSEC-STATEBANKOF2461INDIASBIchithraagenciespltd,0.0,22000.0,-116501902.94,CHQ
2022-10-25,NEFT2461Cr-30-SIDDHESHAUTOSPARES- REF,0.0,4283.0,-116497619.94,NEFT
2022-10-25,INET-IMPS-CR Customer IOBN22461 105 Sathiy 2022,0.0,7258.0,-116490361.94,IMPS
2022-10-25,ChqPaid-MICRInward2461Clearing-CASTROLINDIALTD-DEUTSCHEBANKDTB-DEUTSCHEBANK,1461302.1,0.0,-117951664.04,CHQ
2022-10-25,ChqPaid-MICRInward2461Clearing-CASTROLINDIALTD-DEUTSCHEBANKDTB-DEUTSCHEBANK,1078488.89,0.0,-119030152.93,CHQ
2022-10-25,MOB-IMPS-CR POPULARAU Karur2461 popular,0.0,11950.0,-119018202.93,IMPS
2022-10-25,CashDepositsMDUPTNAGAR2461,0.0,300000.0,-118718202.93,CASH
2022-10-25,FundsTransferDebit1093201001547PRABHUOILSTORE,0.0,23977.0,-118694225.93,TRANSFER
2022-10-25,FundsTransferDebit3315201000036THIRUMURUGANAUTOSP,0.0,10483.0,-118683742.93,TRANSFER
2022-10-25,CASHHANDLINGCHCAODOCC2461,708.0,0.0,-118684450.93,BANK-CHARGES
2022-10-25,INET-IMPS-CR SRIANNAI TAMILNAD2461M 595,0.0,2878.0,-118681572.93,IMPS
2022-10-26,ByClgCHNACCTSEC-BANKOFINDIA2461BOICHITHRAAGENCIESPLTD,0.0,2870.0,-118678702.93,CHQ
2022-10-26,ByClgCHNACCTSEC-TAMILNAD2461MERCANTILEBANKLTDTMBCHITHRAAGENCIESPLTD,0.0,18581.0,-118660121.93,CHQ
2022-10-26,ByClgCHNACCTSEC-AXISBANKLTD2461CHITHRAAGENCIESPLTD,0.0,3845.0,-118656276.93,CHQ
2022-10-26,ByClgCHNACCTSEC-AXISBANKLTD2461CHITHRAAGENCIESPLTD,0.0,4004.0,-118652272.93,CHQ
2022-10-26,ByClgCHNACCTSEC-KARURVYSYA2461BANKLTDKVBCHITHRAAGENCIESPLTD,0.0,17475.0,-118634797.93,CHQ
2022-10-26,ByClgCHNACCTSEC-DBSBANKLTD2461DBSCHITHRAAGENCIESPLTD,0.0,3591.0,-118631206.93,CHQ
2022-10-26,ByClgCHNACCTSEC-INDIAN2461OVERSEASBANKIOBCHITHRAAGENCIESPLTD,0.0,7437.0,-118623769.93,CHQ
2022-10-26,ByClgCHNACCTSEC-AXISBANKLTD2461CHITHRAAGENCIESPLTD,0.0,12541.0,-118611228.93,CHQ
2022-10-26,ByClgCHNACCTSEC-INDIAN2461OVERSEASBANKIOBCHITHRAAGENCIESPLTD,0.0,18164.0,-118593064.93,CHQ
2022-10-26,ByClgCHNACCTSEC-STATEBANKOF2461INDIASBICHITHRAAGENCIESPLTD,0.0,12338.0,-118580726.93,CHQ
2022-10-26,ByClgCHNACCTSEC-UJJIBANSMALL2461FINANCINGBANKCHITHRAAGENCIESPLTD,0.0,3507.0,-118577219.93,CHQ
2022-10-26,NEFT2461AUTOSTORES-Arunbyepass,0.0,3681.0,-118573538.93,NEFT
2022-10-26,2461UPI 395 SELVARANI SBIN PaytoM 3b84a1aac10Page198of215,0.0,3500.0,-118570038.93,UPI
2022-10-26,IBOAT1163479002397261010137OTH,0.0,700000.0,-117870038.93,TRANSFER
2022-10-26,IBOAT1188438003054201000229OTH,0.0,50000.0,-117820038.93,TRANSFER
2022-10-26,MB 1349108318553 KUMARESAN2461S 8 CHITHRAAGENCIES CAN 2022,0.0,500.0,-117819538.93,IMPS
2022-10-26,INET-IMPS-CR SRIITHIRU TAMILNAD2461M 654,0.0,3507.0,-117816031.93,IMPS
2022-10-26,FundsTransferDebit62141400000046SRIVENKATESHWARATW,0.0,5269.0,-117810762.93,TRANSFER
2022-10-26,FundsTransferDebit4036261000058SRIVIGNESHAUTO,0.0,20508.0,-117790254.93,TRANSFER
2022-10-26,UPI CR 229913778677 MBR2461AUTOM UTIB mbr-1okaxis MBR AXI49fd 10 2022,0.0,3000.0,-117787254.93,UPI
2022-10-26,NEFT2461Cr-85-JSJAUTOSPARES-null,0.0,10000.0,-117777254.93,NEFT
2022-10-26,UPI CR 229911925366 MSNEW2461TA IDIB castro 7,0.0,5000.0,-117772254.93,UPI
2022-10-26,INET-IMPS-CR SRIKRISHN TAMILNAD2461M 073,0.0,10000.0,-117762254.93,IMPS
2022-10-26,LEGALAUDITFEESANDEXPENSES2461MDUSMEBR,4000.0,0.0,-117766254.93,TRANSFER
2022-10-26,NEFT2461Cr-16-PNRSCOOTERHOUSE-null,0.0,17792.0,-117748462.93,NEFT
2022-10-26,IBITG34443850010062610052682461OTH-BILLPAY,0.0,16892.0,-117731570.93,TRANSFER
2022-10-26,NEFT2461Cr-76-SRIRAMDEVAUTOSPARES-OTHERS,0.0,6966.0,-117724604.93,NEFT
2022-10-26,NEFT2461Cr-B027-ThIRUMANIAUTOSPARES- URGENT,0.0,1592.0,-117723012.93,NEFT
2022-10-27,NEFT2461LUBRICANTS-null,0.0,3492.0,-117719520.93,NEFT
2022-10-27,ByClgCHNACCTSEC-KARURVYSYA2461BANKLTDKVBCHITHRAAGENCIESPLTD,0.0,5956.0,-117713564.93,CHQ
2022-10-27,ByClgCHNACCTSEC-CENTRALBANK2461OFINDIACBICHITHRAAGENCIESPLTD,0.0,5753.0,-117707811.93,CHQ
2022-10-27,ByClgCHNACCTSEC-IDFCBank2461CHITHRAAGENCIESPLTD,0.0,16250.0,-117691561.93,CHQ
2022-10-27,ByClgCHNACCTSEC-TAMILNAD2461MERCANTILEBANKLTDTMBCHITHRAAGENCIESPLTD,0.0,8164.0,-117683397.93,CHQ
2022-10-27,ByClgCHNACCTSEC-ICICIBANKLTD2461CHITHRAAGENCIESPLTD,0.0,17643.0,-117665754.93,CHQ
2022-10-27,ByClgCHNACCTSEC-BANKOFINDIA2461BOICHITHRAAGENCIESPLTD,0.0,6654.0,-117659100.93,CHQ
2022-10-27,UPI CR 230046265208 M2461THIRUMO HDFC cbank UPI HDFcbf0,0.0,7230.0,-117651870.93,UPI
2022-10-27,UPI CR 230047212216 VSAUTO2461 CNRB cbank UPI ee0,0.0,19674.0,-117632196.93,UPI
2022-10-27,NEFT2461Cr-53-SRIRAGAVENDRAAUTOSTORE-OTHERS,0.0,17463.0,-117614733.93,NEFT
2022-10-27,NEFT2461Cr-04-VAPSSSELVITRADERS-null,0.0,12555.0,-117602178.93,NEFT
2022-10-27,IBITG18580920010112820000862461OTH-CHITRAAGENCIESPAYMENT,0.0,235085.0,-117367093.93,TRANSFER
2022-10-27,INET-IMPS-CR ACNMOTORS INDIAN2461 10 2022,0.0,50930.0,-117316163.93,IMPS
2022-10-27,NEFT2461Cr-46-UMAR-null,0.0,7541.0,-117308622.93,NEFT
2022-10-27,2461MOB-IMPS-CR SATHIYAOIL BANKOF000 10 2022,0.0,17807.0,-117290815.93,IMPS
2022-10-27,MOB-IMPS-CR SRICHAKRA Karur2461 CASTROL6,0.0,13284.0,-117277531.93,IMPS
2022-10-27,NEFT2461Cr-66-SRILAKSHMIAGENCIES- ATTN INB,0.0,94545.0,-117182986.93,NEFT
2022-10-27,2461UPI 982 THIRUPPAT TMBL 096-1okhdfcbank UPI f6d3,0.0,10000.0,-117172986.93,UPI
2022-10-27,NEFT2461AUTOMOBILES-Prem,0.0,22440.0,-117150546.93,NEFT
2022-10-27,INET-IMPS-CR SOMNATHAU ICICI24611134 Ch 2022,0.0,43490.0,-117107056.93,IMPS
2022-10-27,IBITG43510990010062610052682461OTH-BILLPAY,0.0,10000.0,-117097056.93,TRANSFER
2022-10-27,MB 62081400000335 PMVAUTO2461STRAAGENCIES CAN 2022,0.0,8000.0,-117089056.93,IMPS
2022-10-27,NEFT2461Cr-B027-MTHIRUGNANASAMBANDANM- URGENT,0.0,7194.0,-117081862.93,NEFT
2022-10-28,ByClgCHNACCTSEC-STATEBANKOF2461INDIASBICHITHRAAGENCIESPLTD,0.0,19914.0,-117061948.93,CHQ
2022-10-28,ByClgCHNACCTSEC-AXISBANKLTD2461CHITHRAAGENCIESPLTD,0.0,22301.0,-117039647.93,CHQ
2022-10-28,ByClgCHNACCTSEC-AXISBANKLTD2461CHITHRAAGENCIESPLTD,0.0,18018.0,-117021629.93,CHQ
2022-10-28,ByClgCHNACCTSEC-TAMILNAD2461MERCANTILEBANKLTDTMBCHITHRAAGENCIESPLTD,0.0,13833.0,-117007796.93,CHQ
2022-10-28,ByClgCHNACCTSEC-IDBIBANKLTD2461CHITHRAAGENCIESPLTD,0.0,10099.0,-116997697.93,CHQ
2022-10-28,NEFT2461Cr-27-ABDULLAHAUTOSTORES- ATTN Page200of215,0.0,100000.0,-116897697.93,NEFT
2022-10-28,INET-IMPS-CR MAHADEVAU ICICI24610749 MAH 2022,0.0,18437.0,-116879260.93,IMPS
2022-10-28,MOB-IMPS-CR AbdulKade INDIAN24617 Deposit6,0.0,100000.0,-116779260.93,IMPS
2022-10-28,MB 4861101000314 ANBALAGAN2461M 8 CHITHRAAGENCIES CANARA anbueri 10,0.0,5000.0,-116774260.93,IMPS
2022-10-28,UPI CR 230154695153 KARPAGA2461V BKID s PaytoM AXIb9ea 10 2022,0.0,4384.0,-116769876.93,UPI
2022-10-28,NEFT2461Cr-02-MANICKAMCOMPANYFIRM-OTHERS,0.0,10244.0,-116759632.93,NEFT
2022-10-28,UPI CR 230155937629 Mrs2461RAMYA IDIB ramyaoksbi UPI SBIed,0.0,2520.0,-116757112.93,UPI
2022-10-28,NEFT2461NAUTOSPARES-Guhan,0.0,3629.0,-116753483.93,NEFT
2022-10-28,2461UPI 193 SASIKUMAR SBIN UPI SBI8f8d 10 2022,0.0,5000.0,-116748483.93,UPI
2022-10-28,FundsTransferDebit4036261000058SRIVIGNESHAUTO,0.0,3175.0,-116745308.93,TRANSFER
2022-10-28,NEFT2461AUTOSPARE-4738,0.0,9679.0,-116735629.93,NEFT
2022-10-28,MB 120001467667 SRIVINAYAGABIKE24611308 CHITHRAAGENCIES CANARA Srivinayagabikesp 20,0.0,5000.0,-116730629.93,IMPS
2022-10-28,VEHICLELOANSTAMPCHGSMDUSME2461BR,20.0,0.0,-116730649.93,BANK-CHARGES
2022-10-28,NEFT2461Cr-98-ASHIKAAUTOSPARES- REF,0.0,5000.0,-116725649.93,NEFT
2022-10-28,INET-IMPS-CR Customer IOBN22461 241 kayyem0,0.0,5960.0,-116719689.93,IMPS
2022-10-28,INET-IMPS-CR ANANDSIDH TAMILNAD2461M 077,0.0,13680.0,-116706009.93,IMPS
2022-10-28,2461UPI 816 DHANASEKA PUNB ran-1okhdfcbank Anandavi Hee4f 10 2022,0.0,5000.0,-116701009.93,UPI
2022-10-28,2461UPI 960 ANANDARAJ KVBL 99457ybl Payment Yf8f8bfd 10 2022,0.0,3000.0,-116698009.93,UPI
2022-10-28,NEFT2461MMANAUTOSTORE-null,0.0,10000.0,-116688009.93,NEFT
2022-10-28,2461UPI 365 CHANDRASE CNRB 76143ybl Payment 5e4eac 2022Page201of215,0.0,10000.0,-116678009.93,UPI
2022-10-28,NEFT2461Cr-51-SPSTORE-OTHERS,0.0,4384.0,-116673625.93,NEFT
2022-10-28,MOB-IMPS-CR AMAAUTO TheState2461 MOBLTA 2022,0.0,14516.0,-116659109.93,IMPS
2022-10-28,NEFT2461Cr-34-SRIKUMARANAUTOSPARES- REF,0.0,11326.0,-116647783.93,NEFT
2022-10-28,MB 3315261000010 CROWNTRADER2461M S 8 CHITHRAAGENCIES CANARA crownvedasa 2022,0.0,18685.0,-116629098.93,IMPS
2022-10-28,MOB-IMPS-CR SELVARAJA INDIAN2461 9,0.0,1165.0,-116627933.93,IMPS
2022-10-28,MOB-IMPS-CR SELVARAJA INDIAN2461 9,0.0,10000.0,-116617933.93,IMPS
2022-10-28,NEFT246171DC-ICIC0SF0002-SRIVISHNUAUTOMOBIL-castrol,0.0,99580.0,-116518353.93,NEFT
2022-10-29,UPI CR 230217782774 MS2461RAGUMA IDIB 15268ibl Payment 3,0.0,3000.0,-116515353.93,UPI
2022-10-29,ByClgCHNACCTSEC-ICICIBANKLTD2461chithraagenciespltd,0.0,2514.0,-116512839.93,CHQ
2022-10-29,ByClgCHNACCTSEC-CITYUNION2461BANKLTDchithraagenciespltd,0.0,3047.0,-116509792.93,CHQ
2022-10-29,ByClgCHNACCTSEC-TAMILNAD2461MERCANTILEBANKLTDTMBchithraagenciespltd,0.0,9143.0,-116500649.93,CHQ
2022-10-29,ByClgCHNACCTSEC-INDIAN2461OVERSEASBANKIOBchithraagenciespltd,0.0,33747.0,-116466902.93,CHQ
2022-10-29,ByClgCHNACCTSEC-STATEBANKOF2461INDIASBIchithraagenciespltd,0.0,15000.0,-116451902.93,CHQ
2022-10-29,ByClgCHNACCTSEC-TAMILNAD2461MERCANTILEBANKLTDTMBchithraagenciespltd,0.0,6837.0,-116445065.93,CHQ
2022-10-29,INET-IMPS-CR MPTRACTO TAMILNAD2461M 028,0.0,21421.0,-116423644.93,IMPS
2022-10-29,NEFT2461Cr-98-BHARATHTRADERS- REF,0.0,21401.0,-116402243.93,NEFT
2022-10-29,IB-IMPS-DR IDFB 6229 29 10 20222461,5900.0,0.0,-116408143.93,IMPS
2022-10-29,NEFT2461Cr-55-AARTHIAGROAGENCIES-AARTHIAGROAGENCIES,0.0,14100.0,-116394043.93,NEFT
2022-10-29,CashDepositMDUPTNAGAR2461,0.0,250000.0,-116144043.93,CASH
2022-10-29,FundsTransferDebit1011201011691AUTOTYRES,0.0,2031.0,-116142012.93,TRANSFER
2022-10-29,FundsTransferDebit1093201001547PRABHUOILSTORE,0.0,15606.0,-116126406.93,TRANSFER
2022-10-29,FundsTransferDebit3315201000036THIRUMURUGANAUTOSP,0.0,3676.0,-116122730.93,TRANSFER
2022-10-29,FundsTransferDebit120001470438SRIRAMG,0.0,5000000.0,-111122730.93,TRANSFER
2022-10-29,NEFT2461Cr-31-KRPage202of215AGENCIES- ATTN INB,0.0,20966.0,-111101764.93,NEFT
2022-10-29,NEFT2461Cr-50-SUBBIAHAGENCYS- ATTN,0.0,17736.0,-111084028.93,NEFT
2022-10-29,NEFT24610002101-SMRLUBRICANTS-null,0.0,14685.0,-111069343.93,NEFT
2022-10-29,NEFT2461Cr-41-MURUGATAMILNADUAUTOSTORE- ATTN INB,0.0,17622.0,-111051721.93,NEFT
2022-10-29,NEFT2461Cr-47-MSMSSSON- ATTN INB,0.0,21593.0,-111030128.93,NEFT
2022-10-29,NEFT2461MMANAUTOSTORE-null,0.0,10625.0,-111019503.93,NEFT
2022-10-29,MOB-IMPS-CR SahulHame INDIAN24611 0,0.0,9500.0,-111010003.93,IMPS
2022-10-29,UPI CR 230289861274 AAMEENA2461 KVBL 077-1okaxis UPI A,0.0,1846.0,-111008157.93,UPI
2022-10-30,CASHHANDLINGCHCAODOCC2461,590.0,0.0,-111008747.93,BANK-CHARGES
2022-10-30,-CHITHRAAGENCIES2461PRIVATELIMITEDDrawdownFromCASA,367618.0,0.0,-111376365.93,EMI-DEBIT
2022-10-30,MB 62002010077696 SUBRAMANIANR2461M 8 CASTROL CANARA ARAutopartsMaduraiSubrama 2022,0.0,3000.0,-111373365.93,IMPS
2022-10-30,NEFT24610002101-MSJCYCLEMART-null,0.0,15100.0,-111358265.93,NEFT
2022-10-30,UPI CR 230378334449 JEGAN2461A HDFC NA e5 12736,0.0,10000.0,-111348265.93,UPI
2022-10-30,NEFT2461Cr-07-KAMADHENUMOTORCYCLECOMPANY-OTHERS,0.0,10179.0,-111338086.93,NEFT
2022-10-31,ByClgCHNACCTSEC-PANDYAN2461GRAMABPURAMSTPACHITHRAAGENCIESPLTD,0.0,13006.0,-111325080.93,CHQ
2022-10-31,ByClgCHNACCTSEC-TAMILNAD2461MERCANTILEBANKLTDTMBCHITHRAAGENCIESPLTD,0.0,9296.0,-111315784.93,CHQ
2022-10-31,ByClgCHNACCTSEC-INDIAN2461OVERSEASBANKIOBCHITHRAAGENCIESPLTD,0.0,69896.0,-111245888.93,CHQ
2022-10-31,ByClgCHNACCTSEC-TAMILNAD2461MERCANTILEBANKLTDTMBCHITHRAAGENCIESPLTD,0.0,9291.0,-111236597.93,CHQ
2022-10-31,ByClgCHNACCTSEC-KARURVYSYA2461BANKLTDKVBCHITHRAAGENCIESPLTD,0.0,4625.0,-111231972.93,CHQ
2022-10-31,ByClgCHNACCTSEC-TAMILNAD2461MERCANTILEBANKLTDTMBCHITHRAAGENCIESPLTD,0.0,5250.0,-111226722.93,CHQ
2022-10-31,ByClgCHNACCTSEC-STATEBANKOF2461INDIASBIALAGENDRANAUTOAGENCIESPVTLTD,0.0,202729.0,-111023993.93,CHQ
2022-10-31,ByClgCHNACCTSEC-STATEBANKOF2461INDIASBICHITHRAAGENCIESPLTDPage203of215,0.0,7420.0,-111016573.93,CHQ
2022-10-31,ByClgCHNACCTSEC-AXISBANKLTD2461CHITHRAAGENCIESPLTD,0.0,12328.0,-111004245.93,CHQ
2022-10-31,MB 1459201001596 LAKSHMI2461AUTOMOBRAAGENCIES CANARA Lakshmiautomo 202210,0.0,5000.0,-110999245.93,IMPS
2022-10-31,NEFT2461TERPRISES-null,0.0,100000.0,-110899245.93,NEFT
2022-10-31,UPI CR 230457322511 J2461PACKIAR IBKL 60006ybl PaytoM Ycf 10 2022,0.0,864.0,-110898381.93,UPI
2022-10-31,IBITG16667260015982010007072461OTH-paymentchitraagencies,0.0,14681.0,-110883700.93,TRANSFER
2022-10-31,MOB-IMPS-CR SELVAMAUT Karur2461 chitra6,0.0,8631.0,-110875069.93,IMPS
2022-10-31,INET-IMPS-CR TRVRAM TheState2461 M 2022,0.0,37094.0,-110837975.93,IMPS
2022-10-31,UPI CR 230449632751 PANNEER2461S TMBL ndianibl PaytoM 0adafd 10 2022,0.0,3252.0,-110834723.93,UPI
2022-10-31,CashDepositMDUPTNAGAR2461,0.0,70000.0,-110764723.93,CASH
2022-10-31,FundsTransferDebit120001470438SRIRAMG,0.0,2500000.0,-108264723.93,TRANSFER
2022-10-31,UPI CR 230431610794 KANNAN2461P SBIN andgloksbi PaytoM db,0.0,1998.0,-108262725.93,UPI
2022-10-31,2461UPI 507 JEGATHEES KVBL JMLUBRI SBb4d 10 2022,0.0,7550.0,-108255175.93,UPI
2022-10-31,UPI CR 230431667949 BALAJIM2461G HDFC dit-1okhdfcbank PaytoM Hbcf,0.0,3000.0,-108252175.93,UPI
2022-10-31,NEFTSC2461,6.0,0.0,-108252181.93,BANK-CHARGES
2022-10-31,NEFT2461RISHNAAAUTOSALESPVTLIMITED-,63733.0,0.0,-108315914.93,NEFT
2022-10-31,NEFT2461Cr-98-VSKAUTOMOBILES- URGENT,0.0,9092.0,-108306822.93,NEFT
2022-10-31,UPI CR 230439899364 Mr2461KRISHN CIUB s PaytoM Ae,0.0,785.0,-108306037.93,UPI
2022-10-31,MB 1349108318553 KUMARESAN2461S 8 CHITHRAAGENCIES CAN 2022,0.0,400.0,-108305637.93,IMPS
2022-10-31,MB 3420108002239 DHANASEKARAN2461KARAAGENCIESPRIVATE CAN 2022,0.0,3097.0,-108302540.93,IMPS
2022-10-31,NEFT2461Cr-93-SELVITYRES-nullPage204of215,0.0,98015.0,-108204525.93,NEFT
2022-10-31,UPI CR 230436165475 MrK2461ALAG IDIB cbank UPI HD40ccd 10 2022,0.0,600.0,-108203925.93,UPI
2022-10-31,NEFT2461Cr-30-SRIBALAJIAUTOSPARES-null,0.0,6092.0,-108197833.93,NEFT
2022-10-31,DisbursementToCASA 1700064357792461,0.0,1000.0,-108196833.93,LOAN-CREDIT
2022-10-31,IBOAT4874994002397261010137OTH,0.0,250000.0,-107946833.93,TRANSFER
2022-10-31,NEFT2461Cr-26-SHRIMURUGESANMOTORS- ATTN INB,0.0,2675.0,-107944158.93,NEFT
2022-10-31,MOB-IMPS-CR AbdulKade INDIAN24617 Deposit6,0.0,100000.0,-107844158.93,IMPS
2022-10-31,NEFT2461Cr-28-SRIAMMANAUTOAGENCY- ATTN,0.0,6549.0,-107837609.93,NEFT
2022-10-31,NEFT2461AUTOSTORES-arunbyepass,0.0,23948.0,-107813661.93,NEFT
2022-11-01,CASADebitInterestCapitalized2461,944888.0,0.0,-108758549.93,INTEREST-PAID
2022-11-01,ChqPaid-MICRInward2461Clearing-CASTROLINDIALTD-DEUTSCHEBANKDTB-DEUTSCHEBANK,2142452.23,0.0,-110901002.16,CHQ
2022-11-01,ByClgCHNACCTSEC-STATEBANKOF2461INDIASBIchithraagenciespltd,0.0,15000.0,-110886002.16,CHQ
2022-11-01,ByClgCHNACCTSEC-TAMILNAD2461MERCANTILEBANKLTDTMBchithraagenciespltd,0.0,20000.0,-110866002.16,CHQ
2022-11-01,ByClgCHNACCTSEC-KARURVYSYA2461BANKLTDKVBchithraagenciespltd,0.0,10462.0,-110855540.16,CHQ
2022-11-01,ByClgCHNACCTSEC-INDIAN2461OVERSEASBANKIOBchithraagenciespltd,0.0,10000.0,-110845540.16,CHQ
2022-11-01,ByClgCHNACCTSEC-INDIAN2461OVERSEASBANKIOBchithraagenciespltd,0.0,3654.0,-110841886.16,CHQ
2022-11-01,ByClgCHNACCTSEC-INDIAN2461OVERSEASBANKIOBchithraagenciespltd,0.0,27154.0,-110814732.16,CHQ
2022-11-01,ByClgCHNACCTSEC-IDBIBANKLTD2461chithraagenciespltd,0.0,13759.0,-110800973.16,CHQ
2022-11-01,ByClgCHNACCTSEC-INDIANBANK2461INBchithraagenciespltd,0.0,8379.0,-110792594.16,CHQ
2022-11-01,ByClgCHNACCTSEC-INDIAN2461OVERSEASBANKIOBchithraagenciespltd,0.0,6000.0,-110786594.16,CHQ
2022-11-01,ByClgCHNACCTSEC-AXISBANKLTD2461chithraagenciespltd,0.0,3502.0,-110783092.16,CHQ
2022-11-01,ByClgCHNACCTSEC-UNIONBANKOF2461INDIAUBIchithraagenciespltd,0.0,8414.0,-110774678.16,CHQ
2022-11-01,ByClgCHNACCTSEC-ESAFSmall2461FinanceBankchithraagenciespltd,0.0,9286.0,-110765392.16,CHQ
2022-11-01,ByClgCHNACCTSEC-TAMILNAD2461MERCANTILEBANKLTDTMBchithraagenciespltd,0.0,3852.0,-110761540.16,CHQ
2022-11-01,ByClgCHNACCTSEC-INDUSINDBANK2461LTDANANTHAM,0.0,3222.0,-110758318.16,CHQ
2022-11-01,INET-IMPS-CR VINAYAKAA TAMILNAD2461M 884 Page205of215,0.0,3499.0,-110754819.16,IMPS
2022-11-01,NEFT2461Cr-89-KSRTYRESANDBATTERY- ATTN INB,0.0,8899.0,-110745920.16,NEFT
2022-11-01,FundsTransferDebit3040255000023ASAIMOTORS,0.0,4891.0,-110741029.16,TRANSFER
2022-11-01,UPI CR 230532291105 SAADHANA2461 KVBL 639-1okicici CRBOLI ICIcfdaaf 11 2022,0.0,5538.0,-110735491.16,UPI
2022-11-01,NEFT2461ANDLYDIATRADER-null,0.0,19952.0,-110715539.16,NEFT
2022-11-01,2461UPI 083 CHANDRASE KVBL PaytoM cae,0.0,9262.0,-110706277.16,UPI
2022-11-01,NEFT2461Cr-53-SMTENTERPRISES-OTHERS,0.0,6358.0,-110699919.16,NEFT
2022-11-01,INET-IMPS-CR SRIMEENAK TAMILNAD2461M 149,0.0,5000.0,-110694919.16,IMPS
2022-11-01,2461UPI 435 DURAIPRAB KVBL 28128ybl Payment YBL,0.0,3500.0,-110691419.16,UPI
2022-11-01,NEFT2461Cr-56-SRIVISHNUTRADERS-null,0.0,10000.0,-110681419.16,NEFT
2022-11-01,NEFT2461Cr-50-SUBBIAHAGENCYS- ATTN,0.0,22159.0,-110659260.16,NEFT
2022-11-01,INET-IMPS-CR Customer IOBN22461 105 Sathiy 2022,0.0,3801.0,-110655459.16,IMPS
2022-11-01,NEFT2461Cr-81-SRIVIGNESHMOTORS-OTHERS,0.0,4040.0,-110651419.16,NEFT
2022-11-01,2461UPI 328 KASTHURIR FDRL aja-1oksbi PaytoM Sf8,0.0,2500.0,-110648919.16,UPI
2022-11-01,NEFT24610IN0426-THECHAKRAAUTOLINK-DBSS0IN0426,0.0,15882.0,-110633037.16,NEFT
2022-11-01,2461UPI 721 INDUMATHI SBIN PaytoM,0.0,2000.0,-110631037.16,UPI
2022-11-01,NEFT24610IN0426-THECHAKRAAUTOLINK-DBSS0IN0426,0.0,19851.0,-110611186.16,NEFT
2022-11-01,NEFT2461Cr-21-MOORTHYAUTOSTORE- ATTN MOORTH,0.0,7014.0,-110604172.16,NEFT
2022-11-01,INET-IMPS-CR Ananthapr IOBN22461 149 SRIGA 44,0.0,15940.0,-110588232.16,IMPS
2022-11-02,ByClgCHNACCTSEC-CITYUNION2461BANKLTDchithraagenciespltd,0.0,3000.0,-110585232.16,CHQ
2022-11-02,ByClgCHNACCTSEC-TAMILNAD2461MERCANTILEBANKLTDTMBchithraPage206of215agenciespltd,0.0,4000.0,-110581232.16,CHQ
2022-11-02,ByClgCHNACCTSEC-KARURVYSYA2461BANKLTDKVBchithraagenciespltd,0.0,7273.0,-110573959.16,CHQ
2022-11-02,ByClgCHNACCTSEC-HDFCBANK2461LTDchithraagenciespltyd,0.0,5267.0,-110568692.16,CHQ
2022-11-02,NEFT2461AMAUTOSPARES-null,0.0,20850.0,-110547842.16,NEFT
2022-11-02,UPI CR 230645518144 MOHAMED2461B CNRB ci UPI b,0.0,3564.0,-110544278.16,UPI
2022-11-02,UPI CR 230681810376 SURESH2461KU SBIN crboil b 2022,0.0,15000.0,-110529278.16,UPI
2022-11-02,UPI CR 230608816994 GEETHA2461G BARB ci Mathano,0.0,13000.0,-110516278.16,UPI
2022-11-02,CashDepositMDUPTNAGAR2461,0.0,75000.0,-110441278.16,CASH
2022-11-02,MOB-IMPS-CR SSUBBIAH AXB2461,0.0,30000.0,-110411278.16,IMPS
2022-11-02,UPI CR 230685216199 RAMKUMAR2461 SBIN PaytoM SBIfc08e 11 2022,0.0,6718.0,-110404560.16,UPI
2022-11-02,IBITG23725900010062610052682461OTH-BILLPAY,0.0,10197.0,-110394363.16,TRANSFER
2022-11-02,UPI CR 230666731658 SURESHR2461 UBIN etri1ybl Suresht YBL4cef,0.0,3968.0,-110390395.16,UPI
2022-11-02,UPI CR 230623943804 AMBIGA2461CY CNRB partsybl Payment a0c9,0.0,1035.0,-110389360.16,UPI
2022-11-02,2461UPI 449 DINESHKUM CNRB PaytoM b,0.0,5000.0,-110384360.16,UPI
2022-11-02,UPI CR 230691966540 MBR2461AUTOM UTIB mbr-1okaxis MBR,0.0,3000.0,-110381360.16,UPI
2022-11-02,UPI CR 230628733809 PRASATH2461K SBIN 37708ybl Payment 2022,0.0,4000.0,-110377360.16,UPI
2022-11-02,VEHICLELOAN161001118812MARGIN2461AMOUNTMDUSMEBR,15655.0,0.0,-110393015.16,TRANSFER
2022-11-02,IBITG39481800010112820000862461OTH-CHITRAAGENCIESPAYMENT,0.0,219365.0,-110173650.16,TRANSFER
2022-11-02,NEFT2461NAUTOAGENCY-null,0.0,8833.0,-110164817.16,NEFT
2022-11-02,NEFT2461Cr-91-RENUGABATTERYOILANDTYRES- ATTN INB,0.0,1660.0,-110163157.16,NEFT
2022-11-02,NEFT2461Cr-46-UMAR-nullPage207of215,0.0,6152.0,-110157005.16,NEFT
2022-11-02,NEFT2461Cr-50-SUBBIAHAGENCYS- ATTN,0.0,12828.0,-110144177.16,NEFT
2022-11-02,NEFT2461URUGANAUTOSTOR-null,0.0,11681.0,-110132496.16,NEFT
2022-11-02,NEFT2461Cr-43-SKAUTOSPARES-OTHERS,0.0,8032.0,-110124464.16,NEFT
2022-11-03,ByClgCHNACCTSEC-HDFCBANK2461LTDCHITHRAAGENCIESPLTD,0.0,2006.0,-110122458.16,CHQ
2022-11-03,ByClgCHNACCTSEC-KARURVYSYA2461BANKLTDKVBCHITHRAAGENCIESPLTD,0.0,32355.0,-110090103.16,CHQ
2022-11-03,ByClgCHNACCTSEC-INDIANBANK2461INBCHITHRAAGENCIESPLTD,0.0,98775.0,-109991328.16,CHQ
2022-11-03,ByClgCHNACCTSEC-TAMILNAD2461MERCANTILEBANKLTDTMBCHITHRAAGENCIESPLTD,0.0,4032.0,-109987296.16,CHQ
2022-11-03,ByClgCHNACCTSEC-KARURVYSYA2461BANKLTDKVBCHITHRAAGENCIESPLTD,0.0,6331.0,-109980965.16,CHQ
2022-11-03,MB 1349108318553 KUMARESAN2461S 8 CHITHRAAGENCIES CAN 2022,0.0,1700.0,-109979265.16,IMPS
2022-11-03,NEFT246164-PRANIKASPARESLUBRICANTS- URGENT,0.0,8393.0,-109970872.16,NEFT
2022-11-03,CashDeposit MDUPTNAGAR2461,0.0,85000.0,-109885872.16,CASH
2022-11-03,MOB-IMPS-CR SRIABIRAM DBSBANK2461I 1057 Cas 2022,0.0,45872.0,-109840000.16,IMPS
2022-11-03,FundsTransferDebit1011282000079-S2461KSAUTOCENTRE,0.0,15975.0,-109824025.16,TRANSFER
2022-11-03,NEFT2461MMANAUTOSTORE-null,0.0,9251.0,-109814774.16,NEFT
2022-11-03,NEFT2461Cr-31-KRAGENCIES- ATTN INB,0.0,19914.0,-109794860.16,NEFT
2022-11-03,NEFT2461Cr-00-THIRUNAVUKARASUAUTOSTORE- Autostore,0.0,4000.0,-109790860.16,NEFT
2022-11-03,NEFT2461Cr-31-KRAGENCIES- ATTN INB,0.0,22066.0,-109768794.16,NEFT
2022-11-03,INET-IMPS-CR CHOCKALING TAMILNADM 127100050305379 2461,0.0,3000.0,-109765794.16,IMPS
2022-11-03,2461UPI 190 RAMESHPAN SBIN r05-2oksbi UPI SBIfdcfbced,0.0,4939.0,-109760855.16,UPI
2022-11-03,NEFT2461Cr-04-VAPSSSELVITRADERS-null,0.0,6084.0,-109754771.16,NEFT
2022-11-03,NEFT2461Cr-27-ABDULLAHAUTOSTORES- ATTN,0.0,100000.0,-109654771.16,NEFT
2022-11-03,INET-IMPS-CR SRISELVAK TAMILNAD2461M 052,0.0,3150.0,-109651621.16,IMPS
2022-11-03,DisbursementToCASA 1700064487252461,0.0,5807746.0,-103843875.16,LOAN-CREDIT
2022-11-03,EFSByXferFromCASA1700064357792461-CHITHRAAGENCIESPRIVATELIMITED,1001.0,0.0,-103844876.16,TRANSFER
2022-11-03,MB 120001499477 THENIPOWER2461CONRAAGENCIESCASTROL CAN 2022,0.0,4020.0,-103840856.16,IMPS
2022-11-03,IBOAT45150120030542010002292461OnlineTransactionOTH-,600000.0,0.0,-104440856.16,TRANSFER
2022-11-03,NEFT2461Cr-48-JAYAAUTOPARTS- ATTN INB,0.0,29824.0,-104411032.16,NEFT
2022-11-03,IBOAT51122990030542010002292461OnlineTransactionOTH-,900000.0,0.0,-105311032.16,TRANSFER
2022-11-03,2461UPI 206 PALANIVEL TMBL 09653apl Vel,0.0,3483.0,-105307549.16,UPI
2022-11-03,NEFT246101DC-ICIC0SF0002-SRIVISHNUAUTOMOBIL-castrol,0.0,40813.0,-105266736.16,NEFT
2022-11-03,INET-IMPS-CR SARAVANAA TAMILNAD2461M 762,0.0,2378.0,-105264358.16,IMPS
2022-11-03,-CHITHRAAGENCIES2461PRIVATELIMITEDDrawdownFromCASA,236.0,0.0,-105264594.16,EMI-DEBIT
2022-11-04,ByClgCHNACCTSEC-INDIAN2461OVERSEASBANKIOBCHITHRAAGENCIESPRIVATELIMITED,0.0,113226.0,-105151368.16,CHQ
2022-11-04,ByClgCHNACCTSEC-TAMILNAD2461MERCANTILEBANKLTDTMBCHITHRAAGENCIESPRIVATELIMITED,0.0,3893.0,-105147475.16,CHQ
2022-11-04,ByClgCHNACCTSEC-TAMILNAD2461MERCANTILEBANKLTDTMBCHITHRAAGENCIESPRIVATELIMITED,0.0,28250.0,-105119225.16,CHQ
2022-11-04,ByClgCHNACCTSEC-UNIONBANKOF2461INDIAUBICHITRAAGENCIES,0.0,5498.0,-105113727.16,CHQ
2022-11-04,ByClgCHNACCTSEC-INDIAN2461OVERSEASBANKIOBCHITHRAAGENCIESPRIVATELIMITED,0.0,150000.0,-104963727.16,CHQ
2022-11-04,ByClgCHNACCTSEC-CITYUNION2461BANKLTDCHITRAagencies,0.0,12182.0,-104951545.16,CHQ
2022-11-04,ByClgCHNACCTSEC-STATEBANKOF2461INDIASBICHITRAAGENCIES,0.0,8632.0,-104942913.16,CHQ
2022-11-04,ChqPaid-MICRInward2461Clearing-CASTROLINDIALTD-DEUTSCHEBANKDTB-DEUTSCHEBANK,1796258.78,0.0,-106739171.94,CHQ
2022-11-04,CashDeposit DGULNGLNGR2461,0.0,70740.0,-106668431.94,CASH
2022-11-04,CashDeposit DGULNGLNGR2461,0.0,1520.0,-106666911.94,CASH
2022-11-04,NEFT2461Cr-66-SRILAKSHMIAGENCIES- ATTN INB,0.0,176357.0,-106490554.94,NEFT
2022-11-04,NEFT2461Cr-66-SRILAKSHMIAGENCIES- ATTN INB,0.0,51763.0,-106438791.94,NEFT
2022-11-04,MOB-IMPS-CR AbdulKade INDIAN24617 Deposit6,0.0,171922.0,-106266869.94,IMPS
2022-11-04,NEFT2461Cr-53-SRIRAGAVENDRAAUTOSTORE-OTHERS,0.0,3729.0,-106263140.94,NEFT
2022-11-04,NEFT2461Cr-34-SRIKUMARANAUTOSPARES- REF,0.0,6325.0,-106256815.94,NEFT
2022-11-04,UPI CR 230806682821 JANDJ2461A IBKL osh-1okicici UPI ICa2,0.0,16903.0,-106239912.94,UPI
2022-11-04,NEFT2461TERPRISES-null,0.0,200000.0,-106039912.94,NEFT
2022-11-04,CashDepositMDUPTNAGAR2461,0.0,220000.0,-105819912.94,CASH
2022-11-04,MB 120001467667 SRIVINAYAGABIKE24611308 CHITHRAAGENCIES CANARA Srivinayagabikesp 20,0.0,3626.0,-105816286.94,IMPS
2022-11-04,2461UPI 009 Thamaraik AIRP PaytoM C145EEBCDE2CF2EB 11 2022,0.0,3000.0,-105813286.94,UPI
2022-11-04,FundsTransferDebit1011201011691AUTOTYRES,0.0,10047.0,-105803239.94,TRANSFER
2022-11-04,FundsTransferDebit1011282000079-S2461KSAUTOCENTRE,0.0,7580.0,-105795659.94,TRANSFER
2022-11-04,FundsTransferDebit125002404180KARTHIKAUTOSTORE,0.0,42857.0,-105752802.94,TRANSFER
2022-11-04,NEFT2461Cr-56-SRIVISHNUTRADERS-SRIVISHNUTRADERS,0.0,25000.0,-105727802.94,NEFT
2022-11-04,FundsTransferDebit125000972721AYYANARAUTOPARTS,0.0,13832.0,-105713970.94,TRANSFER
2022-11-04,UPI CR 230837559685 PRAKASH2461A CIUB cbank UPI d,0.0,14939.0,-105699031.94,UPI
2022-11-04,2461UPI 757 ANANDARAJ KVBL 99457ybl Payment Yb,0.0,3000.0,-105696031.94,UPI
2022-11-04,UPI CR 230843906126 SRI2461VEERA TMBL n88-1oksbi PaytoM,0.0,9416.0,-105686615.94,UPI
2022-11-04,UPI CR 230860057235 JEGAN2461A HDFC NA 5a7 95315,0.0,10000.0,-105676615.94,UPI
2022-11-04,2461UPI 427 CHANDRASE CNRB 76143ybl Payment Ybe 11 2022,0.0,5000.0,-105671615.94,UPI
2022-11-04,IBITG490656300120001470438Online2461TransactionOTH-PaytoSriramPage210of215,200000.0,0.0,-105871615.94,TRANSFER
2022-11-04,IBOAT4911284003054201000229OTH,0.0,500000.0,-105371615.94,TRANSFER
2022-11-04,MB 62782200010235 K2461KAMRAAGENCIES CANARA 2022,0.0,1000.0,-105370615.94,IMPS
2022-11-05,CASHHANDLINGCHCAODOCC2461,686.0,0.0,-105371301.94,BANK-CHARGES
2022-11-05,ByClgCHNACCTSEC-PANDYAN2461GRAMABPURAMSTPACHITHRAAGENCIESPLTD,0.0,18000.0,-105353301.94,CHQ
2022-11-05,ByClgCHNACCTSEC-STATEBANKOF2461INDIASBICHITHRAAGENCIESPLTD,0.0,7445.0,-105345856.94,CHQ
2022-11-05,ByClgCHNACCTSEC-INDIAN2461OVERSEASBANKIOBCHITHRAAGENCIESPLTD,0.0,6990.0,-105338866.94,CHQ
2022-11-05,ByClgCHNACCTSEC-TAMILNAD2461MERCANTILEBANKLTDTMBCHITHRAAGENCIESPLTD,0.0,3492.0,-105335374.94,CHQ
2022-11-05,ByClgCHNACCTSEC-INDIAN2461OVERSEASBANKIOBC,0.0,23192.0,-105312182.94,CHQ
2022-11-05,ByClgCHNACCTSEC-PUNJAB2461NATIONALBANKPNBC,0.0,55987.0,-105256195.94,CHQ
2022-11-05,ByClgCHNACCTSEC-AXISBANKLTD2461C,0.0,9322.0,-105246873.94,CHQ
2022-11-05,ByClgCHNACCTSEC-CITYUNION2461BANKLTDC,0.0,8101.0,-105238772.94,CHQ
2022-11-05,ByClgCHNACCTSEC-STATEBANKOF2461INDIASBICHITHRAAGENCIESPLTD,0.0,43838.0,-105194934.94,CHQ
2022-11-05,ByClgCHNACCTSEC-AXISBANKLTD2461CHITHRAAGENCIESPLTD,0.0,10000.0,-105184934.94,CHQ
2022-11-05,ByClgCHNACCTSEC-AXISBANKLTD2461CHITHRAAGENCIESPLTD,0.0,4605.0,-105180329.94,CHQ
2022-11-05,ByClgCHNACCTSEC-KARURVYSYA2461BANKLTDKVBCHITHRAAGENCIESPLTD,0.0,5543.0,-105174786.94,CHQ
2022-11-05,ByClgCHNACCTSEC-INDIAN2461OVERSEASBANKIOBCHITHRAAGENCIESPLTD,0.0,29032.0,-105145754.94,CHQ
2022-11-05,ByClgCHNACCTSEC-TAMILNAD2461MERCANTILEBANKLTDTMBCHITHRAAGENCIESPLTD,0.0,19560.0,-105126194.94,CHQ
2022-11-05,ByClgCHNACCTSEC-TAMILNAD2461MERCANTILEBANKLTDTMBCHITHRAAGENCIESPLTD,0.0,10021.0,-105116173.94,CHQ
2022-11-05,NEFT2461Cr-06-NEWRPSAUTOSPARES-OTHERS,0.0,5915.0,-105110258.94,NEFT
2022-11-05,INET-IMPS-CR PONRAJANA TAMILNAD2461M 514 towards3,0.0,3486.0,-105106772.94,IMPS
2022-11-05,NEFT2461Cr-T015-SRIBALAJIAUTOSTORE-null,0.0,137030.0,-104969742.94,NEFT
2022-11-05,IBITG2197528001200014704382461OTH-RepayloantoAgenciesMDu,0.0,200000.0,-104769742.94,TRANSFER
2022-11-05,CashDepositMDUPTNAGAR2461,0.0,200000.0,-104569742.94,CASH
2022-11-05,MB 1349108318553 KUMARESAN2461S 8 CHITHRAAGENCIES CAN 2022,0.0,500.0,-104569242.94,IMPS
2022-11-05,FundsTransferDebit4036261000058SRIVIGNESHAUTO,0.0,44902.0,-104524340.94,TRANSFER
2022-11-05,INET-IMPS-CR ALEXAUTO TAMILNAD2461M 010,0.0,11013.0,-104513327.94,IMPS
2022-11-05,SCforissuanceofcashwithdrawalslip2461,59.0,0.0,-104513386.94,BANK-CHARGES
2022-11-05,LLCHQNO000000579875-MDUSME2461BR,135000.0,0.0,-104648386.94,CHQ
2022-11-05,IBOAT3238489003054201000229OTH,0.0,135000.0,-104513386.94,TRANSFER
2022-11-05,NEFT2461Cr-50-SUBBIAHAGENCYS- ATTN,0.0,12625.0,-104500761.94,NEFT
2022-11-05,NEFT2461Cr-30-SRIBALAJIAUTOSPARES-null,0.0,4495.0,-104496266.94,NEFT
2022-11-05,NEFT2461Cr-98-VSKAUTOMOBILES- URGENT,0.0,45883.0,-104450383.94,NEFT
2022-11-05,MOB-IMPS-CR RajaRAJA INDIAN24614 chitra 2022,0.0,3000.0,-104447383.94,IMPS
2022-11-05,NEFT2461Cr-47-MSMSSSON- ATTN INB,0.0,19334.0,-104428049.94,NEFT
2022-11-05,BGM56GPGE213135001EXTENSION2461CHARGESMDUSMEBR,27435.0,0.0,-104455484.94,BG-CHARGES
2022-11-05,NEFT24610IN0426-THECHAKRAAUTOLINK-DBSS0IN0426,0.0,29411.0,-104426073.94,NEFT
2022-11-05,2461UPI 322 SASIKUMAR SBIN cbank UPI HDF7daf 11 2022,0.0,8000.0,-104418073.94,UPI
2022-11-05,NEFT2461Cr-27-SASTHAAUTOPARTS-OTHERS,0.0,12546.0,-104405527.94,NEFT
2022-11-05,UPI CR 230921736323 Mr2461Gopina CIUB ci UPI bdb,0.0,7966.0,-104397561.94,UPI
2022-11-05,CASHHANDLINGCHCAODOCC2461,472.0,0.0,-104398033.94,BANK-CHARGES
2022-11-06,MB 62081400000335 PMVAUTO2461STRAAGENCIES CAN 2022,0.0,10000.0,-104388033.94,IMPS
2022-11-07,ByClgCHNACCTSEC-BANKOF2461BARODABOBchithraagenciespltd,0.0,5485.0,-104382548.94,CHQ
2022-11-07,ByClgCHNACCTSEC-PUNJAB2461NATIONALBANKPNBchithraagenciespltd,0.0,5869.0,-104376679.94,CHQ
2022-11-07,ByClgCHNACCTSEC-ICICIBANKLTD2461chithraagernciespltd,0.0,1000.0,-104375679.94,CHQ
2022-11-07,ByClgCHNACCTSEC-UNIONBANKOF2461INDIAUBIchithraagenciespltd,0.0,9940.0,-104365739.94,CHQ
2022-11-07,ByClgCHNACCTSEC-INDIAN2461OVERSEASBANKIOBchithraagenciespltd,0.0,7887.0,-104357852.94,CHQ
2022-11-07,ByClgCHNACCTSEC-BANKOF2461BARODABOBchithraagenciespltd,0.0,19944.0,-104337908.94,CHQ
2022-11-07,ByClgCHNACCTSEC-DBSBANKLTD2461DBSchithraagenciespltd,0.0,19084.0,-104318824.94,CHQ
2022-11-07,ByClgCHNACCTSEC-CENTRALBANK2461OFINDIACBIchithraagenciespltdPage212of215,0.0,4683.0,-104314141.94,CHQ
2022-11-07,ByClgCHNACCTSEC-BANKOF2461BARODABOBchithraagenciespltd,0.0,10000.0,-104304141.94,CHQ
2022-11-07,ByClgCHNACCTSEC-INDIANBANK2461INBchithraagenciespltd,0.0,12259.0,-104291882.94,CHQ
2022-11-07,ByClgCHNACCTSEC-INDIAN2461OVERSEASBANKIOBchithraagenciespltd,0.0,19011.0,-104272871.94,CHQ
2022-11-07,ByClgCHNACCTSEC-STATEBANKOF2461INDIASBIchithraagenciespltd,0.0,14555.0,-104258316.94,CHQ
2022-11-07,ByClgCHNACCTSEC-TAMILNAD2461MERCANTILEBANKLTDTMBchithraagenciespltd,0.0,30000.0,-104228316.94,CHQ
2022-11-07,ByClgCHNACCTSEC-INDIAN2461OVERSEASBANKIOBchithraagenciespltd,0.0,9782.0,-104218534.94,CHQ
2022-11-07,ByClgCHNACCTSEC-KARURVYSYA2461BANKLTDKVBchithraagencieaspltd,0.0,3334.0,-104215200.94,CHQ
2022-11-07,NEFT2461Cr-30-SIDDHESHAUTOSPARES- REF,0.0,24337.0,-104190863.94,NEFT
2022-11-07,2461UPI 002 SUNDRAMOO SIBL 95431ybl PaytoM,0.0,2010.0,-104188853.94,UPI
2022-11-07,MB 1349108318553 KUMARESAN2461S 8 CHITHRAAGENCIES CAN 2022,0.0,1500.0,-104187353.94,IMPS
2022-11-07,UPI CR 231102964640 BALAJIM2461G HDFC dit-1okhdfcbank PaytoM,0.0,3000.0,-104184353.94,UPI
2022-11-07,NEFT2461Cr-51-SPSTORE-OTHERS,0.0,12039.0,-104172314.94,NEFT
2022-11-07,UPI CR 231147940460 GAUTHAM2461K PUNB 65955ybl PaytoM Yd,0.0,3674.0,-104168640.94,UPI
2022-11-07,INET-IMPS-CR SRIKRISHN TAMILNAD2461M 073,0.0,10000.0,-104158640.94,IMPS
2022-11-07,UPI CR 231102665572 PANDIAN2461A UBIN 65199axl PaytoM f 2022,0.0,3602.0,-104155038.94,UPI
2022-11-07,2461UPI 061 SOMANATHA CNRB 20048ybl Payment Yc,0.0,4000.0,-104151038.94,UPI
2022-11-07,NEFT2461Cr-Sew--SBMOTORS- SMEMOB,0.0,3551.0,-104147487.94,NEFT
2022-11-07,FundsTransferDebit1011282000079-S2461KSAUTOCENTRE,0.0,18014.0,-104129473.94,TRANSFER
2022-11-07,MOB-IMPS-CR SREE2461AUTOM CityUn0105 11 2022,0.0,3943.0,-104125530.94,IMPS
2022-11-07,UPI CR 231106018231 NEW2461SAKTH TMBL 088-3okhdfcbank UPI f 2022,0.0,10000.0,-104115530.94,UPI
2022-11-07,NEFT2461Cr-88-SWPage213of215AMYAUTOSPAREPARTS-null,0.0,31838.0,-104083692.94,NEFT
2022-11-07,M56GPGE213135001EXCESSCHRGS2461REVERSEDMDUSMEBR,0.0,11800.0,-104071892.94,REVERSED
2022-11-07,IBITG314291500OnlineTransaction2461BDP--4,10976.0,0.0,-104082868.94,TRANSFER
2022-11-07,IBITG318703200OnlineTransaction2461BDP--4,5355.0,0.0,-104088223.94,TRANSFER
2022-11-07,2461UPI 598 MEENATCHI CIUB ci UPI I6,0.0,2000.0,-104086223.94,UPI
2022-11-07,2461UPI 364 MEENATCHI CIUB ci UPI ICIa8aa4d7db 11 2022,0.0,381.0,-104085842.94,UPI
2022-11-07,NEFT2461Cr-93-SELVITYRES-null,0.0,86320.0,-103999522.94,NEFT
2022-11-07,NEFT2461Cr-15-DUBAIAUTOTYRES- ATTN TRF,0.0,6966.0,-103992556.94,NEFT
2022-11-07,IBOAT3737753003054201000229OTH,0.0,500000.0,-103492556.94,TRANSFER
2022-11-07,RTGS2461Cr---PVJAUTOACCESSORIES-null,0.0,400000.0,-103092556.94,RTGS
2022-11-07,UPI CR 231110791488 MrK2461ALAG IDIB cbank UPI HDF4d6adcbca8,0.0,3000.0,-103089556.94,UPI
2022-11-07,MOB-IMPS-CR SELVAMAUT Karur2461 chitra6,0.0,25089.0,-103064467.94,IMPS
2022-11-07,UPI CR 231140131016 Mr2461KRISHN CIUB s PaytoM 9b,0.0,784.0,-103063683.94,UPI
2022-11-07,NEFT2461Cr-58-RAJENDRAENTERPRISES- REF,0.0,4563.0,-103059120.94,NEFT
2022-11-07,IBITG478095700OnlineTransaction2461BDP-CNBNETC-BILLDSK-5-CLIENTCODE,3561.95,0.0,-103062682.89,ONLINE-PAYMENT
2022-11-07,NEFT2461Cr-52-SRIKRISHNAAUTOPARTS-,0.0,7691.0,-103054991.89,NEFT
