DATE,DESCRIPTION,DEBIT,CREDIT,BALANCE,CLASSIFICATION_TRANS
2019-02-01,TIRUMANGALAMBYCHQ TTTFRCRKISHOREMARKETING,0.0,2828.0,735041.64,CHQ
2019-02-01,MUMBAIFORTWITHDRAWALTRANSFERMARSINTERNATIONAIDIBH19032195103CRTRANSFER24,500029.0,0.0,235012.64,TRANSFER
2019-02-01,MUMBAIFORTC ACFEESSRICRMEENAKSHIAM729TRANSFER24,0.0,3577.0,238589.64,TRANSFER
2019-02-01,MUMBAIFORTC ACFEESCRAMMANFRUITS764TRANSFER23,0.0,32477.0,271066.64,TRANSFER
2019-02-02,SERVICEBRANCHCHENNAICHEQUEDEPO00019876CRANDHRABANK,0.0,20575.0,291641.64,CHQ
2019-02-02,SERVICEBRANCHCHENNAICHEQUEDEPO00104152CRBANKOFMAHARASHTRA0446CTSG104152 BOM,0.0,10245.0,301886.64,CHQ
2019-02-02,SERVICEBRANCHCHENNAICHEQUEDEPO00735398CRSYNDICATEBANK,0.0,3754.0,305640.64,CHQ
2019-02-02,SERVICEBRANCHCHENNAICHEQUEDEPO00555464CR2590446CTSG,0.0,6759.0,312399.64,CHQ
2019-02-02,SERVICEBRANCHCHENNAICHEQUEDEPO00001397CR2400446CTSG,0.0,3470.0,315869.64,CHQ
2019-02-02,SERVICEBRANCHCHENNAICHEQUEDEPO00015585CRVIJAYABANK0446CTSG015585 VJB,0.0,4618.0,320487.64,OUTWARD-RETURN
2019-02-02,SERVICEBRANCHCHENNAICHEQUEDEPO00447553CRSTATEBANKOFINDIA0446CTSG447553 SBI,0.0,2145.0,322632.64,CHQ
2019-02-02,SERVICEBRANCHCHENNAICHEQUEDEPO00211654CRINDIANOVERSEASBANK0446CTSG211654 IOB,0.0,5683.0,328315.64,CHQ
2019-02-02,SERVICEBRANCHCHENNAICHEQUEDEPO00002649CR2400446CTSG,0.0,768.0,329083.64,CHQ
2019-02-02,SERVICEBRANCHCHENNAICHEQUEDEPO00177930CRCANARABANK0446CTSG177930 CAB,0.0,847.0,329930.64,CHQ
2019-02-02,TIRUMANGALAMCASHDEPOSITCRDepositbySELF,0.0,500000.0,829930.64,CASH
2019-02-02,ATMSERVICEBYTRANSFERCRBRANCH IMPS 210 KishoreAgenciesTRANSFE461,0.0,20828.0,850758.64,IMPS
2019-02-02,SERVICEBRANCHCHENNAIOUTCHQRETCRFundsinsufficient,4618.0,0.0,846140.64,OUTWARD-RETURN
2019-02-02,SERVICEBRANCHCHENNAICHQDISHONOURCR,250.0,0.0,845890.64,INWARD-CHARGES
2019-02-02,MUMBAIFORTWITHDRAWALTRANSFERMARSINTERNATIONAIDIBH19033283138CRTRANSFER24,300029.0,0.0,545861.64,TRANSFER
2019-02-02,CASHDEPCRCHRGSOTHER,300.0,0.0,545561.64,DEPOSIT-CHARGES
2019-02-04,MUMBAIFORTWITHDRAWALTRANSFERCRREDBULLINDIAP796TRANSFER24,200014.0,0.0,345547.64,TRANSFER
2019-02-04,MUMBAIFORTC ACFEESCRSANTHOSHSUPERM619TRANSFER27,0.0,5979.0,351526.64,TRANSFER
2019-02-04,MUMBAIFORTC ACFEESCRSANTHOSHSUPERM905TRANSFER27,0.0,477.0,352003.64,TRANSFER
2019-02-05,SERVICEBRANCHCHENNAICHEQUEDEPO00064342CRDENABANK0446CTSCHQ064342,0.0,1688.0,353691.64,CHQ
2019-02-05,SERVICEBRANCHCHENNAICHEQUEDEPO00038593CRANDHRABANK0446CTSG038593 ANB,0.0,1296.0,354987.64,CHQ
2019-02-05,SERVICEBRANCHCHENNAICHEQUEDEPO00000283CRKARURVYSYABANKLTD0446CTSCHQ000283,0.0,29659.0,384646.64,CHQ
2019-02-05,SERVICEBRANCHCHENNAICHEQUEDEPO00009239CR2400446CTSG,0.0,4608.0,389254.64,CHQ
2019-02-05,SERVICEBRANCHCHENNAICHEQUEDEPO00117002CRUNIONBANKOFINDIA0446CTSG117002 UBI,0.0,1846.0,391100.64,OUTWARD-RETURN
2019-02-05,SERVICEBRANCHCHENNAICHEQUEDEPO00002291CRSOUTHINDIANBANKLTD0446CTSCLG002291CLG002291 SIB,0.0,3905.0,395005.64,CHQ
2019-02-05,SERVICEBRANCHCHENNAICHEQUEDEPO00530246CRTAMILNADUSTATEAPEXCOO0446CTSG,0.0,447.0,395452.64,CHQ
2019-02-05,SERVICEBRANCHCHENNAICHEQUEDEPO00007696CRUNITEDBANKOFINDIA0446CTSCLG007696CLG,0.0,13130.0,408582.64,CHQ
2019-02-05,SERVICEBRANCHCHENNAICHEQUEDEPO00007697CRUNITEDBANKOFINDIA0446CTSCLG007697CLG,0.0,473.0,409055.64,CHQ
2019-02-05,SERVICEBRANCHCHENNAICHEQUEDEPO00000030CR2400446CTSG,0.0,1154.0,410209.64,CHQ
2019-02-05,SERVICEBRANCHCHENNAICHEQUEDEPO00079175CRTAMILNADMERCANTILEBANK0446CTSG079175 TMB,0.0,164.0,410373.64,CHQ
2019-02-05,SERVICEBRANCHCHENNAICHEQUEDEPO00663758CRSYNDICATEBANK0446CTSG663758 SYB,0.0,1297.0,411670.64,CHQ
2019-02-05,SERVICEBRANCHCHENNAICHEQUEDEPO00723490CRTAMILNADMERCANTILEBANK0446CTSG723490 TMB,0.0,7964.0,419634.64,CHQ
2019-02-05,SERVICEBRANCHCHENNAICHEQUEDEPO00547351CRFEDERALBANKLTD0446CTSG547351 FBI,0.0,2025.0,421659.64,CHQ
2019-02-05,MUMBAIFORTC ACFEESCRSANTHOSHSUPERM230TRANSFER20,0.0,6662.0,428321.64,TRANSFER
2019-02-05,MUMBAIFORTC ACFEESCRSANTHOSHSUPERM635TRANSFER29,0.0,14822.0,443143.64,TRANSFER
2019-02-05,MUMBAIFORTC ACFEESCRSANTHOSHSUPERM442TRANSFER26,0.0,6223.0,449366.64,TRANSFER
2019-02-05,MUMBAIFORTC ACFEESCRSANTHOSHSUPERM786TRANSFER28,0.0,14685.0,464051.64,TRANSFER
2019-02-05,SERVICEBRANCHCHENNAIOUTCHQRETCRFundsinsufficient,1846.0,0.0,462205.64,OUTWARD-RETURN
2019-02-05,SERVICEBRANCHCHENNAICHQDISHONOURCR,250.0,0.0,461955.64,INWARD-CHARGES
2019-02-05,MUMBAIFORTC ACFEESCRLIMRASENTE7639TRANSFE128,0.0,9733.0,471688.64,TRANSFER
2019-02-05,MUMBAIFORTC ACFEESSRICRMEENAKSHIAM004TRANSFER29,0.0,4397.0,476085.64,TRANSFER
2019-02-06,SERVICEBRANCHCHENNAITOCLGCHQ00898715CRSECEDCWEST,14153.0,0.0,461932.64,CHQ
2019-02-06,SERVICEBRANCHCHENNAICHEQUEDEPO00317432CRUCOBANK0446CTSCLG317432CLG317432 UCO,0.0,115640.0,577572.64,CHQ
2019-02-06,SERVICEBRANCHCHENNAICHEQUEDEPO00038569CRANDHRABANK0446CTSG038569 ANB,0.0,8510.0,586082.64,CHQ
2019-02-06,SERVICEBRANCHCHENNAICHEQUEDEPO00004821CRICICIBANKINGCORPORATION0446CTSG,0.0,14847.0,600929.64,CHQ
2019-02-06,SERVICEBRANCHCHENNAICHEQUEDEPO00020023CRANDHRABANK0446CTSG020023 ANB,0.0,1536.0,602465.64,CHQ
2019-02-06,SERVICEBRANCHCHENNAICHEQUEDEPO00868583CRSTATEBANKOFINDIA0446CTSG868583 SBI,0.0,9461.0,611926.64,CHQ
2019-02-06,SERVICEBRANCHCHENNAICHEQUEDEPO00001692CRCITYUNIONBANKLTD0446CTSCHQ001692,0.0,600.0,612526.64,CHQ
2019-02-06,SERVICEBRANCHCHENNAICHEQUEDEPO00181082CRSTATEBANKOFINDIA0446CTSG181082 SBI,0.0,9288.0,621814.64,CHQ
2019-02-06,SERVICEBRANCHCHENNAICHEQUEDEPO00671362CRCANARABANK0446CTSG671362 CAB,0.0,1733.0,623547.64,CHQ
2019-02-06,SERVICEBRANCHCHENNAICHEQUEDEPO00955714CRVIJAYABANK0446CTSG955714 VJB,0.0,1675.0,625222.64,CHQ
2019-02-06,SERVICEBRANCHCHENNAICHEQUEDEPO00020020CRANDHRABANK0446CTSG020020 ANB,0.0,2915.0,628137.64,CHQ
2019-02-06,SERVICEBRANCHCHENNAICHEQUEDEPO00038563CRANDHRABANK0446CTSG038563 ANB,0.0,4169.0,632306.64,CHQ
2019-02-06,SERVICEBRANCHCHENNAICHEQUEDEPO00233627CRUTIBANKLTD0446CTSG,0.0,1754.0,634060.64,CHQ
2019-02-06,TIRUMANGALAMBYCHQ TTTFRCRKISHOREMARKETING,0.0,4969.0,639029.64,CHQ
2019-02-06,MUMBAIFORTC ACFEESCRSANTHOSHSUPERM886TRANSFER26,0.0,1934.0,640963.64,TRANSFER
2019-02-06,MUMBAIFORTC ACFEESCRHECTORBEVER7179117TRANSFER28,0.0,12097.0,653060.64,TRANSFER
2019-02-06,MUMBAIFORTC ACFEESCRHECTORBEVER7179110TRANSFER27,0.0,12581.0,665641.64,TRANSFER
2019-02-06,MUMBAIFORTC ACFEESCRHECTORBEVER7179125TRANSFER26,0.0,14032.0,679673.64,TRANSFER
2019-02-07,SERVICEBRANCHCHENNAICHEQUEDEPO00019926CRANDHRABANK0446CTSCHQ019026,0.0,9886.0,689559.64,CHQ
2019-02-07,SERVICEBRANCHCHENNAICHEQUEDEPO00288757CRUTIBANKLTD0446CTSG,0.0,4325.0,693884.64,CHQ
2019-02-07,SERVICEBRANCHCHENNAICHEQUEDEPO00001704CRANDHRABANK0446CTSG001704 ANB,0.0,2139.0,696023.64,CHQ
2019-02-07,SERVICEBRANCHCHENNAICHEQUEDEPO00211903CRINDIANOVERSEASBANK0446CTSG211903 IOB,0.0,5713.0,701736.64,CHQ
2019-02-07,SERVICEBRANCHCHENNAICHEQUEDEPO00000772CR4850446CTSG000772 KMB,0.0,8999.0,710735.64,CHQ
2019-02-07,SERVICEBRANCHCHENNAICHEQUEDEPO00038465CRANDHRABANK0446CTSG038465 ANB,0.0,4325.0,715060.64,CHQ
2019-02-07,SERVICEBRANCHCHENNAICHEQUEDEPO00474305CRSOUTHINDIANBANKLTD0446CTSCLG474305CLG474305 SIB,0.0,4278.0,719338.64,CHQ
2019-02-07,MUMBAIFORTWITHDRAWALTRANSFERMARSINTERNATIONAIDIBH19038110656CRTRANSFER24,400029.0,0.0,319309.64,TRANSFER
2019-02-07,MUMBAIFORTC ACFEESCRSANTHOSHSUPERM319TRANSFER21,0.0,4484.0,323793.64,TRANSFER
2019-02-07,MUMBAIFORTC ACFEESCRCHENNAIC5934533TRANSFER20,0.0,3057.0,326850.64,TRANSFER
2019-02-08,MUMBAIFORTC ACFEESCRKALIGAMBALFRUI7990TRANSFER24,0.0,8587.0,335437.64,TRANSFER
2019-02-08,MUMBAIFORTC ACFEESCRVIKPRIHOME81DCTRANSFE129,0.0,5218.0,340655.64,TRANSFER
2019-02-08,TIRUMANGALAMCASHDEPOSITCRDepositbySELF,0.0,920000.0,1260655.64,CASH
2019-02-08,MUMBAIFORTWITHDRAWALTRANSFERMARSINTERNATIONAIDIBH19039199384CRTRANSFER24,500029.0,0.0,760626.64,TRANSFER
2019-02-08,MUMBAIFORTWITHDRAWALTRANSFERINBISCOCRINDIAPV681TRANSFER24,115014.0,0.0,645612.64,TRANSFER
2019-02-08,MUMBAIFORTWITHDRAWALTRANSFERHECTORBEVERAGESPIDIBH19039200388CRTRANSFER24,100006.0,0.0,545606.64,TRANSFER
2019-02-08,MUMBAIFORTC ACFEESCRANNAISUPERMAR0344TRANSFER24,0.0,6506.0,552112.64,TRANSFER
2019-02-08,CASHDEPCRCHRGSOTHER,720.0,0.0,551392.64,DEPOSIT-CHARGES
2019-02-11,SERVICEBRANCHCHENNAICHEQUEDEPO00001252CRKARURVYSYABANKLTD0446CTSCLG001252CLG001252 KVB,0.0,2093.0,553485.64,CHQ
2019-02-11,SERVICEBRANCHCHENNAICHEQUEDEPO00002674CR2400446CTSG,0.0,1030.0,554515.64,CHQ
2019-02-11,SERVICEBRANCHCHENNAICHEQUEDEPO00330720CRPUNJABNATIONALBANK0446CTSG330720 PNB,0.0,3226.0,557741.64,CHQ
2019-02-11,SERVICEBRANCHCHENNAICHEQUEDEPO00287770CRUTIBANKLTD0446CTSG,0.0,2304.0,560045.64,CHQ
2019-02-11,SERVICEBRANCHCHENNAICHEQUEDEPO00030134CRICICIBANKINGCORPORATION0446CTSG,0.0,1369.0,561414.64,CHQ
2019-02-11,SERVICEBRANCHCHENNAICHEQUEDEPO00000301CR2400446CTSG,0.0,1009.0,562423.64,CHQ
2019-02-11,SERVICEBRANCHCHENNAICHEQUEDEPO00216343CRFEDERALBANKLTD0446CTSG216343 FBI,0.0,2840.0,565263.64,CHQ
2019-02-11,SERVICEBRANCHCHENNAICHEQUEDEPO00588709CRVIJAYABANK0446CTSG588709 VJB,0.0,3374.0,568637.64,CHQ
2019-02-11,SERVICEBRANCHCHENNAICHEQUEDEPO00216396CRFEDERALBANKLTD0446CTSG216396 FBI,0.0,6308.0,574945.64,CHQ
2019-02-11,SERVICEBRANCHCHENNAICHEQUEDEPO00742034CRINDIANOVERSEASBANK0446CTSG742034 IOB,0.0,1699.0,576644.64,CHQ
2019-02-11,SERVICEBRANCHCHENNAICHEQUEDEPO00001298CR2400446CTSG,0.0,2160.0,578804.64,CHQ
2019-02-11,SERVICEBRANCHCHENNAICHEQUEDEPO00290049CRUTIBANKLTD0446CTSG,0.0,10000.0,588804.64,CHQ
2019-02-11,SERVICEBRANCHCHENNAICHEQUEDEPO00909161CRINDIANOVERSEASBANK0446CTSCHQ009161,0.0,2787.0,591591.64,CHQ
2019-02-11,SERVICEBRANCHCHENNAICHEQUEDEPO00079261CRUTIBANKLTD0446CTSG,0.0,2116.0,593707.64,CHQ
2019-02-11,SERVICEBRANCHCHENNAICHEQUEDEPO00188069CRTAMILNADMERCANTILEBANK0446CTSG188069 TMB,0.0,2139.0,595846.64,CHQ
2019-02-11,SERVICEBRANCHCHENNAICHEQUEDEPO00312892CRSYNDICATEBANK0446CTSG312892 SYB,0.0,7509.0,603355.64,CHQ
2019-02-11,SERVICEBRANCHCHENNAICHEQUEDEPO00000396CRKARURVYSYABANKLTD0446CTSCLG000396CLG000396 KVB,0.0,2289.0,605644.64,CHQ
2019-02-11,SERVICEBRANCHCHENNAICHEQUEDEPO00001333CR2400446CTSG,0.0,2940.0,608584.64,CHQ
2019-02-11,SERVICEBRANCHCHENNAICHEQUEDEPO00174726CRSTATEBANKOFINDIA0446CTSG174726 SBI,0.0,1508.0,610092.64,CHQ
2019-02-11,SERVICEBRANCHCHENNAICHEQUEDEPO00001030CR2400446CTSG,0.0,1440.0,611532.64,CHQ
2019-02-11,SERVICEBRANCHCHENNAICHEQUEDEPO00117002CRUNIONBANKOFINDIA0446CTSG117002 UBI,0.0,1846.0,613378.64,CHQ
2019-02-11,SERVICEBRANCHCHENNAICHEQUEDEPO00237339CR2340446CTSG,0.0,2022.0,615400.64,CHQ
2019-02-11,SERVICEBRANCHCHENNAICHEQUEDEPO00000322CR7500446CTSGAN,0.0,1680.0,617080.64,CHQ
2019-02-11,SERVICEBRANCHCHENNAICHEQUEDEPO00161500CR,0.0,3841.0,620921.64,CHQ
2019-02-11,SERVICEBRANCHCHENNAICHEQUEDEPO00237328CR2340446CTSG,0.0,7648.0,628569.64,CHQ
2019-02-11,SERVICEBRANCHCHENNAICHEQUEDEPO00000126CRKARURVYSYABANKLTD0446CTSCLG000126CLG000126 KVB,0.0,2726.0,631295.64,CHQ
2019-02-11,SERVICEBRANCHCHENNAICHEQUEDEPO00441074CR2590446CTSG,0.0,1534.0,632829.64,CHQ
2019-02-11,SERVICEBRANCHCHENNAICHEQUEDEPO00910542CR0020446CTSG910542 SBI,0.0,2181.0,635010.64,CHQ
2019-02-11,SERVICEBRANCHCHENNAICHEQUEDEPO00317433CRUCOBANK0446CTSCLG317433CLG317433 UCO,0.0,22802.0,657812.64,CHQ
2019-02-11,SERVICEBRANCHCHENNAICHEQUEDEPO00020144CRANDHRABANK0446CTSG020144 ANB,0.0,1443.0,659255.64,CHQ
2019-02-11,SERVICEBRANCHCHENNAICHEQUEDEPO00440032CR2590446CTSG,0.0,1903.0,661158.64,CHQ
2019-02-11,SERVICEBRANCHCHENNAICHEQUEDEPO00001020CR2400446CTSG,0.0,17408.0,678566.64,CHQ
2019-02-11,SERVICEBRANCHCHENNAICHEQUEDEPO00041583CRCENTRALBANKOFINDIA0446CTSCLG041583CLG041583 CBI,0.0,1406.0,679972.64,CHQ
2019-02-11,MUMBAIFORTC ACFEESNKNCRENTERPRISES684TRANSFER24,0.0,15000.0,694972.64,TRANSFER
2019-02-11,TIRUMANGALAMBYCHQ TTTFRCRKISHOREMARKETING,0.0,13743.0,708715.64,CHQ
2019-02-11,TIRUMANGALAMBYCHQ TTTFRCRKISHOREMARKETING,0.0,2358.0,711073.64,CHQ
2019-02-11,TIRUMANGALAMBYCHQ TTTFRCRKISHOREMARKETING,0.0,3583.0,714656.64,CHQ
2019-02-12,SERVICEBRANCHCHENNAICHEQUEDEPO00883020CRTAMILNADUSTATEAPEXCOO0446CTSG,0.0,706.0,715362.64,CHQ
2019-02-12,SERVICEBRANCHCHENNAICHEQUEDEPO00001588CRCITYUNIONBANKLTD0446CTSCLG001588CLG001588 CUB,0.0,1543.0,716905.64,CHQ
2019-02-12,MUMBAIFORTC ACFEESCRKARUVALURMARIA9591TRANSFER20,0.0,20403.0,737308.64,TRANSFER
2019-02-12,MUMBAIFORTC ACFEESCRAMMANFRUITS397TRANSFER29,0.0,11873.0,749181.64,TRANSFER
2019-02-12,SERVICEBRANCHCHENNAICHEQUEDEPO00290050CRUTIBANKLTD0446CTSG,0.0,9556.0,758737.64,CHQ
2019-02-12,SERVICEBRANCHCHENNAICHEQUEDEPO00019986CRUTIBANKLTD0446CTSG,0.0,4873.0,763610.64,CHQ
2019-02-12,SERVICEBRANCHCHENNAICHEQUEDEPO00427512CRTAMILNADMERCANTILEBANK0446CTSG427751 TMB,0.0,10000.0,773610.64,CHQ
2019-02-12,SERVICEBRANCHCHENNAICHEQUEDEPO00000571CRKARURVYSYABANKLTD0446CTSCLG000571CLG000571 KVB,0.0,34422.0,808032.64,CHQ
2019-02-12,SERVICEBRANCHCHENNAICHEQUEDEPO00002617CR2400446CTSG,0.0,3784.0,811816.64,CHQ
2019-02-12,SERVICEBRANCHCHENNAICHEQUEDEPO00073647CRUTIBANKLTD0446CTSG,0.0,991.0,812807.64,CHQ
2019-02-12,SERVICEBRANCHCHENNAICHEQUEDEPO00004479CRCITYUNIONBANKLTD0446CTSCLG004479CLG004479 CUB,0.0,8350.0,821157.64,OUTWARD-RETURN
2019-02-12,SERVICEBRANCHCHENNAICHEQUEDEPO00278953CRSTATEBANKOFINDIA0446CTSG278953 SBI,0.0,18594.0,839751.64,CHQ
2019-02-12,SERVICEBRANCHCHENNAICHEQUEDEPO00007923CRUNITEDBANKOFINDIA0446CTSCLG007923CLG,0.0,12785.0,852536.64,CHQ
2019-02-12,SERVICEBRANCHCHENNAICHEQUEDEPO00962428CRINDIANOVERSEASBANK0446CTSG962428 IOB,0.0,1280.0,853816.64,CHQ
2019-02-12,SERVICEBRANCHCHENNAICHEQUEDEPO00824562CRINDIANOVERSEASBANK0446CTSG824562 IOB,0.0,3226.0,857042.64,CHQ
2019-02-12,SERVICEBRANCHCHENNAICHEQUEDEPO00795102CR0170446CTSG,0.0,15764.0,872806.64,CHQ
2019-02-12,SERVICEBRANCHCHENNAICHEQUEDEPO00003656CRUTIBANKLTD0446CTSG,0.0,1012.0,873818.64,CHQ
2019-02-12,MUMBAIFORTC ACFEESCRSANTHOSHSUPERM694TRANSFER26,0.0,4062.0,877880.64,TRANSFER
2019-02-12,MUMBAIFORTC ACFEESCRSANTHOSHSUPERM286TRANSFER27,0.0,5723.0,883603.64,TRANSFER
2019-02-12,MUMBAIFORTC ACFEESCRSANTHOSHSUPERM499TRANSFER20,0.0,2755.0,886358.64,TRANSFER
2019-02-12,TIRUMANGALAMBYCHQ TTTFRCRKISHOREMARKETING,0.0,2127.0,888485.64,CHQ
2019-02-12,MUMBAIFORTC ACFEESCRLIMRASENTE6716TRANSFE129,0.0,5538.0,894023.64,TRANSFER
2019-02-12,SERVICEBRANCHCHENNAIOUTCHQRETCRFundsinsufficient,8350.0,0.0,885673.64,OUTWARD-RETURN
2019-02-12,SERVICEBRANCHCHENNAICHQDISHONOURCR,250.0,0.0,885423.64,INWARD-CHARGES
2019-02-13,MUMBAIFORTC ACFEESCRCHENNAIC0379276TRANSFER25,0.0,2904.0,888327.64,TRANSFER
2019-02-13,SERVICEBRANCHCHENNAICHEQUEDEPO00001021CR2400446CTSG,0.0,20000.0,908327.64,CHQ
2019-02-13,SERVICEBRANCHCHENNAICHEQUEDEPO00020151CRANDHRABANK0446CTSG020151 ANB,0.0,17826.0,926153.64,CHQ
2019-02-13,SERVICEBRANCHCHENNAICHEQUEDEPO00536068CRINDIANOVERSEASBANK0446CTSG536068 IOB,0.0,1508.0,927661.64,CHQ
2019-02-13,SERVICEBRANCHCHENNAICHEQUEDEPO00219824CRCANARABANK0446CTSG219824 CAB,0.0,5218.0,932879.64,CHQ
2019-02-13,SERVICEBRANCHCHENNAICHEQUEDEPO00000556CRKARURVYSYABANKLTD0446CTSCLG000556CLG000556 KVB,0.0,27748.0,960627.64,CHQ
2019-02-13,SERVICEBRANCHCHENNAICHEQUEDEPO00001411CRKARURVYSYABANKLTD0446CTSCLG001411CLG001411 KVB,0.0,42682.0,1003309.64,CHQ
2019-02-13,SERVICEBRANCHCHENNAICHEQUEDEPO00459988CRUNITEDBANKOFINDIA0446CTSCLG459988CLG,0.0,611.0,1003920.64,CHQ
2019-02-13,SERVICEBRANCHCHENNAICHEQUEDEPO00009383CR4850446CTSCHQ000383,0.0,8132.0,1012052.64,CHQ
2019-02-13,SERVICEBRANCHCHENNAICHEQUEDEPO00000478CRKARURVYSYABANKLTD0446CTSCLG000478CLG000478 KVB,0.0,2545.0,1014597.64,CHQ
2019-02-13,SERVICEBRANCHCHENNAICHEQUEDEPO00036994CRBANKOFINDIA0446CTSG036994 BOI,0.0,4354.0,1018951.64,CHQ
2019-02-13,SERVICEBRANCHCHENNAICHEQUEDEPO00002712CR2400446CTSG,0.0,6150.0,1025101.64,CHQ
2019-02-13,SERVICEBRANCHCHENNAICHEQUEDEPO00000144CRKARURVYSYABANKLTD0446CTSCLG000144CLG000144 KVB,0.0,828.0,1025929.64,CHQ
2019-02-13,SERVICEBRANCHCHENNAICHEQUEDEPO00000228CRINDIANOVERSEASBANK0446CTSCLG000228,0.0,6944.0,1032873.64,CHQ
2019-02-13,MUMBAIFORTC ACFEESCRMCRENNETTF0592920TRANSFER24,0.0,2603.0,1035476.64,TRANSFER
2019-02-13,SERVICEBRANCHCHENNAICHEQUEDEPO00003799CR2400446CTSG,0.0,16261.0,1051737.64,CHQ
2019-02-13,TIRUMANGALAMCASHDEPOSITCRDepositbySELF,0.0,100000.0,1151737.64,CASH
2019-02-13,MUMBAIFORTC ACFEESCRSANTHOSHSUPERM921TRANSFER23,0.0,1241.0,1152978.64,TRANSFER
2019-02-14,MUMBAIFORTWITHDRAWALTRANSFERMARSINTERNATIONAIDIBH19045461877CRTRANSFER24,400029.0,0.0,752949.64,TRANSFER
2019-02-14,MUMBAIFORTWITHDRAWALTRANSFERINVENTZLIFESCIENIDIBH19045462151CRTRANSFER24,80006.0,0.0,672943.64,TRANSFER
2019-02-14,SERVICEBRANCHCHENNAICHEQUEDEPO00317434CRUCOBANK0446CTSCLG317434CLG317434 UCO,0.0,60801.0,733744.64,CHQ
2019-02-14,SERVICEBRANCHCHENNAICHEQUEDEPO00056647CR2400446CTSG,0.0,80294.0,814038.64,CHQ
2019-02-14,TIRUMANGALAMBYCHQ TTTFRCRKISHOREMARKETING,0.0,462.0,814500.64,CHQ
2019-02-14,MUMBAIFORTC ACFEESCRSANTHOSHSUPERM849TRANSFER23,0.0,1534.0,816034.64,TRANSFER
2019-02-14,TIRUMANGALAMCASHDEPOSITCRDepositbySELF,0.0,90000.0,906034.64,CASH
2019-02-14,MUMBAIFORTC ACFEESCRSANTHOSHSUPERM363TRANSFER27,0.0,8475.0,914509.64,TRANSFER
2019-02-14,TIRUMANGALAMBYCHQ TTTFRCRkishoremarketing,0.0,8087.0,922596.64,CHQ
2019-02-14,TIRUMANGALAMBYCHQ TTTFRCRkishoremarketing,0.0,13052.0,935648.64,CHQ
2019-02-14,TIRUMANGALAMBYCHQ TTTFRCRkishoremarketing,0.0,1786.0,937434.64,CHQ
2019-02-14,TIRUMANGALAMBYCHQ TTTFRCRkishoremarketing,0.0,13053.0,950487.64,CHQ
2019-02-14,MUMBAIFORTWITHDRAWALTRANSFERHECTORBEVERAGESPIDIBH19045106544CRTRANSFER24,75006.0,0.0,875481.64,TRANSFER
2019-02-15,SERVICEBRANCHCHENNAICHEQUEDEPO00003692CRKARURVYSYABANKLTD0446CTSCLG003692CLG003692 KVB,0.0,2116.0,877597.64,CHQ
2019-02-15,SERVICEBRANCHCHENNAICHEQUEDEPO00427513CRTAMILNADMERCANTILEBANK0446CTSG427513 TMB,0.0,13519.0,891116.64,CHQ
2019-02-15,SERVICEBRANCHCHENNAICHEQUEDEPO00170309CR2590446CTSG,0.0,1392.0,892508.64,CHQ
2019-02-15,SERVICEBRANCHCHENNAICHEQUEDEPO00000109CRKARURVYSYABANKLTD0446CTSCHQ000100,0.0,2000.0,894508.64,CHQ
2019-02-15,SERVICEBRANCHCHENNAICHEQUEDEPO00124447CRCANARABANK0446CTSG124447 CAB,0.0,328.0,894836.64,CHQ
2019-02-15,SERVICEBRANCHCHENNAICHEQUEDEPO00000146CRKARURVYSYABANKLTD0446CTSCLG000146CLG000146 KVB,0.0,1009.0,895845.64,CHQ
2019-02-15,SERVICEBRANCHCHENNAICHEQUEDEPO00103354CRCENTRALBANKOFINDIA0446CTSCHQ10354,0.0,7253.0,903098.64,CHQ
2019-02-15,SERVICEBRANCHCHENNAICHEQUEDEPO00001721CR2400446CTSG,0.0,11181.0,914279.64,CHQ
2019-02-15,SERVICEBRANCHCHENNAICHEQUEDEPO00909257CRINDIANOVERSEASBANK0446CTSG909257 IOB,0.0,3870.0,918149.64,OUTWARD-RETURN
2019-02-15,SERVICEBRANCHCHENNAICHEQUEDEPO00923730CRSYNDICATEBANK0446CTSG923730 SYB,0.0,571.0,918720.64,CHQ
2019-02-15,SERVICEBRANCHCHENNAICHEQUEDEPO00367090CRCANARABANK0446CTSCHQ367000,0.0,306.0,919026.64,CHQ
2019-02-15,SERVICEBRANCHCHENNAICHEQUEDEPO00001939CRKARURVYSYABANKLTD0446CTSCLG001939CLG001939 KVB,0.0,3027.0,922053.64,CHQ
2019-02-15,TIRUMANGALAMCASHDEPOSITCRDepositbySELF,0.0,380000.0,1302053.64,CASH
2019-02-15,SERVICEBRANCHCHENNAIOUTCHQRETCRFundsinsufficient,3870.0,0.0,1298183.64,OUTWARD-RETURN
2019-02-15,SERVICEBRANCHCHENNAICHQDISHONOURCR,250.0,0.0,1297933.64,INWARD-CHARGES
2019-02-15,MUMBAIFORTWITHDRAWALTRANSFERMARSINTERNATIONAIDIBH19046149624CRTRANSFER24,500029.0,0.0,797904.64,TRANSFER
2019-02-15,MUMBAIFORTWITHDRAWALTRANSFERCRREDBULLINDIAP796TRANSFER24,200014.0,0.0,597890.64,TRANSFER
2019-02-15,MUMBAIFORTWITHDRAWALTRANSFERINBISCOCRINDIAPV928TRANSFER24,165014.0,0.0,432876.64,TRANSFER
2019-02-15,MUMBAIFORTC ACFEESKPNCRFARMFRESHP79TRANSFE121,0.0,9705.0,442581.64,TRANSFER
2019-02-15,MUMBAIFORTC ACFEESCRAMMANFRUITS778TRANSFER23,0.0,12555.0,455136.64,TRANSFER
2019-02-15,MUMBAIFORTC ACFEESSRICRMEENAKSHIAM555TRANSFER21,0.0,2386.0,457522.64,TRANSFER
2019-02-15,CASHDEPCRCHRGSOTHER,180.0,0.0,457342.64,DEPOSIT-CHARGES
2019-02-16,MUMBAIFORTC ACFEESNKNCRENTERPRISES362TRANSFER21,0.0,15000.0,472342.64,TRANSFER
2019-02-16,TIRUMANGALAMCASHDEPOSITCRDepositbySELF,0.0,100000.0,572342.64,CASH
2019-02-18,SERVICEBRANCHCHENNAICHEQUEDEPO00001938CRKARURVYSYABANKLTD0446CTSCLG001938CLG001938 KVB,0.0,2878.0,575220.64,CHQ
2019-02-18,SERVICEBRANCHCHENNAICHEQUEDEPO00002713CRICICIBANKINGCORPORATION0446CTSG,0.0,3767.0,578987.64,CHQ
2019-02-18,SERVICEBRANCHCHENNAICHEQUEDEPO00104258CRBANKOFMAHARASHTRA0446CTSG104258 BOM,0.0,13064.0,592051.64,CHQ
2019-02-18,SERVICEBRANCHCHENNAICHEQUEDEPO00080826CRTAMILNADMERCANTILEBANK0446CTSG080826 TMB,0.0,328.0,592379.64,CHQ
2019-02-18,SERVICEBRANCHCHENNAICHEQUEDEPO00000093CRCITYUNIONBANKLTD0446CTSCHQ000093,0.0,4608.0,596987.64,CHQ
2019-02-18,SERVICEBRANCHCHENNAICHEQUEDEPO00005666CRKARURVYSYABANKLTD0446CTSCLG005666CLG005666 KVB,0.0,566.0,597553.64,CHQ
2019-02-18,SERVICEBRANCHCHENNAICHEQUEDEPO00753705CR2340446CTSG,0.0,742.0,598295.64,CHQ
2019-02-18,SERVICEBRANCHCHENNAICHEQUEDEPO00074280CRUTIBANKLTD0446CTSG,0.0,5248.0,603543.64,CHQ
2019-02-18,SERVICEBRANCHCHENNAICHEQUEDEPO00278631CRTAMILNADMERCANTILEBANK0446CTSG278631 TMB,0.0,2994.0,606537.64,CHQ
2019-02-18,SERVICEBRANCHCHENNAICHEQUEDEPO00219826CRCANARABANK0446CTSG219826 CAB,0.0,4978.0,611515.64,CHQ
2019-02-18,SERVICEBRANCHCHENNAICHEQUEDEPO00008838CRKARURVYSYABANKLTD0446CTSCLG008838CLG008838 KVB,0.0,20038.0,631553.64,CHQ
2019-02-18,SERVICEBRANCHCHENNAICHEQUEDEPO00002345CRSOUTHINDIANBANKLTD0446CTSCLG002345CLG002345 SIB,0.0,9003.0,640556.64,CHQ
2019-02-18,SERVICEBRANCHCHENNAICHEQUEDEPO00000043CR2400446CTSG,0.0,686.0,641242.64,CHQ
2019-02-18,SERVICEBRANCHCHENNAICHEQUEDEPO00000136CRINDIANOVERSEASBANK0446CTSG000136 IOB,0.0,1225.0,642467.64,CHQ
2019-02-18,SERVICEBRANCHCHENNAICHEQUEDEPO00000186CR7560446CTSG,0.0,1150.0,643617.64,CHQ
2019-02-18,SERVICEBRANCHCHENNAICHEQUEDEPO00004567CRCITYUNIONBANKLTD0446CTSCLG004567CLG004567 CUB,0.0,2858.0,646475.64,CHQ
2019-02-18,SERVICEBRANCHCHENNAICHEQUEDEPO00886203CRINDIANOVERSEASBANK0446CTSG886203 IOB,0.0,572.0,647047.64,OUTWARD-RETURN
2019-02-18,SERVICEBRANCHCHENNAICHEQUEDEPO00795113CRCORPORATIONBANK0446CTSG,0.0,18895.0,665942.64,CHQ
2019-02-18,SERVICEBRANCHCHENNAICHEQUEDEPO00609123CRTAMILNADMERCANTILEBANK0446CTSG609123 TMB,0.0,9033.0,674975.64,CHQ
2019-02-18,MUMBAIFORTC ACFEESCRPONNUSUPERMAR2942TRANSFER28,0.0,9643.0,684618.64,TRANSFER
2019-02-18,TIRUMANGALAMBYCHQ TTTFRCRKISHOREMARKETING,0.0,35508.0,720126.64,CHQ
2019-02-18,TIRUMANGALAMCASHDEPOSITCRDepositbySELF,0.0,120000.0,840126.64,CASH
2019-02-18,MUMBAIFORTC ACFEESCRANNANAGARSUPE1765TRANSFER28,0.0,21795.0,861921.64,TRANSFER
2019-02-18,SERVICEBRANCHCHENNAIOUTCHQRETCRFundsinsufficient,572.0,0.0,861349.64,OUTWARD-RETURN
2019-02-18,SERVICEBRANCHCHENNAICHQDISHONOURCR,250.0,0.0,861099.64,INWARD-CHARGES
2019-02-19,SERVICEBRANCHCHENNAICHEQUEDEPO00227273CRUTIBANKLTD0446CTSG,0.0,24194.0,885293.64,CHQ
2019-02-19,SERVICEBRANCHCHENNAICHEQUEDEPO00000161CRKARURVYSYABANKLTD0446CTSCLG000161CLG000161 KVB,0.0,10184.0,895477.64,CHQ
2019-02-19,SERVICEBRANCHCHENNAICHEQUEDEPO00002741CR4850446CTSG002741 KMB,0.0,8659.0,904136.64,CHQ
2019-02-19,SERVICEBRANCHCHENNAICHEQUEDEPO00207878CRFEDERALBANKLTD0446CTSG207878 FBI,0.0,8633.0,912769.64,CHQ
2019-02-19,SERVICEBRANCHCHENNAICHEQUEDEPO00742065CRINDIANOVERSEASBANK0446CTSG742065 IOB,0.0,3796.0,916565.64,CHQ
2019-02-19,SERVICEBRANCHCHENNAICHEQUEDEPO00661981CRSTATEBANKOFINDIA0446CTSG661981 SBI,0.0,1192.0,917757.64,CHQ
2019-02-19,SERVICEBRANCHCHENNAICHEQUEDEPO00001353CR2400446CTSG,0.0,2250.0,920007.64,CHQ
2019-02-19,SERVICEBRANCHCHENNAICHEQUEDEPO00862154CRSTATEBANKOFINDIA0446CTSG862154 SBI,0.0,1219.0,921226.64,CHQ
2019-02-19,SERVICEBRANCHCHENNAICHEQUEDEPO00175623CRTAMILNADMERCANTILEBANK0446CTSG175623 TMB,0.0,2274.0,923500.64,CHQ
2019-02-19,SERVICEBRANCHCHENNAICHEQUEDEPO00091896CRVIJAYABANK0446CTSG091896 VJB,0.0,47206.0,970706.64,CHQ
2019-02-19,SERVICEBRANCHCHENNAICHEQUEDEPO00317435CRUCOBANK0446CTSCLG317435CLG317435 UCO,0.0,62403.0,1033109.64,CHQ
2019-02-19,SERVICEBRANCHCHENNAICHEQUEDEPO00227274CRUTIBANKLTD0446CTSG,0.0,31817.0,1064926.64,CHQ
2019-02-19,MUMBAIFORTC ACFEESCRVIKPRIHOME81DCTRANSFE129,0.0,8018.0,1072944.64,TRANSFER
2019-02-19,TIRUMANGALAMBYCHQ TTTFRCRKISHOREMARKETING,0.0,7892.0,1080836.64,CHQ
2019-02-19,TIRUMANGALAMCASHDEPOSITCRDepositbySELF,0.0,100000.0,1180836.64,CASH
2019-02-19,MUMBAIFORTC ACFEESCRSANTHOSHSUPERM772TRANSFER24,0.0,3879.0,1184715.64,TRANSFER
2019-02-19,MUMBAIFORTC ACFEESCRSANTHOSHSUPERM913TRANSFER23,0.0,914.0,1185629.64,TRANSFER
2019-02-19,MUMBAIFORTC ACFEESCRSANTHOSHSUPERM585TRANSFER26,0.0,1611.0,1187240.64,TRANSFER
2019-02-20,TIRUMANGALAMBYCHQ TTTFRCRtrfKISHOREMARKETING,0.0,11685.0,1198925.64,CHQ
2019-02-20,MUMBAIFORTC ACFEESCRCHENNAIC5480363TRANSFER29,0.0,7638.0,1206563.64,TRANSFER
2019-02-20,MUMBAIFORTC ACFEESCRLIMRASENTE5134TRANSFE126,0.0,6955.0,1213518.64,TRANSFER
2019-02-21,SERVICEBRANCHCHENNAICHEQUEDEPO00671467CRCANARABANK0446CTSG671467 CAB,0.0,2005.0,1215523.64,CHQ
2019-02-21,SERVICEBRANCHCHENNAICHEQUEDEPO00004861CRSOUTHINDIANBANKLTD0446CTSCLG004861CLG004861 SIB,0.0,10560.0,1226083.64,CHQ
2019-02-21,SERVICEBRANCHCHENNAICHEQUEDEPO00278637CRUTIBANKLTD0446CTSG,0.0,2234.0,1228317.64,CHQ
2019-02-21,SERVICEBRANCHCHENNAICHEQUEDEPO00037030CRBANKOFINDIA0446CTSG037030 BOI,0.0,4214.0,1232531.64,CHQ
2019-02-21,SERVICEBRANCHCHENNAICHEQUEDEPO00094312CRPUNJABNATIONALBANK0446CTSG094312 PNB,0.0,16000.0,1248531.64,CHQ
2019-02-21,SERVICEBRANCHCHENNAICHEQUEDEPO00100777CR2590446CTSG,0.0,1750.0,1250281.64,CHQ
2019-02-21,SERVICEBRANCHCHENNAICHEQUEDEPO00962590CRINDIANOVERSEASBANK0446CTSG962590 IOB,0.0,1724.0,1252005.64,CHQ
2019-02-21,SERVICEBRANCHCHENNAICHEQUEDEPO00003429CRANDHRABANK0446CTSG003429 ANB,0.0,15907.0,1267912.64,CHQ
2019-02-21,TIRUMANGALAMCASHDEPOSITCRDepositbySELF,0.0,200000.0,1467912.64,CASH
2019-02-21,MUMBAIFORTC ACFEESCRSANTHOSHSUPERM492TRANSFER25,0.0,1798.0,1469710.64,TRANSFER
2019-02-21,TIRUMANGALAMBYCHQ TTTFRCRKISHOREMARKETING,0.0,7778.0,1477488.64,CHQ
2019-02-21,MUMBAIFORTWITHDRAWALTRANSFERMARSINTERNATIONAIDIBH19052374389CRTRANSFER24,600029.0,0.0,877459.64,TRANSFER
2019-02-21,MUMBAIFORTWITHDRAWALTRANSFERHECTORBEVERAGESPIDIBH19052401870CRTRANSFER24,100006.0,0.0,777453.64,TRANSFER
2019-02-21,MUMBAIFORTC ACFEESKPNCRFARMFRESHP990TRANSFER25,0.0,21110.0,798563.64,TRANSFER
2019-02-22,MUMBAIFORTWITHDRAWALTRANSFERMARSINTERNATIONAIDIBH19053407962CRTRANSFER24,600029.0,0.0,198534.64,TRANSFER
2019-02-22,TIRUMANGALAMBYCHQ TTTFRCRkishoremarketing,0.0,3444.0,201978.64,CHQ
2019-02-22,MUMBAIFORTC ACFEESCRSANTHOSHSUPERM838TRANSFER27,0.0,22129.0,224107.64,TRANSFER
2019-02-22,SERVICEBRANCHCHENNAICHEQUEDEPO00000251CR7510446CTSG000251 IDF,0.0,2992.0,227099.64,CHQ
2019-02-22,SERVICEBRANCHCHENNAICHEQUEDEPO00009906CRDHANALAKSHMIBANKLTD0446CTSCLG009906CLG009906 DNB,0.0,2979.0,230078.64,CHQ
2019-02-22,SERVICEBRANCHCHENNAICHEQUEDEPO00317437CRUCOBANK0446CTSCLG317437CLG317437 UCO,0.0,67207.0,297285.64,CHQ
2019-02-22,SERVICEBRANCHCHENNAICHEQUEDEPO00000800CRICICIBANKINGCORPORATION0446CTSG,0.0,1887.0,299172.64,CHQ
2019-02-22,SERVICEBRANCHCHENNAICHEQUEDEPO00322357CRINDIANOVERSEASBANK,0.0,2000.0,301172.64,CHQ
2019-02-22,SERVICEBRANCHCHENNAICHEQUEDEPO00288648CRUTIBANKLTD0446CTSG,0.0,10000.0,311172.64,CHQ
2019-02-22,SERVICEBRANCHCHENNAICHEQUEDEPO00170310CR2590446CTSG,0.0,4786.0,315958.64,CHQ
2019-02-22,SERVICEBRANCHCHENNAICHEQUEDEPO00094313CRPUNJABNATIONALBANK0446CTSG094313 PNB,0.0,17404.0,333362.64,CHQ
2019-02-22,SERVICEBRANCHCHENNAICHEQUEDEPO00038898CRANDHRABANK0446CTSG038898 ANB,0.0,30494.0,363856.64,CHQ
2019-02-22,SERVICEBRANCHCHENNAICHEQUEDEPO00009907CRDHANALAKSHMIBANKLTD0446CTSCLG009907CLG009907 DNB,0.0,1261.0,365117.64,CHQ
2019-02-22,SERVICEBRANCHCHENNAICHEQUEDEPO00020253CRANDHRABANK0446CTSG020253 ANB,0.0,5058.0,370175.64,CHQ
2019-02-22,SERVICEBRANCHCHENNAICHEQUEDEPO00006356CRCITYUNIONBANKLTD0446CTSCLG006356CLG006356 CUB,0.0,1046.0,371221.64,CHQ
2019-02-22,SERVICEBRANCHCHENNAICHEQUEDEPO00000006CRINDIANOVERSEASBANK0446CTSG000006 IOB,0.0,1413.0,372634.64,CHQ
2019-02-22,SERVICEBRANCHCHENNAICHEQUEDEPO00004904CRICICIBANKINGCORPORATION0446CTSG,0.0,13185.0,385819.64,CHQ
2019-02-22,SERVICEBRANCHCHENNAICHEQUEDEPO00002454CRBANKOFBARODA0446CTSCLG002454CLG002454 BOB,0.0,10240.0,396059.64,CHQ
2019-02-22,SERVICEBRANCHCHENNAICHEQUEDEPO00000619CR2400446CTSG,0.0,3733.0,399792.64,CHQ
2019-02-22,SERVICEBRANCHCHENNAICHEQUEDEPO00001313CR2400446CTSG,0.0,10057.0,409849.64,CHQ
2019-02-22,SERVICEBRANCHCHENNAICHEQUEDEPO00663829CRSYNDICATEBANK0446CTSG663829 SYB,0.0,1372.0,411221.64,CHQ
2019-02-22,SERVICEBRANCHCHENNAICHEQUEDEPO00220577CRUTIBANKLTD0446CTSG,0.0,1945.0,413166.64,CHQ
2019-02-22,SERVICEBRANCHCHENNAICHEQUEDEPO00986301CRINDIANOVERSEASBANK0446CTSG986301 IOB,0.0,10780.0,423946.64,CHQ
2019-02-22,SERVICEBRANCHCHENNAICHEQUEDEPO00010655CRICICIBANKINGCORPORATION0446CTSG,0.0,10448.0,434394.64,CHQ
2019-02-22,SERVICEBRANCHCHENNAICHEQUEDEPO00288649CRUTIBANKLTD0446CTSG,0.0,9355.0,443749.64,CHQ
2019-02-22,SERVICEBRANCHCHENNAICHEQUEDEPO00475277CRSOUTHINDIANBANKLTD0446CTSCLG475277CLG475277 SIB,0.0,22435.0,466184.64,CHQ
2019-02-22,MUMBAIFORTC ACFEESCRANNANAGARSUPE1562TRANSFER21,0.0,18338.0,484522.64,TRANSFER
2019-02-22,MUMBAIFORTC ACFEESKPNCRFARMFRESHP28TRANSFE123,0.0,3669.0,488191.64,TRANSFER
2019-02-22,MUMBAIFORTC ACFEESCRAMMANFRUITS698TRANSFER28,0.0,11484.0,499675.64,TRANSFER
2019-02-22,MUMBAIFORTC ACFEESSRICRMEENAKSHIAM438TRANSFER24,0.0,3675.0,503350.64,TRANSFER
2019-02-25,TIRUMANGALAMBYCHQ TTTFRCRKISHOREMARKETING,0.0,5321.0,508671.64,CHQ
2019-02-25,TIRUMANGALAMCASHDEPOSITCRDepositbySELF,0.0,430000.0,938671.64,CASH
2019-02-25,MUMBAIFORTC ACFEESCRLIMRASENTE9365TRANSFE121,0.0,13369.0,952040.64,TRANSFER
2019-02-25,CASHDEPCRCHRGSOTHER,230.0,0.0,951810.64,DEPOSIT-CHARGES
2019-02-26,SERVICEBRANCHCHENNAICHEQUEDEPO00460103CRUNITEDBANKOFINDIA0446CTSCLG460103CLG,0.0,905.0,952715.64,CHQ
2019-02-26,SERVICEBRANCHCHENNAICHEQUEDEPO00000918CRICICIBANKINGCORPORATION,0.0,1150.0,953865.64,CHQ
2019-02-26,SERVICEBRANCHCHENNAICHEQUEDEPO00290712CRUTIBANKLTD0446CTSG,0.0,5760.0,959625.64,CHQ
2019-02-26,SERVICEBRANCHCHENNAICHEQUEDEPO00167895CRSTATEBANKOFINDIA0446CTSG167895 SBI,0.0,1666.0,961291.64,CHQ
2019-02-26,SERVICEBRANCHCHENNAICHEQUEDEPO00486448CRSTATEBANKOFINDIA,0.0,53068.0,1014359.64,CHQ
2019-02-26,SERVICEBRANCHCHENNAICHEQUEDEPO00081286CRTAMILNADUSTATEAPEXCOO0446CTSG,0.0,2080.0,1016439.64,CHQ
2019-02-26,SERVICEBRANCHCHENNAICHEQUEDEPO00824697CRINDIANOVERSEASBANK0446CTSG824697 IOB,0.0,3601.0,1020040.64,CHQ
2019-02-26,SERVICEBRANCHCHENNAICHEQUEDEPO00038899CRANDHRABANK0446CTSCHQ0,0.0,10973.0,1031013.64,CHQ
2019-02-26,SERVICEBRANCHCHENNAICHEQUEDEPO00126420CRUTIBANKLTD0446CTSG,0.0,2272.0,1033285.64,CHQ
2019-02-26,SERVICEBRANCHCHENNAICHEQUEDEPO00038924CRANDHRABANK0446CTSG038924 ANB,0.0,1969.0,1035254.64,CHQ
2019-02-26,SERVICEBRANCHCHENNAICHEQUEDEPO00000242CRINDIANOVERSEASBANK0446CTSG000242 IOB,0.0,3745.0,1038999.64,CHQ
2019-02-26,SERVICEBRANCHCHENNAICHEQUEDEPO00403101CRSTATEBANKOFINDIA0446CTSG403101 SBI,0.0,1307.0,1040306.64,CHQ
2019-02-26,SERVICEBRANCHCHENNAICHEQUEDEPO00000501CRANDHRABANK0446CTSG000501 ANB,0.0,1000.0,1041306.64,CHQ
2019-02-26,SERVICEBRANCHCHENNAICHEQUEDEPO00042094CRCENTRALBANKOFINDIA0446CTSCLG042094CLG042094 CBI,0.0,1983.0,1043289.64,CHQ
2019-02-26,SERVICEBRANCHCHENNAICHEQUEDEPO00317438CRUCOBANK0446CTSCLG317438CLG317438 UCO,0.0,28801.0,1072090.64,CHQ
2019-02-26,SERVICEBRANCHCHENNAICHEQUEDEPO00447411CR2590446CTSG,0.0,2177.0,1074267.64,CHQ
2019-02-26,SERVICEBRANCHCHENNAICHEQUEDEPO00883138CRTAMILNADUSTATEAPEXCOO0446CTSG,0.0,1013.0,1075280.64,CHQ
2019-02-26,SERVICEBRANCHCHENNAICHEQUEDEPO00000425CRKARURVYSYABANKLTD0446CTSCLG000425CLG000425 KVB,0.0,1592.0,1076872.64,CHQ
2019-02-26,MUMBAIFORTC ACFEESCRSANTHOSHSUPERM304TRANSFER24,0.0,20003.0,1096875.64,TRANSFER
2019-02-26,MUMBAIFORTC ACFEESCRSANTHOSHSUPERM341TRANSFER23,0.0,6013.0,1102888.64,TRANSFER
2019-02-26,TIRUMANGALAMCASHDEPOSITCRDepositbySELF,0.0,200000.0,1302888.64,CASH
2019-02-26,MUMBAIFORTWITHDRAWALTRANSFERCRREDBULLINDIAP940TRANSFER24,150014.0,0.0,1152874.64,TRANSFER
2019-02-26,MUMBAIFORTWITHDRAWALTRANSFERINBISCOCRINDIAPV199TRANSFER24,120014.0,0.0,1032860.64,TRANSFER
2019-02-26,MUMBAIFORTC ACFEESCRMERCYSUPER552988TRANSFE120,0.0,919.0,1033779.64,TRANSFER
2019-02-26,MUMBAIFORTC ACFEESCRDRUGSPARKPHAR3067TRANSFER26,0.0,1846.0,1035625.64,TRANSFER
2019-02-26,MUMBAIFORTC ACFEESCRLIMRASENTE9073TRANSFE121,0.0,10875.0,1046500.64,TRANSFER
2019-02-26,MUMBAIFORTC ACFEESCRKARUVALURMARIA4931TRANSFER21,0.0,11062.0,1057562.64,TRANSFER
2019-02-27,MUMBAIFORTC ACFEESCRCHENNAIC9874096TRANSFER25,0.0,1601.0,1059163.64,TRANSFER
2019-02-27,MUMBAIFORTWITHDRAWALTRANSFERHECTORBEVERAGESPIDIBH19058173078CRTRANSFER24,150014.0,0.0,909149.64,TRANSFER
2019-02-27,SERVICEBRANCHCHENNAICHEQUEDEPO00015570CRORIENTALBANKOFCOMMERCE0446CTSG015570 OBC,0.0,2375.0,911524.64,CHQ
2019-02-27,MUMBAIFORTC ACFEESKPNCRFARMFRESHP681TRANSFER20,0.0,11470.0,922994.64,TRANSFER
2019-02-27,TIRUMANGALAMCASHDEPOSITCRDepositbySELF,0.0,140000.0,1062994.64,CASH
2019-02-27,SERVICEBRANCHCHENNAICHEQUEDEPO00010915CRKARURVYSYABANKLTD0446CTSCLG010915CLG010915 KVB,0.0,768.0,1063762.64,CHQ
2019-02-27,SERVICEBRANCHCHENNAICHEQUEDEPO00598650CRSYNDICATEBANK0446CTSG598650 SYB,0.0,1542.0,1065304.64,CHQ
2019-02-27,SERVICEBRANCHCHENNAICHEQUEDEPO00100097CRCATHOLICSYRIANBANKLTD0446CTSG100097 CSB,0.0,2457.0,1067761.64,CHQ
2019-02-27,SERVICEBRANCHCHENNAICHEQUEDEPO00003209CR4850446CTSG003209 KMB,0.0,2011.0,1069772.64,CHQ
2019-02-27,SERVICEBRANCHCHENNAICHEQUEDEPO00983697CRINDIANOVERSEASBANK0446CTSG983697 IOB,0.0,1077.0,1070849.64,CHQ
2019-02-27,SERVICEBRANCHCHENNAICHEQUEDEPO00039043CRANDHRABANK0446CTSG039043 ANB,0.0,8335.0,1079184.64,CHQ
2019-02-27,SERVICEBRANCHCHENNAICHEQUEDEPO00536069CRINDIANOVERSEASBANK0446CTSG536069 IOB,0.0,1071.0,1080255.64,CHQ
2019-02-27,SERVICEBRANCHCHENNAICHEQUEDEPO00615355CRTAMILNADMERCANTILEBANK0446CTSG615355 TMB,0.0,4840.0,1085095.64,CHQ
2019-02-27,SERVICEBRANCHCHENNAICHEQUEDEPO00003539CRKARURVYSYABANKLTD0446CTSCLG003539CLG003539 KVB,0.0,14304.0,1099399.64,CHQ
2019-02-27,SERVICEBRANCHCHENNAICHEQUEDEPO00709290CRSYNDICATEBANK0446CTSG709290 SYB,0.0,1898.0,1101297.64,CHQ
2019-02-27,SERVICEBRANCHCHENNAICHEQUEDEPO00000911CRICICIBANKINGCORPORATION,0.0,2299.0,1103596.64,CHQ
2019-02-27,SERVICEBRANCHCHENNAICHEQUEDEPO00000315CRICICIBANKINGCORPORATION0446CTSG,0.0,686.0,1104282.64,CHQ
2019-02-27,SERVICEBRANCHCHENNAICHEQUEDEPO00184357CRCANARABANK0446CTSG184357 CAB,0.0,582.0,1104864.64,CHQ
2019-02-27,MUMBAIFORTWITHDRAWALTRANSFERINBISCOCRINDIAPV478TRANSFER24,100006.0,0.0,1004858.64,TRANSFER
2019-02-27,MUMBAIFORTC ACFEESCRLEAFINGROCERYP925TRANSFER25,0.0,6893.0,1011751.64,TRANSFER
2019-02-28,SERVICEBRANCHCHENNAICHEQUEDEPO00735447CRSYNDICATEBANK0446CTSG735447 SYB,0.0,4287.0,1016038.64,CHQ
2019-02-28,SERVICEBRANCHCHENNAICHEQUEDEPO00000360CRKARURVYSYABANKLTD0446CTSCLG000360CLG000360 KVB,0.0,30917.0,1046955.64,OUTWARD-RETURN
2019-02-28,SERVICEBRANCHCHENNAICHEQUEDEPO00000227CRKARURVYSYABANKLTD0446CTSCLG000227CLG000227 KVB,0.0,10876.0,1057831.64,CHQ
2019-02-28,SERVICEBRANCHCHENNAICHEQUEDEPO00144372CRSYNDICATEBANK0446CTSG144372 SYB,0.0,1114.0,1058945.64,CHQ
2019-02-28,SERVICEBRANCHCHENNAICHEQUEDEPO00001445CRKARURVYSYABANKLTD0446CTSCLG001445CLG001445 KVB,0.0,37442.0,1096387.64,CHQ
2019-02-28,SERVICEBRANCHCHENNAICHEQUEDEPO00020363CRANDHRABANK0446CTSG020363 ANB,0.0,24642.0,1121029.64,CHQ
2019-02-28,SERVICEBRANCHCHENNAICHEQUEDEPO00005731CRCITYUNIONBANKLTD0446CTSCHQ005731,0.0,5965.0,1126994.64,CHQ
2019-02-28,SERVICEBRANCHCHENNAICHEQUEDEPO00588814CRVIJAYABANK0446CTSG588814 VJB,0.0,1803.0,1128797.64,CHQ
2019-02-28,SERVICEBRANCHCHENNAICHEQUEDEPO00008248CRKARURVYSYABANKLTD0446CTSCHQ008248,0.0,1406.0,1130203.64,CHQ
2019-02-28,SERVICEBRANCHCHENNAICHEQUEDEPO00001865CRKARURVYSYABANKLTD0446CTSCLG001865CLG001865 KVB,0.0,10955.0,1141158.64,CHQ
2019-02-28,SERVICEBRANCHCHENNAICHEQUEDEPO00000334CR2400446CTSG,0.0,711.0,1141869.64,CHQ
2019-02-28,TIRUMANGALAMBYCHQ TTTFRCRKISHOREMARKETING,0.0,1487.0,1143356.64,CHQ
2019-02-28,TIRUMANGALAMCASHDEPOSITCRDepositbySELF,0.0,200000.0,1343356.64,CASH
2019-02-28,MUMBAIFORTC ACFEESCRSANTHOSHSUPERM882TRANSFER24,0.0,4173.0,1347529.64,TRANSFER
2019-02-28,ATMSERVICEBYTRANSFERCRBRANCH IMPS 080 opentxn630568byJAYAPATRANSFE461,0.0,4585.0,1352114.64,IMPS
2019-02-28,MUMBAIFORTC ACFEESCRSANTHOSHSUPERM101TRANSFER27,0.0,10536.0,1362650.64,TRANSFER
2019-02-28,SERVICEBRANCHCHENNAIOUTCHQRETCRFundsinsufficient,30917.0,0.0,1331733.64,OUTWARD-RETURN
2019-02-28,SERVICEBRANCHCHENNAICHQDISHONOURCR,250.0,0.0,1331483.64,INWARD-CHARGES
2019-03-01,TIRUMANGALAMCASHDEPOSITCRDepositbySELF,0.0,100000.0,1431483.64,CASH
2019-03-01,SERVICEBRANCHCHENNAICHEQUEDEPO00004495CR2400446CTSG,0.0,11754.0,1443237.64,CHQ
2019-03-01,SERVICEBRANCHCHENNAICHEQUEDEPO00000060CR7880446CTSG,0.0,1884.0,1445121.64,CHQ
2019-03-01,SERVICEBRANCHCHENNAICHEQUEDEPO00577283CR2340446CTSG,0.0,2157.0,1447278.64,CHQ
2019-03-01,SERVICEBRANCHCHENNAICHEQUEDEPO00007695CRUNITEDBANKOFINDIA0446CTSCLG007695CLG,0.0,6156.0,1453434.64,CHQ
2019-03-01,SERVICEBRANCHCHENNAICHEQUEDEPO00170324CR,0.0,7120.0,1460554.64,CHQ
2019-03-01,SERVICEBRANCHCHENNAICHEQUEDEPO00650708CRSYNDICATEBANK0446CTSCHQ65070,0.0,2803.0,1463357.64,CHQ
2019-03-01,SERVICEBRANCHCHENNAICHEQUEDEPO00019367CRKARURVYSYABANKLTD0446CTSCLG019367CLG019367 KVB,0.0,17063.0,1480420.64,CHQ
2019-03-01,SERVICEBRANCHCHENNAICHEQUEDEPO00188146CRTAMILNADMERCANTILEBANK0446CTSG188146 TMB,0.0,1070.0,1481490.64,CHQ
2019-03-01,SERVICEBRANCHCHENNAICHEQUEDEPO00039055CRANDHRABANK0446CTSG039055 ANB,0.0,10085.0,1491575.64,CHQ
2019-03-01,SERVICEBRANCHCHENNAICHEQUEDEPO00000254CR2400446CTSCHQ00025,0.0,2115.0,1493690.64,CHQ
2019-03-01,MUMBAIFORTWITHDRAWALTRANSFERMARSINTERNATIONAIDIBH19060318082CRTRANSFER24,800029.0,0.0,693661.64,TRANSFER
2019-03-01,MUMBAIFORTC ACFEESSRICRMEENAKSHIAM944TRANSFER20,0.0,8087.0,701748.64,TRANSFER
2019-03-01,MUMBAIFORTC ACFEESCRAMMANFRUITS655TRANSFER28,0.0,10046.0,711794.64,TRANSFER
2019-03-02,SERVICEBRANCHCHENNAICHEQUEDEPO00920574CRINDIANOVERSEASBANK0446CTSG920574 IOB,0.0,1301.0,713095.64,CHQ
2019-03-02,SERVICEBRANCHCHENNAICHEQUEDEPO00000223CRCITYUNIONBANKLTD0446CTSCLG000223CLG000223 CUB,0.0,1395.0,714490.64,CHQ
2019-03-02,SERVICEBRANCHCHENNAICHEQUEDEPO00740583CRVIJAYABANK,0.0,5571.0,720061.64,OUTWARD-RETURN
2019-03-02,SERVICEBRANCHCHENNAICHEQUEDEPO00002724CRICICIBANKINGCORPORATION0446CTSG,0.0,11080.0,731141.64,CHQ
2019-03-02,SERVICEBRANCHCHENNAICHEQUEDEPO00174727CRSTATEBANKOFINDIA0446CTSG174727 SBI,0.0,845.0,731986.64,CHQ
2019-03-02,SERVICEBRANCHCHENNAICHEQUEDEPO00001495CR2400446CTSG,0.0,8218.0,740204.64,CHQ
2019-03-02,SERVICEBRANCHCHENNAICHEQUEDEPO00177970CRTAMILNADMERCANTILEBANK0446CTSG177970 TMB,0.0,2123.0,742327.64,CHQ
2019-03-02,SERVICEBRANCHCHENNAIOUTCHQRETCRFundsinsufficient,5571.0,0.0,736756.64,OUTWARD-RETURN
2019-03-02,SERVICEBRANCHCHENNAICHQDISHONOURCR,250.0,0.0,736506.64,INWARD-CHARGES
2019-03-04,SERVICEBRANCHCHENNAICHEQUEDEPO00001822CRKARURVYSYABANKLTD0446CTSCLG001822CLG001822 KVB,0.0,4303.0,740809.64,CHQ
2019-03-04,SERVICEBRANCHCHENNAICHEQUEDEPO00147632CRICICIBANKINGCORPORATION0446CTSG,0.0,3848.0,744657.64,CHQ
2019-03-04,SERVICEBRANCHCHENNAICHEQUEDEPO00103443CRCENTRALBANKOFINDIA0446CTSCHQ4,0.0,6272.0,750929.64,CHQ
2019-03-04,SERVICEBRANCHCHENNAICHEQUEDEPO00006341CRCITYUNIONBANKLTD0446CTSCLG006341CLG006341 CUB,0.0,4926.0,755855.64,CHQ
2019-03-04,SERVICEBRANCHCHENNAICHEQUEDEPO00039155CRANDHRABANK0446CTSG039155 ANB,0.0,3592.0,759447.64,CHQ
2019-03-04,SERVICEBRANCHCHENNAICHEQUEDEPO00020408CRUTIBANKLTD0446CTSG,0.0,6258.0,765705.64,CHQ
2019-03-04,SERVICEBRANCHCHENNAICHEQUEDEPO00278755CRTAMILNADMERCANTILEBANK0446CTSG278755 TMB,0.0,2777.0,768482.64,CHQ
2019-03-04,MUMBAIFORTC ACFEESCRANNAISUPERMAR8459TRANSFER24,0.0,6767.0,775249.64,TRANSFER
2019-03-05,MUMBAIFORTC ACFEESCRSANTHOSHSUPERS778TRANSFER21,0.0,84327.0,859576.64,TRANSFER
2019-03-05,MUMBAIFORTC ACFEESCRSANTHOSHSUPERS933TRANSFER28,0.0,15069.0,874645.64,TRANSFER
2019-03-05,MUMBAIFORTWITHDRAWALTRANSFERCRSNJSugarsandp664TRANSFER24,92098.0,0.0,782547.64,TRANSFER
2019-03-05,SERVICEBRANCHCHENNAICHEQUEDEPO00006342CRCITYUNIONBANKLTD0446CTSCLG006342CLG006342 CUB,0.0,5139.0,787686.64,CHQ
2019-03-05,SERVICEBRANCHCHENNAICHEQUEDEPO00166514CR2590446CTSG,0.0,1204.0,788890.64,CHQ
2019-03-05,SERVICEBRANCHCHENNAICHEQUEDEPO00920723CRINDIANOVERSEASBANK0446CTSG920723 IOB,0.0,7870.0,796760.64,CHQ
2019-03-05,SERVICEBRANCHCHENNAICHEQUEDEPO00000006CR2400446CTSG,0.0,1886.0,798646.64,CHQ
2019-03-05,SERVICEBRANCHCHENNAICHEQUEDEPO00000204CR2400446CTSG,0.0,17963.0,816609.64,CHQ
2019-03-05,SERVICEBRANCHCHENNAICHEQUEDEPO00000831CRICICIBANKINGCORPORATION,0.0,2513.0,819122.64,CHQ
2019-03-05,SERVICEBRANCHCHENNAICHEQUEDEPO00448769CRSYNDICATEBANK0446CTSG448769 SYB,0.0,2285.0,821407.64,CHQ
2019-03-05,MUMBAIFORTC ACFEESCRKALIGAMBALFRUI2388TRANSFER29,0.0,10983.0,832390.64,TRANSFER
2019-03-06,MUMBAIFORTWITHDRAWALTRANSFERMARSINTERNATIONAIDIBH19065118288CRTRANSFER24,500029.0,0.0,332361.64,TRANSFER
2019-03-06,MUMBAIFORTC ACFEESCRVOICENATURALSA438TRANSFER23,0.0,1754.0,334115.64,TRANSFER
2019-03-06,SERVICEBRANCHCHENNAICHEQUEDEPO00622077CRTAMILNADMERCANTILEBANK0446CTSG622077 TMB,0.0,24789.0,358904.64,CHQ
2019-03-06,SERVICEBRANCHCHENNAICHEQUEDEPO00003925CR2400446CTSG,0.0,32219.0,391123.64,CHQ
2019-03-06,SERVICEBRANCHCHENNAICHEQUEDEPO00000500CR7560446CTSG,0.0,1232.0,392355.64,CHQ
2019-03-06,SERVICEBRANCHCHENNAICHEQUEDEPO00000920CRICICIBANKINGCORPORATION0446CTSCHQ000020,0.0,2567.0,394922.64,CHQ
2019-03-06,SERVICEBRANCHCHENNAICHEQUEDEPO00147633CRICICIBANKINGCORPORATION0446CTSG,0.0,4884.0,399806.64,OUTWARD-RETURN
2019-03-06,SERVICEBRANCHCHENNAICHEQUEDEPO00002772CR2400446CTSG,0.0,3419.0,403225.64,CHQ
2019-03-06,MUMBAIFORTC ACFEESCRSANTHOSHSUPERM016TRANSFER27,0.0,2278.0,405503.64,TRANSFER
2019-03-06,MUMBAIFORTC ACFEESCRSANTHOSHSUPERM481TRANSFER28,0.0,8082.0,413585.64,TRANSFER
2019-03-06,MUMBAIFORTC ACFEESCRSANTHOSHSUPERM074TRANSFER26,0.0,3068.0,416653.64,TRANSFER
2019-03-06,MUMBAIFORTC ACFEESCRCHENNAIC7718444TRANSFER21,0.0,9478.0,426131.64,TRANSFER
2019-03-06,ATMSERVICEBYTRANSFERCRBRANCH IMPS TRANSFER61,0.0,1090.0,427221.64,IMPS
2019-03-06,ATMSERVICEBYTRANSFERCRBRANCHUPITRAN7899 UPITRANSFE466,0.0,2000.0,429221.64,UPI
2019-03-06,MUMBAIFORTC ACFEESCRLIMRASENTE3374TRANSFE121,0.0,12200.0,441421.64,TRANSFER
2019-03-06,SERVICEBRANCHCHENNAIOUTCHQRETCRFundsinsufficient,4884.0,0.0,436537.64,OUTWARD-RETURN
2019-03-06,SERVICEBRANCHCHENNAICHQDISHONOURCR,250.0,0.0,436287.64,INWARD-CHARGES
2019-03-07,MUMBAIFORTC ACFEESKPNCRFARMFRESHP335TRANSFER28,0.0,7439.0,443726.64,TRANSFER
2019-03-07,TIRUMANGALAMBYCHQ TTTFRCRKISHOREMARKETING,0.0,10957.0,454683.64,CHQ
2019-03-07,TIRUMANGALAMCASHDEPOSITCRDepositbySELF,0.0,230000.0,684683.64,CASH
2019-03-07,MUMBAIFORTC ACFEESCRAMMANFRUITS855TRANSFER27,0.0,11274.0,695957.64,TRANSFER
2019-03-07,MUMBAIFORTC ACFEESCRHECTORBEVER8475107TRANSFER21,0.0,14464.0,710421.64,TRANSFER
2019-03-07,MUMBAIFORTC ACFEESCRHECTORBEVER8474402TRANSFER21,0.0,15000.0,725421.64,TRANSFER
2019-03-07,CASHDEPCRCHRGSOTHER,100.0,0.0,725321.64,DEPOSIT-CHARGES
2019-03-08,SERVICEBRANCHCHENNAICHEQUEDEPO00001899CRKARURVYSYABANKLTD0446CTSCLG001899CLG001899 KVB,0.0,545.0,725866.64,CHQ
2019-03-08,SERVICEBRANCHCHENNAICHEQUEDEPO00317440CRUCOBANK0446CTSCLG317440CLG317440 UCO,0.0,68481.0,794347.64,CHQ
2019-03-08,SERVICEBRANCHCHENNAICHEQUEDEPO00650729CRSYNDICATEBANK0446CTSG650729 SYB,0.0,2177.0,796524.64,CHQ
2019-03-08,SERVICEBRANCHCHENNAICHEQUEDEPO00290277CRUTIBANKLTD0446CTSG,0.0,6000.0,802524.64,CHQ
2019-03-08,SERVICEBRANCHCHENNAICHEQUEDEPO00909257CRINDIANOVERSEASBANK0446CTSG909257 IOB,0.0,3870.0,806394.64,OUTWARD-RETURN
2019-03-08,SERVICEBRANCHCHENNAICHEQUEDEPO00173701CRSYNDICATEBANK0446CTSG173701 SYB,0.0,6219.0,812613.64,CHQ
2019-03-08,SERVICEBRANCHCHENNAICHEQUEDEPO00001891CRKARURVYSYABANKLTD0446CTSCLG001891CLG001891 KVB,0.0,718.0,813331.64,CHQ
2019-03-08,MUMBAIFORTWITHDRAWALTRANSFERINBISCOCRINDIAPV325TRANSFER24,125014.0,0.0,688317.64,TRANSFER
2019-03-08,MUMBAIFORTC ACFEESCRVIKPRIHOME31DCTRANSFE129,0.0,10222.0,698539.64,TRANSFER
2019-03-08,SERVICEBRANCHCHENNAICHEQUEDEPO00000290CR2400446CTSG,0.0,4265.0,702804.64,CHQ
2019-03-08,SERVICEBRANCHCHENNAICHEQUEDEPO00000918CRICICIBANKINGCORPORATION0446CTSCHQ000018,0.0,2271.0,705075.64,CHQ
2019-03-08,SERVICEBRANCHCHENNAICHEQUEDEPO00547352CRFEDERALBANKLTD0446CTSG547352 FBI,0.0,15000.0,720075.64,CHQ
2019-03-08,SERVICEBRANCHCHENNAICHEQUEDEPO00233822CRUTIBANKLTD0446CTSG,0.0,4005.0,724080.64,CHQ
2019-03-08,SERVICEBRANCHCHENNAICHEQUEDEPO00288166CRVIJAYABANK0446CTSG288166 VJB,0.0,1952.0,726032.64,CHQ
2019-03-08,SERVICEBRANCHCHENNAICHEQUEDEPO00002775CR2400446CTSCHQ005775,0.0,1193.0,727225.64,CHQ
2019-03-08,SERVICEBRANCHCHENNAICHEQUEDEPO00003747CRUTIBANKLTD0446CTSG,0.0,1100.0,728325.64,CHQ
2019-03-08,SERVICEBRANCHCHENNAICHEQUEDEPO00003481CRANDHRABANK0446CTSG003481 ANB,0.0,11071.0,739396.64,CHQ
2019-03-08,MUMBAIFORTWITHDRAWALTRANSFERMARSINTERNATIONAIDIBH19067265299CRTRANSFER24,400029.0,0.0,339367.64,TRANSFER
2019-03-08,MUMBAIFORTWITHDRAWALTRANSFERHECTORBEVERAGESPIDIBH19067265403CRTRANSFER24,150014.0,0.0,189353.64,TRANSFER
2019-03-08,MUMBAIFORTC ACFEESCRSANTHOSHSUPERM755TRANSFER20,0.0,1940.0,191293.64,TRANSFER
2019-03-08,TIRUMANGALAMCASHDEPOSITCRDepositbySELF,0.0,600000.0,791293.64,CASH
2019-03-08,SERVICEBRANCHCHENNAINOFEESCRPresentwithdocument,718.0,0.0,790575.64,TRANSFER
2019-03-08,SERVICEBRANCHCHENNAIOUTCHQRETCRFundsinsufficient,3870.0,0.0,786705.64,OUTWARD-RETURN
2019-03-08,SERVICEBRANCHCHENNAICHQDISHONOURCR,250.0,0.0,786455.64,INWARD-CHARGES
2019-03-08,CASHDEPCRCHRGSOTHER,400.0,0.0,786055.64,DEPOSIT-CHARGES
2019-03-09,TIRUMANGALAMBULKCHARGESCRSMSALERTCHARGESQ,15.0,0.0,786040.64,BANK-CHARGES
2019-03-11,TIRUMANGALAMBYCHQ TTTFRCRKISHOREMARKETING,0.0,7212.0,793252.64,CHQ
2019-03-11,TIRUMANGALAMBYCHQ TTTFRCRKISHOREMARKETING,0.0,1470.0,794722.64,CHQ
2019-03-11,TIRUMANGALAMBYCHQ TTTFRCRKISHOREMARKETING,0.0,6722.0,801444.64,CHQ
2019-03-11,TIRUMANGALAMCASHDEPOSITCRDepositbySELF,0.0,125000.0,926444.64,CASH
2019-03-11,SERVICEBRANCHCHENNAICHEQUEDEPO00290671CRUTIBANKLTD0446CTSG,0.0,11000.0,937444.64,CHQ
2019-03-11,SERVICEBRANCHCHENNAICHEQUEDEPO00000090CRICICIBANKINGCORPORATION0446CTSCHQ000090,0.0,5183.0,942627.64,CHQ
2019-03-11,SERVICEBRANCHCHENNAICHEQUEDEPO00849465CRTAMILNADUSTATEAPEXCOO0446CTSG,0.0,1853.0,944480.64,CHQ
2019-03-11,MUMBAIFORTWITHDRAWALTRANSFERCRREDBULLINDIAP075TRANSFER24,100006.0,0.0,844474.64,TRANSFER
2019-03-11,SERVICEBRANCHCHENNAICHEQUEDEPO00125734CRCANARABANK0446CTSG125734 CAB,0.0,17558.0,862032.64,CHQ
2019-03-11,SERVICEBRANCHCHENNAICHEQUEDEPO00281498CR2590446CTSG,0.0,1619.0,863651.64,CHQ
2019-03-11,MUMBAIFORTC ACFEESCRLIMRASENTE0528TRANSFE120,0.0,11779.0,875430.64,TRANSFER
2019-03-12,SERVICEBRANCHCHENNAICHEQUEDEPO00461061CRSTATEBANKOFINDIA0446CTSCHQ401061,0.0,4843.0,880273.64,CHQ
2019-03-12,SERVICEBRANCHCHENNAICHEQUEDEPO00094287CRKARNATAKABANKLTD0446CTSCLG094287CLG,0.0,984.0,881257.64,CHQ
2019-03-12,MUMBAIFORTC ACFEESCRSANTHOSHSUPERM685TRANSFER27,0.0,6254.0,887511.64,TRANSFER
2019-03-12,MUMBAIFORTC ACFEESCRSANTHOSHSUPERM037TRANSFER21,0.0,9478.0,896989.64,TRANSFER
2019-03-12,MUMBAIFORTC ACFEESCRSANTHOSHSUPERM936TRANSFER23,0.0,4336.0,901325.64,TRANSFER
2019-03-12,MUMBAIFORTC ACFEESCRSANTHOSHSUPERM956TRANSFER24,0.0,5387.0,906712.64,TRANSFER
2019-03-12,TIRUMANGALAMCASHDEPOSITCRDepositbySELF,0.0,130000.0,1036712.64,CASH
2019-03-12,TIRUMANGALAMBYCHQ TTTFRCRKISHOREMARKETING,0.0,7212.0,1043924.64,CHQ
2019-03-12,SERVICEBRANCHCHENNAICHEQUEDEPO00402533CRANDHRABANK0446CTSG402533 ANB,0.0,5168.0,1049092.64,CHQ
2019-03-12,SERVICEBRANCHCHENNAICHEQUEDEPO00000075CR7560446CTSG,0.0,2800.0,1051892.64,CHQ
2019-03-12,SERVICEBRANCHCHENNAICHEQUEDEPO00460329CRUNITEDBANKOFINDIA0446CTSCLG460329CLG,0.0,1369.0,1053261.64,CHQ
2019-03-12,SERVICEBRANCHCHENNAICHEQUEDEPO00116985CRUNIONBANKOFINDIA0446CTSCHQ116985,0.0,1967.0,1055228.64,OUTWARD-RETURN
2019-03-12,SERVICEBRANCHCHENNAICHEQUEDEPO00082857CRTAMILNADMERCANTILEBANK0446CTSG082857 TMB,0.0,564.0,1055792.64,CHQ
2019-03-12,SERVICEBRANCHCHENNAICHEQUEDEPO00460211CRUNITEDBANKOFINDIA0446CTSCLG460211CLG,0.0,6753.0,1062545.64,CHQ
2019-03-12,SERVICEBRANCHCHENNAICHEQUEDEPO00000526CRKARURVYSYABANKLTD0446CTSCHQ000526,0.0,1600.0,1064145.64,CHQ
2019-03-12,SERVICEBRANCHCHENNAICHEQUEDEPO00010340CRCITYUNIONBANKLTD0446CTSCLG010340CLG010340 CUB,0.0,1102.0,1065247.64,CHQ
2019-03-12,SERVICEBRANCHCHENNAICHEQUEDEPO00632829CRSTATEBANKOFINDIA0446CTSG632829 SBI,0.0,11342.0,1076589.64,CHQ
2019-03-12,SERVICEBRANCHCHENNAICHEQUEDEPO00001891CRKARURVYSYABANKLTD0446CTSCLG001891CLG001891 KVB,0.0,718.0,1077307.64,CHQ
2019-03-12,SERVICEBRANCHCHENNAICHEQUEDEPO00001688CRKARURVYSYABANKLTD0446CTSCLG001688CLG001688 KVB,0.0,2813.0,1080120.64,CHQ
2019-03-12,SERVICEBRANCHCHENNAICHEQUEDEPO00009421CR4850446CTSG009421 KMB,0.0,1698.0,1081818.64,CHQ
2019-03-12,SERVICEBRANCHCHENNAICHEQUEDEPO00170508CRDENABANK0446CTSG170508 DEB,0.0,2836.0,1084654.64,CHQ
2019-03-12,SERVICEBRANCHCHENNAICHEQUEDEPO00071267CRTAMILNADUSTATEAPEXCOO0446CTSG,0.0,2400.0,1087054.64,CHQ
2019-03-12,SERVICEBRANCHCHENNAICHEQUEDEPO00192856CRCANARABANK0446CTSG192856 CAB,0.0,1144.0,1088198.64,CHQ
2019-03-12,SERVICEBRANCHCHENNAICHEQUEDEPO00883152CRTAMILNADUSTATEAPEXCOO0446CTSG,0.0,1804.0,1090002.64,CHQ
2019-03-12,SERVICEBRANCHCHENNAIOUTCHQRETCRFundsinsufficient,1967.0,0.0,1088035.64,OUTWARD-RETURN
2019-03-12,SERVICEBRANCHCHENNAICHQDISHONOURCR,250.0,0.0,1087785.64,INWARD-CHARGES
2019-03-13,SERVICEBRANCHCHENNAICHEQUEDEPO00000298CRKARURVYSYABANKLTD0446CTSCLG000298CLG000298 KVB,0.0,11604.0,1099389.64,CHQ
2019-03-13,SERVICEBRANCHCHENNAICHEQUEDEPO00290690CRUTIBANKLTD0446CTSG,0.0,10567.0,1109956.64,CHQ
2019-03-13,SERVICEBRANCHCHENNAICHEQUEDEPO00002637CRSOUTHINDIANBANKLTD0446CTSCLG002637CLG002637 SIB,0.0,5513.0,1115469.64,CHQ
2019-03-13,SERVICEBRANCHCHENNAICHEQUEDEPO00227332CRUTIBANKLTD0446CTSG,0.0,36345.0,1151814.64,CHQ
2019-03-13,SERVICEBRANCHCHENNAICHEQUEDEPO00317443CRUCOBANK0446CTSCLG317443CLG317443 UCO,0.0,65040.0,1216854.64,CHQ
2019-03-13,SERVICEBRANCHCHENNAICHEQUEDEPO00000135CR7500446CTSGAN,0.0,563.0,1217417.64,OUTWARD-RETURN
2019-03-13,SERVICEBRANCHCHENNAICHEQUEDEPO00956455CRCANARABANK0446CTSG956455 CAB,0.0,6864.0,1224281.64,CHQ
2019-03-13,SERVICEBRANCHCHENNAICHEQUEDEPO00039382CRANDHRABANK,0.0,3963.0,1228244.64,CHQ
2019-03-13,SERVICEBRANCHCHENNAICHEQUEDEPO00000015CR2400446CTSG,0.0,1556.0,1229800.64,CHQ
2019-03-13,SERVICEBRANCHCHENNAICHEQUEDEPO00003758CRUTIBANKLTD0446CTSG,0.0,1302.0,1231102.64,CHQ
2019-03-13,TIRUMANGALAMCASHDEPOSITCRDepositbySELF,0.0,70000.0,1301102.64,CASH
2019-03-13,MUMBAIFORTC ACFEESCRSANTHOSHSUPERM268TRANSFER26,0.0,1999.0,1303101.64,TRANSFER
2019-03-13,SERVICEBRANCHCHENNAIOUTCHQRETCRFundsinsufficient,563.0,0.0,1302538.64,OUTWARD-RETURN
2019-03-13,SERVICEBRANCHCHENNAICHQDISHONOURCR,250.0,0.0,1302288.64,INWARD-CHARGES
2019-03-13,MUMBAIFORTC ACFEESCRAMMANFRUITS671TRANSFER29,0.0,14842.0,1317130.64,TRANSFER
2019-03-14,SERVICEBRANCHCHENNAICHEQUEDEPO00002189CRANDHRABANK0446CTSG002189 ANB,0.0,15462.0,1332592.64,CHQ
2019-03-14,SERVICEBRANCHCHENNAICHEQUEDEPO00317444CRUCOBANK0446CTSCLG317444CLG317444 UCO,0.0,69127.0,1401719.64,CHQ
2019-03-14,SERVICEBRANCHCHENNAICHEQUEDEPO00126455CRUTIBANKLTD0446CTSG,0.0,1624.0,1403343.64,CHQ
2019-03-14,SERVICEBRANCHCHENNAICHEQUEDEPO00003752CRUTIBANKLTD0446CTSG,0.0,2346.0,1405689.64,CHQ
2019-03-14,SERVICEBRANCHCHENNAICHEQUEDEPO00004862CRANDHRABANK0446CTSG004862 ANB,0.0,7925.0,1413614.64,CHQ
2019-03-14,SERVICEBRANCHCHENNAICHEQUEDEPO00030202CRICICIBANKINGCORPORATION0446CTSG,0.0,4161.0,1417775.64,CHQ
2019-03-14,TIRUMANGALAMCASHDEPOSITCRDepositbySELF,0.0,125000.0,1542775.64,CASH
2019-03-14,SERVICEBRANCHCHENNAICHEQUEDEPO00563001CRSYNDICATEBANK0446CTSCHQ563001,0.0,1094.0,1543869.64,CHQ
2019-03-14,SERVICEBRANCHCHENNAICHEQUEDEPO00009934CRDHANALAKSHMIBANKLTD0446CTSCLG009934CLG009934 DNB,0.0,4215.0,1548084.64,CHQ
2019-03-14,SERVICEBRANCHCHENNAICHEQUEDEPO00000356CRICICIBANKINGCORPORATION0446CTSG,0.0,1111.0,1549195.64,CHQ
2019-03-14,SERVICEBRANCHCHENNAICHEQUEDEPO00002096CRKARURVYSYABANKLTD0446CTSCLG002096CLG002096 KVB,0.0,1536.0,1550731.64,CHQ
2019-03-14,SERVICEBRANCHCHENNAICHEQUEDEPO00921225CRINDIANOVERSEASBANK0446CTSCHQ021225,0.0,1065.0,1551796.64,CHQ
2019-03-14,SERVICEBRANCHCHENNAICHEQUEDEPO00220619CRUTIBANKLTD0446CTSG,0.0,446.0,1552242.64,CHQ
2019-03-14,SERVICEBRANCHCHENNAICHEQUEDEPO00002091CRKARURVYSYABANKLTD0446CTSCLG002091CLG002091 KVB,0.0,267.0,1552509.64,CHQ
2019-03-14,MUMBAIFORTWITHDRAWALTRANSFERMARSINTERNATIONAIDIBH19073150613CRTRANSFER24,700029.0,0.0,852480.64,TRANSFER
2019-03-14,MUMBAIFORTC ACFEESCRSANTHOSHSUPERM007TRANSFER21,0.0,5962.0,858442.64,TRANSFER
2019-03-14,MUMBAIFORTC ACFEESCRCHENNAIC5471623TRANSFER21,0.0,10064.0,868506.64,TRANSFER
2019-03-15,SERVICEBRANCHCHENNAICHEQUEDEPO00801039CRVIJAYABANK0446CTSG801039 VJB,0.0,1580.0,870086.64,CHQ
2019-03-15,SERVICEBRANCHCHENNAICHEQUEDEPO00601622CRDENABANK,0.0,9439.0,879525.64,CHQ
2019-03-15,SERVICEBRANCHCHENNAICHEQUEDEPO00171143CR2590446CTSG,0.0,10000.0,889525.64,CHQ
2019-03-15,SERVICEBRANCHCHENNAICHEQUEDEPO00002190CRANDHRABANK0446CTSG002190 ANB,0.0,15462.0,904987.64,CHQ
2019-03-15,SERVICEBRANCHCHENNAICHEQUEDEPO00058705CR2400446CTSG,0.0,96916.0,1001903.64,CHQ
2019-03-15,SERVICEBRANCHCHENNAICHEQUEDEPO00566049CRINDIANOVERSEASBANK0446CTSG566049 IOB,0.0,2715.0,1004618.64,CHQ
2019-03-15,MUMBAIFORTWITHDRAWALTRANSFERMARSINTERNATIONAIDIBR52019031517988750TRANSFER30002900CRTO,300029.0,0.0,704589.64,TRANSFER
2019-03-15,MUMBAIFORTWITHDRAWALTRANSFERHECTORBEVERAGESPIDIBH19074194441CRTRANSFER24,250029.0,0.0,454560.64,TRANSFER
2019-03-15,MUMBAIFORTC ACFEESCRVIKPRIHOME61DCTRANSFE129,0.0,13269.0,467829.64,TRANSFER
2019-03-15,TIRUMANGALAMCASHDEPOSITCRDepositbySELF,0.0,200000.0,667829.64,CASH
2019-03-15,TIRUMANGALAMBYCHQ TTTFRCRkishoremarketing,0.0,4584.0,672413.64,CHQ
2019-03-15,MUMBAIFORTWITHDRAWALTRANSFERINBISCOCRINDIAPV518TRANSFER24,235029.0,0.0,437384.64,TRANSFER
2019-03-15,MUMBAIFORTC ACFEESCRBANKOFBARODAFO095TRANSFER25,0.0,3683.0,441067.64,TRANSFER
2019-03-16,MUMBAIFORTC ACFEESCRVIKPRIHOME91DCTRANSFE121,0.0,18836.0,459903.64,TRANSFER
2019-03-16,TIRUMANGALAMBYCHQ TTTFRCRKISHOREMARKETING,0.0,1202.0,461105.64,CHQ
2019-03-16,TIRUMANGALAMCASHDEPOSITCRDepositbySELF,0.0,65000.0,526105.64,CASH
2019-03-16,SERVICEBRANCHCHENNAICHEQUEDEPO00001110CRBANKOFBARODA0446CTSCLG001110CLG001110 BOB,0.0,1508.0,527613.64,CHQ
2019-03-16,SERVICEBRANCHCHENNAICHEQUEDEPO00039383CRANDHRABANK,0.0,13974.0,541587.64,CHQ
2019-03-16,SERVICEBRANCHCHENNAICHEQUEDEPO00460438CRUNITEDBANKOFINDIA0446CTSCLG460438CLG,0.0,15409.0,556996.64,CHQ
2019-03-16,SERVICEBRANCHCHENNAICHEQUEDEPO00006539CRCITYUNIONBANKLTD0446CTSCLG006539CLG006539 CUB,0.0,4084.0,561080.64,CHQ
2019-03-16,SERVICEBRANCHCHENNAICHEQUEDEPO00742130CRINDIANOVERSEASBANK0446CTSG742130 IOB,0.0,3132.0,564212.64,OUTWARD-RETURN
2019-03-16,SERVICEBRANCHCHENNAICHEQUEDEPO00000839CRICICIBANKINGCORPORATION0446CTSG,0.0,730.0,564942.64,CHQ
2019-03-16,SERVICEBRANCHCHENNAICHEQUEDEPO00002095CRKARURVYSYABANKLTD0446CTSCLG002095CLG002095 KVB,0.0,1915.0,566857.64,CHQ
2019-03-16,SERVICEBRANCHCHENNAICHEQUEDEPO00290278CRUTIBANKLTD0446CTSG,0.0,6229.0,573086.64,CHQ
2019-03-16,SERVICEBRANCHCHENNAICHEQUEDEPO00000148CRUTIBANKLTD0446CTSG,0.0,2732.0,575818.64,CHQ
2019-03-16,SERVICEBRANCHCHENNAICHEQUEDEPO00039381CRANDHRABANK0446CTSG039381 ANB,0.0,4989.0,580807.64,CHQ
2019-03-16,SERVICEBRANCHCHENNAICHEQUEDEPO00002839CR4850446CTSG002839 KMB,0.0,2652.0,583459.64,CHQ
2019-03-16,SERVICEBRANCHCHENNAICHEQUEDEPO00715472CR2340446CTSG,0.0,1307.0,584766.64,CHQ
2019-03-16,SERVICEBRANCHCHENNAICHEQUEDEPO00304403CR2340446CTSG,0.0,2555.0,587321.64,CHQ
2019-03-16,SERVICEBRANCHCHENNAICHEQUEDEPO00040502CRKARNATAKABANKLTD,0.0,22142.0,609463.64,CHQ
2019-03-16,SERVICEBRANCHCHENNAIOUTCHQRETCRExceedsarrangement,3132.0,0.0,606331.64,OUTWARD-RETURN
2019-03-16,SERVICEBRANCHCHENNAICHQDISHONOURCR,250.0,0.0,606081.64,INWARD-CHARGES
2019-03-16,SERVICEBRANCHCHENNAINOFEESCRIMAGENOTCLEARPRESENTAGAIN,4989.0,0.0,601092.64,TRANSFER
2019-03-16,MUMBAIFORTC ACFEESCRFRESHMART961DCTRANSFE127,0.0,13426.0,614518.64,TRANSFER
2019-03-16,MUMBAIFORTC ACFEESCRLIMRASENTE9462TRANSFE127,0.0,15120.0,629638.64,TRANSFER
2019-03-18,SERVICEBRANCHCHENNAICHEQUEDEPO00000040CRSTANDARDCHARTEREDBANK0446CTSG000040 SCB,0.0,12000.0,641638.64,CHQ
2019-03-18,SERVICEBRANCHCHENNAICHEQUEDEPO00000262CR7510446CTSG000262 IDF,0.0,5327.0,646965.64,CHQ
2019-03-18,SERVICEBRANCHCHENNAICHEQUEDEPO00290297CRUTIBANKLTD0446CTSG,0.0,11000.0,657965.64,CHQ
2019-03-18,SERVICEBRANCHCHENNAICHEQUEDEPO00785695CRTAMILNADMERCANTILEBANK0446CTSG785695 TMB,0.0,3374.0,661339.64,CHQ
2019-03-18,SERVICEBRANCHCHENNAICHEQUEDEPO00171144CR2590446CTSG,0.0,10000.0,671339.64,CHQ
2019-03-18,SERVICEBRANCHCHENNAICHEQUEDEPO00679271CRSTATEBANKOFINDIA0446CTSG679271 SBI,0.0,3900.0,675239.64,CHQ
2019-03-18,TIRUMANGALAMCHEQUEWDL00898716CRMGSELVAM,6000.0,0.0,669239.64,CHQ
2019-03-19,MUMBAIFORTC ACFEESCRPONNUSUPERMAR3949TRANSFER20,0.0,17029.0,686268.64,TRANSFER
2019-03-19,MUMBAIFORTWITHDRAWALTRANSFERCRSNJSugarsandp762TRANSFER24,41690.0,0.0,644578.64,TRANSFER
2019-03-19,TIRUMANGALAMBYCHQ TTTFRCRKISHOREMARKETING,0.0,5000.0,649578.64,CHQ
2019-03-19,TIRUMANGALAMBYCHQ TTTFRCRKISHOREMARKETING,0.0,1928.0,651506.64,CHQ
2019-03-19,TIRUMANGALAMBYCHQ TTTFRCRKISHOREMARKETING,0.0,8210.0,659716.64,CHQ
2019-03-19,TIRUMANGALAMCASHDEPOSITCRDepositbySELF,0.0,225000.0,884716.64,CASH
2019-03-19,MUMBAIFORTC ACFEESCRSANTHOSHSUPERM250TRANSFER27,0.0,3597.0,888313.64,TRANSFER
2019-03-19,MUMBAIFORTC ACFEESCRSANTHOSHSUPERM634TRANSFER20,0.0,2016.0,890329.64,TRANSFER
2019-03-19,MUMBAIFORTC ACFEESCRSANTHOSHSUPERM761TRANSFER21,0.0,6573.0,896902.64,TRANSFER
2019-03-19,MUMBAIFORTC ACFEESCRDRUGSPARKPHAR5770TRANSFER25,0.0,3361.0,900263.64,TRANSFER
2019-03-19,MUMBAIFORTWITHDRAWALTRANSFERINVENTZLIFESCIENIDIBH19078406902CRTRANSFER24,53006.0,0.0,847257.64,TRANSFER
2019-03-19,MUMBAIFORTC ACFEESSRICRMEENAKSHIAM203TRANSFER25,0.0,4462.0,851719.64,TRANSFER
2019-03-19,CASHDEPCRCHRGSOTHER,100.0,0.0,851619.64,DEPOSIT-CHARGES
2019-03-20,TIRUMANGALAMCASHDEPOSITCRDepositbySELF,0.0,115000.0,966619.64,CASH
2019-03-20,MUMBAIFORTC ACFEESCRSANTHOSHSUPERM419TRANSFER23,0.0,1004.0,967623.64,TRANSFER
2019-03-20,TIRUMANGALAMBYCHQ TTTFRCRkishoremarketing,0.0,2437.0,970060.64,CHQ
2019-03-20,SERVICEBRANCHCHENNAICHEQUEDEPO00039384CRANDHRABANK0446CTSG039384 ANB,0.0,7844.0,977904.64,CHQ
2019-03-20,SERVICEBRANCHCHENNAICHEQUEDEPO00537904CR2340446CTSG,0.0,4564.0,982468.64,OUTWARD-RETURN
2019-03-20,SERVICEBRANCHCHENNAICHEQUEDEPO00029043CRPUNJABNATIONALBANK0446CTSG029043 PNB,0.0,2378.0,984846.64,CHQ
2019-03-20,SERVICEBRANCHCHENNAICHEQUEDEPO00536073CRINDIANOVERSEASBANK0446CTSG536073 IOB,0.0,1480.0,986326.64,CHQ
2019-03-20,SERVICEBRANCHCHENNAICHEQUEDEPO00038186CRBANKOFINDIA0446CTSG038186 BOI,0.0,6872.0,993198.64,CHQ
2019-03-20,SERVICEBRANCHCHENNAICHEQUEDEPO00460330CRUNITEDBANKOFINDIA0446CTSCLG460330CLG,0.0,1278.0,994476.64,CHQ
2019-03-20,SERVICEBRANCHCHENNAICHEQUEDEPO00709564CRSYNDICATEBANK0446CTSG709564 SYB,0.0,1698.0,996174.64,CHQ
2019-03-20,SERVICEBRANCHCHENNAICHEQUEDEPO00986337CRINDIANOVERSEASBANK0446CTSG986337 IOB,0.0,12345.0,1008519.64,CHQ
2019-03-20,SERVICEBRANCHCHENNAICHEQUEDEPO00079352CRUTIBANKLTD0446CTSG,0.0,2069.0,1010588.64,CHQ
2019-03-20,SERVICEBRANCHCHENNAICHEQUEDEPO00000064CR7880446CTSG,0.0,2032.0,1012620.64,OUTWARD-RETURN
2019-03-20,SERVICEBRANCHCHENNAICHEQUEDEPO00000360CRKARURVYSYABANKLTD0446CTSCLG000360CLG000360 KVB,0.0,30917.0,1043537.64,CHQ
2019-03-20,SERVICEBRANCHCHENNAICHEQUEDEPO00002752CRICICIBANKINGCORPORATION0446CTSG,0.0,5317.0,1048854.64,CHQ
2019-03-20,SERVICEBRANCHCHENNAICHEQUEDEPO00019784CRKARURVYSYABANKLTD0446CTSCLG019784CLG019784 KVB,0.0,8801.0,1057655.64,CHQ
2019-03-20,SERVICEBRANCHCHENNAICHEQUEDEPO00460439CRUNITEDBANKOFINDIA0446CTSCLG460439CLG,0.0,3597.0,1061252.64,CHQ
2019-03-20,SERVICEBRANCHCHENNAICHEQUEDEPO00785097CRSTATEBANKOFINDIA0446CTSG785097 SBI,0.0,1882.0,1063134.64,CHQ
2019-03-20,SERVICEBRANCHCHENNAICHEQUEDEPO00000063CR7880446CTSG,0.0,1304.0,1064438.64,OUTWARD-RETURN
2019-03-20,SERVICEBRANCHCHENNAICHEQUEDEPO00000388CRKARURVYSYABANKLTD0446CTSCLG000388CLG000388 KVB,0.0,34800.0,1099238.64,CHQ
2019-03-20,SERVICEBRANCHCHENNAICHEQUEDEPO00000216CRKARURVYSYABANKLTD0446CTSCLG000216CLG000216 KVB,0.0,564.0,1099802.64,CHQ
2019-03-20,SERVICEBRANCHCHENNAICHEQUEDEPO00003588CRKARURVYSYABANKLTD0446CTSCLG003588CLG003588 KVB,0.0,8480.0,1108282.64,CHQ
2019-03-20,MUMBAIFORTC ACFEESKPNCRFARMFRESHP61TRANSFE121,0.0,2563.0,1110845.64,TRANSFER
2019-03-20,SERVICEBRANCHCHENNAIOUTCHQRETCRFundsinsufficient,4564.0,0.0,1106281.64,OUTWARD-RETURN
2019-03-20,SERVICEBRANCHCHENNAICHQDISHONOURCR,250.0,0.0,1106031.64,INWARD-CHARGES
2019-03-20,SERVICEBRANCHCHENNAIOUTCHQRETCRFundsinsufficient,1304.0,0.0,1104727.64,OUTWARD-RETURN
2019-03-20,SERVICEBRANCHCHENNAICHQDISHONOURCR,250.0,0.0,1104477.64,INWARD-CHARGES
2019-03-20,SERVICEBRANCHCHENNAIOUTCHQRETCRFundsinsufficient,2032.0,0.0,1102445.64,OUTWARD-RETURN
2019-03-20,SERVICEBRANCHCHENNAICHQDISHONOURCR,250.0,0.0,1102195.64,INWARD-CHARGES
2019-03-20,MUMBAIFORTC ACFEESSRICRMEENAKSHIAM551TRANSFER21,0.0,4179.0,1106374.64,TRANSFER
2019-03-20,MUMBAIFORTWITHDRAWALTRANSFERMARSINTERNATIONAIDIBH19079480361CRTRANSFER24,500029.0,0.0,606345.64,TRANSFER
2019-03-20,MUMBAIFORTC ACFEESKPNCRFARMFRESHP243TRANSFER21,0.0,9371.0,615716.64,TRANSFER
2019-03-20,TIRUMANGALAMCASHDEPOSITCRDepositbySELF,0.0,350903.0,966619.64,CASH
2019-03-20,MUMBAIFORTC ACFEESCRSANTHOSHSUPERM419TRANSFER23,0.0,1004.0,967623.64,TRANSFER
2019-03-20,TIRUMANGALAMBYCHQ TTTFRCRkishoremarketing,0.0,2437.0,970060.64,CHQ
2019-03-20,SERVICEBRANCHCHENNAICHEQUEDEPO00039384CRANDHRABANK0446CTSG039384 ANB,0.0,7844.0,977904.64,CHQ
2019-03-20,SERVICEBRANCHCHENNAICHEQUEDEPO00537904CR2340446CTSG,0.0,4564.0,982468.64,OUTWARD-RETURN
2019-03-20,SERVICEBRANCHCHENNAICHEQUEDEPO00029043CRPUNJABNATIONALBANK0446CTSG029043 PNB,0.0,2378.0,984846.64,CHQ
2019-03-20,SERVICEBRANCHCHENNAICHEQUEDEPO00536073CRINDIANOVERSEASBANK0446CTSG536073 IOB,0.0,1480.0,986326.64,CHQ
2019-03-20,SERVICEBRANCHCHENNAICHEQUEDEPO00038186CRBANKOFINDIA0446CTSG038186 BOI,0.0,6872.0,993198.64,CHQ
2019-03-20,SERVICEBRANCHCHENNAICHEQUEDEPO00460330CRUNITEDBANKOFINDIA0446CTSCLG460330CLG,0.0,1278.0,994476.64,CHQ
2019-03-20,SERVICEBRANCHCHENNAICHEQUEDEPO00709564CRSYNDICATEBANK0446CTSG709564 SYB,0.0,1698.0,996174.64,CHQ
2019-03-20,SERVICEBRANCHCHENNAICHEQUEDEPO00986337CRINDIANOVERSEASBANK0446CTSG986337 IOB,0.0,12345.0,1008519.64,CHQ
2019-03-20,SERVICEBRANCHCHENNAICHEQUEDEPO00079352CRUTIBANKLTD0446CTSG,0.0,2069.0,1010588.64,CHQ
2019-03-20,SERVICEBRANCHCHENNAICHEQUEDEPO00000064CR7880446CTSG,0.0,2032.0,1012620.64,OUTWARD-RETURN
2019-03-20,SERVICEBRANCHCHENNAICHEQUEDEPO00000360CRKARURVYSYABANKLTD0446CTSCLG000360CLG000360 KVB,0.0,30917.0,1043537.64,CHQ
2019-03-20,SERVICEBRANCHCHENNAICHEQUEDEPO00002752CRICICIBANKINGCORPORATION0446CTSG,0.0,5317.0,1048854.64,CHQ
2019-03-20,SERVICEBRANCHCHENNAICHEQUEDEPO00019784CRKARURVYSYABANKLTD0446CTSCLG019784CLG019784 KVB,0.0,8801.0,1057655.64,CHQ
2019-03-20,SERVICEBRANCHCHENNAICHEQUEDEPO00460439CRUNITEDBANKOFINDIA0446CTSCLG460439CLG,0.0,3597.0,1061252.64,CHQ
2019-03-20,SERVICEBRANCHCHENNAICHEQUEDEPO00785097CRSTATEBANKOFINDIA0446CTSG785097 SBI,0.0,1882.0,1063134.64,CHQ
2019-03-20,SERVICEBRANCHCHENNAICHEQUEDEPO00000063CR7880446CTSG,0.0,1304.0,1064438.64,OUTWARD-RETURN
2019-03-20,SERVICEBRANCHCHENNAICHEQUEDEPO00000388CRKARURVYSYABANKLTD0446CTSCLG000388CLG000388 KVB,0.0,34800.0,1099238.64,CHQ
2019-03-20,SERVICEBRANCHCHENNAICHEQUEDEPO00000216CRKARURVYSYABANKLTD0446CTSCLG000216CLG000216 KVB,0.0,564.0,1099802.64,CHQ
2019-03-20,SERVICEBRANCHCHENNAICHEQUEDEPO00003588CRKARURVYSYABANKLTD0446CTSCLG003588CLG003588 KVB,0.0,8480.0,1108282.64,CHQ
2019-03-20,MUMBAIFORTC ACFEESKPNCRFARMFRESHP61TRANSFE121,0.0,2563.0,1110845.64,TRANSFER
2019-03-20,SERVICEBRANCHCHENNAIOUTCHQRETCRFundsinsufficient,4564.0,0.0,1106281.64,OUTWARD-RETURN
2019-03-20,SERVICEBRANCHCHENNAICHQDISHONOURCR,250.0,0.0,1106031.64,INWARD-CHARGES
2019-03-20,SERVICEBRANCHCHENNAIOUTCHQRETCRFundsinsufficient,1304.0,0.0,1104727.64,OUTWARD-RETURN
2019-03-20,SERVICEBRANCHCHENNAICHQDISHONOURCR,250.0,0.0,1104477.64,INWARD-CHARGES
2019-03-20,SERVICEBRANCHCHENNAIOUTCHQRETCRFundsinsufficient,2032.0,0.0,1102445.64,OUTWARD-RETURN
2019-03-20,SERVICEBRANCHCHENNAICHQDISHONOURCR,250.0,0.0,1102195.64,INWARD-CHARGES
2019-03-20,MUMBAIFORTC ACFEESSRICRMEENAKSHIAM551TRANSFER21,0.0,4179.0,1106374.64,TRANSFER
2019-03-20,MUMBAIFORTWITHDRAWALTRANSFERMARSINTERNATIONAIDIBH19079480361CRTRANSFER24,500029.0,0.0,606345.64,TRANSFER
2019-03-20,MUMBAIFORTC ACFEESKPNCRFARMFRESHP243TRANSFER21,0.0,9371.0,615716.64,TRANSFER
2019-03-21,SERVICEBRANCHCHENNAITOCLGCHQ00898717CRSECEDCWEST,2770.0,0.0,612946.64,CHQ
2019-03-21,MUMBAIFORTWITHDRAWALTRANSFERMARSINTERNATIONAIDIBH19080488949CRTRANSFER24,500029.0,0.0,112917.64,TRANSFER
2019-03-21,TIRUMANGALAMCASHDEPOSITCRDepositbySELF,0.0,75000.0,187917.64,CASH
2019-03-21,SERVICEBRANCHCHENNAICHEQUEDEPO00623628CRTAMILNADMERCANTILEBANK0446CTSG623628 TMB,0.0,3536.0,191453.64,CHQ
2019-03-21,SERVICEBRANCHCHENNAICHEQUEDEPO00000118CRKARURVYSYABANKLTD0446CTSCLG000118CLG000118 KVB,0.0,1000.0,192453.64,CHQ
2019-03-21,SERVICEBRANCHCHENNAICHEQUEDEPO00096928CRCANARABANK0446CTSG096928 CAB,0.0,1295.0,193748.64,CHQ
2019-03-21,SERVICEBRANCHCHENNAICHEQUEDEPO00003969CR2400446CTSG,0.0,12906.0,206654.64,CHQ
2019-03-21,SERVICEBRANCHCHENNAICHEQUEDEPO00064381CRDENABANK,0.0,2250.0,208904.64,CHQ
2019-03-21,SERVICEBRANCHCHENNAICHEQUEDEPO00002828CR2400446CTSG,0.0,3851.0,212755.64,CHQ
2019-03-21,SERVICEBRANCHCHENNAICHEQUEDEPO00038187CRBANKOFINDIA0446CTSG038187 BOI,0.0,3753.0,216508.64,CHQ
2019-03-21,SERVICEBRANCHCHENNAICHEQUEDEPO00391044CRSYNDICATEBANK0446CTSG391044 SYB,0.0,7571.0,224079.64,CHQ
2019-03-21,SERVICEBRANCHCHENNAICHEQUEDEPO00001605CR2400446CTSG,0.0,5044.0,229123.64,CHQ
2019-03-21,SERVICEBRANCHCHENNAICHEQUEDEPO00295398CRUTIBANKLTD0446CTSG,0.0,707.0,229830.64,CHQ
2019-03-21,MUMBAIFORTC ACFEESCRSANTHOSHSUPERM520TRANSFER25,0.0,1685.0,231515.64,TRANSFER
2019-03-21,MUMBAIFORTC ACFEESSRICRFIRSTCAREP347TRANSFER27,0.0,711.0,232226.64,TRANSFER
2019-03-21,MUMBAIFORTC ACFEESCRAMMANFRUITS047TRANSFER25,0.0,6207.0,238433.64,TRANSFER
2019-03-21,ATMSERVICEBYTRANSFERCRBRANCH IMPS 089 opentxn757734byJAYAPATRANSFE461,0.0,6190.0,244623.64,IMPS
2019-03-22,MUMBAIFORTC ACFEESCRCHENNAIC0957272TRANSFER29,0.0,7770.0,252393.64,TRANSFER
2019-03-22,SERVICEBRANCHCHENNAICHEQUEDEPO00039539CRANDHRABANK0446CTSG039539 ANB,0.0,12414.0,264807.64,CHQ
2019-03-22,SERVICEBRANCHCHENNAICHEQUEDEPO00171145CR2590446CTSG,0.0,10380.0,275187.64,CHQ
2019-03-22,SERVICEBRANCHCHENNAICHEQUEDEPO00740036CRVIJAYABANK0446CTSG740036 VJB,0.0,6860.0,282047.64,CHQ
2019-03-22,SERVICEBRANCHCHENNAICHEQUEDEPO00290462CR2590446CTSG,0.0,708.0,282755.64,CHQ
2019-03-22,SERVICEBRANCHCHENNAICHEQUEDEPO00292755CRUTIBANKLTD0446CTSG,0.0,2823.0,285578.64,CHQ
2019-03-22,SERVICEBRANCHCHENNAICHEQUEDEPO00104508CRBANKOFMAHARASHTRA0446CTSG104508 BOM,0.0,10308.0,295886.64,CHQ
2019-03-22,SERVICEBRANCHCHENNAICHEQUEDEPO00002031CRKARURVYSYABANKLTD0446CTSCLG002031CLG002031 KVB,0.0,8393.0,304279.64,CHQ
2019-03-22,SERVICEBRANCHCHENNAICHEQUEDEPO00002022CRKARURVYSYABANKLTD0446CTSCLG002022CLG002022 KVB,0.0,217.0,304496.64,CHQ
2019-03-22,SERVICEBRANCHCHENNAICHEQUEDEPO00519885CRSTATEBANKOFINDIA0446CTSG519885 SBI,0.0,1376.0,305872.64,CHQ
2019-03-22,SERVICEBRANCHCHENNAICHEQUEDEPO00290296CRUTIBANKLTD0446CTSG,0.0,10742.0,316614.64,CHQ
2019-03-22,SERVICEBRANCHCHENNAICHEQUEDEPO00020672CRANDHRABANK0446CTSG020672 ANB,0.0,3341.0,319955.64,CHQ
2019-03-22,TIRUMANGALAMCASHDEPOSITCRDepositbySELF,0.0,185000.0,504955.64,CASH
2019-03-22,MUMBAIFORTWITHDRAWALTRANSFERCRREDBULLINDIAP468TRANSFER24,200014.0,0.0,304941.64,TRANSFER
2019-03-22,MUMBAIFORTWITHDRAWALTRANSFERINBISCOCRINDIAPV547TRANSFER24,146014.0,0.0,158927.64,TRANSFER
2019-03-22,COREBANKINGBYTRANSFERCRDATACENTRETransfer87844KISHOREMARKETINGTRANSFE58,0.0,2571.0,161498.64,TRANSFER
2019-03-22,ATMSERVICEBYTRANSFERCRBRANCH IMPS 400 KSNSUPERMARKTRANSFE461,0.0,2498.0,163996.64,IMPS
2019-03-22,ATMSERVICEBYTRANSFERCRBRANCH IMPS 412 KSNSUPERMARKTRANSFE461,0.0,3913.0,167909.64,IMPS
2019-03-25,SERVICEBRANCHCHENNAICHEQUEDEPO00374912CR2340446CTSG,0.0,1024.0,168933.64,CHQ
2019-03-25,SERVICEBRANCHCHENNAICHEQUEDEPO00883313CRTAMILNADUSTATEAPEXCOO0446CTSG,0.0,705.0,169638.64,CHQ
2019-03-25,SERVICEBRANCHCHENNAICHEQUEDEPO00628751CRSTATEBANKOFINDIA0446CTSG628751 SBI,0.0,1040.0,170678.64,CHQ
2019-03-25,SERVICEBRANCHCHENNAICHEQUEDEPO00001079CR2400446CTSG,0.0,10224.0,180902.64,CHQ
2019-03-25,SERVICEBRANCHCHENNAICHEQUEDEPO00000292CRCITYUNIONBANKLTD0446CTSCLG000292CLG000292 CUB,0.0,1298.0,182200.64,CHQ
2019-03-25,SERVICEBRANCHCHENNAICHEQUEDEPO00001078CR2400446CTSG,0.0,10000.0,192200.64,CHQ
2019-03-25,SERVICEBRANCHCHENNAICHEQUEDEPO00403120CRSTATEBANKOFINDIA0446CTSG403120 SBI,0.0,1734.0,193934.64,CHQ
2019-03-25,SERVICEBRANCHCHENNAICHEQUEDEPO00317445CRUCOBANK0446CTSCLG317445CLG317445 UCO,0.0,19920.0,213854.64,CHQ
2019-03-25,MUMBAIFORTC ACFEESCRVIKPRIHOME91DCTRANSFE121,0.0,6210.0,220064.64,TRANSFER
2019-03-25,TIRUMANGALAMCASHDEPOSITCRDepositbySELF,0.0,200000.0,420064.64,CASH
2019-03-25,TIRUMANGALAMBYCHQ TTTFRCRKISHOREMARKETING,0.0,1634.0,421698.64,CHQ
2019-03-25,TIRUMANGALAMBYCHQ TTTFRCRKISHOREMARKETING,0.0,1490.0,423188.64,CHQ
2019-03-25,TIRUMANGALAMBYCHQ TTTFRCRKISHOREMARKETING,0.0,7289.0,430477.64,CHQ
2019-03-25,MUMBAIFORTC ACFEESCRSAARALRESORTSA838TRANSFER23,0.0,11517.0,441994.64,TRANSFER
2019-03-25,MUMBAIFORTC ACFEESCRLIMRASENTE2913TRANSFE123,0.0,12866.0,454860.64,TRANSFER
2019-03-25,MUMBAIFORTC ACFEESCRBANKOFBARODAFO068TRANSFER28,0.0,4941.0,459801.64,TRANSFER
2019-03-25,MUMBAIFORTC ACFEESCRANNANAGARSUPE8358TRANSFER29,0.0,30477.0,490278.64,TRANSFER
2019-03-25,MUMBAIFORTC ACFEESCRKARUVALURMARIA0951TRANSFER24,0.0,8605.0,498883.64,TRANSFER
2019-03-25,MUMBAIFORTC ACFEESCRVENKATESWARA72006TRANSFE127,0.0,7399.0,506282.64,TRANSFER
2019-03-25,MUMBAIFORTC ACFEESCRANNAISUPERMAR2301TRANSFER21,0.0,2887.0,509169.64,TRANSFER
2019-03-25,MUMBAIFORTC ACFEESCRKALIGAMBALFRUI8214TRANSFER28,0.0,10608.0,519777.64,TRANSFER
2019-03-26,TIRUMANGALAMCASHDEPOSITCRDepositbySELF,0.0,160000.0,679777.64,CASH
2019-03-26,MUMBAIFORTC ACFEESCRSANTHOSHSUPERM196TRANSFER20,0.0,1784.0,681561.64,TRANSFER
2019-03-26,MUMBAIFORTC ACFEESCRSANTHOSHSUPERM091TRANSFER29,0.0,4936.0,686497.64,TRANSFER
2019-03-26,MUMBAIFORTC ACFEESCRSANTHOSHSUPERM202TRANSFER25,0.0,899.0,687396.64,TRANSFER
2019-03-26,SERVICEBRANCHCHENNAICHEQUEDEPO00921716CRINDIANOVERSEASBANK0446CTSG921716 IOB,0.0,3767.0,691163.64,CHQ
2019-03-26,SERVICEBRANCHCHENNAICHEQUEDEPO00005705CRKARURVYSYABANKLTD0446CTSCLG005705CLG005705 KVB,0.0,1435.0,692598.64,CHQ
2019-03-26,SERVICEBRANCHCHENNAICHEQUEDEPO00921759CRINDIANOVERSEASBANK0446CTSG921759 IOB,0.0,9977.0,702575.64,CHQ
2019-03-26,SERVICEBRANCHCHENNAICHEQUEDEPO00001570CR2400446CTSG,0.0,6287.0,708862.64,CHQ
2019-03-27,SERVICEBRANCHCHENNAICHEQUEDEPO00183510CRTAMILNADMERCANTILEBANK0446CTSG183510 TMB,0.0,6949.0,715811.64,CHQ
2019-03-27,SERVICEBRANCHCHENNAICHEQUEDEPO00208974CRFEDERALBANKLTD0446CTSG208974 FBI,0.0,11634.0,727445.64,CHQ
2019-03-27,SERVICEBRANCHCHENNAICHEQUEDEPO00074424CRUTIBANKLTD0446CTSG,0.0,5477.0,732922.64,CHQ
2019-03-27,MUMBAIFORTC ACFEESCRPONNUSUPER4325126TRANSFER20,0.0,7951.0,740873.64,TRANSFER
2019-03-27,TIRUMANGALAMCASHDEPOSITCRDepositbySELF,0.0,445000.0,1185873.64,CASH
2019-03-27,SERVICEBRANCHCHENNAICHEQUEDEPO00074489CRUTIBANKLTD0446CTSG,0.0,1160.0,1187033.64,CHQ
2019-03-27,SERVICEBRANCHCHENNAICHEQUEDEPO00632871CRSTATEBANKOFINDIA0446CTSG632871 SBI,0.0,12247.0,1199280.64,CHQ
2019-03-27,MUMBAIFORTC ACFEESKPNCRFARMFRESHP078TRANSFER25,0.0,18196.0,1217476.64,TRANSFER
2019-03-27,ATMSERVICEBYTRANSFERCRBRANCH IMPS 377 LEAFINPYMTTRANSFE461,0.0,3632.0,1221108.64,IMPS
2019-03-27,MUMBAIFORTC ACFEESCRSANTHOSHSUPERM488TRANSFER21,0.0,2059.0,1223167.64,TRANSFER
2019-03-27,MUMBAIFORTC ACFEESCRSANTHOSHSUPERM976TRANSFER24,0.0,435.0,1223602.64,TRANSFER
2019-03-27,SERVICEBRANCHCHENNAICHEQUEDEPO00126494CRUTIBANKLTD0446CTSG,0.0,1734.0,1225336.64,CHQ
2019-03-27,SERVICEBRANCHCHENNAICHEQUEDEPO00603073CRSOUTHINDIANBANKLTD0446CTSCLG603073CLG603073 SIB,0.0,14003.0,1239339.64,CHQ
2019-03-27,SERVICEBRANCHCHENNAICHEQUEDEPO00405432CRCANARABANK0446CTSG405432 CAB,0.0,825.0,1240164.64,CHQ
2019-03-27,SERVICEBRANCHCHENNAICHEQUEDEPO00004709CRSOUTHINDIANBANKLTD0446CTSCLG004709CLG004709 SIB,0.0,3364.0,1243528.64,CHQ
2019-03-27,SERVICEBRANCHCHENNAICHEQUEDEPO00962631CRINDIANOVERSEASBANK0446CTSG962631 IOB,0.0,956.0,1244484.64,CHQ
2019-03-27,SERVICEBRANCHCHENNAICHEQUEDEPO00882278CRSYNDICATEBANK0446CTSG882278 SYB,0.0,3450.0,1247934.64,CHQ
2019-03-27,SERVICEBRANCHCHENNAICHEQUEDEPO00079388CRUTIBANKLTD0446CTSG,0.0,8308.0,1256242.64,CHQ
2019-03-27,SERVICEBRANCHCHENNAICHEQUEDEPO00704775CRSYNDICATEBANK0446CTSG704775 SYB,0.0,1840.0,1258082.64,CHQ
2019-03-27,SERVICEBRANCHCHENNAICHEQUEDEPO00000373CRICICIBANKINGCORPORATION0446CTSG,0.0,1997.0,1260079.64,CHQ
2019-03-27,SERVICEBRANCHCHENNAICHEQUEDEPO00227368CRUTIBANKLTD0446CTSG,0.0,6386.0,1266465.64,CHQ
2019-03-27,SERVICEBRANCHCHENNAICHEQUEDEPO00447522CR2590446CTSG,0.0,1910.0,1268375.64,CHQ
2019-03-27,SERVICEBRANCHCHENNAICHEQUEDEPO00001620CR2400446CTSG,0.0,5944.0,1274319.64,CHQ
2019-03-27,SERVICEBRANCHCHENNAICHEQUEDEPO00006614CRUTIBANKLTD0446CTSG,0.0,10903.0,1285222.64,CHQ
2019-03-27,SERVICEBRANCHCHENNAICHEQUEDEPO00001602CR2400446CTSG,0.0,6481.0,1291703.64,CHQ
2019-03-27,MUMBAIFORTC ACFEESKPNCRFARMFRESHP99TRANSFE123,0.0,3540.0,1295243.64,TRANSFER
2019-03-27,TIRUMANGALAMBYCHQ TTTFRCRKISHOREMARKETING,0.0,13112.0,1308355.64,CHQ
2019-03-27,TIRUMANGALAMBYCHQ TTTFRCRKISHOREMARKETING,0.0,1014.0,1309369.64,CHQ
2019-03-27,SERVICEBRANCHCHENNAICHEQUEDEPO00004708CRSOUTHINDIANBANKLTD0446CTSCLG004708CLG004708 SIB,0.0,10000.0,1319369.64,CHQ
2019-03-27,SERVICEBRANCHCHENNAICHEQUEDEPO00000041CRSTANDARDCHARTEREDBANK0446CTSG000041 SCB,0.0,4000.0,1323369.64,CHQ
2019-03-27,SERVICEBRANCHCHENNAICHEQUEDEPO00547354CRFEDERALBANKLTD0446CTSG547354 FBI,0.0,2000.0,1325369.64,CHQ
2019-03-27,TIRUMANGALAMBYCHQ TTTFRCRKISHOREMARKETING,0.0,28362.0,1353731.64,CHQ
2019-03-27,SERVICEBRANCHCHENNAICHEQUEDEPO00671276CR2340446CTSG,0.0,2407.0,1356138.64,CHQ
2019-03-27,SERVICEBRANCHCHENNAICHEQUEDEPO00022164CRICICIBANKINGCORPORATION0446CTSG,0.0,70000.0,1426138.64,CHQ
2019-03-27,MUMBAIFORTC ACFEESCRCHENNAIC4645249TRANSFER24,0.0,1062.0,1427200.64,TRANSFER
2019-03-27,SERVICEBRANCHCHENNAICHEQUEDEPO00000962CRICICIBANKINGCORPORATION0446CTSG,0.0,775.0,1427975.64,CHQ
2019-03-27,SERVICEBRANCHCHENNAICHEQUEDEPO00317446CRUCOBANK0446CTSCLG317446CLG317446 UCO,0.0,90741.0,1518716.64,CHQ
2019-03-27,SERVICEBRANCHCHENNAICHEQUEDEPO00347798CRFEDERALBANKLTD0446CTSG347798 FBI,0.0,1759.0,1520475.64,CHQ
2019-03-27,SERVICEBRANCHCHENNAICHEQUEDEPO00074426CRUTIBANKLTD0446CTSG,0.0,1070.0,1521545.64,CHQ
2019-03-27,CASHDEPCRCHRGSOTHER,245.0,0.0,1521300.64,DEPOSIT-CHARGES
2019-03-28,MUMBAIFORTC ACFEESCRMCRENNETTF5164358TRANSFER24,0.0,3079.0,1524379.64,TRANSFER
2019-03-28,MUMBAIFORTWITHDRAWALTRANSFERCRREDBULLINDIAP737TRANSFER24,55006.0,0.0,1469373.64,TRANSFER
2019-03-28,SERVICEBRANCHCHENNAICHEQUEDEPO00020667CRANDHRABANK0446CTSG020667 ANB,0.0,11362.0,1480735.64,CHQ
2019-03-28,SERVICEBRANCHCHENNAICHEQUEDEPO00759536CRSYNDICATEBANK0446CTSG759536 SYB,0.0,4483.0,1485218.64,OUTWARD-RETURN
2019-03-28,SERVICEBRANCHCHENNAICHEQUEDEPO00020653CR0720446CTSG020653 DCB,0.0,10954.0,1496172.64,CHQ
2019-03-28,SERVICEBRANCHCHENNAICHEQUEDEPO00441802CR2590446CTSG,0.0,3532.0,1499704.64,CHQ
2019-03-28,SERVICEBRANCHCHENNAICHEQUEDEPO00004877CR,0.0,7170.0,1506874.64,CHQ
2019-03-28,SERVICEBRANCHCHENNAICHEQUEDEPO00082867CRUTIBANKLTD0446CTSG,0.0,2090.0,1508964.64,CHQ
2019-03-28,SERVICEBRANCHCHENNAICHEQUEDEPO00000181CRLAKSHMIVILASBANKLTD0446CTSCLG000181CLG000181 LVB,0.0,1548.0,1510512.64,CHQ
2019-03-28,SERVICEBRANCHCHENNAICHEQUEDEPO00709615CRSYNDICATEBANK0446CTSG709615 SYB,0.0,1747.0,1512259.64,CHQ
2019-03-28,SERVICEBRANCHCHENNAICHEQUEDEPO00233082CRUTIBANKLTD0446CTSG,0.0,6280.0,1518539.64,CHQ
2019-03-28,SERVICEBRANCHCHENNAICHEQUEDEPO00020652CR0720446CTSG020652 DCB,0.0,10940.0,1529479.64,CHQ
2019-03-28,SERVICEBRANCHCHENNAICHEQUEDEPO00292678CRUTIBANKLTD0446CTSG,0.0,5259.0,1534738.64,CHQ
2019-03-28,SERVICEBRANCHCHENNAICHEQUEDEPO00147633CRICICIBANKINGCORPORATION0446CTSG,0.0,4884.0,1539622.64,CHQ
2019-03-28,TIRUMANGALAMCASHDEPOSITCRDepositbySELF,0.0,100000.0,1639622.64,CASH
2019-03-28,MUMBAIFORTWITHDRAWALTRANSFERMARSINTERNATIONAIDIBH19087359248CRTRANSFER24,400029.0,0.0,1239593.64,TRANSFER
2019-03-28,MUMBAIFORTWITHDRAWALTRANSFERHECTORBEVERAGESPIDIBH19087359450CRTRANSFER24,200014.0,0.0,1039579.64,TRANSFER
2019-03-28,MUMBAIFORTWITHDRAWALTRANSFERINBISCOCRINDIAPV605TRANSFER24,217029.0,0.0,822550.64,TRANSFER
2019-03-28,MUMBAIFORTC ACFEESSRICRMEENAKSHIAM394TRANSFER26,0.0,2899.0,825449.64,TRANSFER
2019-03-28,SERVICEBRANCHCHENNAIOUTCHQRETCRFundsinsufficient,4483.0,0.0,820966.64,OUTWARD-RETURN
2019-03-28,SERVICEBRANCHCHENNAICHQDISHONOURCR,250.0,0.0,820716.64,INWARD-CHARGES
2019-03-28,MUMBAIFORTC ACFEESCRANNANAGARS6289669TRANSFER21,0.0,11634.0,832350.64,TRANSFER
2019-03-29,TIRUMANGALAMCASHDEPOSITCRDepositbySELF,0.0,66000.0,898350.64,CASH
2019-03-29,MUMBAIFORTWITHDRAWALTRANSFERMARSINTERNATIONAIDIBH19088437966CRTRANSFER24,300029.0,0.0,598321.64,TRANSFER
2019-03-29,MUMBAIFORTC ACFEESCRAMMANFRUITS803TRANSFER27,0.0,30129.0,628450.64,TRANSFER
2019-03-30,SERVICEBRANCHCHENNAICHEQUEDEPO00206960CRINDIANOVERSEASBANK0446CTSG206960 IOB,0.0,5077.0,633527.64,CHQ
2019-03-30,SERVICEBRANCHCHENNAICHEQUEDEPO00981673CRVIJAYABANK0446CTSG981673 VJB,0.0,1538.0,635065.64,CHQ
2019-03-30,SERVICEBRANCHCHENNAICHEQUEDEPO00002767CRICICIBANKINGCORPORATION0446CTSG,0.0,5692.0,640757.64,CHQ
2019-03-30,SERVICEBRANCHCHENNAICHEQUEDEPO00020793CRANDHRABANK0446CTSG020793 ANB,0.0,24240.0,664997.64,CHQ
2019-03-30,SERVICEBRANCHCHENNAICHEQUEDEPO00932658CRUNITEDBANKOFINDIA0446CTSCLG932658CLG,0.0,8213.0,673210.64,CHQ
2019-03-30,SERVICEBRANCHCHENNAICHEQUEDEPO00489058CRSYNDICATEBANK0446CTSG489058 SYB,0.0,630.0,673840.64,CHQ
2019-03-30,SERVICEBRANCHCHENNAICHEQUEDEPO00001080CR2400446CTSG,0.0,5637.0,679477.64,CHQ
2019-03-30,SERVICEBRANCHCHENNAICHEQUEDEPO00039730CRANDHRABANK0446CTSG039730 ANB,0.0,5766.0,685243.64,CHQ
2019-03-30,SERVICEBRANCHCHENNAICHEQUEDEPO00801091CRVIJAYABANK0446CTSCHQ801091,0.0,1332.0,686575.64,CHQ
2019-03-30,SERVICEBRANCHCHENNAICHEQUEDEPO00002222CRKARURVYSYABANKLTD0446CTSCLG002222CLG002222 KVB,0.0,1113.0,687688.64,CHQ
2019-03-30,SERVICEBRANCHCHENNAICHEQUEDEPO00039721CRANDHRABANK0446CTSG039721 ANB,0.0,2754.0,690442.64,CHQ
2019-03-30,SERVICEBRANCHCHENNAICHEQUEDEPO00009433CR2400446CTSG,0.0,3072.0,693514.64,CHQ
2019-03-30,SERVICEBRANCHCHENNAICHEQUEDEPO00003516CRANDHRABANK0446CTSG003516 ANB,0.0,10011.0,703525.64,CHQ
2019-03-30,SERVICEBRANCHCHENNAICHEQUEDEPO00039381CRANDHRABANK0446CTSG039381 ANB,0.0,4989.0,708514.64,CHQ
2019-03-30,SERVICEBRANCHCHENNAICHEQUEDEPO00001058CRICICIBANKINGCORPORATION0446CTSG,0.0,3063.0,711577.64,CHQ
2019-03-30,TIRUMANGALAMCASHDEPOSITCRDepositbySELF,0.0,110000.0,821577.64,CASH
2019-03-30,MUMBAIFORTC ACFEESCRELLIOTFOODS574TRANSFER21,0.0,7787.0,829364.64,TRANSFER
2019-04-01,COREBANKINGWITHDRAWALTRANSFERTECHPROCESS760080851 BharatCRDATACENTREPetroleumCorporationTRANSFERTO,10008.26,0.0,819356.38,ONLINE-PAYMENT
2019-04-02,TIRUMANGALAMCASHDEPOSITCRDepositbySELF,0.0,200000.0,1019356.38,CASH
2019-04-02,TIRUMANGALAMBYCHQ TTTFRCRKISHOREMARKETING,0.0,4313.0,1023669.38,CHQ
2019-04-02,TIRUMANGALAMBYCHQ TTTFRCRKISHOREMARKETING,0.0,2188.0,1025857.38,CHQ
2019-04-02,MUMBAIFORTC ACFEESCRCHENNAIC9652540TRANSFER21,0.0,6659.0,1032516.38,TRANSFER
2019-04-02,MUMBAIFORTC ACFEESCRLIMRASENTE1628TRANSFE120,0.0,12817.0,1045333.38,TRANSFER
2019-04-03,MUMBAIFORTC ACFEESCRBANKOFBARODAFO830TRANSFER28,0.0,6023.0,1051356.38,TRANSFER
2019-04-03,SERVICEBRANCHCHENNAICHEQUEDEPO00000027CR2400446CTSG,0.0,2775.0,1054131.38,CHQ
2019-04-03,SERVICEBRANCHCHENNAICHEQUEDEPO00039769CRANDHRABANK0446CTSG039769 ANB,0.0,4349.0,1058480.38,CHQ
2019-04-03,SERVICEBRANCHCHENNAICHEQUEDEPO00004622CR2400446CTSG,0.0,8140.0,1066620.38,CHQ
2019-04-03,SERVICEBRANCHCHENNAICHEQUEDEPO00001669CR2400446CTSG,0.0,1516.0,1068136.38,CHQ
2019-04-03,SERVICEBRANCHCHENNAICHEQUEDEPO00113814CRUTIBANKLTD0446CTSG,0.0,4237.0,1072373.38,CHQ
2019-04-03,SERVICEBRANCHCHENNAICHEQUEDEPO00809721CRTAMILNADMERCANTILEBANK0446CTSG809721 TMB,0.0,4403.0,1076776.38,CHQ
2019-04-03,SERVICEBRANCHCHENNAICHEQUEDEPO00000475CRKARURVYSYABANKLTD0446CTSCLG000475CLG000475 KVB,0.0,27748.0,1104524.38,CHQ
2019-04-03,SERVICEBRANCHCHENNAICHEQUEDEPO00040551CRKARNATAKABANKLTD,0.0,11021.0,1115545.38,CHQ
2019-04-03,SERVICEBRANCHCHENNAICHEQUEDEPO00000365CR7500446CTSGAN,0.0,3300.0,1118845.38,OUTWARD-RETURN
2019-04-03,SERVICEBRANCHCHENNAICHEQUEDEPO00000203CR2400446CTSG,0.0,2295.0,1121140.38,CHQ
2019-04-03,SERVICEBRANCHCHENNAICHEQUEDEPO00005951CRCITYUNIONBANKLTD0446CTSCLG005951CLG005951 CUB,0.0,3474.0,1124614.38,CHQ
2019-04-03,SERVICEBRANCHCHENNAICHEQUEDEPO00601338CRVIJAYABANK0446CTSG601338 VJB,0.0,18080.0,1142694.38,CHQ
2019-04-03,SERVICEBRANCHCHENNAICHEQUEDEPO00858123CRSTATEBANKOFINDIA0446CTSG858123 SBI,0.0,19864.0,1162558.38,CHQ
2019-04-03,SERVICEBRANCHCHENNAICHEQUEDEPO00206961CRINDIANOVERSEASBANK0446CTSG206961 IOB,0.0,1160.0,1163718.38,CHQ
2019-04-03,SERVICEBRANCHCHENNAICHEQUEDEPO00519914CRSTATEBANKOFINDIA0446CTSG519914 SBI,0.0,1864.0,1165582.38,CHQ
2019-04-03,SERVICEBRANCHCHENNAICHEQUEDEPO00000243CRKARURVYSYABANKLTD0446CTSCLG000243CLG000243 KVB,0.0,7059.0,1172641.38,CHQ
2019-04-03,SERVICEBRANCHCHENNAICHEQUEDEPO00871661CRTAMILNADUSTATEAPEXCOO0446CTSG,0.0,848.0,1173489.38,CHQ
2019-04-03,SERVICEBRANCHCHENNAICHEQUEDEPO00126290CRUTIBANKLTD0446CTSG,0.0,2148.0,1175637.38,CHQ
2019-04-03,MUMBAIFORTC ACFEESCRANNAISUPERMAR6747TRANSFER27,0.0,5094.0,1180731.38,TRANSFER
2019-04-03,SERVICEBRANCHCHENNAIOUTCHQRETCRExceedsarrangement,3300.0,0.0,1177431.38,OUTWARD-RETURN
2019-04-03,SERVICEBRANCHCHENNAICHQDISHONOURCR,250.0,0.0,1177181.38,INWARD-CHARGES
2019-04-04,MUMBAIFORTWITHDRAWALTRANSFERMARSINTERNATIONAIDIBH19094288881CRTRANSFER24,500029.0,0.0,677152.38,TRANSFER
2019-04-04,SERVICEBRANCHCHENNAICHEQUEDEPO00040551CRKARNATAKABANKLTD,0.0,11021.0,688173.38,CHQ
2019-04-04,MUMBAIFORTC ACFEESSRICRMEENAKSHIAM918TRANSFER24,0.0,3847.0,692020.38,TRANSFER
2019-04-04,MUMBAIFORTC ACFEESCRHAWIEEXIM969TRANSFER24,0.0,29866.0,721886.38,TRANSFER
2019-04-04,MUMBAIFORTC ACFEESCRAMMANFRUITS641TRANSFER27,0.0,8487.0,730373.38,TRANSFER
2019-04-04,TIRUMANGALAMBYCHQ TTTFRCRKISHOREMARKETING,0.0,2305.0,732678.38,CHQ
2019-04-04,MUMBAIFORTC ACFEESCRPONNUSUPER3108784TRANSFER28,0.0,3646.0,736324.38,TRANSFER
2019-04-04,MUMBAIFORTWITHDRAWALTRANSFERINVENTZLIFESCIENIDIBH19094328189CRTRANSFER24,53006.0,0.0,683318.38,TRANSFER
2019-04-04,SERVICEBRANCHCHENNAINOFEESCRKindlycontactDrawer DraweeBankandpleasepre,11021.0,0.0,672297.38,TRANSFER
2019-04-04,MUMBAIFORTC ACFEESKPNCRFARMFRESHP134TRANSFER21,0.0,50284.0,722581.38,TRANSFER
2019-04-05,MUMBAIFORTC ACFEESCRSARAVANAST3900282TRANSFER25,0.0,86532.0,809113.38,TRANSFER
2019-04-05,SERVICEBRANCHCHENNAICHEQUEDEPO00000366CRKARURVYSYABANKLTD0446CTSCLG000366CLG000366 KVB,0.0,9395.0,818508.38,CHQ
2019-04-05,SERVICEBRANCHCHENNAICHEQUEDEPO00000432CRKARURVYSYABANKLTD0446CTSCLG000432CLG000432 KVB,0.0,12411.0,830919.38,CHQ
2019-04-05,SERVICEBRANCHCHENNAICHEQUEDEPO00317449CRUCOBANK0446CTSCLG317449CLG317449 UCO,0.0,100000.0,930919.38,CHQ
2019-04-05,SERVICEBRANCHCHENNAICHEQUEDEPO00220625CRUTIBANKLTD0446CTSG,0.0,1680.0,932599.38,CHQ
2019-04-05,SERVICEBRANCHCHENNAICHEQUEDEPO00709651CRSYNDICATEBANK0446CTSG709651 SYB,0.0,2657.0,935256.38,CHQ
2019-04-05,SERVICEBRANCHCHENNAICHEQUEDEPO00000483CRUCOBANK0446CTSCLG000483CLG000483 UCO,0.0,3781.0,939037.38,CHQ
2019-04-05,SERVICEBRANCHCHENNAICHEQUEDEPO00175508CRTAMILNADMERCANTILEBANK0446CTSG175508 TMB,0.0,4717.0,943754.38,CHQ
2019-04-05,TIRUMANGALAMCASHDEPOSITCRDepositbySELF,0.0,135000.0,1078754.38,CASH
2019-04-05,SERVICEBRANCHCHENNAICHEQUEDEPO00035939CRCENTRALBANKOFINDIA0446CTSCLG035939CLG035939 CBI,0.0,9341.0,1088095.38,CHQ
2019-04-05,SERVICEBRANCHCHENNAICHEQUEDEPO00085876CRCANARABANK0446CTSG085876 CAB,0.0,306.0,1088401.38,CHQ
2019-04-05,SERVICEBRANCHCHENNAICHEQUEDEPO00004879CRANDHRABANK0446CTSCHQ004879,0.0,8145.0,1096546.38,CHQ
2019-04-05,SERVICEBRANCHCHENNAICHEQUEDEPO00164396CRUTIBANKLTD0446CTSG,0.0,1644.0,1098190.38,CHQ
2019-04-05,SERVICEBRANCHCHENNAICHEQUEDEPO00628908CRTAMILNADMERCANTILEBANK0446CTSG628908 TMB,0.0,2401.0,1100591.38,CHQ
2019-04-05,SERVICEBRANCHCHENNAICHEQUEDEPO00039769CRANDHRABANK0446CTSG039769 ANB,0.0,4349.0,1104940.38,CHQ
2019-04-05,SERVICEBRANCHCHENNAICHEQUEDEPO00368527CRCANARABANK0446CTSG368527 CAB,0.0,5264.0,1110204.38,CHQ
2019-04-05,SERVICEBRANCHCHENNAICHEQUEDEPO00501146CRINDIANOVERSEASBANK0446CTSG501146 IOB,0.0,2485.0,1112689.38,CHQ
2019-04-05,SERVICEBRANCHCHENNAICHEQUEDEPO00019119CRORIENTALBANKOFCOMMERCE0446CTSG019119 OBC,0.0,1456.0,1114145.38,CHQ
2019-04-05,SERVICEBRANCHCHENNAICHEQUEDEPO00219908CRFEDERALBANKLTD0446CTSG219908 FBI,0.0,6545.0,1120690.38,CHQ
2019-04-05,TIRUMANGALAMBYCHQ TTTFRCRkishoremarketing,0.0,5755.0,1126445.38,CHQ
2019-04-05,TIRUMANGALAMBYCHQ TTTFRCRkishoremarketing,0.0,4287.0,1130732.38,CHQ
2019-04-05,SERVICEBRANCHCHENNAICHEQUEDEPO00040551CRKARNATAKABANKLTD0446CTSCHQ040551,0.0,11021.0,1141753.38,OUTWARD-RETURN
2019-04-05,SERVICEBRANCHCHENNAINOFEESCRItemListedTwice,4349.0,0.0,1137404.38,TRANSFER
2019-04-05,SERVICEBRANCHCHENNAIOUTCHQRETCRAlterationrequiredrawerauthentication,11021.0,0.0,1126383.38,OUTWARD-RETURN
2019-04-05,SERVICEBRANCHCHENNAICHQDISHONOURCR,250.0,0.0,1126133.38,INWARD-CHARGES
2019-04-05,MUMBAIFORTWITHDRAWALTRANSFERMARSINTERNATIONAIDIBH19095424431CRTRANSFER24,500029.0,0.0,626104.38,TRANSFER
2019-04-05,MUMBAIFORTC ACFEESCRKARUVALURMARIA2182TRANSFER20,0.0,12279.0,638383.38,TRANSFER
2019-04-05,ATMSERVICEBYTRANSFERCRBRANCH IMPS 243 KSNSUPERMARKETTRANSFE461,0.0,2471.0,640854.38,IMPS
2019-04-06,SERVICEBRANCHCHENNAITOCLGCHQ00898718CRSECEDCWEST,23121.0,0.0,617733.38,CHQ
2019-04-06,SERVICEBRANCHCHENNAICHEQUEDEPO00683530CRSTATEBANKOFINDIA0446CTSG683530 SBI,0.0,1209.0,618942.38,OUTWARD-RETURN
2019-04-06,SERVICEBRANCHCHENNAICHEQUEDEPO00839486CRINDIANOVERSEASBANK0446CTSG839486 IOB,0.0,3910.0,622852.38,CHQ
2019-04-06,SERVICEBRANCHCHENNAICHEQUEDEPO00020087CRKARURVYSYABANKLTD0446CTSCLG020087CLG020087 KVB,0.0,2240.0,625092.38,CHQ
2019-04-06,SERVICEBRANCHCHENNAICHEQUEDEPO00317450CRUCOBANK0446CTSCLG317450CLG317450 UCO,0.0,97205.0,722297.38,CHQ
2019-04-06,SERVICEBRANCHCHENNAICHEQUEDEPO00000854CRICICIBANKINGCORPORATION0446CTSG,0.0,988.0,723285.38,CHQ
2019-04-06,MUMBAIFORTC ACFEESCRHECTORBEVER1054646TRANSFER21,0.0,15000.0,738285.38,TRANSFER
2019-04-06,MUMBAIFORTC ACFEESCRHECTORBEVER1054794TRANSFER26,0.0,14032.0,752317.38,TRANSFER
2019-04-06,SERVICEBRANCHCHENNAIOUTCHQRETCRFundsinsufficient,1209.0,0.0,751108.38,OUTWARD-RETURN
2019-04-06,SERVICEBRANCHCHENNAICHQDISHONOURCR,250.0,0.0,750858.38,INWARD-CHARGES
2019-04-06,MUMBAIFORTC ACFEESCRFRESHMART101DCTRANSFE120,0.0,12231.0,763089.38,TRANSFER
2019-04-08,TIRUMANGALAMBYCHQ TTTFRCRKISHOREMARKETING,0.0,5755.0,768844.38,CHQ
2019-04-08,TIRUMANGALAMBYCHQ TTTFRCRKISHOREMARKETING,0.0,7860.0,776704.38,CHQ
2019-04-08,MUMBAIFORTC ACFEESCRLIMRASENTE2140TRANSFE120,0.0,5214.0,781918.38,TRANSFER
2019-04-08,COREBANKINGWITHDRAWALTRANSFERTECHPROCESS768214261 BharatCRDATACENTREPetroleumCorporationTRANSFERTO,10008.26,0.0,771910.12,ONLINE-PAYMENT
2019-04-09,MUMBAIFORTC ACFEESCRMERCYSUPER606759TRANSFE128,0.0,1088.0,772998.12,TRANSFER
2019-04-09,MUMBAIFORTC ACFEESCRMERCYSUPER610650TRANSFE125,0.0,774.0,773772.12,TRANSFER
2019-04-09,TIRUMANGALAMCASHDEPOSITCRDepositbySELF,0.0,170000.0,943772.12,CASH
2019-04-09,MUMBAIFORTC ACFEESCRSANTHOSHSUPERM964TRANSFER29,0.0,6531.0,950303.12,TRANSFER
2019-04-09,TIRUMANGALAMBYCHQ TTTFRCRKISHOREMARKETING,0.0,5755.0,956058.12,CHQ
2019-04-09,MUMBAIFORTC ACFEESCRBANKOFBARODAFO377TRANSFER27,0.0,2160.0,958218.12,TRANSFER
2019-04-10,MUMBAIFORTWITHDRAWALTRANSFERCRSNJSugarsandp264TRANSFER24,99877.0,0.0,858341.12,TRANSFER
2019-04-10,MUMBAIFORTWITHDRAWALTRANSFERCRREDBULLINDIAP190TRANSFER24,200014.0,0.0,658327.12,TRANSFER
2019-04-10,TIRUMANGALAMCASHDEPOSITCRDepositbySELF,0.0,230000.0,888327.12,CASH
2019-04-10,TIRUMANGALAMBYCHQ TTTFRCRKISHOREMARKETING,0.0,5749.0,894076.12,CHQ
2019-04-10,TIRUMANGALAMBYCHQ TTTFRCRKISHOREMARKETING,0.0,2865.0,896941.12,CHQ
2019-04-10,MUMBAIFORTC ACFEESCRPRAVEENAAGENCIE887TRANSFER28,0.0,11070.0,908011.12,TRANSFER
2019-04-10,SERVICEBRANCHCHENNAICHEQUEDEPO00405488CRCANARABANK0446CTSG405488 CAB,0.0,1071.0,909082.12,CHQ
2019-04-10,SERVICEBRANCHCHENNAICHEQUEDEPO00001081CR2400446CTSG,0.0,12000.0,921082.12,CHQ
2019-04-10,SERVICEBRANCHCHENNAICHEQUEDEPO00079423CRUTIBANKLTD0446CTSG,0.0,3693.0,924775.12,CHQ
2019-04-10,SERVICEBRANCHCHENNAICHEQUEDEPO00963327CRVYSYABANKLTD0446CTSG963327 ING,0.0,1160.0,925935.12,CHQ
2019-04-10,SERVICEBRANCHCHENNAICHEQUEDEPO00003471CRKARURVYSYABANKLTD0446CTSCLG003471CLG003471 KVB,0.0,4189.0,930124.12,CHQ
2019-04-10,SERVICEBRANCHCHENNAICHEQUEDEPO00795293CRCORPORATIONBANK0446CTSG,0.0,17600.0,947724.12,CHQ
2019-04-10,SERVICEBRANCHCHENNAICHEQUEDEPO00000126CRKARURVYSYABANKLTD0446CTSCLG000126CLG000126 KVB,0.0,1000.0,948724.12,CHQ
2019-04-10,SERVICEBRANCHCHENNAICHEQUEDEPO00001030CRICICIBANKINGCORPORATION0446CTSG,0.0,1736.0,950460.12,CHQ
2019-04-10,SERVICEBRANCHCHENNAICHEQUEDEPO00292756CRUTIBANKLTD0446CTSG,0.0,1125.0,951585.12,CHQ
2019-04-10,SERVICEBRANCHCHENNAICHEQUEDEPO00854067CRSTATEBANKOFINDIA0446CTSG854067 SBI,0.0,9897.0,961482.12,CHQ
2019-04-10,SERVICEBRANCHCHENNAICHEQUEDEPO00020870CRANDHRABANK0446CTSG020870 ANB,0.0,5725.0,967207.12,CHQ
2019-04-10,SERVICEBRANCHCHENNAICHEQUEDEPO00002692CR2400446CTSG,0.0,3521.0,970728.12,CHQ
2019-04-10,SERVICEBRANCHCHENNAICHEQUEDEPO00010847CRICICIBANKINGCORPORATION0446CTSG,0.0,19616.0,990344.12,CHQ
2019-04-10,SERVICEBRANCHCHENNAICHEQUEDEPO00932659CRUNITEDBANKOFINDIA0446CTSCHQ932659,0.0,10766.0,1001110.12,CHQ
2019-04-10,SERVICEBRANCHCHENNAICHEQUEDEPO00789171CRCANARABANK0446CTSG789171 CAB,0.0,759.0,1001869.12,CHQ
2019-04-10,SERVICEBRANCHCHENNAICHEQUEDEPO00029082CRPUNJABNATIONALBANK0446CTSG029082 PNB,0.0,2826.0,1004695.12,CHQ
2019-04-10,SERVICEBRANCHCHENNAICHEQUEDEPO00685479CRINDIANOVERSEASBANK0446CTSG685479 IOB,0.0,1536.0,1006231.12,CHQ
2019-04-10,SERVICEBRANCHCHENNAICHEQUEDEPO00005237CRSOUTHINDIANBANKLTD0446CTSCLG005237CLG005237 SIB,0.0,7333.0,1013564.12,CHQ
2019-04-10,SERVICEBRANCHCHENNAICHEQUEDEPO00839487CRINDIANOVERSEASBANK0446CTSCHQ839487,0.0,9951.0,1023515.12,CHQ
2019-04-10,SERVICEBRANCHCHENNAICHEQUEDEPO00005265CRSOUTHINDIANBANKLTD0446CTSCLG005265CLG005265 SIB,0.0,6584.0,1030099.12,CHQ
2019-04-10,SERVICEBRANCHCHENNAICHEQUEDEPO00000545CR7560446CTSG,0.0,14172.0,1044271.12,CHQ
2019-04-10,SERVICEBRANCHCHENNAICHEQUEDEPO00005080CR0110446CTSG005080 ANB,0.0,972.0,1045243.12,CHQ
2019-04-10,CASHDEPCRCHRGSOTHER,100.0,0.0,1045143.12,DEPOSIT-CHARGES
2019-04-11,TIRUMANGALAMCASHDEPOSITCRDepositbySELF,0.0,100000.0,1145143.12,CASH
2019-04-11,ATMSERVICEBYTRANSFERCRBRANCH IMPS 994 opentxn859109byJAYAPATRANSFE461,0.0,5427.0,1150570.12,IMPS
2019-04-11,TIRUMANGALAMBYCHQ TTTFRCRkishoremarketing,0.0,2100.0,1152670.12,CHQ
2019-04-11,TIRUMANGALAMBYCHQ TTTFRCRkishoremarketing,0.0,813.0,1153483.12,CHQ
2019-04-11,MUMBAIFORTWITHDRAWALTRANSFERMARSINTERNATIONAIDIBH19101280882CRTRANSFER24,500029.0,0.0,653454.12,TRANSFER
2019-04-11,SERVICEBRANCHCHENNAICHEQUEDEPO00002918CR4850446CTSG002918 KMB,0.0,5855.0,659309.12,CHQ
2019-04-11,SERVICEBRANCHCHENNAICHEQUEDEPO00002878CR2400446CTSG,0.0,5244.0,664553.12,CHQ
2019-04-11,SERVICEBRANCHCHENNAICHEQUEDEPO00000014CR7510446CTSG000014 IDF,0.0,1000.0,665553.12,CHQ
2019-04-11,SERVICEBRANCHCHENNAICHEQUEDEPO00038583CRBANKOFINDIA0446CTSG038583 BOI,0.0,2177.0,667730.12,CHQ
2019-04-11,SERVICEBRANCHCHENNAICHEQUEDEPO00000300CR2400446CTSG,0.0,950.0,668680.12,CHQ
2019-04-11,SERVICEBRANCHCHENNAICHEQUEDEPO00020313CRKARURVYSYABANKLTD0446CTSCLG020313CLG020313 KVB,0.0,5124.0,673804.12,CHQ
2019-04-11,SERVICEBRANCHCHENNAICHEQUEDEPO00001826CRKARURVYSYABANKLTD0446CTSCLG001826CLG001826 KVB,0.0,7664.0,681468.12,CHQ
2019-04-11,SERVICEBRANCHCHENNAICHEQUEDEPO00622347CRTAMILNADMERCANTILEBANK0446CTSG622347 TMB,0.0,4914.0,686382.12,CHQ
2019-04-11,SERVICEBRANCHCHENNAICHEQUEDEPO00811726CRINDIANOVERSEASBANK0446CTSG811726 IOB,0.0,1832.0,688214.12,CHQ
2019-04-11,SERVICEBRANCHCHENNAICHEQUEDEPO00000278CR7510446CTSG000278 IDF,0.0,3460.0,691674.12,CHQ
2019-04-11,SERVICEBRANCHCHENNAICHEQUEDEPO00679324CRSTATEBANKOFINDIA0446CTSG679324 SBI,0.0,3900.0,695574.12,CHQ
2019-04-11,SERVICEBRANCHCHENNAICHEQUEDEPO00038631CRBANKOFINDIA0446CTSG038631 BOI,0.0,2219.0,697793.12,CHQ
2019-04-11,SERVICEBRANCHCHENNAICHEQUEDEPO00397304CRTAMILNADMERCANTILEBANK0446CTSG397304 TMB,0.0,8000.0,705793.12,OUTWARD-RETURN
2019-04-11,SERVICEBRANCHCHENNAICHEQUEDEPO00986370CRINDIANOVERSEASBANK0446CTSG986370 IOB,0.0,8517.0,714310.12,CHQ
2019-04-11,SERVICEBRANCHCHENNAICHEQUEDEPO00200631CRTAMILNADMERCANTILEBANK0446CTSG200631 TMB,0.0,3019.0,717329.12,OUTWARD-RETURN
2019-04-11,SERVICEBRANCHCHENNAIOUTCHQRETCRDrawersignaturerequired,3019.0,0.0,714310.12,OUTWARD-RETURN
2019-04-11,SERVICEBRANCHCHENNAICHQDISHONOURCR,250.0,0.0,714060.12,INWARD-CHARGES
2019-04-11,SERVICEBRANCHCHENNAIOUTCHQRETCRExceedsarrangement,8000.0,0.0,706060.12,OUTWARD-RETURN
2019-04-11,SERVICEBRANCHCHENNAICHQDISHONOURCR,250.0,0.0,705810.12,INWARD-CHARGES
2019-04-12,MUMBAIFORTC ACFEESCRSANTHOSHSUPERS368TRANSFER20,0.0,1958.0,707768.12,TRANSFER
2019-04-12,MUMBAIFORTC ACFEESCRSANTHOSHSUPERS591TRANSFER21,0.0,49674.0,757442.12,TRANSFER
2019-04-12,MUMBAIFORTWITHDRAWALTRANSFERMARSINTERNATIONAIDIBH19102321578CRTRANSFER24,500029.0,0.0,257413.12,TRANSFER
2019-04-12,MUMBAIFORTC ACFEESCRVIKPRIHOME11DCTRANSFE124,0.0,8228.0,265641.12,TRANSFER
2019-04-12,TIRUMANGALAMCASHDEPOSITCRDepositbySELF,0.0,350000.0,615641.12,CASH
2019-04-12,SERVICEBRANCHCHENNAICHEQUEDEPO00038630CRBANKOFINDIA0446CTSG038630 BOI,0.0,4054.0,619695.12,CHQ
2019-04-12,SERVICEBRANCHCHENNAICHEQUEDEPO00287078CRUTIBANKLTD0446CTSG,0.0,5979.0,625674.12,CHQ
2019-04-12,SERVICEBRANCHCHENNAICHEQUEDEPO00801171CRVIJAYABANK0446CTSG801171 VJB,0.0,1684.0,627358.12,CHQ
2019-04-12,SERVICEBRANCHCHENNAICHEQUEDEPO00000003CRUCOBANK0446CTSCLG000003CLG000003 UCO,0.0,1200.0,628558.12,CHQ
2019-04-12,SERVICEBRANCHCHENNAICHEQUEDEPO00001991CRKARURVYSYABANKLTD0446CTSCLG001991CLG001991 KVB,0.0,3133.0,631691.12,CHQ
2019-04-12,SERVICEBRANCHCHENNAICHEQUEDEPO00001985CRKARURVYSYABANKLTD0446CTSCLG001985CLG001985 KVB,0.0,300.0,631991.12,CHQ
2019-04-12,SERVICEBRANCHCHENNAICHEQUEDEPO00606291CRPUNJABNATIONALBANK0446CTSG606291 PNB,0.0,20000.0,651991.12,CHQ
2019-04-12,SERVICEBRANCHCHENNAICHEQUEDEPO00506128CRCANARABANK0446CTSG506128 CAB,0.0,2873.0,654864.12,CHQ
2019-04-12,SERVICEBRANCHCHENNAICHEQUEDEPO00920365CRCANARABANK0446CTSG920365 CAB,0.0,909.0,655773.12,CHQ
2019-04-12,SERVICEBRANCHCHENNAICHEQUEDEPO00397305CRTAMILNADMERCANTILEBANK0446CTSG397305 TMB,0.0,8057.0,663830.12,CHQ
2019-04-12,SERVICEBRANCHCHENNAICHEQUEDEPO00974439CRUNITEDBANKOFINDIA0446CTSCLG974439CLG,0.0,1800.0,665630.12,CHQ
2019-04-12,SERVICEBRANCHCHENNAICHEQUEDEPO00001344CRKARURVYSYABANKLTD0446CTSCLG001344CLG001344 KVB,0.0,2865.0,668495.12,CHQ
2019-04-12,SERVICEBRANCHCHENNAICHEQUEDEPO00052826CRUTIBANKLTD0446CTSG,0.0,5000.0,673495.12,CHQ
2019-04-12,SERVICEBRANCHCHENNAICHEQUEDEPO00547355CRFEDERALBANKLTD0446CTSG547355 FBI,0.0,993.0,674488.12,CHQ
2019-04-12,SERVICEBRANCHCHENNAICHEQUEDEPO00183543CRTAMILNADMERCANTILEBANK0446CTSG183543 TMB,0.0,1200.0,675688.12,CHQ
2019-04-12,SERVICEBRANCHCHENNAICHEQUEDEPO00058875CR2400446CTSG,0.0,58885.0,734573.12,CHQ
2019-04-12,SERVICEBRANCHCHENNAICHEQUEDEPO00060315CR2400446CTSG,0.0,57234.0,791807.12,CHQ
2019-04-12,SERVICEBRANCHCHENNAICHEQUEDEPO00000169CRCITYUNIONBANKLTD0446CTSCLG000169CLG000169 CUB,0.0,3487.0,795294.12,CHQ
2019-04-12,SERVICEBRANCHCHENNAICHEQUEDEPO00932905CRUNITEDBANKOFINDIA0446CTSCLG932905CLG,0.0,9711.0,805005.12,CHQ
2019-04-12,SERVICEBRANCHCHENNAICHEQUEDEPO00709813CRSYNDICATEBANK0446CTSG709813 SYB,0.0,2685.0,807690.12,CHQ
2019-04-12,MUMBAIFORTWITHDRAWALTRANSFERINBISCOCRINDIAPV083TRANSFER24,186014.0,0.0,621676.12,TRANSFER
2019-04-12,MUMBAIFORTC ACFEESCRCHENNAIC1236598TRANSFER28,0.0,4558.0,626234.12,TRANSFER
2019-04-12,CASHDEPCRCHRGSOTHER,150.0,0.0,626084.12,DEPOSIT-CHARGES
2019-04-15,SERVICEBRANCHCHENNAICHEQUEDEPO00288646CRUTIBANKLTD0446CTSG,0.0,10000.0,636084.12,CHQ
2019-04-15,SERVICEBRANCHCHENNAICHEQUEDEPO00715477CR2340446CTSG,0.0,1947.0,638031.12,CHQ
2019-04-15,SERVICEBRANCHCHENNAICHEQUEDEPO00021155CRUTIBANKLTD0446CTSG,0.0,11846.0,649877.12,CHQ
2019-04-15,SERVICEBRANCHCHENNAICHEQUEDEPO00042878CRCENTRALBANKOFINDIA0446CTSCLG042878CLG042878 CBI,0.0,1448.0,651325.12,CHQ
2019-04-15,SERVICEBRANCHCHENNAICHEQUEDEPO00193179CRCANARABANK0446CTSG193179 CAB,0.0,1250.0,652575.12,CHQ
2019-04-15,SERVICEBRANCHCHENNAICHEQUEDEPO00021026CRANDHRABANK0446CTSG021026 ANB,0.0,3081.0,655656.12,CHQ
2019-04-15,SERVICEBRANCHCHENNAICHEQUEDEPO00883983CRTAMILNADUSTATEAPEXCOO0446CTSG,0.0,881.0,656537.12,CHQ
2019-04-15,SERVICEBRANCHCHENNAICHEQUEDEPO00295410CRUTIBANKLTD0446CTSG,0.0,972.0,657509.12,OUTWARD-RETURN
2019-04-15,SERVICEBRANCHCHENNAICHEQUEDEPO00606292CRPUNJABNATIONALBANK0446CTSG606292 PNB,0.0,19875.0,677384.12,OUTWARD-RETURN
2019-04-15,TIRUMANGALAMBYCHQ TTTFRCRKISHOREMARKETING,0.0,1112.0,678496.12,CHQ
2019-04-15,TIRUMANGALAMBYCHQ TTTFRCRKISHOREMARKETINGS,0.0,6004.0,684500.12,CHQ
2019-04-15,MUMBAIFORTWITHDRAWALTRANSFERHECTORBEVERAGESPIDIBH19105407320CRTRANSFER24,250029.0,0.0,434471.12,TRANSFER
2019-04-15,MUMBAIFORTC ACFEESCRPONNUSUPER2000953TRANSFER29,0.0,1951.0,436422.12,TRANSFER
2019-04-15,SERVICEBRANCHCHENNAIOUTCHQRETCRFundsinsufficient,19875.0,0.0,416547.12,OUTWARD-RETURN
2019-04-15,SERVICEBRANCHCHENNAICHQDISHONOURCR,250.0,0.0,416297.12,INWARD-CHARGES
2019-04-15,SERVICEBRANCHCHENNAIOUTCHQRETCRFundsinsufficient,972.0,0.0,415325.12,OUTWARD-RETURN
2019-04-15,SERVICEBRANCHCHENNAICHQDISHONOURCR,250.0,0.0,415075.12,INWARD-CHARGES
2019-04-15,MUMBAIFORTC ACFEESCRLIMRASENTE4957TRANSFE123,0.0,11613.0,426688.12,TRANSFER
2019-04-16,TIRUMANGALAMBYCHQ TTTFRCRKISHOREMARKETINGS,0.0,8007.0,434695.12,CHQ
2019-04-16,TIRUMANGALAMBYCHQ TTTFRCRKISHOREMARKETING,0.0,5638.0,440333.12,CHQ
2019-04-16,TIRUMANGALAMCASHDEPOSITCRDepositbySELF,0.0,120000.0,560333.12,CASH
2019-04-16,MUMBAIFORTC ACFEESCRSANTHOSHSUPERM931TRANSFER28,0.0,2506.0,562839.12,TRANSFER
2019-04-16,MUMBAIFORTC ACFEESCRSANTHOSHSUPERM462TRANSFER23,0.0,4063.0,566902.12,TRANSFER
2019-04-16,MUMBAIFORTC ACFEESCRSANTHOSHSUPERM531TRANSFER24,0.0,6223.0,573125.12,TRANSFER
2019-04-16,MUMBAIFORTC ACFEESCRANNAISUPERMAR2410TRANSFER24,0.0,7514.0,580639.12,TRANSFER
2019-04-16,SERVICEBRANCHCHENNAICHEQUEDEPO00176345CR2590446CTSG,0.0,5968.0,586607.12,CHQ
2019-04-16,SERVICEBRANCHCHENNAICHEQUEDEPO00447639CR,0.0,7074.0,593681.12,CHQ
2019-04-16,SERVICEBRANCHCHENNAICHEQUEDEPO00001945CR2400446CTSG,0.0,37113.0,630794.12,CHQ
2019-04-16,SERVICEBRANCHCHENNAICHEQUEDEPO00000266CR7560446CTSG,0.0,1295.0,632089.12,CHQ
2019-04-16,SERVICEBRANCHCHENNAICHEQUEDEPO00001082CR2400446CTSG,0.0,12616.0,644705.12,CHQ
2019-04-16,SERVICEBRANCHCHENNAICHEQUEDEPO00219833CRFEDERALBANKLTD0446CTSG219833 FBI,0.0,3473.0,648178.12,CHQ
2019-04-16,SERVICEBRANCHCHENNAICHEQUEDEPO00002777CRICICIBANKINGCORPORATION0446CTSG,0.0,4230.0,652408.12,CHQ
2019-04-16,SERVICEBRANCHCHENNAICHEQUEDEPO00074526CRUTIBANKLTD0446CTSG,0.0,2000.0,654408.12,CHQ
2019-04-16,SERVICEBRANCHCHENNAICHEQUEDEPO00003205CRKARURVYSYABANKLTD0446CTSCLG003205CLG003205 KVB,0.0,18385.0,672793.12,CHQ
2019-04-16,SERVICEBRANCHCHENNAICHEQUEDEPO00000049CR2400446CTSG,0.0,2109.0,674902.12,CHQ
2019-04-16,MUMBAIFORTC ACFEESKPNCRFARMFRESHP826TRANSFER29,0.0,16487.0,691389.12,TRANSFER
2019-04-17,MUMBAIFORTC ACFEESCRMERCYSUPER255782TRANSFE121,0.0,593.0,691982.12,TRANSFER
2019-04-17,MUMBAIFORTC ACFEESCRMERCYSUPER256755TRANSFE121,0.0,553.0,692535.12,TRANSFER
2019-04-17,MUMBAIFORTC ACFEESCRMCRENNETTF3805634TRANSFER29,0.0,3173.0,695708.12,TRANSFER
2019-04-17,SERVICEBRANCHCHENNAICHEQUEDEPO00042736CRCENTRALBANKOFINDIA,0.0,3297.0,699005.12,CHQ
2019-04-17,SERVICEBRANCHCHENNAICHEQUEDEPO00040027CRANDHRABANK0446CTSG040027 ANB,0.0,7888.0,706893.12,CHQ
2019-04-17,SERVICEBRANCHCHENNAICHEQUEDEPO00741186CRPUNJABNATIONALBANK0446CTSG741186 PNB,0.0,2535.0,709428.12,OUTWARD-RETURN
2019-04-17,SERVICEBRANCHCHENNAICHEQUEDEPO00815453CRTAMILNADMERCANTILEBANK0446CTSG815453 TMB,0.0,4791.0,714219.12,CHQ
2019-04-17,SERVICEBRANCHCHENNAICHEQUEDEPO00170476CR2590446CTSG,0.0,726.0,714945.12,CHQ
2019-04-17,SERVICEBRANCHCHENNAICHEQUEDEPO00016657CRSOUTHINDIANBANKLTD0446CTSCLG016657CLG016657 SIB,0.0,8542.0,723487.12,CHQ
2019-04-17,SERVICEBRANCHCHENNAICHEQUEDEPO00000048CRANDHRABANK0446CTSG000048 ANB,0.0,1512.0,724999.12,OUTWARD-RETURN
2019-04-17,SERVICEBRANCHCHENNAICHEQUEDEPO00264098CRSYNDICATEBANK0446CTSG264098 SYB,0.0,1308.0,726307.12,CHQ
2019-04-17,SERVICEBRANCHCHENNAICHEQUEDEPO00074614CRUTIBANKLTD0446CTSG,0.0,1143.0,727450.12,CHQ
2019-04-17,MUMBAIFORTWITHDRAWALTRANSFERINBISCOCRINDIAPV778TRANSFER24,84006.0,0.0,643444.12,TRANSFER
2019-04-17,SERVICEBRANCHCHENNAIOUTCHQRETCRExceedsarrangement,2535.0,0.0,640909.12,OUTWARD-RETURN
2019-04-17,SERVICEBRANCHCHENNAICHQDISHONOURCR,250.0,0.0,640659.12,INWARD-CHARGES
2019-04-17,SERVICEBRANCHCHENNAIOUTCHQRETCRFundsinsufficient,1512.0,0.0,639147.12,OUTWARD-RETURN
2019-04-17,SERVICEBRANCHCHENNAICHQDISHONOURCR,250.0,0.0,638897.12,INWARD-CHARGES
2019-04-18,MUMBAIFORTC ACFEESCRVIKPRIHOME61DCTRANSFE129,0.0,13962.0,652859.12,TRANSFER
2019-04-20,MUMBAIFORTC ACFEESCRCHENNAIC5214794TRANSFER23,0.0,5446.0,658305.12,TRANSFER
2019-04-20,MUMBAIFORTC ACFEESCRSANTHOSHSUPERM972TRANSFER28,0.0,535.0,658840.12,TRANSFER
2019-04-20,TIRUMANGALAMCASHDEPOSITCRDepositbySELF,0.0,325000.0,983840.12,CASH
2019-04-20,TIRUMANGALAMBYCHQ TTTFRCRKISHOREMARKETING,0.0,2319.0,986159.12,CHQ
2019-04-20,MUMBAIFORTC ACFEESCRLIMRASENTE1050TRANSFE129,0.0,6211.0,992370.12,TRANSFER
2019-04-20,MUMBAIFORTC ACFEESCRELLIOTFOODS997TRANSFER20,0.0,2273.0,994643.12,TRANSFER
2019-04-20,CASHDEPCRCHRGSOTHER,125.0,0.0,994518.12,DEPOSIT-CHARGES
2019-04-22,COREBANKINGWITHDRAWALTRANSFERTECHPROCESS780943594 BharatCRDATACENTREPetroleumCorporationTRANSFERTO,10008.26,0.0,984509.86,ONLINE-PAYMENT
2019-04-22,MUMBAIFORTWITHDRAWALTRANSFERINVENTZLIFESCIENIDIBH19112220717CRTRANSFER24,127694.0,0.0,856815.86,TRANSFER
2019-04-22,TIRUMANGALAMCASHDEPOSITCRDepositbySELF,0.0,80000.0,936815.86,CASH
2019-04-22,MUMBAIFORTC ACFEESCRAMMANFRUITS717TRANSFER21,0.0,6124.0,942939.86,TRANSFER
2019-04-22,SERVICEBRANCHCHENNAICHEQUEDEPO00005123CRANDHRABANK0446CTSCHQ00512,0.0,15273.0,958212.86,CHQ
2019-04-22,SERVICEBRANCHCHENNAICHEQUEDEPO00233756CRUTIBANKLTD0446CTSG,0.0,4273.0,962485.86,CHQ
2019-04-22,SERVICEBRANCHCHENNAICHEQUEDEPO00001128CRBANKOFBARODA0446CTSCLG001128CLG001128 BOB,0.0,1648.0,964133.86,CHQ
2019-04-22,SERVICEBRANCHCHENNAICHEQUEDEPO00000014CR4850446CTSG000014 KMB,0.0,578.0,964711.86,CHQ
2019-04-22,SERVICEBRANCHCHENNAICHEQUEDEPO00040028CRANDHRABANK0446CTSG040028 ANB,0.0,7979.0,972690.86,CHQ
2019-04-22,SERVICEBRANCHCHENNAICHEQUEDEPO00909222CRINDIANOVERSEASBANK0446CTSG909222 IOB,0.0,1819.0,974509.86,CHQ
2019-04-22,SERVICEBRANCHCHENNAICHEQUEDEPO00000522CRKARURVYSYABANKLTD0446CTSCLG000522CLG000522 KVB,0.0,6928.0,981437.86,CHQ
2019-04-22,SERVICEBRANCHCHENNAICHEQUEDEPO00002171CRKARURVYSYABANKLTD0446CTSCLG002171CLG002171 KVB,0.0,600.0,982037.86,CHQ
2019-04-22,SERVICEBRANCHCHENNAICHEQUEDEPO00227440CRUTIBANKLTD0446CTSG,0.0,19933.0,1001970.86,CHQ
2019-04-22,SERVICEBRANCHCHENNAICHEQUEDEPO00021101CRANDHRABANK0446CTSG021101 ANB,0.0,2655.0,1004625.86,CHQ
2019-04-22,SERVICEBRANCHCHENNAICHEQUEDEPO00348822CRFEDERALBANKLTD0446CTSG348822 FBI,0.0,2030.0,1006655.86,CHQ
2019-04-22,MUMBAIFORTC ACFEESCRLIMRASENTE3328TRANSFE121,0.0,8033.0,1014688.86,TRANSFER
2019-04-22,SERVICEBRANCHCHENNAICHEQUEDEPO00000119CR7500446CTSGAN,0.0,3800.0,1018488.86,CHQ
2019-04-22,SERVICEBRANCHCHENNAICHEQUEDEPO00040029CRANDHRABANK0446CTSG040029 ANB,0.0,7640.0,1026128.86,CHQ
2019-04-22,SERVICEBRANCHCHENNAICHEQUEDEPO00074626CRUTIBANKLTD0446CTSG,0.0,1890.0,1028018.86,CHQ
2019-04-22,SERVICEBRANCHCHENNAICHEQUEDEPO00040102CRANDHRABANK0446CTSG040102 ANB,0.0,4401.0,1032419.86,CHQ
2019-04-22,SERVICEBRANCHCHENNAICHEQUEDEPO00001819CR2400446CTSG,0.0,9676.0,1042095.86,CHQ
2019-04-22,SERVICEBRANCHCHENNAICHEQUEDEPO00000657CR2400446CTSG,0.0,4238.0,1046333.86,CHQ
2019-04-22,SERVICEBRANCHCHENNAICHEQUEDEPO00849692CRTAMILNADUSTATEAPEXCOO0446CTSG,0.0,1338.0,1047671.86,CHQ
2019-04-22,SERVICEBRANCHCHENNAICHEQUEDEPO00176344CR2590446CTSG,0.0,2192.0,1049863.86,CHQ
2019-04-22,SERVICEBRANCHCHENNAICHEQUEDEPO00038739CRCENTRALBANKOFINDIA0446CTSCLG038739CLG038739 CBI,0.0,3571.0,1053434.86,CHQ
2019-04-22,SERVICEBRANCHCHENNAICHEQUEDEPO00009986CRSYNDICATEBANK0446CTSG009986 SYB,0.0,4483.0,1057917.86,CHQ
2019-04-22,SERVICEBRANCHCHENNAICHEQUEDEPO00176347CR2590446CTSG,0.0,1769.0,1059686.86,CHQ
2019-04-22,SERVICEBRANCHCHENNAICHEQUEDEPO00016658CRSOUTHINDIANBANKLTD0446CTSCLG016658CLG016658 SIB,0.0,9361.0,1069047.86,CHQ
2019-04-22,MUMBAIFORTWITHDRAWALTRANSFERTKarthikaIDIBH19112256058CRTRANSFER24,23006.0,0.0,1046041.86,TRANSFER
2019-04-22,MUMBAIFORTC ACFEESCRANNANAGARSUPE8660TRANSFER27,0.0,20000.0,1066041.86,TRANSFER
2019-04-22,SERVICEBRANCHCHENNAINOFEESCR,4401.0,0.0,1061640.86,TRANSFER
2019-04-23,MUMBAIFORTWITHDRAWALTRANSFERMARSINTERNATIONAIDIBH19113265452CRTRANSFER24,1000029.0,0.0,61611.86,TRANSFER
2019-04-23,SERVICEBRANCHCHENNAICHEQUEDEPO00290382CRTAMILNADMERCANTILEBANK0446CTSG290382 TMB,0.0,2621.0,64232.86,CHQ
2019-04-23,SERVICEBRANCHCHENNAICHEQUEDEPO00001776CR2400446CTSG,0.0,1800.0,66032.86,CHQ
2019-04-23,SERVICEBRANCHCHENNAICHEQUEDEPO00933051CRUNITEDBANKOFINDIA0446CTSCLG933051CLG,0.0,1795.0,67827.86,CHQ
2019-04-23,SERVICEBRANCHCHENNAICHEQUEDEPO00009969CRSYNDICATEBANK0446CTSG009969 SYB,0.0,5168.0,72995.86,CHQ
2019-04-23,SERVICEBRANCHCHENNAICHEQUEDEPO00006522CRICICIBANKINGCORPORATION0446CTSG,0.0,9842.0,82837.86,CHQ
2019-04-23,SERVICEBRANCHCHENNAICHEQUEDEPO00131468CRALLAHABADBANK0446CTSG131468 ALB,0.0,6234.0,89071.86,OUTWARD-RETURN
2019-04-23,SERVICEBRANCHCHENNAICHEQUEDEPO00040233CRANDHRABANK0446CTSG040233 ANB,0.0,7193.0,96264.86,CHQ
2019-04-23,SERVICEBRANCHCHENNAICHEQUEDEPO00921998CRINDIANOVERSEASBANK0446CTSG921998 IOB,0.0,1261.0,97525.86,CHQ
2019-04-23,SERVICEBRANCHCHENNAICHEQUEDEPO00003647CRKARURVYSYABANKLTD0446CTSCLG003647CLG003647 KVB,0.0,6930.0,104455.86,CHQ
2019-04-23,SERVICEBRANCHCHENNAICHEQUEDEPO00000601CRKARURVYSYABANKLTD0446CTSCLG000601CLG000601 KVB,0.0,7380.0,111835.86,CHQ
2019-04-23,SERVICEBRANCHCHENNAICHEQUEDEPO00921956CRINDIANOVERSEASBANK0446CTSG921956 IOB,0.0,6589.0,118424.86,CHQ
2019-04-23,SERVICEBRANCHCHENNAICHEQUEDEPO00178003CRTAMILNADMERCANTILEBANK0446CTSG178003 TMB,0.0,3208.0,121632.86,CHQ
2019-04-23,SERVICEBRANCHCHENNAICHEQUEDEPO00021023CRANDHRABANK0446CTSG021023 ANB,0.0,19677.0,141309.86,CHQ
2019-04-23,SERVICEBRANCHCHENNAICHEQUEDEPO00176346CR2590446CTSG,0.0,7600.0,148909.86,CHQ
2019-04-23,TIRUMANGALAMCASHDEPOSITCRDepositbySELF,0.0,110000.0,258909.86,CASH
2019-04-23,MUMBAIFORTC ACFEESCRSANTHOSHSUPERM711TRANSFER21,0.0,517.0,259426.86,TRANSFER
2019-04-23,SERVICEBRANCHCHENNAIOUTCHQRETCRExceedsarrangement,6234.0,0.0,253192.86,OUTWARD-RETURN
2019-04-23,SERVICEBRANCHCHENNAICHQDISHONOURCR,250.0,0.0,252942.86,INWARD-CHARGES
2019-04-24,TIRUMANGALAMBYCHQ TTTFRCRkishoremarketing,0.0,7617.0,260559.86,CHQ
2019-04-24,TIRUMANGALAMBYCHQ TTTFRCRkishoremarketing,0.0,26849.0,287408.86,CHQ
2019-04-24,TIRUMANGALAMCASHDEPOSITCRDepositbySELF,0.0,135000.0,422408.86,CASH
2019-04-24,MUMBAIFORTWITHDRAWALTRANSFERMARSINTERNATIONAIDIBH19114330975CRTRANSFER24,298556.0,0.0,123852.86,TRANSFER
2019-04-24,MUMBAIFORTC ACFEESCRSANTHOSHSUPERM703TRANSFER29,0.0,1552.0,125404.86,TRANSFER
2019-04-24,MUMBAIFORTC ACFEESCRAROCKIYASATRANSFE125,0.0,10000.0,135404.86,TRANSFER
2019-04-24,MUMBAIFORTC ACFEESSRICRMEENAKSHIAM461TRANSFER26,0.0,2464.0,137868.86,TRANSFER
2019-04-24,MUMBAIFORTC ACFEESKPNCRFARMFRESHP170TRANSFER23,0.0,17559.0,155427.86,TRANSFER
2019-04-25,MUMBAIFORTC ACFEESCRAMMANFRUITS658TRANSFER26,0.0,8662.0,164089.86,TRANSFER
2019-04-25,SERVICEBRANCHCHENNAICHEQUEDEPO00000442CRICICIBANKINGCORPORATION0446CTSG,0.0,1379.0,165468.86,CHQ
2019-04-25,SERVICEBRANCHCHENNAICHEQUEDEPO00000237CRKARURVYSYABANKLTD0446CTSCLG000237CLG000237 KVB,0.0,805.0,166273.86,CHQ
2019-04-25,SERVICEBRANCHCHENNAICHEQUEDEPO00289906CRUTIBANKLTD0446CTSG,0.0,17275.0,183548.86,CHQ
2019-04-25,SERVICEBRANCHCHENNAICHEQUEDEPO00002932CR2400446CTSG,0.0,3193.0,186741.86,CHQ
2019-04-25,SERVICEBRANCHCHENNAICHEQUEDEPO00001361CRKARURVYSYABANKLTD0446CTSCLG001361CLG001361 KVB,0.0,1680.0,188421.86,CHQ
2019-04-25,SERVICEBRANCHCHENNAICHEQUEDEPO00004088CR2400446CTSG,0.0,18196.0,206617.86,CHQ
2019-04-25,SERVICEBRANCHCHENNAICHEQUEDEPO00292790CRUTIBANKLTD0446CTSG,0.0,4060.0,210677.86,CHQ
2019-04-25,SERVICEBRANCHCHENNAICHEQUEDEPO00040262CRANDHRABANK0446CTSG040262 ANB,0.0,11341.0,222018.86,CHQ
2019-04-25,SERVICEBRANCHCHENNAICHEQUEDEPO00828769CRINDIANOVERSEASBANK0446CTSG828769 IOB,0.0,15133.0,237151.86,CHQ
2019-04-25,SERVICEBRANCHCHENNAICHEQUEDEPO00039448CRBANKOFINDIA0446CTSG039448 BOI,0.0,3979.0,241130.86,CHQ
2019-04-25,SERVICEBRANCHCHENNAICHEQUEDEPO00578056CR2590446CTSG,0.0,3133.0,244263.86,CHQ
2019-04-25,SERVICEBRANCHCHENNAICHEQUEDEPO00886281CRINDIANOVERSEASBANK0446CTSG886281 IOB,0.0,564.0,244827.86,CHQ
2019-04-25,SERVICEBRANCHCHENNAICHEQUEDEPO00860238CRCANARABANK0446CTSG860238 CAB,0.0,617.0,245444.86,CHQ
2019-04-25,TIRUMANGALAMBYCHQ TTTFRCRKISHOREMARKETING,0.0,8206.0,253650.86,CHQ
2019-04-25,TIRUMANGALAMCASHDEPOSITCRDepositbySELF,0.0,500000.0,753650.86,CASH
2019-04-25,MUMBAIFORTWITHDRAWALTRANSFERCRREDBULLINDIAP530TRANSFER24,200014.0,0.0,553636.86,TRANSFER
2019-04-25,MUMBAIFORTWITHDRAWALTRANSFERHECTORBEVERAGESPIDIBH19115412855CRTRANSFER24,250029.0,0.0,303607.86,TRANSFER
2019-04-25,CASHDEPCRCHRGSOTHER,300.0,0.0,303307.86,DEPOSIT-CHARGES
2019-04-26,SERVICEBRANCHCHENNAICHEQUEDEPO00339872CRPUNJABNATIONALBANK0446CTSG339872 PNB,0.0,2150.0,305457.86,CHQ
2019-04-26,SERVICEBRANCHCHENNAICHEQUEDEPO00001877CR2400446CTSG,0.0,3960.0,309417.86,CHQ
2019-04-26,SERVICEBRANCHCHENNAICHEQUEDEPO00922283CRINDIANOVERSEASBANK0446CTSG922283 IOB,0.0,15353.0,324770.86,CHQ
2019-04-26,SERVICEBRANCHCHENNAICHEQUEDEPO00003561CRANDHRABANK0446CTSG003561 ANB,0.0,11071.0,335841.86,CHQ
2019-04-26,SERVICEBRANCHCHENNAICHEQUEDEPO00209009CRFEDERALBANKLTD0446CTSG209009 FBI,0.0,9778.0,345619.86,CHQ
2019-04-26,SERVICEBRANCHCHENNAICHEQUEDEPO00002105CRKARURVYSYABANKLTD0446CTSCLG002105CLG002105 KVB,0.0,892.0,346511.86,CHQ
2019-04-26,SERVICEBRANCHCHENNAICHEQUEDEPO00441834CR2590446CTSG,0.0,2766.0,349277.86,OUTWARD-RETURN
2019-04-26,SERVICEBRANCHCHENNAICHEQUEDEPO00001992CRKARURVYSYABANKLTD0446CTSCLG001992CLG001992 KVB,0.0,3691.0,352968.86,CHQ
2019-04-26,SERVICEBRANCHCHENNAICHEQUEDEPO00002021CRANDHRABANK0446CTSG002021 ANB,0.0,2549.0,355517.86,CHQ
2019-04-26,SERVICEBRANCHCHENNAICHEQUEDEPO00386632CRSTATEBANKOFINDIA0446CTSG386632 SBI,0.0,1807.0,357324.86,CHQ
2019-04-26,SERVICEBRANCHCHENNAICHEQUEDEPO00005038CRANDHRABANK0446CTSCHQ005038,0.0,6824.0,364148.86,CHQ
2019-04-26,SERVICEBRANCHCHENNAICHEQUEDEPO00397304CRTAMILNADMERCANTILEBANK0446CTSG397304 TMB,0.0,8000.0,372148.86,CHQ
2019-04-26,SERVICEBRANCHCHENNAICHEQUEDEPO00001360CRKARURVYSYABANKLTD0446CTSCLG001360CLG001360 KVB,0.0,2016.0,374164.86,CHQ
2019-04-26,TIRUMANGALAMBYCHQ TTTFRCRkishoremarketing,0.0,7322.0,381486.86,CHQ
2019-04-26,TIRUMANGALAMBYCHQ TTTFRCRkishoremarketing,0.0,2324.0,383810.86,CHQ
2019-04-26,MUMBAIFORTC ACFEESCRCHENNAIC9815854TRANSFER21,0.0,6839.0,390649.86,TRANSFER
2019-04-26,SERVICEBRANCHCHENNAIOUTCHQRETCRFundsinsufficient,2766.0,0.0,387883.86,OUTWARD-RETURN
2019-04-26,SERVICEBRANCHCHENNAICHQDISHONOURCR,250.0,0.0,387633.86,INWARD-CHARGES
2019-04-26,MUMBAIFORTC ACFEESSRICRMEENAKSHIAM457TRANSFER21,0.0,3221.0,390854.86,TRANSFER
2019-04-29,SERVICEBRANCHCHENNAICHEQUEDEPO00000508CRUCOBANK0446CTSCLG000508CLG000508 UCO,0.0,6481.0,397335.86,CHQ
2019-04-29,SERVICEBRANCHCHENNAICHEQUEDEPO00021562CRUTIBANKLTD0446CTSG,0.0,6374.0,403709.86,CHQ
2019-04-29,SERVICEBRANCHCHENNAICHEQUEDEPO00516111CRSTATEBANKOFINDIA0446CTSG516111 SBI,0.0,1291.0,405000.86,CHQ
2019-04-29,SERVICEBRANCHCHENNAICHEQUEDEPO00815477CRTAMILNADMERCANTILEBANK0446CTSG815477 TMB,0.0,1652.0,406652.86,CHQ
2019-04-29,SERVICEBRANCHCHENNAICHEQUEDEPO00002259CRANDHRABANK0446CTSG002259 ANB,0.0,11113.0,417765.86,CHQ
2019-04-29,SERVICEBRANCHCHENNAICHEQUEDEPO00000463CRUCOBANK0446CTSCLG000463CLG000463 UCO,0.0,3241.0,421006.86,CHQ
2019-04-29,SERVICEBRANCHCHENNAICHEQUEDEPO00631059CRTAMILNADMERCANTILEBANK0446CTSG631059 TMB,0.0,9985.0,430991.86,CHQ
2019-04-29,SERVICEBRANCHCHENNAICHEQUEDEPO00000360CRCITYUNIONBANKLTD0446CTSCLG000360CLG000360 CUB,0.0,680.0,431671.86,CHQ
2019-04-29,TIRUMANGALAMCASHDEPOSITCRDepositbySELF,0.0,1200000.0,1631671.86,CASH
2019-04-29,SERVICEBRANCHCHENNAICHEQUEDEPO00000634CRKARURVYSYABANKLTD0446CTSCLG000634CLG000634 KVB,0.0,10160.0,1641831.86,CHQ
2019-04-29,SERVICEBRANCHCHENNAICHEQUEDEPO00836119CRINDIANOVERSEASBANK0446CTSCHQ836119,0.0,1501.0,1643332.86,CHQ
2019-04-29,MUMBAIFORTC ACFEESCRBANKOFBARODAFO844TRANSFER27,0.0,10309.0,1653641.86,TRANSFER
2019-04-29,MUMBAIFORTC ACFEESCRKARUVALURMARIA8170TRANSFER27,0.0,15092.0,1668733.86,TRANSFER
2019-04-29,MUMBAIFORTC ACFEESCRKALIGAMBALFRUI9848TRANSFER26,0.0,15698.0,1684431.86,TRANSFER
2019-04-29,CASHDEPCRCHRGSOTHER,1000.0,0.0,1683431.86,DEPOSIT-CHARGES
2019-04-30,TIRUMANGALAMCASHDEPOSITCRDepositbySELF,0.0,200000.0,1883431.86,CASH
2019-04-30,MUMBAIFORTC ACFEESCRSANTHOSHSUPERM760TRANSFER20,0.0,8306.0,1891737.86,TRANSFER
2019-04-30,MUMBAIFORTC ACFEESCRSANTHOSHSUPERM453TRANSFER29,0.0,2414.0,1894151.86,TRANSFER
2019-04-30,MUMBAIFORTC ACFEESCRSANTHOSHSUPERM158TRANSFER29,0.0,53098.0,1947249.86,TRANSFER
2019-04-30,MUMBAIFORTC ACFEESCRSANTHOSHSUPERM707TRANSFER28,0.0,11314.0,1958563.86,TRANSFER
2019-04-30,MUMBAIFORTC ACFEESCRSANTHOSHSUPERM713TRANSFER27,0.0,9633.0,1968196.86,TRANSFER
2019-04-30,MUMBAIFORTWITHDRAWALTRANSFERINBISCOCRINDIAPV784TRANSFER24,360029.0,0.0,1608167.86,TRANSFER
2019-04-30,MUMBAIFORTWITHDRAWALTRANSFERHECTORBEVERAGESPIDIBH19120165208CRTRANSFER24,100006.0,0.0,1508161.86,TRANSFER
2019-04-30,SERVICEBRANCHCHENNAICHEQUEDEPO00004777CRSOUTHINDIANBANKLTD0446CTSCLG004777CLG004777 SIB,0.0,3416.0,1511577.86,CHQ
2019-04-30,SERVICEBRANCHCHENNAICHEQUEDEPO00006523CRICICIBANKINGCORPORATION0446CTSG,0.0,10153.0,1521730.86,CHQ
2019-04-30,SERVICEBRANCHCHENNAICHEQUEDEPO00974441CRUNITEDBANKOFINDIA0446CTSCLG974441CLG,0.0,1054.0,1522784.86,CHQ
2019-04-30,SERVICEBRANCHCHENNAICHEQUEDEPO00785180CRSTATEBANKOFINDIA0446CTSG785180 SBI,0.0,2970.0,1525754.86,CHQ
2019-04-30,SERVICEBRANCHCHENNAICHEQUEDEPO00005750CRKARURVYSYABANKLTD0446CTSCLG005750CLG005750 KVB,0.0,1097.0,1526851.86,CHQ
2019-04-30,SERVICEBRANCHCHENNAICHEQUEDEPO00061588CR2400446CTSG,0.0,116232.0,1643083.86,CHQ
2019-04-30,SERVICEBRANCHCHENNAICHEQUEDEPO00004776CRSOUTHINDIANBANKLTD0446CTSCLG004776CLG004776 SIB,0.0,10000.0,1653083.86,CHQ
2019-04-30,SERVICEBRANCHCHENNAICHEQUEDEPO00021284CRUNITEDBANKOFINDIA0446CTSCLG021284CLG,0.0,15594.0,1668677.86,CHQ
2019-04-30,SERVICEBRANCHCHENNAICHEQUEDEPO00196799CRTAMILNADMERCANTILEBANK0446CTSG196799 TMB,0.0,1268.0,1669945.86,CHQ
2019-04-30,SERVICEBRANCHCHENNAICHEQUEDEPO00021220CRUNITEDBANKOFINDIA0446CTSCLG021220CLG,0.0,3448.0,1673393.86,CHQ
2019-04-30,MUMBAIFORTC ACFEESCRLIMRASENTE4897TRANSFE123,0.0,8489.0,1681882.86,TRANSFER
2019-04-30,SERVICEBRANCHCHENNAICHEQUEDEPO00009666CR4850446CTSG009666 KMB,0.0,3835.0,1685717.86,CHQ
2019-04-30,MUMBAIFORTC ACFEESKPNCRFARMFRESHP867TRANSFER26,0.0,27093.0,1712810.86,TRANSFER
2019-04-30,TIRUMANGALAMBYCHQ TTTFRCRKISHOREMARKETING,0.0,42144.0,1754954.86,CHQ
2019-04-30,MUMBAIFORTC ACFEESCRMCRENNETTF2913464TRANSFER21,0.0,912.0,1755866.86,TRANSFER
2019-05-01,SERVICEBRANCHCHENNAIECSMANDATECRDEBITRANSFERTO,285177.0,0.0,1470689.86,EMI-DEBIT
2019-05-01,MUMBAIFORTC ACFEESCRMERCYSUPER120423TRANSFE123,0.0,695.0,1471384.86,TRANSFER
2019-05-02,TIRUMANGALAMCASHDEPOSITCRDepositbySELF,0.0,180000.0,1651384.86,CASH
2019-05-02,MUMBAIFORTC ACFEESCRELLIOTFOODS485TRANSFER25,0.0,960.0,1652344.86,TRANSFER
2019-05-02,TIRUMANGALAMBYCHQ TTTFRCRKISHOREMARKETING,0.0,51720.0,1704064.86,CHQ
2019-05-02,MUMBAIFORTC ACFEESCRLIMRASENTE9608TRANSFE121,0.0,1807.0,1705871.86,TRANSFER
2019-05-02,MUMBAIFORTC ACFEESCRANNACHIENTE5140457TRANSFER23,0.0,3608.0,1709479.86,TRANSFER
2019-05-02,COREBANKINGWITHDRAWALTRANSFERCRDATACENTREGSTPAYBTRANSFERTO,1000.0,0.0,1708479.86,GST
2019-05-02,COREBANKINGWITHDRAWALTRANSFERCRDATACENTREGSTPAYBTRANSFERTO,72446.0,0.0,1636033.86,GST
2019-05-02,COREBANKINGWITHDRAWALTRANSFERCRDATACENTREGSTPAYATRANSFERTO,76344.0,0.0,1559689.86,GST
2019-05-02,MUMBAIFORTC ACFEESCRCHENNAIC5352973TRANSFER25,0.0,6795.0,1566484.86,TRANSFER
2019-05-03,ATMSERVICEBYTRANSFERCRBRANCH IMPS 204 opentxn969840byJAYAPATRANSFE461,0.0,6624.0,1573108.86,IMPS
2019-05-03,TIRUMANGALAMCASHDEPOSITCRDepositbySELF,0.0,120000.0,1693108.86,CASH
2019-05-03,SERVICEBRANCHCHENNAICHEQUEDEPO00079473CRUTIBANKLTD0446CTSG,0.0,11257.0,1704365.86,CHQ
2019-05-03,SERVICEBRANCHCHENNAICHEQUEDEPO00000687CRKARURVYSYABANKLTD0446CTSCLG000687CLG000687 KVB,0.0,10550.0,1714915.86,CHQ
2019-05-03,SERVICEBRANCHCHENNAICHEQUEDEPO00224570CRSTATEBANKOFINDIA0446CTSG224570 SBI,0.0,9933.0,1724848.86,CHQ
2019-05-03,SERVICEBRANCHCHENNAICHEQUEDEPO00003799CRUTIBANKLTD0446CTSG,0.0,1658.0,1726506.86,CHQ
2019-05-03,SERVICEBRANCHCHENNAICHEQUEDEPO00004111CRUTIBANKLTD0446CTSG,0.0,5300.0,1731806.86,CHQ
2019-05-03,SERVICEBRANCHCHENNAICHEQUEDEPO00064285CRDENABANK0446CTSG064285 DEB,0.0,2250.0,1734056.86,CHQ
2019-05-03,SERVICEBRANCHCHENNAICHEQUEDEPO00000714CRKARURVYSYABANKLTD0446CTSCLG000714CLG000714 KVB,0.0,3328.0,1737384.86,CHQ
2019-05-03,SERVICEBRANCHCHENNAICHEQUEDEPO00002143CRKARURVYSYABANKLTD,0.0,1109.0,1738493.86,CHQ
2019-05-03,TIRUMANGALAMBYCHQ TTTFRCRKISHOREMARKETING,0.0,4000.0,1742493.86,CHQ
2019-05-03,SERVICEBRANCHCHENNAICHEQUEDEPO00000258CRKARURVYSYABANKLTD0446CTSCLG000258CLG000258 KVB,0.0,1366.0,1743859.86,OUTWARD-RETURN
2019-05-03,SERVICEBRANCHCHENNAICHEQUEDEPO00001657CR2400446CTSG,0.0,3026.0,1746885.86,CHQ
2019-05-03,SERVICEBRANCHCHENNAICHEQUEDEPO00001573CRKARURVYSYABANKLTD0446CTSCLG001573CLG001573 KVB,0.0,27600.0,1774485.86,CHQ
2019-05-03,SERVICEBRANCHCHENNAICHEQUEDEPO00000861CRCITYUNIONBANKLTD0446CTSCLG000861CLG000861 CUB,0.0,11070.0,1785555.86,CHQ
2019-05-03,SERVICEBRANCHCHENNAICHEQUEDEPO00308880CRUTIBANKLTD0446CTSG,0.0,956.0,1786511.86,CHQ
2019-05-03,SERVICEBRANCHCHENNAICHEQUEDEPO00000176CRINDIANOVERSEASBANK0446CTSG000176 IOB,0.0,882.0,1787393.86,CHQ
2019-05-03,SERVICEBRANCHCHENNAICHEQUEDEPO00002261CRANDHRABANK0446CTSG002261 ANB,0.0,9907.0,1797300.86,OUTWARD-RETURN
2019-05-03,SERVICEBRANCHCHENNAICHEQUEDEPO00836179CRINDIANOVERSEASBANK0446CTSG836179 IOB,0.0,2818.0,1800118.86,CHQ
2019-05-03,SERVICEBRANCHCHENNAICHEQUEDEPO00000277CRKARURVYSYABANKLTD0446CTSCLG000277CLG000277 KVB,0.0,51139.0,1851257.86,CHQ
2019-05-03,SERVICEBRANCHCHENNAICHEQUEDEPO00077202CRSTATEBANKOFINDIA0446CTSG077202 SBI,0.0,7600.0,1858857.86,CHQ
2019-05-03,SERVICEBRANCHCHENNAICHEQUEDEPO00292691CRUTIBANKLTD0446CTSG,0.0,2160.0,1861017.86,CHQ
2019-05-03,SERVICEBRANCHCHENNAIOUTCHQRETCRFundsinsufficient,1366.0,0.0,1859651.86,OUTWARD-RETURN
2019-05-03,SERVICEBRANCHCHENNAICHQDISHONOURCR,250.0,0.0,1859401.86,INWARD-CHARGES
2019-05-03,SERVICEBRANCHCHENNAIOUTCHQRETCRFundsinsufficient,9907.0,0.0,1849494.86,OUTWARD-RETURN
2019-05-03,SERVICEBRANCHCHENNAICHQDISHONOURCR,250.0,0.0,1849244.86,INWARD-CHARGES
2019-05-03,MUMBAIFORTC ACFEESSRICRMEENAKSHIAM664TRANSFER24,0.0,10699.0,1859943.86,TRANSFER
2019-05-03,MUMBAIFORTC ACFEESCRANNAISUPERMAR9690TRANSFER25,0.0,4234.0,1864177.86,TRANSFER
2019-05-03,MUMBAIFORTC ACFEESKPNCRFARMFRESHP148TRANSFER26,0.0,15166.0,1879343.86,TRANSFER
2019-05-04,STERLINGROADCHEQUEWDL00898719CRIBEASCHOOL,1000.0,0.0,1878343.86,CHQ
2019-05-04,SERVICEBRANCHCHENNAICHEQUEDEPO00002306CRKARURVYSYABANKLTD0446CTSCLG002306CLG002306 KVB,0.0,6312.0,1884655.86,CHQ
2019-05-04,SERVICEBRANCHCHENNAICHEQUEDEPO00180188CRTAMILNADMERCANTILEBANK0446CTSG180188 TMB,0.0,10999.0,1895654.86,CHQ
2019-05-04,SERVICEBRANCHCHENNAICHEQUEDEPO00021285CRUNITEDBANKOFINDIA0446CTSCLG021285CLG,0.0,6474.0,1902128.86,CHQ
2019-05-04,MUMBAIFORTC ACFEESCRVIKPRIHOME31DCTRANSFE127,0.0,6741.0,1908869.86,TRANSFER
2019-05-06,SERVICEBRANCHCHENNAICHEQUEDEPO00102293CRCANARABANK0446CTSG102293 CAB,0.0,1869.0,1910738.86,CHQ
2019-05-06,SERVICEBRANCHCHENNAICHEQUEDEPO00000019CR2400446CTSG,0.0,927.0,1911665.86,CHQ
2019-05-06,SERVICEBRANCHCHENNAICHEQUEDEPO00006097CRCITYUNIONBANKLTD0446CTSCLG006097CLG006097 CUB,0.0,5212.0,1916877.86,CHQ
2019-05-06,SERVICEBRANCHCHENNAICHEQUEDEPO00006859CRCITYUNIONBANKLTD0446CTSCLG006859CLG006859 CUB,0.0,3064.0,1919941.86,CHQ
2019-05-06,SERVICEBRANCHCHENNAICHEQUEDEPO00233294CRUTIBANKLTD0446CTSG,0.0,1016.0,1920957.86,CHQ
2019-05-06,SERVICEBRANCHCHENNAICHEQUEDEPO00192968CRCANARABANK0446CTSG192968 CAB,0.0,5269.0,1926226.86,CHQ
2019-05-06,SERVICEBRANCHCHENNAICHEQUEDEPO00631234CRINDIANOVERSEASBANK0446CTSCHQ631234,0.0,2300.0,1928526.86,CHQ
2019-05-06,SERVICEBRANCHCHENNAICHEQUEDEPO00039497CRBANKOFINDIA0446CTSG039497 BOI,0.0,4730.0,1933256.86,CHQ
2019-05-06,SERVICEBRANCHCHENNAICHEQUEDEPO00040501CRANDHRABANK0446CTSG040501 ANB,0.0,3115.0,1936371.86,CHQ
2019-05-06,SERVICEBRANCHCHENNAICHEQUEDEPO00291074CRUTIBANKLTD0446CTSG,0.0,960.0,1937331.86,CHQ
2019-05-06,SERVICEBRANCHCHENNAIECSMANDATECRDEBITRANSFERTO,751166.0,0.0,1186165.86,EMI-DEBIT
2019-05-06,TIRUMANGALAMBYCHQ TTTFRCRKISHOREMARKETING,0.0,4541.0,1190706.86,CHQ
2019-05-06,TIRUMANGALAMBYCHQ TTTFRCRKISHOREMARKETING,0.0,1408.0,1192114.86,CHQ
2019-05-06,TIRUMANGALAMBYCHQ TTTFRCRKISHOREMARKETING,0.0,6222.0,1198336.86,CHQ
2019-05-06,TIRUMANGALAMBYCHQ TTTFRCRKISHOREMARKETING,0.0,6222.0,1204558.86,CHQ
2019-05-06,TIRUMANGALAMBYCHQ TTTFRCRKISHOREMARKETING,0.0,1062.0,1205620.86,CHQ
2019-05-06,MUMBAIFORTWITHDRAWALTRANSFERCRREDBULLINDIAP821TRANSFER24,200014.0,0.0,1005606.86,TRANSFER
2019-05-06,MUMBAIFORTC ACFEESCRVENKATESWARA92195TRANSFE124,0.0,4025.0,1009631.86,TRANSFER
2019-05-07,MUMBAIFORTC ACFEESCRDRUGSPARKPHAR3063TRANSFER23,0.0,2320.0,1011951.86,TRANSFER
2019-05-07,TIRUMANGALAMBYCHQ TTTFRCRKISHOREMARKETING,0.0,9117.0,1021068.86,CHQ
2019-05-07,TIRUMANGALAMBYCHQ TTTFRCRKISHOREMARKETING,0.0,1740.0,1022808.86,CHQ
2019-05-07,SERVICEBRANCHCHENNAICHEQUEDEPO00006848CRCITYUNIONBANKLTD0446CTSCLG006848CLG006848 CUB,0.0,952.0,1023760.86,CHQ
2019-05-07,SERVICEBRANCHCHENNAICHEQUEDEPO00017077CRSOUTHINDIANBANKLTD0446CTSCLG017077CLG017077 SIB,0.0,7057.0,1030817.86,CHQ
2019-05-07,SERVICEBRANCHCHENNAICHEQUEDEPO00196818CRTAMILNADMERCANTILEBANK0446CTSG196818 TMB,0.0,3019.0,1033836.86,CHQ
2019-05-07,SERVICEBRANCHCHENNAICHEQUEDEPO00002810CRICICIBANKINGCORPORATION0446CTSG,0.0,4735.0,1038571.86,CHQ
2019-05-07,SERVICEBRANCHCHENNAICHEQUEDEPO00650796CRSYNDICATEBANK0446CTSG650796 SYB,0.0,2027.0,1040598.86,CHQ
2019-05-07,SERVICEBRANCHCHENNAICHEQUEDEPO00204728CRTAMILNADMERCANTILEBANK0446CTSG204728 TMB,0.0,1689.0,1042287.86,CHQ
2019-05-07,SERVICEBRANCHCHENNAICHEQUEDEPO00088180CRTAMILNADMERCANTILEBANK0446CTSG088180 TMB,0.0,751.0,1043038.86,CHQ
2019-05-07,SERVICEBRANCHCHENNAICHEQUEDEPO00009700CR4850446CTSG009700 KMB,0.0,5817.0,1048855.86,CHQ
2019-05-07,SERVICEBRANCHCHENNAICHEQUEDEPO00181453CRSYNDICATEBANK0446CTSG181453 SYB,0.0,3164.0,1052019.86,CHQ
2019-05-07,SERVICEBRANCHCHENNAICHEQUEDEPO00617840CRCANARABANK0446CTSG617840 CAB,0.0,425.0,1052444.86,CHQ
2019-05-07,SERVICEBRANCHCHENNAICHEQUEDEPO00080285CRSYNDICATEBANK0446CTSG080285 SYB,0.0,2873.0,1055317.86,CHQ
2019-05-07,SERVICEBRANCHCHENNAICHEQUEDEPO00074643CRUTIBANKLTD0446CTSG,0.0,680.0,1055997.86,CHQ
2019-05-07,MUMBAIFORTC ACFEESCRSANTHOSHSUPERM351TRANSFER21,0.0,6133.0,1062130.86,TRANSFER
2019-05-07,SERVICEBRANCHCHENNAICHEQUEDEPO00021276CRANDHRABANK0446CTSG021276 ANB,0.0,4221.0,1066351.86,CHQ
2019-05-07,SERVICEBRANCHCHENNAICHEQUEDEPO00449009CRSYNDICATEBANK0446CTSG449009 SYB,0.0,6739.0,1073090.86,CHQ
2019-05-07,SERVICEBRANCHCHENNAICHEQUEDEPO00751301CRSYNDICATEBANK0446CTSG751301 SYB,0.0,637.0,1073727.86,CHQ
2019-05-07,MUMBAIFORTC ACFEESCRSANTHOSHSUPERM519TRANSFER23,0.0,13110.0,1086837.86,TRANSFER
2019-05-07,MUMBAIFORTC ACFEESCRSANTHOSHSUPERM598TRANSFER28,0.0,20498.0,1107335.86,TRANSFER
2019-05-07,MUMBAIFORTC ACFEESCRSANTHOSHSUPERM250TRANSFER27,0.0,5853.0,1113188.86,TRANSFER
2019-05-07,MUMBAIFORTC ACFEESCRHECTORBEVER3304088TRANSFER20,0.0,15000.0,1128188.86,TRANSFER
2019-05-07,MUMBAIFORTC ACFEESCRHECTORBEVER3304417TRANSFER29,0.0,14500.0,1142688.86,TRANSFER
2019-05-08,SERVICEBRANCHCHENNAICHEQUEDEPO00290104CRSTATEBANKOFINDIA0446CTSG290104 SBI,0.0,9744.0,1152432.86,CHQ
2019-05-08,SERVICEBRANCHCHENNAICHEQUEDEPO00003023CR4850446CTSG003023 KMB,0.0,1801.0,1154233.86,OUTWARD-RETURN
2019-05-08,SERVICEBRANCHCHENNAICHEQUEDEPO00715488CR2340446CTSG,0.0,1116.0,1155349.86,OUTWARD-RETURN
2019-05-08,SERVICEBRANCHCHENNAICHEQUEDEPO00003609CRKARURVYSYABANKLTD0446CTSCLG003609CLG003609 KVB,0.0,7940.0,1163289.86,CHQ
2019-05-08,SERVICEBRANCHCHENNAICHEQUEDEPO00662150CRSTATEBANKOFINDIA0446CTSG662150 SBI,0.0,1162.0,1164451.86,CHQ
2019-05-08,SERVICEBRANCHCHENNAICHEQUEDEPO00579931CRVIJAYABANK0446CTSG579931 VJB,0.0,1952.0,1166403.86,CHQ
2019-05-08,SERVICEBRANCHCHENNAICHEQUEDEPO00000049CRBANKOFBARODA0446CTSCLG000049CLG000049 BOB,0.0,3543.0,1169946.86,CHQ
2019-05-08,SERVICEBRANCHCHENNAICHEQUEDEPO00000088CR2400446CTSG,0.0,2389.0,1172335.86,CHQ
2019-05-08,SERVICEBRANCHCHENNAICHEQUEDEPO00011004CRICICIBANKINGCORPORATION0446CTSG,0.0,10207.0,1182542.86,CHQ
2019-05-08,MUMBAIFORTWITHDRAWALTRANSFERINBISCOCRINDIAPV752TRANSFER24,50006.0,0.0,1132536.86,TRANSFER
2019-05-08,SERVICEBRANCHCHENNAIOUTCHQRETCRFundsinsufficient,1801.0,0.0,1130735.86,OUTWARD-RETURN
2019-05-08,SERVICEBRANCHCHENNAICHQDISHONOURCR,250.0,0.0,1130485.86,INWARD-CHARGES
2019-05-08,SERVICEBRANCHCHENNAIOUTCHQRETCRFundsinsufficient,1116.0,0.0,1129369.86,OUTWARD-RETURN
2019-05-08,SERVICEBRANCHCHENNAICHQDISHONOURCR,250.0,0.0,1129119.86,INWARD-CHARGES
2019-05-08,MUMBAIFORTC ACFEESCRSANTHOSHSUPERM164TRANSFER28,0.0,13665.0,1142784.86,TRANSFER
2019-05-08,MUMBAIFORTC ACFEESCRSANTHOSHSUPERM255TRANSFER20,0.0,4600.0,1147384.86,TRANSFER
2019-05-08,MUMBAIFORTC ACFEESCRSANTHOSHSUPERM109TRANSFER26,0.0,1139.0,1148523.86,TRANSFER
2019-05-09,MUMBAIFORTC ACFEESSRICRFIRSTCAREP209TRANSFER28,0.0,547.0,1149070.86,TRANSFER
2019-05-09,TIRUMANGALAMBYCHQ TTTFRCRKISHOREMARKETING,0.0,1592.0,1150662.86,CHQ
2019-05-09,MUMBAIFORTC ACFEESCRSANTHOSHSUPERM839TRANSFER23,0.0,1589.0,1152251.86,TRANSFER
2019-05-09,MUMBAIFORTC ACFEESCRSANTHOSHSUPERM797TRANSFER25,0.0,3184.0,1155435.86,TRANSFER
2019-05-09,SERVICEBRANCHCHENNAICHEQUEDEPO00030298CRICICIBANKINGCORPORATION0446CTSCHQ030298,0.0,1766.0,1157201.86,CHQ
2019-05-09,SERVICEBRANCHCHENNAICHEQUEDEPO00002984CR2400446CTSG,0.0,1374.0,1158575.86,CHQ
2019-05-09,SERVICEBRANCHCHENNAICHEQUEDEPO00074687CRUTIBANKLTD0446CTSG,0.0,3746.0,1162321.86,CHQ
2019-05-09,SERVICEBRANCHCHENNAICHEQUEDEPO00290483CR2590446CTSG,0.0,708.0,1163029.86,CHQ
2019-05-09,SERVICEBRANCHCHENNAICHEQUEDEPO00021099CR0720446CTSG021099 DCB,0.0,10030.0,1173059.86,CHQ
2019-05-09,SERVICEBRANCHCHENNAICHEQUEDEPO00189723CRTAMILNADMERCANTILEBANK0446CTSG189723 TMB,0.0,3661.0,1176720.86,CHQ
2019-05-09,SERVICEBRANCHCHENNAICHEQUEDEPO00001119CR2400446CTSG,0.0,10000.0,1186720.86,CHQ
2019-05-09,SERVICEBRANCHCHENNAICHEQUEDEPO00000943CRCITYUNIONBANKLTD0446CTSCLG000943CLG000943 CUB,0.0,14260.0,1200980.86,CHQ
2019-05-09,SERVICEBRANCHCHENNAICHEQUEDEPO00000629CRUCOBANK0446CTSCLG000629CLG000629 UCO,0.0,848.0,1201828.86,CHQ
2019-05-09,MUMBAIFORTC ACFEESCRAMMANFRUITS186TRANSFER21,0.0,49356.0,1251184.86,TRANSFER
2019-05-10,SERVICEBRANCHCHENNAICHEQUEDEPO00040102CRANDHRABANK0446CTSG040102 ANB,0.0,4401.0,1255585.86,CHQ
2019-05-10,SERVICEBRANCHCHENNAICHEQUEDEPO00662161CRSTATEBANKOFINDIA0446CTSG662161 SBI,0.0,1972.0,1257557.86,CHQ
2019-05-10,SERVICEBRANCHCHENNAICHEQUEDEPO00453671CR2590446CTSG,0.0,3750.0,1261307.86,CHQ
2019-05-10,SERVICEBRANCHCHENNAICHEQUEDEPO00005112CRSOUTHINDIANBANKLTD0446CTSCLG005112CLG005112 SIB,0.0,1952.0,1263259.86,CHQ
2019-05-10,SERVICEBRANCHCHENNAICHEQUEDEPO00021100CR0720446CTSG021100 DCB,0.0,10029.0,1273288.86,CHQ
2019-05-10,SERVICEBRANCHCHENNAICHEQUEDEPO00105993CRBANKOFMAHARASHTRA0446CTSG105993 BOM,0.0,16331.0,1289619.86,CHQ
2019-05-10,SERVICEBRANCHCHENNAICHEQUEDEPO00000009CRUCOBANK0446CTSCLG000009CLG000009 UCO,0.0,91081.0,1380700.86,CHQ
2019-05-10,SERVICEBRANCHCHENNAICHEQUEDEPO00000591CRKARURVYSYABANKLTD0446CTSCLG000591CLG000591 KVB,0.0,14270.0,1394970.86,CHQ
2019-05-10,SERVICEBRANCHCHENNAICHEQUEDEPO00135830CRFEDERALBANKLTD0446CTSG135830 FBI,0.0,525.0,1395495.86,CHQ
2019-05-10,ATMSERVICEBYTRANSFERCRBRANCH IMPS 025 ASsupermarketredbullTRANSFE461,0.0,1894.0,1397389.86,IMPS
2019-05-10,MUMBAIFORTC ACFEESCRLIMRASENTE5140TRANSFE120,0.0,5860.0,1403249.86,TRANSFER
2019-05-10,MUMBAIFORTC ACFEESCRSANTHOSHSUPERM734TRANSFER24,0.0,8510.0,1411759.86,TRANSFER
2019-05-13,MUMBAIFORTC ACFEESCRPONNUSUPER3875962TRANSFER27,0.0,7606.0,1419365.86,TRANSFER
2019-05-13,SERVICEBRANCHCHENNAICHEQUEDEPO00062974CR2400446CTSG,0.0,46733.0,1466098.86,CHQ
2019-05-13,SERVICEBRANCHCHENNAICHEQUEDEPO00000940CRICICIBANKINGCORPORATION0446CTSG,0.0,3610.0,1469708.86,CHQ
2019-05-13,SERVICEBRANCHCHENNAICHEQUEDEPO00040696CRANDHRABANK0446CTSG040696 ANB,0.0,9725.0,1479433.86,CHQ
2019-05-13,SERVICEBRANCHCHENNAICHEQUEDEPO00267151CRSTATEBANKOFINDIA0446CTSG267151 SBI,0.0,38443.0,1517876.86,CHQ
2019-05-13,SERVICEBRANCHCHENNAICHEQUEDEPO00004675CRCITYUNIONBANKLTD0446CTSCLG004675CLG004675 CUB,0.0,3914.0,1521790.86,CHQ
2019-05-13,SERVICEBRANCHCHENNAICHEQUEDEPO00113834CRUTIBANKLTD0446CTSG,0.0,2900.0,1524690.86,CHQ
2019-05-13,SERVICEBRANCHCHENNAICHEQUEDEPO00000722CR7500446CTSGAN,0.0,7180.0,1531870.86,CHQ
2019-05-13,MUMBAIFORTC ACFEESCRVIKPRIHOME71DCTRANSFE129,0.0,5682.0,1537552.86,TRANSFER
2019-05-13,TIRUMANGALAMCASHDEPOSITCRDepositbySELF,0.0,400000.0,1937552.86,CASH
2019-05-13,TIRUMANGALAMBYCHQ TTTFRCRAYYANARSTYTOKISHOREMKTG,0.0,2000.0,1939552.86,CHQ
2019-05-13,TIRUMANGALAMBYCHQ TTTFRCRALICEFLYTOKISHOREMKTG,0.0,5344.0,1944896.86,CHQ
2019-05-13,TIRUMANGALAMBYCHQ TTTFRCRANNAITOKISHOREMKTG,0.0,3715.0,1948611.86,CHQ
2019-05-13,TIRUMANGALAMBYCHQ TTTFRCRVALUETOKISHOREMKTG,0.0,2331.0,1950942.86,CHQ
2019-05-13,MUMBAIFORTC ACFEESCRHAWIEEXIM620TRANSFER26,0.0,9955.0,1960897.86,TRANSFER
2019-05-13,SERVICEBRANCHCHENNAICHEQUEDEPO00000892CRICICIBANKINGCORPORATION0446CTSG,0.0,1776.0,1962673.86,CHQ
2019-05-13,SERVICEBRANCHCHENNAICHEQUEDEPO00210738CRINDIANOVERSEASBANK0446CTSG210738 IOB,0.0,4478.0,1967151.86,CHQ
2019-05-13,MUMBAIFORTWITHDRAWALTRANSFERINVENTZLIFESCIENIDIBH19133367268CRTRANSFER24,64006.0,0.0,1903145.86,TRANSFER
2019-05-13,MUMBAIFORTC ACFEESCRLIMRASENTE9506TRANSFE126,0.0,693.0,1903838.86,TRANSFER
2019-05-13,MUMBAIFORTC ACFEESCRLIMRASENTE0477TRANSFE125,0.0,11000.0,1914838.86,TRANSFER
2019-05-13,MUMBAIFORTWITHDRAWALTRANSFERCRSNJSugarsandp124TRANSFER24,104071.0,0.0,1810767.86,TRANSFER
2019-05-13,MUMBAIFORTC ACFEESCRSANTHOSHSUPERM877TRANSFER27,0.0,28166.0,1838933.86,TRANSFER
2019-05-13,MUMBAIFORTC ACFEESCRSANTHOSHSUPERM160TRANSFER20,0.0,5413.0,1844346.86,TRANSFER
2019-05-13,ATMSERVICEBYTRANSFERCRBRANCH IMPS 814 saravanafancyTRANSFE461,0.0,1976.0,1846322.86,IMPS
2019-05-13,CASHDEPCRCHRGSOTHER,200.0,0.0,1846122.86,DEPOSIT-CHARGES
2019-05-14,SERVICEBRANCHCHENNAIECSMANDATECRDEBITRANSFERTO,1330805.0,0.0,515317.86,EMI-DEBIT
2019-05-14,TIRUMANGALAMCASHDEPOSITCRDepositbySELF,0.0,180000.0,695317.86,CASH
2019-05-14,MUMBAIFORTC ACFEESCRSANTHOSHSUPERM281TRANSFER29,0.0,2914.0,698231.86,TRANSFER
2019-05-14,MUMBAIFORTC ACFEESCRSANTHOSHSUPERM348TRANSFER21,0.0,3149.0,701380.86,TRANSFER
2019-05-14,MUMBAIFORTC ACFEESCRSANTHOSHSUPERM445TRANSFER20,0.0,1035.0,702415.86,TRANSFER
2019-05-15,TIRUMANGALAMBYCHQ TTTFRCRAYYANARTOKISHOREMKTG,0.0,1807.0,704222.86,CHQ
2019-05-15,TIRUMANGALAMBYCHQ TTTFRCRALICETOKISHOREMKTG,0.0,9583.0,713805.86,CHQ
2019-05-15,MUMBAIFORTC ACFEESSRICRMEENAKSHIAM426TRANSFER21,0.0,4337.0,718142.86,TRANSFER
2019-05-15,SERVICEBRANCHCHENNAICHEQUEDEPO00809735CRTAMILNADMERCANTILEBANK0446CTSG809735 TMB,0.0,2687.0,720829.86,CHQ
2019-05-15,SERVICEBRANCHCHENNAICHEQUEDEPO00624359CRTAMILNADMERCANTILEBANK0446CTSG624359 TMB,0.0,3692.0,724521.86,CHQ
2019-05-15,SERVICEBRANCHCHENNAICHEQUEDEPO00923995CRSYNDICATEBANK0446CTSG923995 SYB,0.0,2481.0,727002.86,CHQ
2019-05-15,SERVICEBRANCHCHENNAICHEQUEDEPO00001120CR2400446CTSG,0.0,12713.0,739715.86,CHQ
2019-05-15,SERVICEBRANCHCHENNAICHEQUEDEPO00000723CR7500446CTSGAN,0.0,7192.0,746907.86,CHQ
2019-05-15,SERVICEBRANCHCHENNAICHEQUEDEPO00884000CRTAMILNADUSTATEAPEXCOO0446CTSG,0.0,847.0,747754.86,CHQ
2019-05-15,MUMBAIFORTC ACFEESCRAMMANFRUITS127TRANSFER28,0.0,12888.0,760642.86,TRANSFER
2019-05-15,ATMSERVICEBYTRANSFERCRBRANCH IMPS 708 opbyJAYAPTRANSFE461,0.0,5895.0,766537.86,IMPS
2019-05-16,TIRUMANGALAMBYCHQ TTTFRCRON5GREENTOKISHOREMKTG,0.0,3740.0,770277.86,CHQ
2019-05-16,SERVICEBRANCHCHENNAICHEQUEDEPO00106710CRUNIONBANKOFINDIA0446CTSG106710 UBI,0.0,4255.0,774532.86,CHQ
2019-05-16,SERVICEBRANCHCHENNAICHEQUEDEPO00021449CRANDHRABANK0446CTSG021449 ANB,0.0,2190.0,776722.86,CHQ
2019-05-16,SERVICEBRANCHCHENNAICHEQUEDEPO00001984CR,0.0,7725.0,784447.86,CHQ
2019-05-16,SERVICEBRANCHCHENNAICHEQUEDEPO00074685CRUTIBANKLTD0446CTSG,0.0,4842.0,789289.86,CHQ
2019-05-16,SERVICEBRANCHCHENNAICHEQUEDEPO00040570CRANDHRABANK0446CTSG040570 ANB,0.0,2742.0,792031.86,CHQ
2019-05-16,SERVICEBRANCHCHENNAICHEQUEDEPO00040437CRANDHRABANK0446CTSG040437 ANB,0.0,4221.0,796252.86,CHQ
2019-05-16,SERVICEBRANCHCHENNAICHEQUEDEPO00000581CRANDHRABANK0446CTSG000581 ANB,0.0,1077.0,797329.86,CHQ
2019-05-16,SERVICEBRANCHCHENNAICHEQUEDEPO00009740CR4850446CTSG009740 KMB,0.0,1518.0,798847.86,CHQ
2019-05-16,SERVICEBRANCHCHENNAICHEQUEDEPO00021529CRANDHRABANK,0.0,5044.0,803891.86,CHQ
2019-05-16,SERVICEBRANCHCHENNAICHEQUEDEPO00279225CRUTIBANKLTD0446CTSG,0.0,6471.0,810362.86,CHQ
2019-05-16,SERVICEBRANCHCHENNAICHEQUEDEPO00002148CRKARURVYSYABANKLTD0446CTSCLG002148CLG002148 KVB,0.0,2958.0,813320.86,CHQ
2019-05-16,SERVICEBRANCHCHENNAICHEQUEDEPO00606292CRPUNJABNATIONALBANK0446CTSG606292 PNB,0.0,19875.0,833195.86,CHQ
2019-05-16,SERVICEBRANCHCHENNAICHEQUEDEPO00921862CRINDIANOVERSEASBANK0446CTSG921862 IOB,0.0,5452.0,838647.86,CHQ
2019-05-16,SERVICEBRANCHCHENNAICHEQUEDEPO00170560CR2590446CTSG,0.0,379.0,839026.86,CHQ
2019-05-16,SERVICEBRANCHCHENNAICHEQUEDEPO00888326CRSYNDICATEBANK0446CTSG888326 SYB,0.0,555.0,839581.86,CHQ
2019-05-16,SERVICEBRANCHCHENNAICHEQUEDEPO00296591CR2590446CTSG,0.0,1456.0,841037.86,CHQ
2019-05-16,SERVICEBRANCHCHENNAICHEQUEDEPO00000549CRKARURVYSYABANKLTD0446CTSCLG000549CLG000549 KVB,0.0,34655.0,875692.86,CHQ
2019-05-16,SERVICEBRANCHCHENNAICHEQUEDEPO00000365CR7500446CTSGAN,0.0,3300.0,878992.86,OUTWARD-RETURN
2019-05-16,MUMBAIFORTC ACFEESCRLIMRASENTE6474TRANSFE121,0.0,3060.0,882052.86,TRANSFER
2019-05-16,SERVICEBRANCHCHENNAIOUTCHQRETCRExceedsarrangement,3300.0,0.0,878752.86,OUTWARD-RETURN
2019-05-16,SERVICEBRANCHCHENNAICHQDISHONOURCR,250.0,0.0,878502.86,INWARD-CHARGES
2019-05-16,MUMBAIFORTC ACFEESCRELLIOTFOODS251TRANSFER28,0.0,552.0,879054.86,TRANSFER
2019-05-16,MUMBAIFORTC ACFEESCRANNAISUPERMAR9443TRANSFER29,0.0,6386.0,885440.86,TRANSFER
2019-05-16,MUMBAIFORTC ACFEESCRMCRENNETTF7855456TRANSFER28,0.0,2329.0,887769.86,TRANSFER
2019-05-17,SERVICEBRANCHCHENNAICHEQUEDEPO00002092CR2400446CTSG,0.0,29860.0,917629.86,CHQ
2019-05-17,SERVICEBRANCHCHENNAICHEQUEDEPO00021491CRANDHRABANK0446CTSG021491 ANB,0.0,19606.0,937235.86,CHQ
2019-05-17,SERVICEBRANCHCHENNAICHEQUEDEPO00020278CRORIENTALBANKOFCOMMERCE0446CTSG020278 OBC,0.0,3152.0,940387.86,CHQ
2019-05-17,SERVICEBRANCHCHENNAICHEQUEDEPO00705566CRPUNJABNATIONALBANK0446CTSG705566 PNB,0.0,6418.0,946805.86,CHQ
2019-05-17,SERVICEBRANCHCHENNAICHEQUEDEPO00172432CRDENABANK0446CTSG172432 DEB,0.0,3223.0,950028.86,CHQ
2019-05-17,MUMBAIFORTC ACFEESCRANNANAGARSUPE9229TRANSFER21,0.0,20725.0,970753.86,TRANSFER
2019-05-17,MUMBAIFORTC ACFEESCRANNANAGARSUPE7676TRANSFER20,0.0,12185.0,982938.86,TRANSFER
2019-05-17,MUMBAIFORTC ACFEESCRSANTHOSHSUPERM477TRANSFER27,0.0,1935.0,984873.86,TRANSFER
2019-05-17,MUMBAIFORTC ACFEESCRBANKOFBARODAFO535TRANSFER29,0.0,4185.0,989058.86,TRANSFER
2019-05-17,MUMBAIFORTWITHDRAWALTRANSFERINBISCOCRINDIAPV018TRANSFER24,211029.0,0.0,778029.86,TRANSFER
2019-05-18,SERVICEBRANCHCHENNAICHEQUEDEPO00001137CR2400446CTSG,0.0,10417.0,788446.86,CHQ
2019-05-18,SERVICEBRANCHCHENNAICHEQUEDEPO00040697CRANDHRABANK0446CTSG040697 ANB,0.0,8473.0,796919.86,CHQ
2019-05-18,SERVICEBRANCHCHENNAICHEQUEDEPO00039570CRBANKOFINDIA0446CTSG039570 BOI,0.0,4910.0,801829.86,CHQ
2019-05-18,SERVICEBRANCHCHENNAICHEQUEDEPO00986420CRINDIANOVERSEASBANK0446CTSG986420 IOB,0.0,9034.0,810863.86,CHQ
2019-05-18,TIRUMANGALAMCASHDEPOSITCRDepositbySELF,0.0,280000.0,1090863.86,CASH
2019-05-18,CASHDEPCRCHRGSOTHER,100.0,0.0,1090763.86,DEPOSIT-CHARGES
2019-05-20,SERVICEBRANCHCHENNAICHEQUEDEPO00180204CRTAMILNADMERCANTILEBANK0446CTSG180204 TMB,0.0,4946.0,1095709.86,CHQ
2019-05-20,SERVICEBRANCHCHENNAICHEQUEDEPO00210532CRINDIANOVERSEASBANK0446CTSG210532 IOB,0.0,4654.0,1100363.86,CHQ
2019-05-20,SERVICEBRANCHCHENNAICHEQUEDEPO00000465CR2400446CTSG,0.0,564.0,1100927.86,CHQ
2019-05-20,SERVICEBRANCHCHENNAICHEQUEDEPO00001613CRKARURVYSYABANKLTD0446CTSCLG001613CLG001613 KVB,0.0,27601.0,1128528.86,CHQ
2019-05-20,SERVICEBRANCHCHENNAICHEQUEDEPO00290145CRSTATEBANKOFINDIA0446CTSG290145 SBI,0.0,3833.0,1132361.86,CHQ
2019-05-20,SERVICEBRANCHCHENNAICHEQUEDEPO00151828CRCANARABANK0446CTSG151828 CAB,0.0,6273.0,1138634.86,CHQ
2019-05-20,SERVICEBRANCHCHENNAICHEQUEDEPO00351044CRFEDERALBANKLTD0446CTSG351044 FBI,0.0,2529.0,1141163.86,CHQ
2019-05-20,SERVICEBRANCHCHENNAICHEQUEDEPO00827896CRTAMILNADMERCANTILEBANK0446CTSG827896 TMB,0.0,3941.0,1145104.86,CHQ
2019-05-20,SERVICEBRANCHCHENNAICHEQUEDEPO00001400CRKARURVYSYABANKLTD0446CTSCLG001400CLG001400 KVB,0.0,2866.0,1147970.86,CHQ
2019-05-20,SERVICEBRANCHCHENNAICHEQUEDEPO00074709CRUTIBANKLTD0446CTSG,0.0,1305.0,1149275.86,CHQ
2019-05-20,SERVICEBRANCHCHENNAICHEQUEDEPO00900062CRCANARABANK0446CTSG900062 CAB,0.0,2531.0,1151806.86,CHQ
2019-05-20,TIRUMANGALAMCASHDEPOSITCRDepositbySELF,0.0,450000.0,1601806.86,CASH
2019-05-20,CASHDEPCRCHRGSOTHER,250.0,0.0,1601556.86,DEPOSIT-CHARGES
2019-05-21,MUMBAIFORTC ACFEESCRDRUGSPARKPHAR6706TRANSFER21,0.0,1894.0,1603450.86,TRANSFER
2019-05-21,SERVICEBRANCHCHENNAICHEQUEDEPO00040854CRANDHRABANK0446CTSG040854 ANB,0.0,1933.0,1605383.86,CHQ
2019-05-21,SERVICEBRANCHCHENNAICHEQUEDEPO00002494CRKARURVYSYABANKLTD0446CTSCLG002494CLG002494 KVB,0.0,1388.0,1606771.86,CHQ
2019-05-21,SERVICEBRANCHCHENNAICHEQUEDEPO00001118CRICICIBANKINGCORPORATION0446CTSG,0.0,3457.0,1610228.86,CHQ
2019-05-21,SERVICEBRANCHCHENNAICHEQUEDEPO00001160CRICICIBANKINGCORPORATION0446CTSG,0.0,5425.0,1615653.86,CHQ
2019-05-21,SERVICEBRANCHCHENNAICHEQUEDEPO00639798CRTAMILNADMERCANTILEBANK0446CTSG639798 TMB,0.0,3405.0,1619058.86,CHQ
2019-05-21,SERVICEBRANCHCHENNAICHEQUEDEPO00005538CRANDHRABANK0446CTSG005538 ANB,0.0,3601.0,1622659.86,CHQ
2019-05-21,SERVICEBRANCHCHENNAICHEQUEDEPO00000039CR2400446CTSG,0.0,904.0,1623563.86,CHQ
2019-05-21,SERVICEBRANCHCHENNAICHEQUEDEPO00174728CRSTATEBANKOFINDIA0446CTSG174728 SBI,0.0,1405.0,1624968.86,CHQ
2019-05-21,SERVICEBRANCHCHENNAICHEQUEDEPO00000874CRCITYUNIONBANKLTD0446CTSCHQ000875,0.0,11071.0,1636039.86,CHQ
2019-05-21,TIRUMANGALAMCASHDEPOSITCRDepositbySELF,0.0,80000.0,1716039.86,CASH
2019-05-21,TIRUMANGALAMBYCHQ TTTFRCRALICEFLYTOKISHOREMKTG,0.0,2565.0,1718604.86,CHQ
2019-05-21,MUMBAIFORTWITHDRAWALTRANSFERCRREDBULLINDIAP706TRANSFER24,200014.0,0.0,1518590.86,TRANSFER
2019-05-21,MUMBAIFORTC ACFEESCRLIMRASENTE3378TRANSFE125,0.0,6554.0,1525144.86,TRANSFER
2019-05-22,MUMBAIFORTWITHDRAWALTRANSFERMARSINTERNATIONAIDIBH19142352332CRTRANSFER24,1000029.0,0.0,525115.86,TRANSFER
2019-05-22,MUMBAIFORTC ACFEESKPNCRFARMFRESHP493TRANSFER20,0.0,10419.0,535534.86,TRANSFER
2019-05-22,SERVICEBRANCHCHENNAICHEQUEDEPO00635522CRTAMILNADMERCANTILEBANK0446CTSG635522 TMB,0.0,18286.0,553820.86,CHQ
2019-05-22,SERVICEBRANCHCHENNAICHEQUEDEPO00000777CRKARURVYSYABANKLTD0446CTSCLG000777CLG000777 KVB,0.0,5805.0,559625.86,CHQ
2019-05-22,SERVICEBRANCHCHENNAICHEQUEDEPO00000854CRKARURVYSYABANKLTD0446CTSCLG000854CLG000854 KVB,0.0,7002.0,566627.86,CHQ
2019-05-22,SERVICEBRANCHCHENNAICHEQUEDEPO00079497CRUTIBANKLTD0446CTSG,0.0,4420.0,571047.86,CHQ
2019-05-22,SERVICEBRANCHCHENNAICHEQUEDEPO00003032CR2400446CTSG,0.0,8264.0,579311.86,CHQ
2019-05-22,SERVICEBRANCHCHENNAICHEQUEDEPO00004202CR2400446CTSG,0.0,27679.0,606990.86,CHQ
2019-05-22,SERVICEBRANCHCHENNAICHEQUEDEPO00003728CRKARURVYSYABANKLTD0446CTSCLG003728CLG003728 KVB,0.0,9208.0,616198.86,CHQ
2019-05-22,SERVICEBRANCHCHENNAICHEQUEDEPO00118234CRUTIBANKLTD0446CTSG,0.0,7703.0,623901.86,CHQ
2019-05-22,SERVICEBRANCHCHENNAICHEQUEDEPO00293264CRUTIBANKLTD0446CTSG,0.0,9000.0,632901.86,CHQ
2019-05-22,SERVICEBRANCHCHENNAICHEQUEDEPO00807987CRTAMILNADMERCANTILEBANK0446CTSG807987 TMB,0.0,8182.0,641083.86,CHQ
2019-05-23,MUMBAIFORTWITHDRAWALTRANSFERMARSINTERNATIONAIDIBH19143401905CRTRANSFER24,217795.0,0.0,423288.86,TRANSFER
2019-05-23,MUMBAIFORTC ACFEESCRBANKOFBARODAFO291TRANSFER20,0.0,7395.0,430683.86,TRANSFER
2019-05-23,MUMBAIFORTC ACFEESCRAMMANFRUITS984TRANSFER29,0.0,8452.0,439135.86,TRANSFER
2019-05-23,TIRUMANGALAMCASHDEPOSITCRDepositbySELF,0.0,50000.0,489135.86,CASH
2019-05-23,MUMBAIFORTC ACFEESCRSANTHOSHSUPERM547TRANSFER20,0.0,9200.0,498335.86,TRANSFER
2019-05-24,SERVICEBRANCHCHENNAITOCLGCHQ00898720CRSECEDCWEST,5014.0,0.0,493321.86,CHQ
2019-05-24,MUMBAIFORTC ACFEESSRICRFIRSTCAREP702TRANSFER28,0.0,547.0,493868.86,TRANSFER
2019-05-24,MUMBAIFORTC ACFEESCRELLIOTFOODS773TRANSFER26,0.0,1323.0,495191.86,TRANSFER
2019-05-24,TIRUMANGALAMCASHDEPOSITCRDepositbySELF,0.0,70000.0,565191.86,CASH
2019-05-24,SERVICEBRANCHCHENNAICHEQUEDEPO00006896CR2400446CTSG,0.0,2304.0,567495.86,CHQ
2019-05-24,SERVICEBRANCHCHENNAICHEQUEDEPO00000127CRCITYUNIONBANKLTD0446CTSCLG000127CLG000127 CUB,0.0,1447.0,568942.86,CHQ
2019-05-24,SERVICEBRANCHCHENNAICHEQUEDEPO00001139CR2400446CTSG,0.0,1440.0,570382.86,CHQ
2019-05-24,SERVICEBRANCHCHENNAICHEQUEDEPO00030330CRICICIBANKINGCORPORATION0446CTSG,0.0,1546.0,571928.86,CHQ
2019-05-24,SERVICEBRANCHCHENNAICHEQUEDEPO00000499CRICICIBANKINGCORPORATION0446CTSG,0.0,1642.0,573570.86,CHQ
2019-05-24,SERVICEBRANCHCHENNAICHEQUEDEPO00293265CRUTIBANKLTD0446CTSG,0.0,9911.0,583481.86,CHQ
2019-05-24,SERVICEBRANCHCHENNAICHEQUEDEPO00040826CRANDHRABANK0446CTSG040826 ANB,0.0,4419.0,587900.86,CHQ
2019-05-24,SERVICEBRANCHCHENNAICHEQUEDEPO00800886CRVIJAYABANK0446CTSG800886 VJB,0.0,1544.0,589444.86,CHQ
2019-05-24,SERVICEBRANCHCHENNAICHEQUEDEPO00023689CR2400446CTSG,0.0,14392.0,603836.86,CHQ
2019-05-24,SERVICEBRANCHCHENNAICHEQUEDEPO00000246CRKARURVYSYABANKLTD0446CTSCLG000246CLG000246 KVB,0.0,2123.0,605959.86,CHQ
2019-05-24,SERVICEBRANCHCHENNAICHEQUEDEPO00000092CRBANKOFBARODA0446CTSCLG000092CLG000092 BOB,0.0,1894.0,607853.86,CHQ
2019-05-24,SERVICEBRANCHCHENNAICHEQUEDEPO00004740CR2400446CTSG,0.0,7293.0,615146.86,CHQ
2019-05-24,SERVICEBRANCHCHENNAICHEQUEDEPO00233361CRUTIBANKLTD0446CTSG,0.0,5349.0,620495.86,CHQ
2019-05-24,SERVICEBRANCHCHENNAICHEQUEDEPO00021286CRUNITEDBANKOFINDIA0446CTSCLG021286CLG,0.0,12320.0,632815.86,CHQ
2019-05-24,SERVICEBRANCHCHENNAICHEQUEDEPO00074713CRUTIBANKLTD0446CTSG,0.0,2100.0,634915.86,CHQ
2019-05-24,SERVICEBRANCHCHENNAICHEQUEDEPO00000841CR4850446CTSG000841 KMB,0.0,18459.0,653374.86,CHQ
2019-05-24,SERVICEBRANCHCHENNAICHEQUEDEPO00002368CRKARURVYSYABANKLTD0446CTSCLG002368CLG002368 KVB,0.0,6149.0,659523.86,CHQ
2019-05-24,SERVICEBRANCHCHENNAICHEQUEDEPO00021383CRUNITEDBANKOFINDIA0446CTSCLG021383CLG,0.0,1894.0,661417.86,CHQ
2019-05-24,SERVICEBRANCHCHENNAICHEQUEDEPO00924046CRSYNDICATEBANK0446CTSG924046 SYB,0.0,1894.0,663311.86,CHQ
2019-05-24,SERVICEBRANCHCHENNAICHEQUEDEPO00079495CRUTIBANKLTD0446CTSG,0.0,2432.0,665743.86,CHQ
2019-05-24,SERVICEBRANCHCHENNAICHEQUEDEPO00000680CR2400446CTSG,0.0,4589.0,670332.86,CHQ
2019-05-24,MUMBAIFORTC ACFEESCRSANTHOSHSUPERM944TRANSFER20,0.0,5060.0,675392.86,TRANSFER
2019-05-24,MUMBAIFORTC ACFEESCRKALIGAMBALFRUI8692TRANSFER21,0.0,10487.0,685879.86,TRANSFER
2019-05-27,SERVICEBRANCHCHENNAICHEQUEDEPO00065625CR2400446CTSG,0.0,85496.0,771375.86,CHQ
2019-05-27,SERVICEBRANCHCHENNAICHEQUEDEPO00002367CRKARURVYSYABANKLTD0446CTSCLG002367CLG002367 KVB,0.0,768.0,772143.86,CHQ
2019-05-27,SERVICEBRANCHCHENNAICHEQUEDEPO00220708CRUTIBANKLTD0446CTSCHQ220708,0.0,1085.0,773228.86,CHQ
2019-05-27,SERVICEBRANCHCHENNAICHEQUEDEPO00077583CR2590446CTSG,0.0,450.0,773678.86,CHQ
2019-05-27,SERVICEBRANCHCHENNAICHEQUEDEPO00900060CRCANARABANK0446CTSG900060 CAB,0.0,3510.0,777188.86,CHQ
2019-05-27,SERVICEBRANCHCHENNAICHEQUEDEPO00284869CRUTIBANKLTD0446CTSG,0.0,2936.0,780124.86,CHQ
2019-05-27,SERVICEBRANCHCHENNAICHEQUEDEPO00021720CRUTIBANKLTD0446CTSG,0.0,2611.0,782735.86,OUTWARD-RETURN
2019-05-27,TIRUMANGALAMCASHDEPOSITCRDepositbySELF,0.0,190000.0,972735.86,CASH
2019-05-27,TIRUMANGALAMBYCHQ TTTFRCRNELLAITOKISHOREMKTG,0.0,2110.0,974845.86,CHQ
2019-05-27,TIRUMANGALAMBYCHQ TTTFRCRFLYMEDITOKISHOREMKTG,0.0,1313.0,976158.86,CHQ
2019-05-27,MUMBAIFORTC ACFEESCRAROCKIYASATRANSFE121,0.0,10000.0,986158.86,TRANSFER
2019-05-27,SERVICEBRANCHCHENNAIOUTCHQRETCRAlterationrequiredrawerauthentication,2611.0,0.0,983547.86,OUTWARD-RETURN
2019-05-27,SERVICEBRANCHCHENNAICHQDISHONOURCR,250.0,0.0,983297.86,INWARD-CHARGES
2019-05-27,MUMBAIFORTC ACFEESCRANNANAGARSUPE4797TRANSFER24,0.0,10081.0,993378.86,TRANSFER
2019-05-27,MUMBAIFORTC ACFEESCRRAMKUMARMEDICA0069TRANSFER21,0.0,2820.0,996198.86,TRANSFER
2019-05-28,MUMBAIFORTWITHDRAWALTRANSFERHECTORBEVERAGESPIDIBH19148158041CRTRANSFER24,200014.0,0.0,796184.86,TRANSFER
2019-05-28,ATMSERVICEBYTRANSFERCRBRANCHUPITRAN1150 boomerbill2749TRANSFE466,0.0,360.0,796544.86,UPI
2019-05-28,MUMBAIFORTC ACFEESCRSAARALRESORTSA571TRANSFER28,0.0,5682.0,802226.86,TRANSFER
2019-05-28,MUMBAIFORTC ACFEESCRDRUGSPARKPHAR3795TRANSFER28,0.0,3161.0,805387.86,TRANSFER
2019-05-28,TIRUMANGALAMBYCHQ TTTFRCRkishoremarketing,0.0,3615.0,809002.86,CHQ
2019-05-28,TIRUMANGALAMCASHDEPOSITCRDepositbySELF,0.0,90000.0,899002.86,CASH
2019-05-28,MUMBAIFORTC ACFEESCRSARAVANAST5305654TRANSFER20,0.0,48997.0,947999.86,TRANSFER
2019-05-28,MUMBAIFORTC ACFEESCRSARAVANAST5301701TRANSFER21,0.0,85621.0,1033620.86,TRANSFER
2019-05-28,MUMBAIFORTC ACFEESCRSARAVANAST5322229TRANSFER20,0.0,48355.0,1081975.86,TRANSFER
2019-05-28,SERVICEBRANCHCHENNAICHEQUEDEPO00004298CR2400446CTSG,0.0,5896.0,1087871.86,CHQ
2019-05-28,SERVICEBRANCHCHENNAICHEQUEDEPO00001775CR2400446CTSG,0.0,9409.0,1097280.86,CHQ
2019-05-28,SERVICEBRANCHCHENNAICHEQUEDEPO00023320CRSTATEBANKOFINDIA0446CTSG023320 SBI,0.0,10741.0,1108021.86,OUTWARD-RETURN
2019-05-28,SERVICEBRANCHCHENNAICHEQUEDEPO00210600CRINDIANOVERSEASBANK0446CTSG210600 IOB,0.0,8151.0,1116172.86,CHQ
2019-05-28,SERVICEBRANCHCHENNAICHEQUEDEPO00005623CRANDHRABANK0446CTSG005623 ANB,0.0,3030.0,1119202.86,CHQ
2019-05-28,SERVICEBRANCHCHENNAICHEQUEDEPO00020299CRORIENTALBANKOFCOMMERCE0446CTSG020299 OBC,0.0,1313.0,1120515.86,CHQ
2019-05-28,SERVICEBRANCHCHENNAICHEQUEDEPO00001624CRICICIBANKINGCORPORATION0446CTSG,0.0,2401.0,1122916.86,CHQ
2019-05-28,SERVICEBRANCHCHENNAICHEQUEDEPO00831739CRTAMILNADMERCANTILEBANK0446CTSG831739 TMB,0.0,3091.0,1126007.86,OUTWARD-RETURN
2019-05-28,SERVICEBRANCHCHENNAICHEQUEDEPO00000009CRINDIANOVERSEASBANK0446CTSG000009 IOB,0.0,20288.0,1146295.86,CHQ
2019-05-28,SERVICEBRANCHCHENNAICHEQUEDEPO00000225CRLAKSHMIVILASBANKLTD0446CTSCLG000225CLG000225 LVB,0.0,4484.0,1150779.86,CHQ
2019-05-28,SERVICEBRANCHCHENNAICHEQUEDEPO00475805CRTAMILNADMERCANTILEBANK0446CTSG475805 TMB,0.0,1380.0,1152159.86,CHQ
2019-05-28,SERVICEBRANCHCHENNAICHEQUEDEPO00005624CRANDHRABANK0446CTSG005624 ANB,0.0,2521.0,1154680.86,CHQ
2019-05-28,MUMBAIFORTC ACFEESSRICRMEENAKSHIAM815TRANSFER21,0.0,1072.0,1155752.86,TRANSFER
2019-05-28,SERVICEBRANCHCHENNAIOUTCHQRETCRFundsinsufficient,10741.0,0.0,1145011.86,OUTWARD-RETURN
2019-05-28,SERVICEBRANCHCHENNAICHQDISHONOURCR,250.0,0.0,1144761.86,INWARD-CHARGES
2019-05-28,SERVICEBRANCHCHENNAIOUTCHQRETCRFundsinsufficient,3091.0,0.0,1141670.86,OUTWARD-RETURN
2019-05-28,SERVICEBRANCHCHENNAICHQDISHONOURCR,250.0,0.0,1141420.86,INWARD-CHARGES
2019-05-29,MUMBAIFORTWITHDRAWALTRANSFERCRREDBULLINDIAP858TRANSFER24,75006.0,0.0,1066414.86,TRANSFER
2019-05-29,MUMBAIFORTWITHDRAWALTRANSFERCRSNJSugarsandp904TRANSFER24,33725.0,0.0,1032689.86,TRANSFER
2019-05-29,SERVICEBRANCHCHENNAICHEQUEDEPO00963729CRINDIANOVERSEASBANK0446CTSG963729 IOB,0.0,14160.0,1046849.86,CHQ
2019-05-29,SERVICEBRANCHCHENNAICHEQUEDEPO00444769CRINDIANOVERSEASBANK0446CTSG444769 IOB,0.0,978.0,1047827.86,CHQ
2019-05-29,SERVICEBRANCHCHENNAICHEQUEDEPO00227540CRUTIBANKLTD0446CTSG,0.0,33566.0,1081393.86,CHQ
2019-05-29,SERVICEBRANCHCHENNAICHEQUEDEPO00005003CRALLAHABADBANK0446CTSG005003 ALB,0.0,3000.0,1084393.86,OUTWARD-RETURN
2019-05-29,SERVICEBRANCHCHENNAICHEQUEDEPO00011203CRICICIBANKINGCORPORATION0446CTSG,0.0,10542.0,1094935.86,CHQ
2019-05-29,SERVICEBRANCHCHENNAICHEQUEDEPO00026738CRSTATEBANKOFINDIA0446CTSCHQ026738,0.0,2286.0,1097221.86,CHQ
2019-05-29,SERVICEBRANCHCHENNAICHEQUEDEPO00352704CRFEDERALBANKLTD0446CTSG352704 FBI,0.0,2721.0,1099942.86,CHQ
2019-05-29,SERVICEBRANCHCHENNAICHEQUEDEPO00501257CRINDIANOVERSEASBANK0446CTSG501257 IOB,0.0,2270.0,1102212.86,CHQ
2019-05-29,TIRUMANGALAMCASHDEPOSITCRDepositbySELF,0.0,85000.0,1187212.86,CASH
2019-05-29,TIRUMANGALAMBYCHQ TTTFRCRKISHOREMARKETING,0.0,3063.0,1190275.86,CHQ
2019-05-29,MUMBAIFORTWITHDRAWALTRANSFERMARSINTERNATIONAIDIBH19149242592CRTRANSFER24,500029.0,0.0,690246.86,TRANSFER
2019-05-29,TIRUMANGALAMBYCHQ TTTFRCRkishoremarketing,0.0,6266.0,696512.86,CHQ
2019-05-29,SERVICEBRANCHCHENNAIOUTCHQRETCRExceedsarrangement,3000.0,0.0,693512.86,OUTWARD-RETURN
2019-05-29,SERVICEBRANCHCHENNAICHQDISHONOURCR,250.0,0.0,693262.86,INWARD-CHARGES
2019-05-29,MUMBAIFORTC ACFEESCRLIMRASENTE8623TRANSFE125,0.0,3738.0,697000.86,TRANSFER
2019-05-30,MUMBAIFORTC ACFEESKPNCRFARMFRESHP172TRANSFER21,0.0,17559.0,714559.86,TRANSFER
2019-05-30,SERVICEBRANCHCHENNAICHEQUEDEPO00010925CRALLAHABADBANK0446CTSG010925 ALB,0.0,1046.0,715605.86,CHQ
2019-05-30,SERVICEBRANCHCHENNAICHEQUEDEPO00105079CRSYNDICATEBANK0446CTSG105079 SYB,0.0,3893.0,719498.86,CHQ
2019-05-30,SERVICEBRANCHCHENNAICHEQUEDEPO00379704CR5320446CTSG379704 YES,0.0,2368.0,721866.86,CHQ
2019-05-30,SERVICEBRANCHCHENNAICHEQUEDEPO00002261CRANDHRABANK0446CTSG002261 ANB,0.0,9907.0,731773.86,OUTWARD-RETURN
2019-05-30,SERVICEBRANCHCHENNAICHEQUEDEPO00040873CRANDHRABANK0446CTSG040873 ANB,0.0,5250.0,737023.86,CHQ
2019-05-30,SERVICEBRANCHCHENNAICHEQUEDEPO00645726CRUNITEDBANKOFINDIA0446CTSCLG645726CLG,0.0,3788.0,740811.86,CHQ
2019-05-30,SERVICEBRANCHCHENNAICHEQUEDEPO00001625CRICICIBANKINGCORPORATION0446CTSG,0.0,1745.0,742556.86,CHQ
2019-05-30,SERVICEBRANCHCHENNAICHEQUEDEPO00441834CR2590446CTSG,0.0,2766.0,745322.86,CHQ
2019-05-30,SERVICEBRANCHCHENNAICHEQUEDEPO00000003CRANDHRABANK0446CTSG000003 ANB,0.0,3811.0,749133.86,CHQ
2019-05-30,SERVICEBRANCHCHENNAICHEQUEDEPO00000875CRCITYUNIONBANKLTD0446CTSCLG000875CLG000875 CUB,0.0,11071.0,760204.86,CHQ
2019-05-30,SERVICEBRANCHCHENNAICHEQUEDEPO00227093CR2340446CTSG,0.0,8160.0,768364.86,CHQ
2019-05-30,SERVICEBRANCHCHENNAICHEQUEDEPO00002404CRKARURVYSYABANKLTD0446CTSCLG002404CLG002404 KVB,0.0,9195.0,777559.86,CHQ
2019-05-30,SERVICEBRANCHCHENNAICHEQUEDEPO00108453CRBANKOFMAHARASHTRA0446CTSG108453 BOM,0.0,7801.0,785360.86,CHQ
2019-05-30,SERVICEBRANCHCHENNAICHEQUEDEPO00040521CRBANKOFINDIA0446CTSG040521 BOI,0.0,3085.0,788445.86,CHQ
2019-05-30,SERVICEBRANCHCHENNAICHEQUEDEPO00142072CRANDHRABANK0446CTSG142072 ANB,0.0,1250.0,789695.86,CHQ
2019-05-30,SERVICEBRANCHCHENNAICHEQUEDEPO00118343CRUTIBANKLTD0446CTSG,0.0,4378.0,794073.86,CHQ
2019-05-30,SERVICEBRANCHCHENNAICHEQUEDEPO00005621CRANDHRABANK0446CTSG005621 ANB,0.0,4255.0,798328.86,CHQ
2019-05-30,TIRUMANGALAMCASHDEPOSITCRDepositbySELF,0.0,140000.0,938328.86,CASH
2019-05-30,MUMBAIFORTC ACFEESCRSANTHOSHSUPERM050TRANSFER27,0.0,6356.0,944684.86,TRANSFER
2019-05-30,MUMBAIFORTC ACFEESCRSANTHOSHSUPERM821TRANSFER24,0.0,6616.0,951300.86,TRANSFER
2019-05-30,MUMBAIFORTWITHDRAWALTRANSFERMARSINTERNATIONAIDIBH19150278155CRTRANSFER24,500029.0,0.0,451271.86,TRANSFER
2019-05-30,MUMBAIFORTC ACFEESCRLIMRASENTE6478TRANSFE128,0.0,9693.0,460964.86,TRANSFER
2019-05-30,MUMBAIFORTC ACFEESCRLIMRASENTE7030TRANSFE126,0.0,2138.0,463102.86,TRANSFER
2019-05-30,SERVICEBRANCHCHENNAIOUTCHQRETCRFundsinsufficient,9907.0,0.0,453195.86,OUTWARD-RETURN
2019-05-30,SERVICEBRANCHCHENNAICHQDISHONOURCR,250.0,0.0,452945.86,INWARD-CHARGES
2019-05-30,MUMBAIFORTC ACFEESCRANNANAGARS7702595TRANSFER26,0.0,2584.0,455529.86,TRANSFER
2019-05-30,MUMBAIFORTC ACFEESCRANNAISUPERMAR4876TRANSFER24,0.0,2759.0,458288.86,TRANSFER
2019-05-31,SERVICEBRANCHCHENNAICHEQUEDEPO00828060CRTAMILNADMERCANTILEBANK0446CTSG828060 TMB,0.0,2557.0,460845.86,CHQ
2019-05-31,SERVICEBRANCHCHENNAICHEQUEDEPO00291342CRUTIBANKLTD0446CTSG,0.0,3072.0,463917.86,CHQ
2019-05-31,SERVICEBRANCHCHENNAICHEQUEDEPO00187843CR2590446CTSG,0.0,5011.0,468928.86,CHQ
2019-05-31,SERVICEBRANCHCHENNAICHEQUEDEPO00040653CRKARNATAKABANKLTD0446CTSCHQ040653,0.0,24267.0,493195.86,CHQ
2019-05-31,SERVICEBRANCHCHENNAICHEQUEDEPO00176851CRSYNDICATEBANK0446CTSG176851 SYB,0.0,6475.0,499670.86,OUTWARD-RETURN
2019-05-31,SERVICEBRANCHCHENNAICHEQUEDEPO00126620CRUTIBANKLTD0446CTSG,0.0,1649.0,501319.86,CHQ
2019-05-31,TIRUMANGALAMCASHDEPOSITCRDepositbySELF,0.0,65000.0,566319.86,CASH
2019-05-31,SERVICEBRANCHCHENNAIOUTCHQRETCRFundsinsufficient,6475.0,0.0,559844.86,OUTWARD-RETURN
2019-05-31,SERVICEBRANCHCHENNAICHQDISHONOURCR,250.0,0.0,559594.86,INWARD-CHARGES
2019-06-01,TIRUMANGALAMCASHDEPOSITCRDepositbySELF,0.0,85000.0,644594.86,CASH
2019-06-01,SERVICEBRANCHCHENNAICHEQUEDEPO00000324CRKARURVYSYABANKLTD0446CTSCLG000324CLG000324 KVB,0.0,30917.0,675511.86,CHQ
2019-06-01,SERVICEBRANCHCHENNAICHEQUEDEPO00187844CR2590446CTSG,0.0,5079.0,680590.86,CHQ
2019-06-01,SERVICEBRANCHCHENNAICHEQUEDEPO00573128CR2590446CTSG,0.0,597.0,681187.86,CHQ
2019-06-03,SERVICEBRANCHCHENNAITOCLGCHQ00898723CRVIJAYAGENCIES,80293.0,0.0,600894.86,CHQ
2019-06-03,MUMBAIFORTC ACFEESCRPONNUSUPERMAR6975TRANSFER23,0.0,50635.0,651529.86,TRANSFER
2019-06-03,TIRUMANGALAMBYCHQ TTTFRCRKISHOREMARKETING,0.0,1131.0,652660.86,CHQ
2019-06-03,MUMBAIFORTC ACFEESCRVENKATESWARA229235TRANSFER26,0.0,3683.0,656343.86,TRANSFER
2019-06-04,SERVICEBRANCHCHENNAITOCLGCHQ00898724CRSURIYAAGENCIES,65003.0,0.0,591340.86,CHQ
2019-06-04,ATMSERVICEBYTRANSFERCRBRANCH IMPS 870 LEAFINPYMTTRANSFE461,0.0,3594.0,594934.86,IMPS
2019-06-04,TIRUMANGALAMBYCHQ TTTFRCRKISHOREMARKETING,0.0,1820.0,596754.86,CHQ
2019-06-04,MUMBAIFORTC ACFEESCRMCRENNETTF2326156TRANSFER21,0.0,365.0,597119.86,TRANSFER
2019-06-04,MUMBAIFORTC ACFEESCRVIKPRIHOME11DCTRANSFE121,0.0,21821.0,618940.86,TRANSFER
2019-06-04,MUMBAIFORTC ACFEESCRPONNUSUPER2417511TRANSFER28,0.0,14383.0,633323.86,TRANSFER
2019-06-04,MUMBAIFORTC ACFEESCRSANTHOSHSUPERM059TRANSFER28,0.0,13464.0,646787.86,TRANSFER
2019-06-04,MUMBAIFORTC ACFEESCRSANTHOSHSUPERM288TRANSFER25,0.0,16535.0,663322.86,TRANSFER
2019-06-04,MUMBAIFORTC ACFEESCRSANTHOSHSUPERM822TRANSFER29,0.0,30651.0,693973.86,TRANSFER
2019-06-04,MUMBAIFORTC ACFEESCRLIMRASENTE2921TRANSFE126,0.0,11738.0,705711.86,TRANSFER
2019-06-04,MUMBAIFORTC ACFEESCRSANTHOSHSUPERM415TRANSFER21,0.0,16189.0,721900.86,TRANSFER
2019-06-06,MUMBAIFORTC ACFEESCRSARAVANAST3374233TRANSFER21,0.0,118125.0,840025.86,TRANSFER
2019-06-06,MUMBAIFORTC ACFEESCRSANTHOSHSUPERM559TRANSFER28,0.0,1894.0,841919.86,TRANSFER
2019-06-06,SERVICEBRANCHCHENNAICHEQUEDEPO00022165CRICICIBANKINGCORPORATION0446CTSG,0.0,80000.0,921919.86,CHQ
2019-06-06,SERVICEBRANCHCHENNAICHEQUEDEPO00023320CRSTATEBANKOFINDIA0446CTSG023320 SBI,0.0,10741.0,932660.86,CHQ
2019-06-06,SERVICEBRANCHCHENNAICHEQUEDEPO00291155CRUTIBANKLTD0446CTSG,0.0,7313.0,939973.86,CHQ
2019-06-06,SERVICEBRANCHCHENNAICHEQUEDEPO00017198CRSOUTHINDIANBANKLTD0446CTSCLG017198CLG017198 SIB,0.0,6149.0,946122.86,CHQ
2019-06-06,SERVICEBRANCHCHENNAICHEQUEDEPO00002604CRKARURVYSYABANKLTD0446CTSCLG002604CLG002604 KVB,0.0,9249.0,955371.86,CHQ
2019-06-06,SERVICEBRANCHCHENNAICHEQUEDEPO00000165CR2400446CTSG,0.0,3973.0,959344.86,CHQ
2019-06-06,SERVICEBRANCHCHENNAICHEQUEDEPO00000403CRICICIBANKINGCORPORATION0446CTSG,0.0,1200.0,960544.86,CHQ
2019-06-06,SERVICEBRANCHCHENNAICHEQUEDEPO00438803CRSTATEBANKOFINDIA0446CTSG438803 SBI,0.0,7600.0,968144.86,CHQ
2019-06-06,SERVICEBRANCHCHENNAICHEQUEDEPO00065484CR2400446CTSG,0.0,86430.0,1054574.86,CHQ
2019-06-06,SERVICEBRANCHCHENNAICHEQUEDEPO00021487CRUNITEDBANKOFINDIA0446CTSCLG021487CLG,0.0,12548.0,1067122.86,CHQ
2019-06-06,SERVICEBRANCHCHENNAICHEQUEDEPO00000899CRKARURVYSYABANKLTD0446CTSCLG000899CLG000899 KVB,0.0,14282.0,1081404.86,CHQ
2019-06-06,SERVICEBRANCHCHENNAICHEQUEDEPO00801498CRSYNDICATEBANK0446CTSG801498 SYB,0.0,4440.0,1085844.86,CHQ
2019-06-06,SERVICEBRANCHCHENNAICHEQUEDEPO00017207CRSOUTHINDIANBANKLTD0446CTSCLG017207CLG017207 SIB,0.0,12994.0,1098838.86,CHQ
2019-06-06,SERVICEBRANCHCHENNAICHEQUEDEPO00132578CRANDHRABANK0446CTSCHQ132578,0.0,4650.0,1103488.86,CHQ
2019-06-06,SERVICEBRANCHCHENNAICHEQUEDEPO00001839CR2400446CTSG,0.0,4338.0,1107826.86,CHQ
2019-06-06,SERVICEBRANCHCHENNAICHEQUEDEPO00564182CRCANARABANK0446CTSG564182 CAB,0.0,2919.0,1110745.86,CHQ
2019-06-06,SERVICEBRANCHCHENNAICHEQUEDEPO00017205CRSOUTHINDIANBANKLTD0446CTSCLG017205CLG017205 SIB,0.0,11316.0,1122061.86,CHQ
2019-06-06,SERVICEBRANCHCHENNAICHEQUEDEPO00000045CRSTANDARDCHARTEREDBANK0446CTSG000045 SCB,0.0,5507.0,1127568.86,CHQ
2019-06-06,SERVICEBRANCHCHENNAICHEQUEDEPO00483610CRTAMILNADMERCANTILEBANK0446CTSG483610 TMB,0.0,2422.0,1129990.86,OUTWARD-RETURN
2019-06-06,SERVICEBRANCHCHENNAICHEQUEDEPO00000388CR7500446CTSGAN,0.0,2296.0,1132286.86,CHQ
2019-06-06,TIRUMANGALAMCASHDEPOSITCRDepositbySELF,0.0,180000.0,1312286.86,CASH
2019-06-06,MUMBAIFORTWITHDRAWALTRANSFERMARSINTERNATIONAIDIBH19157179724CRTRANSFER24,500029.0,0.0,812257.86,TRANSFER
2019-06-06,MUMBAIFORTWITHDRAWALTRANSFERINBISCOCRINDIAPV855TRANSFER24,200014.0,0.0,612243.86,TRANSFER
2019-06-06,TIRUMANGALAMBYCHQ TTTFRCRKISHOREMARKETING,0.0,7147.0,619390.86,CHQ
2019-06-06,TIRUMANGALAMBYCHQ TTTFRCRKISHOREMARKETING,0.0,2445.0,621835.86,CHQ
2019-06-06,SERVICEBRANCHCHENNAIOUTCHQRETCRFundsinsufficient,2422.0,0.0,619413.86,OUTWARD-RETURN
2019-06-06,SERVICEBRANCHCHENNAICHQDISHONOURCR,250.0,0.0,619163.86,INWARD-CHARGES
2019-06-06,MUMBAIFORTC ACFEESSRICRMEENAKSHIAM393TRANSFER21,0.0,6812.0,625975.86,TRANSFER
2019-06-07,SERVICEBRANCHCHENNAITOCLGCHQ00898725CRSECEDCWEST,28599.0,0.0,597376.86,CHQ
2019-06-07,MUMBAIFORTWITHDRAWALTRANSFERINVENTZLIFESCIENIDIBH19158234978CRTRANSFER24,122979.0,0.0,474397.86,TRANSFER
2019-06-07,SERVICEBRANCHCHENNAICHEQUEDEPO00002438CRKARURVYSYABANKLTD0446CTSCLG002438CLG002438 KVB,0.0,1250.0,475647.86,CHQ
2019-06-07,SERVICEBRANCHCHENNAICHEQUEDEPO00000387CR7500446CTSGAN,0.0,5480.0,481127.86,CHQ
2019-06-07,SERVICEBRANCHCHENNAICHEQUEDEPO00040949CRANDHRABANK0446CTSG040949 ANB,0.0,8803.0,489930.86,CHQ
2019-06-07,SERVICEBRANCHCHENNAICHEQUEDEPO00001642CRICICIBANKINGCORPORATION0446CTSG,0.0,1046.0,490976.86,OUTWARD-RETURN
2019-06-07,SERVICEBRANCHCHENNAICHEQUEDEPO00003625CRANDHRABANK0446CTSG003625 ANB,0.0,26077.0,517053.86,CHQ
2019-06-07,SERVICEBRANCHCHENNAICHEQUEDEPO00021692CRANDHRABANK0446CTSG021692 ANB,0.0,23437.0,540490.86,CHQ
2019-06-07,SERVICEBRANCHCHENNAICHEQUEDEPO00007028CRCITYUNIONBANKLTD0446CTSCLG007028CLG007028 CUB,0.0,1931.0,542421.86,CHQ
2019-06-07,SERVICEBRANCHCHENNAICHEQUEDEPO00001829CRKARURVYSYABANKLTD0446CTSCLG001829CLG001829 KVB,0.0,3608.0,546029.86,CHQ
2019-06-07,SERVICEBRANCHCHENNAICHEQUEDEPO00209248CRFEDERALBANKLTD0446CTSG209248 FBI,0.0,12430.0,558459.86,CHQ
2019-06-07,TIRUMANGALAMBYCHQ TTTFRCRkishoremarketing,0.0,14147.0,572606.86,CHQ
2019-06-07,TIRUMANGALAMCASHDEPOSITCRDepositbySELF,0.0,150000.0,722606.86,CASH
2019-06-07,MUMBAIFORTC ACFEESCRSANTHOSHSUPERM267TRANSFER20,0.0,12122.0,734728.86,TRANSFER
2019-06-07,MUMBAIFORTC ACFEESCRLIMRASENTE2895TRANSFE129,0.0,7121.0,741849.86,TRANSFER
2019-06-07,MUMBAIFORTC ACFEESCRLIMRASENTE3078TRANSFE128,0.0,1605.0,743454.86,TRANSFER
2019-06-07,SERVICEBRANCHCHENNAIOUTCHQRETCRFundsinsufficient,1046.0,0.0,742408.86,OUTWARD-RETURN
2019-06-07,SERVICEBRANCHCHENNAICHQDISHONOURCR,250.0,0.0,742158.86,INWARD-CHARGES
2019-06-07,MUMBAIFORTWITHDRAWALTRANSFERMARSINTERNATIONAIDIBH19158281149CRTRANSFER24,200014.0,0.0,542144.86,TRANSFER
2019-06-10,MUMBAIFORTC ACFEESCRVIKPRIHOME51DCTRANSFE128,0.0,5682.0,547826.86,TRANSFER
2019-06-10,MUMBAIFORTC ACFEESCRAMMANFRUITS877TRANSFER26,0.0,16573.0,564399.86,TRANSFER
2019-06-10,MUMBAIFORTC ACFEESCRKARUVALURMARIA8776TRANSFER21,0.0,8429.0,572828.86,TRANSFER
2019-06-10,SERVICEBRANCHCHENNAICHEQUEDEPO00210589CRINDIANOVERSEASBANK0446CTSG210589 IOB,0.0,1680.0,574508.86,CHQ
2019-06-10,SERVICEBRANCHCHENNAICHEQUEDEPO00645727CRUNITEDBANKOFINDIA0446CTSCLG645727CLG,0.0,2413.0,576921.86,CHQ
2019-06-10,SERVICEBRANCHCHENNAICHEQUEDEPO00800960CRVIJAYABANK0446CTSG800960 VJB,0.0,1548.0,578469.86,CHQ
2019-06-10,SERVICEBRANCHCHENNAICHEQUEDEPO00002445CRKARURVYSYABANKLTD0446CTSCLG002445CLG002445 KVB,0.0,690.0,579159.86,CHQ
2019-06-10,SERVICEBRANCHCHENNAICHEQUEDEPO00021833CRANDHRABANK0446CTSG021833 ANB,0.0,1823.0,580982.86,CHQ
2019-06-10,SERVICEBRANCHCHENNAICHEQUEDEPO00922905CRINDIANOVERSEASBANK0446CTSG922905 IOB,0.0,1152.0,582134.86,CHQ
2019-06-10,SERVICEBRANCHCHENNAICHEQUEDEPO00001146CRBANKOFBARODA0446CTSCLG001146CLG001146 BOB,0.0,1139.0,583273.86,CHQ
2019-06-10,SERVICEBRANCHCHENNAICHEQUEDEPO00113864CRUTIBANKLTD0446CTSG,0.0,2340.0,585613.86,CHQ
2019-06-10,SERVICEBRANCHCHENNAICHEQUEDEPO00026803CRSTATEBANKOFINDIA0446CTSCHQ02680,0.0,2462.0,588075.86,CHQ
2019-06-10,SERVICEBRANCHCHENNAICHEQUEDEPO00293711CRCORPORATIONBANK0446CTSG,0.0,38000.0,626075.86,CHQ
2019-06-10,SERVICEBRANCHCHENNAICHEQUEDEPO00011232CRICICIBANKINGCORPORATION0446CTSG,0.0,5901.0,631976.86,CHQ
2019-06-10,SERVICEBRANCHCHENNAICHEQUEDEPO00040950CRANDHRABANK0446CTSG040950 ANB,0.0,9085.0,641061.86,CHQ
2019-06-10,SERVICEBRANCHCHENNAICHEQUEDEPO00007029CRCITYUNIONBANKLTD0446CTSCLG007029CLG007029 CUB,0.0,2114.0,643175.86,CHQ
2019-06-10,SERVICEBRANCHCHENNAICHEQUEDEPO00453808CR2590446CTSG,0.0,3645.0,646820.86,CHQ
2019-06-10,SERVICEBRANCHCHENNAICHEQUEDEPO00002952CRICICIBANKINGCORPORATION0446CTSG,0.0,5995.0,652815.86,CHQ
2019-06-10,TIRUMANGALAMCASHDEPOSITCRDepositbySELF,0.0,70000.0,722815.86,CASH
2019-06-10,MUMBAIFORTC ACFEESCRMERCYSUPER9630369TRANSFER26,0.0,667.0,723482.86,TRANSFER
2019-06-10,MUMBAIFORTC ACFEESCRMERCYSUPER9631076TRANSFER21,0.0,2050.0,725532.86,TRANSFER
2019-06-10,MUMBAIFORTC ACFEESMRCRVBALAKUMARO887TRANSFER24,0.0,10000.0,735532.86,TRANSFER
2019-06-10,MUMBAIFORTC ACFEESCRANNAISUPERMAR8178TRANSFER25,0.0,4770.0,740302.86,TRANSFER
2019-06-11,MUMBAIFORTC ACFEESMRCRVBALAKUMAR307TRANSFER26,0.0,40000.0,780302.86,TRANSFER
2019-06-11,MUMBAIFORTC ACFEESCRSANTHOSHSUPERM717TRANSFER28,0.0,44158.0,824460.86,TRANSFER
2019-06-11,TIRUMANGALAMCHEQUEWDL00898712CRKISHOREMKTGTOGANESANAE,35000.0,0.0,789460.86,CHQ
2019-06-11,MUMBAIFORTC ACFEESKPNCRFARMFRESHP459TRANSFER27,0.0,21152.0,810612.86,TRANSFER
2019-06-11,SERVICEBRANCHCHENNAICHEQUEDEPO00021683CRANDHRABANK0446CTSG021683 ANB,0.0,6251.0,816863.86,CHQ
2019-06-11,SERVICEBRANCHCHENNAICHEQUEDEPO00002956CRICICIBANKINGCORPORATION0446CTSG,0.0,5325.0,822188.86,CHQ
2019-06-11,SERVICEBRANCHCHENNAICHEQUEDEPO00614454CRSYNDICATEBANK0446CTSG614454 SYB,0.0,1894.0,824082.86,CHQ
2019-06-11,SERVICEBRANCHCHENNAICHEQUEDEPO00645864CRUNITEDBANKOFINDIA0446CTSCLG645864CLG,0.0,13032.0,837114.86,CHQ
2019-06-11,SERVICEBRANCHCHENNAICHEQUEDEPO00591566CRSTATEBANKOFINDIA0446CTSG591566 SBI,0.0,1548.0,838662.86,CHQ
2019-06-11,SERVICEBRANCHCHENNAICHEQUEDEPO00075258CRINDIANOVERSEASBANK0446CTSG075258 IOB,0.0,2550.0,841212.86,CHQ
2019-06-11,SERVICEBRANCHCHENNAICHEQUEDEPO00742181CRINDIANOVERSEASBANK0446CTSG742181 IOB,0.0,2785.0,843997.86,CHQ
2019-06-11,SERVICEBRANCHCHENNAICHEQUEDEPO00809388CRSYNDICATEBANK0446CTSG809388 SYB,0.0,3075.0,847072.86,CHQ
2019-06-11,SERVICEBRANCHCHENNAICHEQUEDEPO00001657CRKARURVYSYABANKLTD0446CTSCLG001657CLG001657 KVB,0.0,23000.0,870072.86,CHQ
2019-06-11,SERVICEBRANCHCHENNAICHEQUEDEPO00922720CRINDIANOVERSEASBANK0446CTSG922720 IOB,0.0,8330.0,878402.86,CHQ
2019-06-11,SERVICEBRANCHCHENNAICHEQUEDEPO00884021CRTAMILNADUSTATEAPEXCOO0446CTSG,0.0,1664.0,880066.86,CHQ
2019-06-11,SERVICEBRANCHCHENNAICHEQUEDEPO00118362CRUTIBANKLTD0446CTSG,0.0,4294.0,884360.86,CHQ
2019-06-11,SERVICEBRANCHCHENNAICHEQUEDEPO00000193CR4850446CTSG000193 KMB,0.0,1560.0,885920.86,CHQ
2019-06-11,SERVICEBRANCHCHENNAICHEQUEDEPO00909276CRINDIANOVERSEASBANK0446CTSG909276 IOB,0.0,3197.0,889117.86,CHQ
2019-06-11,SERVICEBRANCHCHENNAICHEQUEDEPO00021918CRUTIBANKLTD0446CTSG,0.0,2812.0,891929.86,CHQ
2019-06-11,SERVICEBRANCHCHENNAICHEQUEDEPO00002179CR2400446CTSG,0.0,16459.0,908388.86,CHQ
2019-06-11,SERVICEBRANCHCHENNAICHEQUEDEPO00001826CRICICIBANKINGCORPORATION0446CTSG,0.0,11249.0,919637.86,CHQ
2019-06-12,SERVICEBRANCHCHENNAICHEQUEDEPO00642137CRTAMILNADMERCANTILEBANK0446CTSG642137 TMB,0.0,5599.0,925236.86,CHQ
2019-06-12,SERVICEBRANCHCHENNAICHEQUEDEPO00642272CRTAMILNADMERCANTILEBANK0446CTSG642272 TMB,0.0,8063.0,933299.86,CHQ
2019-06-12,SERVICEBRANCHCHENNAICHEQUEDEPO00290193CRSTATEBANKOFINDIA0446CTSG290193 SBI,0.0,2662.0,935961.86,CHQ
2019-06-12,SERVICEBRANCHCHENNAICHEQUEDEPO00140287CRUNIONBANKOFINDIA0446CTSG140287 UBI,0.0,3641.0,939602.86,CHQ
2019-06-12,SERVICEBRANCHCHENNAICHEQUEDEPO00128738CRUTIBANKLTD0446CTSG,0.0,3150.0,942752.86,OUTWARD-RETURN
2019-06-12,SERVICEBRANCHCHENNAICHEQUEDEPO00000317CR7560446CTSG,0.0,2043.0,944795.86,CHQ
2019-06-12,SERVICEBRANCHCHENNAICHEQUEDEPO00197638CRTAMILNADMERCANTILEBANK0446CTSG197638 TMB,0.0,1852.0,946647.86,CHQ
2019-06-12,SERVICEBRANCHCHENNAICHEQUEDEPO00000304CR2400446CTSG,0.0,11922.0,958569.86,CHQ
2019-06-12,SERVICEBRANCHCHENNAICHEQUEDEPO00187865CR2590446CTSG,0.0,13213.0,971782.86,CHQ
2019-06-12,SERVICEBRANCHCHENNAICHEQUEDEPO00007050CRCITYUNIONBANKLTD0446CTSCLG007050CLG007050 CUB,0.0,4583.0,976365.86,CHQ
2019-06-12,SERVICEBRANCHCHENNAICHEQUEDEPO00001221CRICICIBANKINGCORPORATION0446CTSG,0.0,2017.0,978382.86,CHQ
2019-06-12,TIRUMANGALAMCASHDEPOSITCRDepositbySELF,0.0,160000.0,1138382.86,CASH
2019-06-12,SERVICEBRANCHCHENNAICHEQUEDEPO00003794CRKARURVYSYABANKLTD0446CTSCLG003794CLG003794 KVB,0.0,8996.0,1147378.86,CHQ
2019-06-12,SERVICEBRANCHCHENNAICHEQUEDEPO00900178CRCANARABANK0446CTSG900178 CAB,0.0,1291.0,1148669.86,OUTWARD-RETURN
2019-06-12,SERVICEBRANCHCHENNAICHEQUEDEPO00227675CRUTIBANKLTD0446CTSG,0.0,41775.0,1190444.86,CHQ
2019-06-12,MUMBAIFORTC ACFEESCRSANTHOSHSUPERM463TRANSFER20,0.0,8709.0,1199153.86,TRANSFER
2019-06-12,TIRUMANGALAMBYCHQ TTTFRCRKISHOREMARKETING,0.0,2441.0,1201594.86,CHQ
2019-06-12,TIRUMANGALAMBYCHQ TTTFRCRKISHOREMARKETING,0.0,904.0,1202498.86,CHQ
2019-06-12,MUMBAIFORTWITHDRAWALTRANSFERCRREDBULLINDIAP663TRANSFER24,200014.0,0.0,1002484.86,TRANSFER
2019-06-12,MUMBAIFORTWITHDRAWALTRANSFERMARSINTERNATIONAIDIBH19163481793CRTRANSFER24,500029.0,0.0,502455.86,TRANSFER
2019-06-12,SERVICEBRANCHCHENNAIOUTCHQRETCRExceedsarrangement,1291.0,0.0,501164.86,OUTWARD-RETURN
2019-06-12,SERVICEBRANCHCHENNAICHQDISHONOURCR,250.0,0.0,500914.86,INWARD-CHARGES
2019-06-12,SERVICEBRANCHCHENNAIOUTCHQRETCRDrawersignaturetooperateaccountnotreceived,3150.0,0.0,497764.86,OUTWARD-RETURN
2019-06-12,SERVICEBRANCHCHENNAICHQDISHONOURCR,250.0,0.0,497514.86,INWARD-CHARGES
2019-06-12,MUMBAIFORTC ACFEESCRVIKPRIHOME81DCTRANSFE121,0.0,5682.0,503196.86,TRANSFER
2019-06-13,MUMBAIFORTC ACFEESCRANNANAGARSUPE5815TRANSFER21,0.0,4048.0,507244.86,TRANSFER
2019-06-13,SERVICEBRANCHCHENNAICHEQUEDEPO00000380CR2400446CTSG,0.0,3728.0,510972.86,CHQ
2019-06-13,SERVICEBRANCHCHENNAICHEQUEDEPO00296509CR2590446CTSG,0.0,990.0,511962.86,CHQ
2019-06-13,SERVICEBRANCHCHENNAICHEQUEDEPO00003076CR2400446CTSG,0.0,1236.0,513198.86,CHQ
2019-06-13,SERVICEBRANCHCHENNAICHEQUEDEPO00000597CRICICIBANKINGCORPORATION0446CTSG,0.0,857.0,514055.86,CHQ
2019-06-13,SERVICEBRANCHCHENNAICHEQUEDEPO00785257CRSTATEBANKOFINDIA0446CTSG785257 SBI,0.0,2180.0,516235.86,CHQ
2019-06-13,SERVICEBRANCHCHENNAICHEQUEDEPO00000018CRANDHRABANK0446CTSG000018 ANB,0.0,22141.0,538376.86,CHQ
2019-06-13,SERVICEBRANCHCHENNAICHEQUEDEPO00000270CRKARURVYSYABANKLTD0446CTSCLG000270CLG000270 KVB,0.0,743.0,539119.86,CHQ
2019-06-13,SERVICEBRANCHCHENNAICHEQUEDEPO00172459CRDENABANK0446CTSCHQ172459,0.0,2170.0,541289.86,CHQ
2019-06-13,SERVICEBRANCHCHENNAICHEQUEDEPO00011197CRSOUTHINDIANBANKLTD0446CTSCLG011197CLG011197 SIB,0.0,12087.0,553376.86,CHQ
2019-06-13,SERVICEBRANCHCHENNAICHEQUEDEPO00624394CRTAMILNADMERCANTILEBANK0446CTSG624394 TMB,0.0,4528.0,557904.86,CHQ
2019-06-13,SERVICEBRANCHCHENNAICHEQUEDEPO00001257CRICICIBANKINGCORPORATION0446CTSG,0.0,11245.0,569149.86,CHQ
2019-06-13,MUMBAIFORTC ACFEESCRELLIOTFOODS136TRANSFER25,0.0,1064.75,570214.61,TRANSFER
2019-06-13,MUMBAIFORTC ACFEESCRHAWIEEXIM948TRANSFER26,0.0,19911.0,590125.61,TRANSFER
2019-06-13,TIRUMANGALAMCASHDEPOSITCRDepositbySELF,0.0,210000.0,800125.61,CASH
2019-06-13,MUMBAIFORTC ACFEESCRSANTHOSHSUPERM189TRANSFER29,0.0,2414.0,802539.61,TRANSFER
2019-06-13,CASHDEPCRCHRGSOTHER,100.0,0.0,802439.61,DEPOSIT-CHARGES
2019-06-14,MUMBAIFORTC ACFEESCRAMMANFRUITS546TRANSFER21,0.0,11642.0,814081.61,TRANSFER
2019-06-14,SERVICEBRANCHCHENNAICHEQUEDEPO00002581CRKARURVYSYABANKLTD0446CTSCLG002581CLG002581 KVB,0.0,2881.0,816962.61,CHQ
2019-06-14,SERVICEBRANCHCHENNAICHEQUEDEPO00218483CRCORPORATIONBANK0446CTSG,0.0,18480.0,835442.61,CHQ
2019-06-14,SERVICEBRANCHCHENNAICHEQUEDEPO00126991CRCENTRALBANKOFINDIA0446CTSCLG126991CLG126991 CBI,0.0,2280.0,837722.61,CHQ
2019-06-14,SERVICEBRANCHCHENNAICHEQUEDEPO00925626CRSTATEBANKOFINDIA0446CTSG925626 SBI,0.0,4917.0,842639.61,CHQ
2019-06-14,SERVICEBRANCHCHENNAICHEQUEDEPO00997615CRINDIANOVERSEASBANK0446CTSG997615 IOB,0.0,13368.0,856007.61,CHQ
2019-06-14,TIRUMANGALAMCASHDEPOSITCRDepositbySELF,0.0,100000.0,956007.61,CASH
2019-06-14,MUMBAIFORTC ACFEESCRSANTHOSHSUPERM192TRANSFER20,0.0,8245.0,964252.61,TRANSFER
2019-06-14,MUMBAIFORTWITHDRAWALTRANSFERMARSINTERNATIONAIDIBH19165190943CRTRANSFER24,700029.0,0.0,264223.61,TRANSFER
2019-06-14,MUMBAIFORTC ACFEESCRHECTORBEVER8336521TRANSFER21,0.0,15000.0,279223.61,TRANSFER
2019-06-14,MUMBAIFORTC ACFEESCRHECTORBEVER8336520TRANSFER23,0.0,14516.0,293739.61,TRANSFER
2019-06-15,TIRUMANGALAMCASHDEPOSITCRDepositbySELF,0.0,170000.0,463739.61,CASH
2019-06-15,TIRUMANGALAMBYCHQ TTTFRCRkishoremarketing,0.0,28035.0,491774.61,CHQ
2019-06-17,SERVICEBRANCHCHENNAICHEQUEDEPO00001203CRKARURVYSYABANKLTD0446CTSCLG001203CLG001203 KVB,0.0,20048.0,511822.61,CHQ
2019-06-17,SERVICEBRANCHCHENNAICHEQUEDEPO00900243CRCANARABANK0446CTSG900243 CAB,0.0,1213.0,513035.61,CHQ
2019-06-17,SERVICEBRANCHCHENNAICHEQUEDEPO00365558CRUTIBANKLTD0446CTSG,0.0,11336.0,524371.61,CHQ
2019-06-17,SERVICEBRANCHCHENNAICHEQUEDEPO00000425CRCITYUNIONBANKLTD0446CTSCLG000425CLG000425 CUB,0.0,2695.0,527066.61,CHQ
2019-06-17,SERVICEBRANCHCHENNAICHEQUEDEPO00007122CRCITYUNIONBANKLTD0446CTSCLG007122CLG007122 CUB,0.0,2737.0,529803.61,CHQ
2019-06-17,SERVICEBRANCHCHENNAICHEQUEDEPO00041101CRANDHRABANK0446CTSG041101 ANB,0.0,6401.0,536204.61,CHQ
2019-06-17,SERVICEBRANCHCHENNAICHEQUEDEPO00008226CRSOUTHINDIANBANKLTD0446CTSCLG008226CLG008226 SIB,0.0,9866.0,546070.61,CHQ
2019-06-17,SERVICEBRANCHCHENNAICHEQUEDEPO00570177CRINDIANOVERSEASBANK0446CTSG570177 IOB,0.0,1920.0,547990.61,CHQ
2019-06-17,SERVICEBRANCHCHENNAICHEQUEDEPO00118431CRUTIBANKLTD0446CTSG,0.0,5290.0,553280.61,CHQ
2019-06-17,MUMBAIFORTC ACFEESCRSHOPPINGSINGAP1561TRANSFER27,0.0,9736.0,563016.61,TRANSFER
2019-06-17,MUMBAIFORTC ACFEESkpnCRfarmfreshp896TRANSFER28,0.0,13610.0,576626.61,TRANSFER
2019-06-17,TIRUMANGALAMBYCHQ TTTFRCRALICEFAMILYTOKISHOREMKTG,0.0,4767.0,581393.61,CHQ
2019-06-17,TIRUMANGALAMBYCHQ TTTFRCRALICEFAMILYTOKISHOREMKTG,0.0,9699.0,591092.61,CHQ
2019-06-17,TIRUMANGALAMCASHDEPOSITCRDepositbySELF,0.0,350000.0,941092.61,CASH
2019-06-17,MUMBAIFORTC ACFEESCRLIMRASENTE8087TRANSFE126,0.0,10413.0,951505.61,TRANSFER
2019-06-17,MUMBAIFORTC ACFEESCRLIMRASENTE8041TRANSFE127,0.0,2475.0,953980.61,TRANSFER
2019-06-17,MUMBAIFORTC ACFEESSRICRMEENAKSHIAM844TRANSFER27,0.0,4413.0,958393.61,TRANSFER
2019-06-17,CASHDEPCRCHRGSOTHER,150.0,0.0,958243.61,DEPOSIT-CHARGES
2019-06-18,MUMBAIFORTC ACFEESKSCRNSUPERMARK566TRANSFER27,0.0,4231.0,962474.61,TRANSFER
2019-06-18,MUMBAIFORTWITHDRAWALTRANSFERINBISCOCRINDIAPV050TRANSFER24,200014.0,0.0,762460.61,TRANSFER
2019-06-18,SERVICEBRANCHCHENNAICHEQUEDEPO00584016CRSYNDICATEBANK0446CTSG584016 SYB,0.0,7534.0,769994.61,CHQ
2019-06-18,SERVICEBRANCHCHENNAICHEQUEDEPO00187889CR2590446CTSG,0.0,1894.0,771888.61,CHQ
2019-06-18,SERVICEBRANCHCHENNAICHEQUEDEPO00645863CRUNITEDBANKOFINDIA0446CTSCLG645863CLG,0.0,1894.0,773782.61,CHQ
2019-06-18,SERVICEBRANCHCHENNAICHEQUEDEPO00004749CR2400446CTSG,0.0,4568.0,778350.61,CHQ
2019-06-18,SERVICEBRANCHCHENNAICHEQUEDEPO00020817CRKARURVYSYABANKLTD0446CTSCLG020817CLG020817 KVB,0.0,8067.0,786417.61,CHQ
2019-06-18,SERVICEBRANCHCHENNAICHEQUEDEPO00293507CRUTIBANKLTD0446CTSG,0.0,7910.0,794327.61,CHQ
2019-06-18,SERVICEBRANCHCHENNAICHEQUEDEPO00719597CRUTIBANKLTD0446CTSG,0.0,4277.0,798604.61,CHQ
2019-06-18,TIRUMANGALAMBYCHQ TTTFRCRKISHOREMARKETING,0.0,11962.0,810566.61,CHQ
2019-06-18,TIRUMANGALAMBYCHQ TTTFRCRKISHOREMARKETING,0.0,5990.0,816556.61,CHQ
2019-06-18,MUMBAIFORTC ACFEESCRSANTHOSHSUPERM998TRANSFER28,0.0,6680.0,823236.61,TRANSFER
2019-06-18,MUMBAIFORTC ACFEESCRSANTHOSHSUPERM997TRANSFER21,0.0,5241.0,828477.61,TRANSFER
2019-06-18,MUMBAIFORTC ACFEESCRSANTHOSHSUPERM358TRANSFER20,0.0,7960.0,836437.61,TRANSFER
2019-06-18,MUMBAIFORTC ACFEESCRSARAVANAST3758327TRANSFER21,0.0,47080.0,883517.61,TRANSFER
2019-06-19,SERVICEBRANCHCHENNAITOCLGCHQ00898713CRSURIYAAGENCIES,197403.0,0.0,686114.61,CHQ
2019-06-19,SERVICEBRANCHCHENNAICHEQUEDEPO00041344CRANDHRABANK0446CTSG041344 ANB,0.0,1934.0,688048.61,CHQ
2019-06-19,SERVICEBRANCHCHENNAICHEQUEDEPO00008227CRSOUTHINDIANBANKLTD0446CTSCLG008227CLG008227 SIB,0.0,9774.0,697822.61,CHQ
2019-06-19,SERVICEBRANCHCHENNAICHEQUEDEPO00001151CR2400446CTSG,0.0,9385.0,707207.61,CHQ
2019-06-19,SERVICEBRANCHCHENNAICHEQUEDEPO00008281CRSOUTHINDIANBANKLTD0446CTSCLG008281CLG008281 SIB,0.0,8456.0,715663.61,CHQ
2019-06-19,SERVICEBRANCHCHENNAICHEQUEDEPO00288706CRUTIBANKLTD0446CTSG,0.0,6742.0,722405.61,CHQ
2019-06-19,SERVICEBRANCHCHENNAICHEQUEDEPO00104847CRTAMILNADUSTATEAPEXCOO0446CTSG,0.0,1045.0,723450.61,CHQ
2019-06-19,SERVICEBRANCHCHENNAICHEQUEDEPO00022013CRANDHRABANK0446CTSG022013 ANB,0.0,23568.0,747018.61,CHQ
2019-06-19,SERVICEBRANCHCHENNAICHEQUEDEPO00158948CRANDHRABANK0588CTSCHQ158948,0.0,1862.0,748880.61,CHQ
2019-06-19,TIRUMANGALAMCASHDEPOSITCRDepositbySELF,0.0,100000.0,848880.61,CASH
2019-06-19,MUMBAIFORTC ACFEESCRSANTHOSHSUPERM118TRANSFER24,0.0,8185.0,857065.61,TRANSFER
2019-06-20,SERVICEBRANCHCHENNAITOCLGCHQ00898711CR,84601.0,0.0,772464.61,CHQ
2019-06-20,MUMBAIFORTC ACFEESCRMCRENNETTF5083793TRANSFER26,0.0,776.0,773240.61,TRANSFER
2019-06-20,SERVICEBRANCHCHENNAICHEQUEDEPO00000027CR2400446CTSG,0.0,8285.0,781525.61,OUTWARD-RETURN
2019-06-20,SERVICEBRANCHCHENNAICHEQUEDEPO00000993CRKARURVYSYABANKLTD0446CTSCLG000993CLG000993 KVB,0.0,1660.0,783185.61,CHQ
2019-06-20,SERVICEBRANCHCHENNAICHEQUEDEPO00001056CRKARURVYSYABANKLTD0446CTSCLG001056CLG001056 KVB,0.0,15068.0,798253.61,CHQ
2019-06-20,SERVICEBRANCHCHENNAICHEQUEDEPO00304413CR2590446CTSG,0.0,2137.0,800390.61,CHQ
2019-06-20,SERVICEBRANCHCHENNAICHEQUEDEPO00396886CRSYNDICATEBANK0446CTSG396886 SYB,0.0,1220.0,801610.61,CHQ
2019-06-20,SERVICEBRANCHCHENNAICHEQUEDEPO00423991CRSTATEBANKOFINDIA0446CTSG423991 SBI,0.0,1250.0,802860.61,CHQ
2019-06-20,SERVICEBRANCHCHENNAICHEQUEDEPO00776726CR2340446CTSG,0.0,1350.0,804210.61,CHQ
2019-06-20,SERVICEBRANCHCHENNAICHEQUEDEPO00041279CRANDHRABANK0446CTSCHQ051279,0.0,7440.0,811650.61,CHQ
2019-06-20,SERVICEBRANCHCHENNAICHEQUEDEPO00005798CRKARURVYSYABANKLTD0446CTSCLG005798CLG005798 KVB,0.0,1271.0,812921.61,CHQ
2019-06-20,SERVICEBRANCHCHENNAICHEQUEDEPO00900250CRCANARABANK0446CTSG900250 CAB,0.0,1314.0,814235.61,CHQ
2019-06-20,SERVICEBRANCHCHENNAICHEQUEDEPO00001152CR2400446CTSG,0.0,10000.0,824235.61,CHQ
2019-06-20,SERVICEBRANCHCHENNAICHEQUEDEPO00291196CRUTIBANKLTD0446CTSG,0.0,8000.0,832235.61,CHQ
2019-06-20,SERVICEBRANCHCHENNAICHEQUEDEPO00476772CRPUNJABNATIONALBANK0446CTSG476772 PNB,0.0,2539.0,834774.61,CHQ
2019-06-20,TIRUMANGALAMBYCHQ TTTFRCRKISHOREMARKETING,0.0,1592.0,836366.61,CHQ
2019-06-20,TIRUMANGALAMCASHDEPOSITCRDepositbySELF,0.0,120000.0,956366.61,CASH
2019-06-20,MUMBAIFORTC ACFEESCRLEAFINGROCERYP027TRANSFER27,0.0,6147.0,962513.61,TRANSFER
2019-06-20,SERVICEBRANCHCHENNAIOUTCHQRETCRFundsinsufficient,8285.0,0.0,954228.61,OUTWARD-RETURN
2019-06-20,SERVICEBRANCHCHENNAICHQDISHONOURCR,250.0,0.0,953978.61,INWARD-CHARGES
2019-06-20,MUMBAIFORTC ACFEESCRAMMANFRUITS081TRANSFER26,0.0,29335.0,983313.61,TRANSFER
2019-06-21,MUMBAIFORTC ACFEESCRSARAVANAST6020088TRANSFER24,0.0,57689.0,1041002.61,TRANSFER
2019-06-21,MUMBAIFORTC ACFEESCRSANTHOSHSUPERM198TRANSFER20,0.0,6417.0,1047419.61,TRANSFER
2019-06-21,SERVICEBRANCHCHENNAICHEQUEDEPO00294075CRUTIBANKLTD0446CTSG,0.0,11000.0,1058419.61,CHQ
2019-06-21,SERVICEBRANCHCHENNAICHEQUEDEPO00352765CRFEDERALBANKLTD0446CTSG352765 FBI,0.0,2235.0,1060654.61,CHQ
2019-06-21,SERVICEBRANCHCHENNAICHEQUEDEPO00291197CRUTIBANKLTD0446CTSG,0.0,8834.0,1069488.61,CHQ
2019-06-21,SERVICEBRANCHCHENNAICHEQUEDEPO00000938CRICICIBANKINGCORPORATION0446CTSG,0.0,1891.0,1071379.61,CHQ
2019-06-21,SERVICEBRANCHCHENNAICHEQUEDEPO00176312CR2590446CTSG,0.0,585.0,1071964.61,CHQ
2019-06-21,SERVICEBRANCHCHENNAICHEQUEDEPO00001444CRKARURVYSYABANKLTD0446CTSCLG001444CLG001444 KVB,0.0,2750.0,1074714.61,CHQ
2019-06-21,SERVICEBRANCHCHENNAICHEQUEDEPO00021984CRANDHRABANK0446CTSCHQ021984,0.0,2239.0,1076953.61,CHQ
2019-06-21,MUMBAIFORTWITHDRAWALTRANSFERCRREDBULLINDIAP301TRANSFER24,200014.0,0.0,876939.61,TRANSFER
2019-06-21,SERVICEBRANCHCHENNAICHEQUEDEPO00030394CRICICIBANKINGCORPORATION0446CTSG,0.0,1672.0,878611.61,CHQ
2019-06-21,TIRUMANGALAMBYCHQ TTTFRCRKISHOREMARKETING,0.0,3704.0,882315.61,CHQ
2019-06-21,TIRUMANGALAMBYCHQ TTTFRCRKISHOREMARKETING,0.0,1652.0,883967.61,CHQ
2019-06-21,MUMBAIFORTC ACFEESCRSANTHOSHSUPERM899TRANSFER29,0.0,7185.0,891152.61,TRANSFER
2019-06-21,MUMBAIFORTWITHDRAWALTRANSFERCRSNJSugarsandp035TRANSFER24,96506.0,0.0,794646.61,TRANSFER
2019-06-24,MUMBAIFORTC ACFEESkpnCRfarmfreshp192TRANSFER21,0.0,10711.0,805357.61,TRANSFER
2019-06-24,SERVICEBRANCHCHENNAICHEQUEDEPO00088405CRTAMILNADMERCANTILEBANK0446CTSG088405 TMB,0.0,893.0,806250.61,CHQ
2019-06-24,SERVICEBRANCHCHENNAICHEQUEDEPO00825323CRTAMILNADMERCANTILEBANK0446CTSG825323 TMB,0.0,2016.0,808266.61,CHQ
2019-06-24,SERVICEBRANCHCHENNAICHEQUEDEPO00007677CRANDHRABANK0446CTSG007677 ANB,0.0,2304.0,810570.61,CHQ
2019-06-24,SERVICEBRANCHCHENNAICHEQUEDEPO00774385CRUNITEDBANKOFINDIA0446CTSCLG774385CLG,0.0,651.0,811221.61,CHQ
2019-06-24,SERVICEBRANCHCHENNAICHEQUEDEPO00000037CR4850446CTSG000037 KMB,0.0,817.0,812038.61,CHQ
2019-06-24,SERVICEBRANCHCHENNAICHEQUEDEPO00591590CRSTATEBANKOFINDIA0446CTSG591590 SBI,0.0,2719.0,814757.61,CHQ
2019-06-24,SERVICEBRANCHCHENNAICHEQUEDEPO00828095CRTAMILNADMERCANTILEBANK0446CTSG828095 TMB,0.0,1397.0,816154.61,CHQ
2019-06-24,SERVICEBRANCHCHENNAICHEQUEDEPO00294076CRUTIBANKLTD0446CTSG,0.0,11285.0,827439.61,CHQ
2019-06-24,SERVICEBRANCHCHENNAICHEQUEDEPO00293508CRUTIBANKLTD0446CTSG,0.0,2594.0,830033.61,CHQ
2019-06-24,SERVICEBRANCHCHENNAICHEQUEDEPO00040639CRBANKOFINDIA0446CTSG040639 BOI,0.0,5079.0,835112.61,CHQ
2019-06-24,MUMBAIFORTC ACFEESCRSANTHOSHSUPERM703TRANSFER27,0.0,1334.0,836446.61,TRANSFER
2019-06-24,MUMBAIFORTC ACFEESCRANNAISUPERMAR9700TRANSFER23,0.0,6029.0,842475.61,TRANSFER
2019-06-25,MUMBAIFORTC ACFEESCRVIKPRIHOME71DCTRANSFE124,0.0,7675.0,850150.61,TRANSFER
2019-06-25,TIRUMANGALAMBYCHQ TTTFRCRACTFR,0.0,5990.0,856140.61,CHQ
2019-06-25,SERVICEBRANCHCHENNAICHEQUEDEPO00645972CRUNITEDBANKOFINDIA0446CTSCLG645972CLG,0.0,900.0,857040.61,CHQ
2019-06-25,SERVICEBRANCHCHENNAICHEQUEDEPO00023690CR2400446CTSG,0.0,14831.0,871871.61,CHQ
2019-06-25,SERVICEBRANCHCHENNAICHEQUEDEPO00132664CRANDHRABANK0446CTSG132664 ANB,0.0,1383.0,873254.61,CHQ
2019-06-25,TIRUMANGALAMCASHDEPOSITCRDepositbySELF,0.0,50000.0,923254.61,CASH
2019-06-25,SERVICEBRANCHCHENNAICHEQUEDEPO00022156CRANDHRABANK0446CTSG022156 ANB,0.0,1536.0,924790.61,CHQ
2019-06-25,SERVICEBRANCHCHENNAICHEQUEDEPO00447393CR2590446CTSG,0.0,990.0,925780.61,CHQ
2019-06-25,SERVICEBRANCHCHENNAICHEQUEDEPO00041462CRANDHRABANK0446CTSCHQ051462,0.0,2208.0,927988.61,CHQ
2019-06-25,SERVICEBRANCHCHENNAICHEQUEDEPO00646079CRUNITEDBANKOFINDIA0446CTSCLG646079CLG,0.0,6418.0,934406.61,CHQ
2019-06-25,SERVICEBRANCHCHENNAICHEQUEDEPO00302348CRTAMILNADMERCANTILEBANK0446CTSG302348 TMB,0.0,2500.0,936906.61,CHQ
2019-06-25,MUMBAIFORTWITHDRAWALTRANSFERMARSINTERNATIONAIDIBH19176173502CRTRANSFER24,500029.0,0.0,436877.61,TRANSFER
2019-06-25,SERVICEBRANCHCHENNAICHEQUEDEPO00003127CR2400446CTSG,0.0,3195.0,440072.61,CHQ
2019-06-25,SERVICEBRANCHCHENNAICHEQUEDEPO00438842CRSTATEBANKOFINDIA0446CTSG438842 SBI,0.0,7800.0,447872.61,CHQ
2019-06-25,SERVICEBRANCHCHENNAICHEQUEDEPO00424004CRSTATEBANKOFINDIA0446CTSG424004 SBI,0.0,2235.0,450107.61,CHQ
2019-06-25,SERVICEBRANCHCHENNAICHEQUEDEPO00909285CRINDIANOVERSEASBANK0446CTSG909285 IOB,0.0,4444.0,454551.61,CHQ
2019-06-25,SERVICEBRANCHCHENNAICHEQUEDEPO00001303CRKARURVYSYABANKLTD0446CTSCLG001303CLG001303 KVB,0.0,8238.0,462789.61,CHQ
2019-06-25,SERVICEBRANCHCHENNAICHEQUEDEPO00742212CRINDIANOVERSEASBANK0446CTSG742212 IOB,0.0,1353.0,464142.61,CHQ
2019-06-25,SERVICEBRANCHCHENNAICHEQUEDEPO00448187CR2590446CTSG,0.0,2465.0,466607.61,CHQ
2019-06-25,SERVICEBRANCHCHENNAICHEQUEDEPO00077591CR2590446CTSG,0.0,1338.0,467945.61,CHQ
2019-06-25,MUMBAIFORTC ACFEESCRSANTHOSHSUPERM757TRANSFER28,0.0,3788.0,471733.61,TRANSFER
2019-06-25,MUMBAIFORTC ACFEESCRSANTHOSHSUPERM641TRANSFER24,0.0,20620.0,492353.61,TRANSFER
2019-06-25,MUMBAIFORTC ACFEESCRSANTHOSHSUPERM411TRANSFER23,0.0,44046.0,536399.61,TRANSFER
2019-06-25,MUMBAIFORTC ACFEESCRSANTHOSHSUPERM556TRANSFER25,0.0,9387.0,545786.61,TRANSFER
2019-06-25,MUMBAIFORTC ACFEESCRSANTHOSHSUPERM703TRANSFER27,0.0,3747.0,549533.61,TRANSFER
2019-06-25,MUMBAIFORTC ACFEESCRSANTHOSHSUPERM927TRANSFER26,0.0,4255.0,553788.61,TRANSFER
2019-06-25,MUMBAIFORTC ACFEESCRSANTHOSHSUPERM431TRANSFER26,0.0,42084.0,595872.61,TRANSFER
2019-06-25,MUMBAIFORTC ACFEESCRLIMRASENTE7836TRANSFE126,0.0,11543.0,607415.61,TRANSFER
2019-06-25,MUMBAIFORTC ACFEESSRICRMEENAKSHIAM896TRANSFER28,0.0,3205.0,610620.61,TRANSFER
2019-06-26,MUMBAIFORTC ACFEESCRPONNUSUPER9017263TRANSFER21,0.0,19588.0,630208.61,TRANSFER
2019-06-26,SERVICEBRANCHCHENNAICHEQUEDEPO00000582CRUCOBANK0446CTSCLG000582CLG000582 UCO,0.0,7329.0,637537.61,CHQ
2019-06-26,SERVICEBRANCHCHENNAICHEQUEDEPO00986496CRINDIANOVERSEASBANK0446CTSG986496 IOB,0.0,5861.0,643398.61,CHQ
2019-06-26,SERVICEBRANCHCHENNAICHEQUEDEPO00009933CR4850446CTSG009933 KMB,0.0,3350.0,646748.61,CHQ
2019-06-26,SERVICEBRANCHCHENNAICHEQUEDEPO00000293CRCITYUNIONBANKLTD0446CTSCLG000293CLG000293 CUB,0.0,457.0,647205.61,CHQ
2019-06-26,TIRUMANGALAMCASHDEPOSITCRDepositbySELF,0.0,110000.0,757205.61,CASH
2019-06-26,MUMBAIFORTC ACFEESCRANNANAGARSUPE6098TRANSFER28,0.0,7145.0,764350.61,TRANSFER
2019-06-26,MUMBAIFORTC ACFEESSRICRMEENAKSHIAM944TRANSFER23,0.0,3932.0,768282.61,TRANSFER
2019-06-26,TIRUMANGALAMBULKCHARGESCRSMSALERTCHARGESQ,15.0,0.0,768267.61,BANK-CHARGES
2019-06-27,TIRUMANGALAMBYCHQ TTTFRCRWILLIYAMSTOKISHOREMKTG,0.0,1239.0,769506.61,CHQ
2019-06-27,TIRUMANGALAMCASHDEPOSITCRDepositbySELF,0.0,175000.0,944506.61,CASH
2019-06-27,ATMSERVICEBYTRANSFERCRBRANCH IMPS 509 opbyJAYAPTRANSFE461,0.0,5751.0,950257.61,IMPS
2019-06-27,MUMBAIFORTWITHDRAWALTRANSFERCRREDBULLINDIAP509TRANSFER24,85006.0,0.0,865251.61,TRANSFER
2019-06-28,SERVICEBRANCHCHENNAICHEQUEDEPO00002330CRANDHRABANK0446CTSCHQ002330,0.0,5201.0,870452.61,CHQ
2019-06-28,SERVICEBRANCHCHENNAICHEQUEDEPO00041444CRANDHRABANK0446CTSCHQ041444,0.0,4765.0,875217.61,CHQ
2019-06-28,SERVICEBRANCHCHENNAICHEQUEDEPO00023691CR2400446CTSG,0.0,3487.0,878704.61,CHQ
2019-06-28,SERVICEBRANCHCHENNAICHEQUEDEPO00923171CRINDIANOVERSEASBANK0446CTSG923171 IOB,0.0,3360.0,882064.61,CHQ
2019-06-28,SERVICEBRANCHCHENNAICHEQUEDEPO00962848CRINDIANOVERSEASBANK0446CTSG962848 IOB,0.0,2105.0,884169.61,CHQ
2019-06-28,SERVICEBRANCHCHENNAICHEQUEDEPO00883629CRSYNDICATEBANK0446CTSG883629 SYB,0.0,4500.0,888669.61,CHQ
2019-06-28,SERVICEBRANCHCHENNAICHEQUEDEPO00016516CRSOUTHINDIANBANKLTD0446CTSCLG016516CLG016516 SIB,0.0,10378.0,899047.61,OUTWARD-RETURN
2019-06-28,SERVICEBRANCHCHENNAICHEQUEDEPO00126704CRUTIBANKLTD0446CTSG,0.0,3288.0,902335.61,CHQ
2019-06-28,SERVICEBRANCHCHENNAICHEQUEDEPO00041564CRANDHRABANK0446CTSG041564 ANB,0.0,1703.0,904038.61,CHQ
2019-06-28,SERVICEBRANCHCHENNAICHEQUEDEPO00118468CRUTIBANKLTD0446CTSG,0.0,3652.0,907690.61,CHQ
2019-06-28,SERVICEBRANCHCHENNAICHEQUEDEPO00614488CRSYNDICATEBANK0446CTSG614488 SYB,0.0,1788.0,909478.61,CHQ
2019-06-28,SERVICEBRANCHCHENNAICHEQUEDEPO00309007CRSYNDICATEBANK0446CTSG309007 SYB,0.0,6475.0,915953.61,CHQ
2019-06-28,SERVICEBRANCHCHENNAICHEQUEDEPO00142073CRANDHRABANK0446CTSG142073 ANB,0.0,2127.0,918080.61,CHQ
2019-06-28,SERVICEBRANCHCHENNAICHEQUEDEPO00000697CR2400446CTSG,0.0,3683.0,921763.61,CHQ
2019-06-28,SERVICEBRANCHCHENNAICHEQUEDEPO00041145CRANDHRABANK0446CTSG041145 ANB,0.0,4933.0,926696.61,CHQ
2019-06-28,SERVICEBRANCHCHENNAICHEQUEDEPO00233477CRUTIBANKLTD0446CTSG,0.0,4325.0,931021.61,CHQ
2019-06-28,SERVICEBRANCHCHENNAICHEQUEDEPO00000205CR2400446CTSG,0.0,2484.0,933505.61,CHQ
2019-06-28,TIRUMANGALAMCASHDEPOSITCRDepositbySELF,0.0,90000.0,1023505.61,CASH
2019-06-28,MUMBAIFORTWITHDRAWALTRANSFERMARSINTERNATIONAIDIBH19179349770CRTRANSFER24,500029.0,0.0,523476.61,TRANSFER
2019-06-28,MUMBAIFORTC ACFEESSRICRFIRSTCAREP687TRANSFER29,0.0,733.0,524209.61,TRANSFER
2019-06-28,SERVICEBRANCHCHENNAIOUTCHQRETCRFundsinsufficient,10378.0,0.0,513831.61,OUTWARD-RETURN
2019-06-28,SERVICEBRANCHCHENNAICHQDISHONOURCR,250.0,0.0,513581.61,INWARD-CHARGES
2019-06-28,SERVICEBRANCHCHENNAINOFEESCROtherreaonsConnectivityfailure,1788.0,0.0,511793.61,TRANSFER
2019-06-29,SERVICEBRANCHCHENNAICHEQUEDEPO00000456CRCITYUNIONBANKLTD0446CTSCLG000456CLG000456 CUB,0.0,4063.0,515856.61,CHQ
2019-06-29,SERVICEBRANCHCHENNAICHEQUEDEPO00483640CRTAMILNADMERCANTILEBANK0446CTSG483640 TMB,0.0,3914.0,519770.61,CHQ
2019-06-29,SERVICEBRANCHCHENNAICHEQUEDEPO00108706CRBANKOFMAHARASHTRA0446CTSG108706 BOM,0.0,5874.0,525644.61,CHQ
2019-06-29,SERVICEBRANCHCHENNAICHEQUEDEPO00590244CR2590446CTSG,0.0,3787.0,529431.61,CHQ
2019-06-29,SERVICEBRANCHCHENNAICHEQUEDEPO00296521CR2590446CTSG,0.0,1035.0,530466.61,CHQ
2019-06-29,SERVICEBRANCHCHENNAICHEQUEDEPO00040669CRBANKOFINDIA0446CTSG040669 BOI,0.0,5495.0,535961.61,CHQ
2019-06-29,SERVICEBRANCHCHENNAICHEQUEDEPO00191842CRTAMILNADMERCANTILEBANK0446CTSG191842 TMB,0.0,1741.0,537702.61,CHQ
2019-06-29,TIRUMANGALAMCASHDEPOSITCRDepositbySELF,0.0,90000.0,627702.61,CASH
2019-06-29,MUMBAIFORTWITHDRAWALTRANSFERINBISCOCRINDIAPV890TRANSFER24,270029.0,0.0,357673.61,TRANSFER
2019-06-29,MUMBAIFORTC ACFEESCRLIMRASENTE2454TRANSFE126,0.0,7111.0,364784.61,TRANSFER
2019-06-29,MUMBAIFORTWITHDRAWALTRANSFERHECTORBEVERAGESPIDIBH19180427651CRTRANSFER24,100006.0,0.0,264778.61,TRANSFER
2019-06-29,MUMBAIFORTC ACFEESCRAMMANFRUITS111TRANSFER21,0.0,9751.0,274529.61,TRANSFER
2019-07-01,TIRUMANGALAMBYCHQ TTTFRCRNEWVENMEDTOKISHOREMKTG,0.0,410.0,274939.61,CHQ
2019-07-01,TIRUMANGALAMBYCHQ TTTFRCRCHENNAIFOODSTOKISHOREMKTG,0.0,7087.0,282026.61,CHQ
2019-07-01,TIRUMANGALAMCASHDEPOSITCRDepositbySELF,0.0,80000.0,362026.61,CASH
2019-07-01,MUMBAIFORTC ACFEESCRVENKATESWARA792523TRANSFER21,0.0,4018.0,366044.61,TRANSFER
2019-07-01,MUMBAIFORTC ACFEESCRANNAISUPERMAR1212TRANSFER27,0.0,3943.0,369987.61,TRANSFER
2019-07-02,MUMBAIFORTC ACFEESCRPONNUSUPER5021915TRANSFER20,0.0,9559.0,379546.61,TRANSFER
2019-07-02,TIRUMANGALAMBYCHQ TTTFRCRKOKPAZHAMUDIRTOKISHOREMKTG,0.0,8941.0,388487.61,CHQ
2019-07-02,TIRUMANGALAMCASHDEPOSITCRDepositbySELF,0.0,730000.0,1118487.61,CASH
2019-07-02,SERVICEBRANCHCHENNAICHEQUEDEPO00071764CRDENABANK0446CTSG071764 DEB,0.0,1125.0,1119612.61,CHQ
2019-07-02,SERVICEBRANCHCHENNAICHEQUEDEPO00564296CRCANARABANK0446CTSG564296 CAB,0.0,2947.0,1122559.61,CHQ
2019-07-02,SERVICEBRANCHCHENNAICHEQUEDEPO00000009CRINDIANOVERSEASBANK0446CTSG000009 IOB,0.0,11154.0,1133713.61,CHQ
2019-07-02,SERVICEBRANCHCHENNAICHEQUEDEPO00020341CRORIENTALBANKOFCOMMERCE0446CTSG020341 OBC,0.0,1648.0,1135361.61,CHQ
2019-07-02,SERVICEBRANCHCHENNAICHEQUEDEPO00011494CRICICIBANKINGCORPORATION0446CTSG,0.0,10085.0,1145446.61,CHQ
2019-07-02,SERVICEBRANCHCHENNAICHEQUEDEPO00022437CRUTIBANKLTD0446CTSG,0.0,3059.0,1148505.61,CHQ
2019-07-02,SERVICEBRANCHCHENNAICHEQUEDEPO00774387CRUNITEDBANKOFINDIA0446CTSCLG774387CLG,0.0,1372.0,1149877.61,CHQ
2019-07-02,SERVICEBRANCHCHENNAICHEQUEDEPO00000234CRUCOBANK0446CTSCLG000234CLG000234 UCO,0.0,934.0,1150811.61,CHQ
2019-07-02,SERVICEBRANCHCHENNAICHEQUEDEPO00022166CRICICIBANKINGCORPORATION0446CTSG,0.0,140000.0,1290811.61,CHQ
2019-07-02,SERVICEBRANCHCHENNAICHEQUEDEPO00004382CR2400446CTSG,0.0,8285.0,1299096.61,CHQ
2019-07-02,SERVICEBRANCHCHENNAICHEQUEDEPO00022025CRANDHRABANK0446CTSG022025 ANB,0.0,4116.0,1303212.61,CHQ
2019-07-02,SERVICEBRANCHCHENNAICHEQUEDEPO00002280CRKARURVYSYABANKLTD0446CTSCLG002280CLG002282 KVB,0.0,1894.0,1305106.61,CHQ
2019-07-02,SERVICEBRANCHCHENNAICHEQUEDEPO00022615CRUTIBANKLTD0446CTSG,0.0,2611.0,1307717.61,CHQ
2019-07-02,SERVICEBRANCHCHENNAICHEQUEDEPO00483610CRTAMILNADMERCANTILEBANK0446CTSG483610 TMB,0.0,2422.0,1310139.61,CHQ
2019-07-02,SERVICEBRANCHCHENNAICHEQUEDEPO00547359CRFEDERALBANKLTD0446CTSG547359 FBI,0.0,8000.0,1318139.61,CHQ
2019-07-02,MUMBAIFORTWITHDRAWALTRANSFERMARSINTERNATIONAIDIBH19183131651CRTRANSFER24,500028.0,0.0,818111.61,TRANSFER
2019-07-02,MUMBAIFORTWITHDRAWALTRANSFERINVENTZLIFESCIENIDIBH19183131915CRTRANSFER24,63848.0,0.0,754263.61,TRANSFER
2019-07-02,MUMBAIFORTC ACFEESCRSANTHOSHSUPERM588TRANSFER23,0.0,3360.0,757623.61,TRANSFER
2019-07-02,MUMBAIFORTC ACFEESCRKARUVALURMARIA6727TRANSFER29,0.0,14698.0,772321.61,TRANSFER
2019-07-02,MUMBAIFORTC ACFEESCRSANTHOSHSUPERM036TRANSFER25,0.0,4255.0,776576.61,TRANSFER
2019-07-02,MUMBAIFORTC ACFEESCRSANTHOSHSUPERM949TRANSFER27,0.0,3894.0,780470.61,TRANSFER
2019-07-02,MUMBAIFORTC ACFEESCRSANTHOSHSUPERM206TRANSFER24,0.0,9980.0,790450.61,TRANSFER
2019-07-02,MUMBAIFORTC ACFEESCRSANTHOSHSUPERM000TRANSFER28,0.0,5220.0,795670.61,TRANSFER
2019-07-02,CASHDEPCRCHRGSOTHER,530.0,0.0,795140.61,DEPOSIT-CHARGES
2019-07-03,MUMBAIFORTC ACFEESCRMERCYSUPER2467114TRANSFER23,0.0,1150.0,796290.61,TRANSFER
2019-07-03,SERVICEBRANCHCHENNAICHEQUEDEPO00022262CRANDHRABANK0446CTSG022262 ANB,0.0,6872.0,803162.61,CHQ
2019-07-03,SERVICEBRANCHCHENNAICHEQUEDEPO00591614CRSTATEBANKOFINDIA0446CTSG591614 SBI,0.0,12730.0,815892.61,CHQ
2019-07-03,SERVICEBRANCHCHENNAICHEQUEDEPO00040686CRBANKOFINDIA0446CTSG040686 BOI,0.0,3854.0,819746.61,CHQ
2019-07-03,SERVICEBRANCHCHENNAICHEQUEDEPO00041515CRKARNATAKABANKLTD,0.0,22139.0,841885.61,CHQ
2019-07-03,SERVICEBRANCHCHENNAICHEQUEDEPO00001211CRKARURVYSYABANKLTD0446CTSCLG001211CLG001211 KVB,0.0,6626.0,848511.61,CHQ
2019-07-03,SERVICEBRANCHCHENNAICHEQUEDEPO00654945CRTAMILNADMERCANTILEBANK0446CTSG654945 TMB,0.0,11284.0,859795.61,CHQ
2019-07-03,SERVICEBRANCHCHENNAICHEQUEDEPO00001122CRKARURVYSYABANKLTD0446CTSCLG001122CLG001122 KVB,0.0,8080.0,867875.61,CHQ
2019-07-03,SERVICEBRANCHCHENNAICHEQUEDEPO00001183CRKARURVYSYABANKLTD0446CTSCLG001183CLG001183 KVB,0.0,2332.0,870207.61,CHQ
2019-07-03,SERVICEBRANCHCHENNAICHEQUEDEPO00000247CR2400446CTSG,0.0,7134.0,877341.61,CHQ
2019-07-03,SERVICEBRANCHCHENNAICHEQUEDEPO00001703CRKARURVYSYABANKLTD0446CTSCLG001703CLG001703 KVB,0.0,19679.0,897020.61,CHQ
2019-07-03,SERVICEBRANCHCHENNAICHEQUEDEPO00388812CRSYNDICATEBANKSYB0446CTSG388812 SYB,0.0,1127.0,898147.61,CHQ
2019-07-03,ATMSERVICEBYTRANSFERCRBRANCH IMPS 528 peppermintTRANSFER61,0.0,5486.0,903633.61,IMPS
2019-07-03,MUMBAIFORTC ACFEESCRMCRENNETTF6688839TRANSFER21,0.0,547.0,904180.61,TRANSFER
2019-07-04,MUMBAIFORTRTGSINWCRKARTHIKEYANBRTGSTRANSFE120,0.0,1000000.0,1904180.61,RTGS
2019-07-04,MUMBAIFORTRTGSINWCRKARTHIKEYANBRTGSTRANSFE120,0.0,1000000.0,2904180.61,RTGS
2019-07-04,ATMSERVICEBYTRANSFERCRBRANCH IMPS 548 opbyJAYAPTRANSFE461,0.0,4955.0,2909135.61,IMPS
2019-07-04,MUMBAIFORTC ACFEESCRLEAFINGROCERYP311TRANSFER21,0.0,7094.0,2916229.61,TRANSFER
2019-07-04,MUMBAIFORTC ACFEESCRLEAFINGROCERYP612TRANSFER26,0.0,854.0,2917083.61,TRANSFER
2019-07-04,MUMBAIFORTWITHDRAWALTRANSFERMARSINTERNATIONAIDIBH19185246130CRTRANSFER24,600028.0,0.0,2317055.61,TRANSFER
2019-07-04,MUMBAIFORTC ACFEESCRAMMANFRUITS967TRANSFER27,0.0,4590.0,2321645.61,TRANSFER
2019-07-05,SERVICEBRANCHCHENNAICHEQUEDEPO00077593CR2590446CTSG,0.0,1000.0,2322645.61,CHQ
2019-07-05,SERVICEBRANCHCHENNAICHEQUEDEPO00687395CRSTATEBANKOFINDIA0446CTSG687395 SBI,0.0,2650.0,2325295.61,CHQ
2019-07-05,SERVICEBRANCHCHENNAICHEQUEDEPO00208640CRINDIANOVERSEASBANK0446CTSG208640 IOB,0.0,864.0,2326159.61,CHQ
2019-07-05,SERVICEBRANCHCHENNAICHEQUEDEPO00828110CRTAMILNADMERCANTILEBANK0446CTSG828110 TMB,0.0,4512.0,2330671.61,CHQ
2019-07-05,SERVICEBRANCHCHENNAICHEQUEDEPO00003682CRANDHRABANK0446CTSG003682 ANB,0.0,22142.0,2352813.61,CHQ
2019-07-05,SERVICEBRANCHCHENNAICHEQUEDEPO00824932CRTAMILNADMERCANTILEBANK0446CTSG824932 TMB,0.0,4480.0,2357293.61,CHQ
2019-07-05,SERVICEBRANCHCHENNAICHEQUEDEPO00002550CRKARURVYSYABANKLTD0446CTSCLG002550CLG002550 KVB,0.0,1450.0,2358743.61,CHQ
2019-07-05,SERVICEBRANCHCHENNAICHEQUEDEPO00304418CR2590446CTSG,0.0,1760.0,2360503.61,CHQ
2019-07-05,SERVICEBRANCHCHENNAICHEQUEDEPO00030422CRICICIBANKINGCORPORATION0446CTSG,0.0,1031.0,2361534.61,CHQ
2019-07-05,SERVICEBRANCHCHENNAICHEQUEDEPO00002652CRKARURVYSYABANKLTD0446CTSCLG002652CLG002652 KVB,0.0,300.0,2361834.61,CHQ
2019-07-05,SERVICEBRANCHCHENNAICHEQUEDEPO00924432CRSYNDICATEBANK0446CTSG924432 SYB,0.0,1928.0,2363762.61,CHQ
2019-07-05,SERVICEBRANCHCHENNAICHEQUEDEPO00568830CRSYNDICATEBANK0446CTSG568830 SYB,0.0,13375.0,2377137.61,CHQ
2019-07-05,MUMBAIFORTWITHDRAWALTRANSFERcavinkareprivateIDIBH19186296337CRTRANSFER24,400028.0,0.0,1977109.61,TRANSFER
2019-07-06,MUMBAIFORTWITHDRAWALTRANSFERMARSINTERNATIONAIDIBH19187329536CRTRANSFER24,600028.0,0.0,1377081.61,TRANSFER
2019-07-06,MUMBAIFORTC ACFEESCRANNACHIENTE9550977TRANSFER27,0.0,2612.0,1379693.61,TRANSFER
2019-07-08,SERVICEBRANCHCHENNAITOCLGCHQ00898726CRICICI,19962.0,0.0,1359731.61,CHQ
2019-07-08,TIRUMANGALAMBYCHQ TTTFRCRCGENTTOKISHOREMKTG,0.0,6437.0,1366168.61,CHQ
2019-07-08,TIRUMANGALAMBYCHQ TTTFRCRSAIHARISUDANTOKISHOREMKTG,0.0,1095.0,1367263.61,CHQ
2019-07-08,MUMBAIFORTC ACFEESCRSANTHOSHSUPERM496TRANSFER24,0.0,948.0,1368211.61,TRANSFER
2019-07-08,ATMSERVICEBYTRANSFERCRBRANCH IMPS 639 PurchasepaymentTRANSFE461,0.0,1450.0,1369661.61,IMPS
2019-07-08,MUMBAIFORTC ACFEESCRLIMRASENTE0755TRANSFE129,0.0,1283.0,1370944.61,TRANSFER
2019-07-08,MUMBAIFORTC ACFEESCRLIMRASENTE0765TRANSFE121,0.0,1148.0,1372092.61,TRANSFER
2019-07-08,MUMBAIFORTC ACFEESCRLIMRASENTE0775TRANSFE121,0.0,16733.0,1388825.61,TRANSFER
2019-07-09,MUMBAIFORTC ACFEESCRSARAVANAST1304294TRANSFER25,0.0,49454.0,1438279.61,TRANSFER
2019-07-09,MUMBAIFORTC ACFEESCRSARAVANAST1298395TRANSFER21,0.0,90755.0,1529034.61,TRANSFER
2019-07-09,TIRUMANGALAMBYCHQ TTTFRCRZL,0.0,33880.0,1562914.61,CHQ
2019-07-10,MUMBAIFORTC ACFEESCRSANTHOSHSUPERM298TRANSFER21,0.0,517.0,1563431.61,TRANSFER
2019-07-10,SERVICEBRANCHCHENNAICHEQUEDEPO00000731CRKARURVYSYABANKLTD0446CTSCLG000731CLG000731 KVB,0.0,23822.0,1587253.61,CHQ
2019-07-10,SERVICEBRANCHCHENNAICHEQUEDEPO00641272CRVIJAYABANK0446CTSG641272 VJB,0.0,1035.0,1588288.61,CHQ
2019-07-10,SERVICEBRANCHCHENNAICHEQUEDEPO00012984CRSOUTHINDIANBANKLTD0446CTSCLG012984CLG012984 SIB,0.0,9609.0,1597897.61,CHQ
2019-07-10,SERVICEBRANCHCHENNAICHEQUEDEPO00888924CRUNITEDBANKOFINDIA0446CTSCLG888924CLG,0.0,16129.0,1614026.61,CHQ
2019-07-10,SERVICEBRANCHCHENNAICHEQUEDEPO00614487CRSYNDICATEBANK0446CTSG614487 SYB,0.0,2000.0,1616026.61,CHQ
2019-07-10,SERVICEBRANCHCHENNAICHEQUEDEPO00467830CRTAMILNADMERCANTILEBANK0446CTSG467830 TMB,0.0,3074.0,1619100.61,CHQ
2019-07-10,SERVICEBRANCHCHENNAICHEQUEDEPO00191847CRTAMILNADMERCANTILEBANK0446CTSG191847 TMB,0.0,1894.0,1620994.61,CHQ
2019-07-10,SERVICEBRANCHCHENNAICHEQUEDEPO00293696CRUTIBANKLTD0446CTSG,0.0,7939.0,1628933.61,CHQ
2019-07-10,SERVICEBRANCHCHENNAICHEQUEDEPO00041443CRANDHRABANK,0.0,4326.0,1633259.61,CHQ
2019-07-10,SERVICEBRANCHCHENNAICHEQUEDEPO00016516CRSOUTHINDIANBANKLTD0446CTSCLG016516CLG016516 SIB,0.0,10378.0,1643637.61,CHQ
2019-07-10,SERVICEBRANCHCHENNAICHEQUEDEPO00126732CRUTIBANKLTD0446CTSG,0.0,1016.0,1644653.61,CHQ
2019-07-10,SERVICEBRANCHCHENNAICHEQUEDEPO00021316CRKARURVYSYABANKLTD0446CTSCLG021316CLG021316 KVB,0.0,14432.0,1659085.61,CHQ
2019-07-10,SERVICEBRANCHCHENNAICHEQUEDEPO00924478CRSYNDICATEBANK0446CTSG924478 SYB,0.0,1124.0,1660209.61,CHQ
2019-07-10,SERVICEBRANCHCHENNAICHEQUEDEPO00839670CRINDIANOVERSEASBANK0446CTSG839670 IOB,0.0,3347.0,1663556.61,CHQ
2019-07-10,SERVICEBRANCHCHENNAICHEQUEDEPO00489129CRTAMILNADMERCANTILEBANK0446CTSG489129 TMB,0.0,3936.0,1667492.61,CHQ
2019-07-10,SERVICEBRANCHCHENNAICHEQUEDEPO00165717CRINDIANOVERSEASBANK0446CTSG165717 IOB,0.0,10796.0,1678288.61,CHQ
2019-07-10,SERVICEBRANCHCHENNAICHEQUEDEPO00001337CRICICIBANKINGCORPORATION0446CTSG,0.0,10540.0,1688828.61,CHQ
2019-07-10,SERVICEBRANCHCHENNAICHEQUEDEPO00963832CRINDIANOVERSEASBANK0446CTSG963832 IOB,0.0,9576.0,1698404.61,CHQ
2019-07-10,SERVICEBRANCHCHENNAICHEQUEDEPO00007437CRICICIBANKINGCORPORATION0446CTSG,0.0,10585.0,1708989.61,CHQ
2019-07-10,SERVICEBRANCHCHENNAICHEQUEDEPO00007398CRICICIBANKINGCORPORATION0446CTSG,0.0,1650.0,1710639.61,CHQ
2019-07-10,SERVICEBRANCHCHENNAICHEQUEDEPO00000604CRUCOBANK0446CTSCLG000604CLG000604 UCO,0.0,7440.0,1718079.61,CHQ
2019-07-10,SERVICEBRANCHCHENNAICHEQUEDEPO00002670CRKARURVYSYABANKLTD0446CTSCLG002670CLG002670 KVB,0.0,2240.0,1720319.61,CHQ
2019-07-10,SERVICEBRANCHCHENNAICHEQUEDEPO00043113CRCENTRALBANKOFINDIA0446CTSCLG043113CLG043113 CBI,0.0,4815.0,1725134.61,CHQ
2019-07-10,SERVICEBRANCHCHENNAICHEQUEDEPO00003708CRANDHRABANK0446CTSG003708 ANB,0.0,7870.0,1733004.61,CHQ
2019-07-10,SERVICEBRANCHCHENNAICHEQUEDEPO00041606CRANDHRABANK0446CTSG041606 ANB,0.0,13075.0,1746079.61,CHQ
2019-07-10,SERVICEBRANCHCHENNAICHEQUEDEPO00476840CRPUNJABNATIONALBANK0446CTSG476840 PNB,0.0,2496.0,1748575.61,CHQ
2019-07-10,SERVICEBRANCHCHENNAICHEQUEDEPO00192992CR2590446CTSG,0.0,3046.0,1751621.61,CHQ
2019-07-10,SERVICEBRANCHCHENNAICHEQUEDEPO00652854CRTAMILNADMERCANTILEBANK0446CTSCHQ652854,0.0,5755.0,1757376.61,CHQ
2019-07-10,COREBANKINGWITHDRAWALTRANSFERTECHPROCESS847217424 BharatCRDATACENTREPetroleumCorporationTRANSFERTO,10008.26,0.0,1747368.35,ONLINE-PAYMENT
2019-07-10,SERVICEBRANCHCHENNAICHEQUEDEPO00886647CRINDIANOVERSEASBANK0446CTSG886647 IOB,0.0,1249.0,1748617.35,CHQ
2019-07-10,SERVICEBRANCHCHENNAICHEQUEDEPO00012981CRSOUTHINDIANBANKLTD0446CTSCLG012981CLG012981 SIB,0.0,1375.0,1749992.35,CHQ
2019-07-10,SERVICEBRANCHCHENNAICHEQUEDEPO00839671CRINDIANOVERSEASBANK0446CTSG839671 IOB,0.0,3827.0,1753819.35,CHQ
2019-07-10,SERVICEBRANCHCHENNAICHEQUEDEPO00457057CR2590446CTSG,0.0,3292.0,1757111.35,CHQ
2019-07-10,SERVICEBRANCHCHENNAICHEQUEDEPO00012982CRSOUTHINDIANBANKLTD0446CTSCLG012982CLG012982 SIB,0.0,2067.0,1759178.35,CHQ
2019-07-10,SERVICEBRANCHCHENNAICHEQUEDEPO00140990CRFEDERALBANKLTD0446CTSG140990 FBI,0.0,400.0,1759578.35,CHQ
2019-07-10,SERVICEBRANCHCHENNAICHEQUEDEPO00711296CRVIJAYABANK0446CTSG711296 VJB,0.0,3804.0,1763382.35,CHQ
2019-07-10,TIRUMANGALAMCASHDEPOSITCRDepositbySELF,0.0,115000.0,1878382.35,CASH
2019-07-10,MUMBAIFORTC ACFEESCRANNANAGARS2863372TRANSFER29,0.0,5513.0,1883895.35,TRANSFER
2019-07-10,MUMBAIFORTC ACFEESCRSANTHOSHSUPERM568TRANSFER21,0.0,1166.0,1885061.35,TRANSFER
2019-07-10,MUMBAIFORTWITHDRAWALTRANSFERCRREDBULLINDIAP759TRANSFER24,100005.0,0.0,1785056.35,TRANSFER
2019-07-10,MUMBAIFORTC ACFEESCRHECTORBEVER9577847TRANSFER28,0.0,5500.0,1790556.35,TRANSFER
2019-07-10,MUMBAIFORTC ACFEESCRHECTORBEVER9577643TRANSFER29,0.0,9500.0,1800056.35,TRANSFER
2019-07-10,MUMBAIFORTC ACFEESCRHECTORBEVER9577833TRANSFER21,0.0,14000.0,1814056.35,TRANSFER
2019-07-10,MUMBAIFORTC ACFEESCRHECTORBEVER9577633TRANSFER20,0.0,15000.0,1829056.35,TRANSFER
2019-07-11,MUMBAIFORTWITHDRAWALTRANSFERHECTORBEVERAGESPIDIBH19192172632CRTRANSFER24,310028.0,0.0,1519028.35,TRANSFER
2019-07-11,SERVICEBRANCHCHENNAICHEQUEDEPO00001712CRKARURVYSYABANKLTD0446CTSCLG001712CLG001712 KVB,0.0,29519.0,1548547.35,CHQ
2019-07-11,SERVICEBRANCHCHENNAICHEQUEDEPO00066966CR2400446CTSG,0.0,71190.0,1619737.35,CHQ
2019-07-11,SERVICEBRANCHCHENNAICHEQUEDEPO00862195CRVIJAYABANK0446CTSCHQ862195,0.0,1966.0,1621703.35,CHQ
2019-07-11,SERVICEBRANCHCHENNAICHEQUEDEPO00000114CRINDIANOVERSEASBANK0446CTSG000114 IOB,0.0,619.0,1622322.35,CHQ
2019-07-11,SERVICEBRANCHCHENNAICHEQUEDEPO00002700CRKARURVYSYABANKLTD0446CTSCLG002700CLG002700 KVB,0.0,5249.0,1627571.35,CHQ
2019-07-11,SERVICEBRANCHCHENNAICHEQUEDEPO00001047CRCITYUNIONBANKLTD0446CTSCLG001047CLG001047 CUB,0.0,9505.0,1637076.35,CHQ
2019-07-11,SERVICEBRANCHCHENNAICHEQUEDEPO00809397CRSYNDICATEBANK0446CTSG809397 SYB,0.0,6837.0,1643913.35,CHQ
2019-07-11,SERVICEBRANCHCHENNAICHEQUEDEPO00000969CRICICIBANKINGCORPORATION0446CTSG,0.0,1592.0,1645505.35,CHQ
2019-07-11,SERVICEBRANCHCHENNAICHEQUEDEPO00022362CRANDHRABANK0446CTSG022362 ANB,0.0,10456.0,1655961.35,CHQ
2019-07-11,SERVICEBRANCHCHENNAICHEQUEDEPO00003155CR2400446CTSG,0.0,1668.0,1657629.35,CHQ
2019-07-11,TIRUMANGALAMCASHDEPOSITCRDepositbySELF,0.0,125000.0,1782629.35,CASH
2019-07-11,SERVICEBRANCHCHENNAICHEQUEDEPO00962491CRINDIANOVERSEASBANK0446CTSG962491 IOB,0.0,4483.0,1787112.35,CHQ
2019-07-11,SERVICEBRANCHCHENNAICHEQUEDEPO00000902CRCITYUNIONBANKLTD0446CTSCLG000902CLG000902 CUB,0.0,10179.0,1797291.35,CHQ
2019-07-11,SERVICEBRANCHCHENNAICHEQUEDEPO00783397CRSTATEBANKOFINDIA0446CTSG783397 SBI,0.0,7800.0,1805091.35,CHQ
2019-07-11,SERVICEBRANCHCHENNAICHEQUEDEPO00986513CRINDIANOVERSEASBANK0446CTSG986513 IOB,0.0,4322.0,1809413.35,CHQ
2019-07-11,SERVICEBRANCHCHENNAICHEQUEDEPO00000632CR7560446CTSG,0.0,948.0,1810361.35,CHQ
2019-07-11,MUMBAIFORTC ACFEESCRVIKPRIHOME81DCTRANSFE129,0.0,8259.0,1818620.35,TRANSFER
2019-07-12,SERVICEBRANCHCHENNAICHEQUEDEPO00023692CR2400446CTSCHQ023692,0.0,27126.0,1845746.35,CHQ
2019-07-12,SERVICEBRANCHCHENNAICHEQUEDEPO00000008CR2400446CTSG,0.0,2389.0,1848135.35,CHQ
2019-07-12,SERVICEBRANCHCHENNAICHEQUEDEPO00293821CRUTIBANKLTD0446CTSG,0.0,8578.0,1856713.35,CHQ
2019-07-12,SERVICEBRANCHCHENNAICHEQUEDEPO00041742CRANDHRABANK0446CTSG041742 ANB,0.0,6260.0,1862973.35,CHQ
2019-07-12,TIRUMANGALAMCASHDEPOSITCRDepositbySELF,0.0,85000.0,1947973.35,CASH
2019-07-12,TIRUMANGALAMBYCHQ TTTFRCRKSRETAILTOKISHOREMKTG,0.0,10045.0,1958018.35,CHQ
2019-07-12,TIRUMANGALAMBYCHQ TTTFRCRCHFOODSTOKISHOREMKTG,0.0,2138.0,1960156.35,CHQ
2019-07-12,MUMBAIFORTC ACFEESCRSAARALRESORTSA205TRANSFER20,0.0,5682.0,1965838.35,TRANSFER
2019-07-12,MUMBAIFORTWITHDRAWALTRANSFERMARSINTERNATIONAIDIBH19193252312CRTRANSFER24,600028.0,0.0,1365810.35,TRANSFER
2019-07-12,MUMBAIFORTWITHDRAWALTRANSFERCRREDBULLINDIAP836TRANSFER24,100005.0,0.0,1265805.35,TRANSFER
2019-07-12,MUMBAIFORTC ACFEESCRANNAISUPERMAR3704TRANSFER20,0.0,4697.0,1270502.35,TRANSFER
2019-07-15,MUMBAIFORTC ACFEESCRSARAVANAST5804089TRANSFER20,0.0,68344.0,1338846.35,TRANSFER
2019-07-15,SERVICEBRANCHCHENNAICHEQUEDEPO00003231CR2400446CTSG,0.0,4363.0,1343209.35,CHQ
2019-07-15,SERVICEBRANCHCHENNAICHEQUEDEPO00828563CRINDIANOVERSEASBANK0446CTSG828563 IOB,0.0,1667.0,1344876.35,CHQ
2019-07-15,SERVICEBRANCHCHENNAICHEQUEDEPO00006352CRANDHRABANK0446CTSG006352 ANB,0.0,9722.0,1354598.35,CHQ
2019-07-15,SERVICEBRANCHCHENNAICHEQUEDEPO00001895CR2400446CTSG,0.0,6637.0,1361235.35,CHQ
2019-07-15,SERVICEBRANCHCHENNAICHEQUEDEPO00002989CRICICIBANKINGCORPORATION0446CTSG,0.0,3788.0,1365023.35,CHQ
2019-07-15,SERVICEBRANCHCHENNAICHEQUEDEPO00336480CRSYNDICATEBANK0446CTSG336480 SYB,0.0,7576.0,1372599.35,CHQ
2019-07-15,SERVICEBRANCHCHENNAICHEQUEDEPO00591620CR2590446CTSG,0.0,925.0,1373524.35,CHQ
2019-07-15,SERVICEBRANCHCHENNAICHEQUEDEPO00828126CRTAMILNADMERCANTILEBANK0446CTSG828126 TMB,0.0,1363.0,1374887.35,CHQ
2019-07-15,SERVICEBRANCHCHENNAICHEQUEDEPO00293820CRUTIBANKLTD0446CTSG,0.0,9000.0,1383887.35,CHQ
2019-07-15,SERVICEBRANCHCHENNAICHEQUEDEPO00010625CRSOUTHINDIANBANKLTD0446CTSCLG010625CLG010625 SIB,0.0,2540.0,1386427.35,CHQ
2019-07-15,MUMBAIFORTC ACFEESKPNCRFARMFRESHP261TRANSFER23,0.0,13315.0,1399742.35,TRANSFER
2019-07-15,MUMBAIFORTC ACFEESSRICRMURUGAN8314046TRANSFER23,0.0,18357.0,1418099.35,TRANSFER
2019-07-15,TIRUMANGALAMCASHDEPOSITCRDepositbySELF,0.0,150000.0,1568099.35,CASH
2019-07-15,MUMBAIFORTC ACFEESCRSANTHOSHSUPERM679TRANSFER25,0.0,1185.0,1569284.35,TRANSFER
2019-07-15,MUMBAIFORTC ACFEESCRLIMRASENTE2047TRANSFE129,0.0,13727.0,1583011.35,TRANSFER
2019-07-16,MUMBAIFORTWITHDRAWALTRANSFERINBISCOCRINDIAPV899TRANSFER24,217028.0,0.0,1365983.35,TRANSFER
2019-07-16,MUMBAIFORTWITHDRAWALTRANSFERINVENTZLIFESCIENIDIBH19197343063CRTRANSFER24,139859.0,0.0,1226124.35,TRANSFER
2019-07-16,TIRUMANGALAMBYCHQ TTTFRCRALICETOKISHOREMKTG,0.0,9399.0,1235523.35,CHQ
2019-07-16,TIRUMANGALAMCASHDEPOSITCRDepositbySELF,0.0,600000.0,1835523.35,CASH
2019-07-16,MUMBAIFORTC ACFEESCRSANTHOSHSUPERM285TRANSFER21,0.0,13003.0,1848526.35,TRANSFER
2019-07-16,MUMBAIFORTC ACFEESCRANNANAGARS7633945TRANSFER27,0.0,11142.0,1859668.35,TRANSFER
2019-07-16,MUMBAIFORTC ACFEESKPNCR8552911TRANSFER21,0.0,1442.0,1861110.35,TRANSFER
2019-07-16,CASHDEPCRCHRGSOTHER,400.0,0.0,1860710.35,DEPOSIT-CHARGES
2019-07-17,SERVICEBRANCHCHENNAICHEQUEDEPO00309040CRSYNDICATEBANK0446CTSG309040 SYB,0.0,4270.0,1864980.35,OUTWARD-RETURN
2019-07-17,SERVICEBRANCHCHENNAICHEQUEDEPO00000055CR7510446CTSG000055 IDF,0.0,2975.0,1867955.35,CHQ
2019-07-17,SERVICEBRANCHCHENNAICHEQUEDEPO00196471CRTAMILNADMERCANTILEBANK0446CTSG196471 TMB,0.0,3629.0,1871584.35,CHQ
2019-07-17,SERVICEBRANCHCHENNAICHEQUEDEPO00001180CR2400446CTSG,0.0,8000.0,1879584.35,CHQ
2019-07-17,SERVICEBRANCHCHENNAICHEQUEDEPO00010029CR4850446CTSG010029 KMB,0.0,3425.0,1883009.35,CHQ
2019-07-17,SERVICEBRANCHCHENNAICHEQUEDEPO00005546CRANDHRABANK0446CTSG005546 ANB,0.0,1649.0,1884658.35,CHQ
2019-07-17,SERVICEBRANCHCHENNAICHEQUEDEPO00004481CR2400446CTSG,0.0,6384.0,1891042.35,CHQ
2019-07-17,SERVICEBRANCHCHENNAICHEQUEDEPO00034933CRDENABANK0446CTSG034933 DEB,0.0,1105.0,1892147.35,CHQ
2019-07-17,SERVICEBRANCHCHENNAICHEQUEDEPO00850200CRTAMILNADUSTATEAPEXCOO0446CTSG,0.0,1416.0,1893563.35,CHQ
2019-07-17,TIRUMANGALAMBYCHQ TTTFRCRCHFOODSTOKISHOREMKTG,0.0,8734.0,1902297.35,CHQ
2019-07-17,SERVICEBRANCHCHENNAICHEQUEDEPO00217648CRVIJAYABANK0446CTSG217648 VJB,0.0,29519.0,1931816.35,CHQ
2019-07-17,SERVICEBRANCHCHENNAICHEQUEDEPO00447411CR2590446CTSG,0.0,942.0,1932758.35,CHQ
2019-07-17,SERVICEBRANCHCHENNAICHEQUEDEPO00717142CRORIENTALBANKOFCOMMERCE0446CTSG717142 OBC,0.0,15000.0,1947758.35,CHQ
2019-07-17,SERVICEBRANCHCHENNAICHEQUEDEPO00004797CR2400446CTSG,0.0,10193.0,1957951.35,CHQ
2019-07-17,SERVICEBRANCHCHENNAICHEQUEDEPO00002037CR2400446CTSG,0.0,11488.0,1969439.35,CHQ
2019-07-17,SERVICEBRANCHCHENNAICHEQUEDEPO00104958CRUTIBANKLTD0446CTSG,0.0,6149.0,1975588.35,CHQ
2019-07-17,SERVICEBRANCHCHENNAICHEQUEDEPO00002752CRKARURVYSYABANKLTD0446CTSCLG002752CLG002752 KVB,0.0,4255.0,1979843.35,CHQ
2019-07-17,SERVICEBRANCHCHENNAICHEQUEDEPO00041728CRANDHRABANK0446CTSG041728 ANB,0.0,5226.0,1985069.35,CHQ
2019-07-17,SERVICEBRANCHCHENNAICHEQUEDEPO00001721CRKARURVYSYABANKLTD0446CTSCLG001721CLG001721 KVB,0.0,20016.0,2005085.35,CHQ
2019-07-17,SERVICEBRANCHCHENNAICHEQUEDEPO00001178CRICICIBANKINGCORPORATION0446CTSG,0.0,1839.0,2006924.35,CHQ
2019-07-17,SERVICEBRANCHCHENNAICHEQUEDEPO00501355CRINDIANOVERSEASBANK0446CTSG501355 IOB,0.0,2005.0,2008929.35,CHQ
2019-07-17,SERVICEBRANCHCHENNAICHEQUEDEPO00126741CRUTIBANKLTD0446CTSG,0.0,2272.0,2011201.35,CHQ
2019-07-17,SERVICEBRANCHCHENNAICHEQUEDEPO00000235CRKARURVYSYABANKLTD0446CTSCLG000235CLG000235 KVB,0.0,3087.0,2014288.35,CHQ
2019-07-17,SERVICEBRANCHCHENNAICHEQUEDEPO00001732CRICICIBANKINGCORPORATION0446CTSG,0.0,1101.0,2015389.35,CHQ
2019-07-17,SERVICEBRANCHCHENNAICHEQUEDEPO00256551CRVIJAYABANK0446CTSG256551 VJB,0.0,1680.0,2017069.35,OUTWARD-RETURN
2019-07-17,SERVICEBRANCHCHENNAICHEQUEDEPO00000603CR2400446CTSG,0.0,1031.0,2018100.35,CHQ
2019-07-17,SERVICEBRANCHCHENNAICHEQUEDEPO00001265CRKARURVYSYABANKLTD0446CTSCLG001265CLG001265 KVB,0.0,4240.0,2022340.35,CHQ
2019-07-17,SERVICEBRANCHCHENNAICHEQUEDEPO00001301CRKARURVYSYABANKLTD0446CTSCLG001301CLG001301 KVB,0.0,10537.0,2032877.35,CHQ
2019-07-17,SERVICEBRANCHCHENNAICHEQUEDEPO00021058CRKARURVYSYABANKLTD0446CTSCLG021058CLG021058 KVB,0.0,1392.0,2034269.35,CHQ
2019-07-17,SERVICEBRANCHCHENNAICHEQUEDEPO00000296CRKARURVYSYABANKLTD0446CTSCLG000296CLG000296 KVB,0.0,782.0,2035051.35,CHQ
2019-07-17,SERVICEBRANCHCHENNAICHEQUEDEPO00004434CR2400446CTSG,0.0,24958.0,2060009.35,CHQ
2019-07-17,MUMBAIFORTC ACFEESSRICRMEENAKSHIAM777TRANSFER21,0.0,1694.0,2061703.35,TRANSFER
2019-07-17,MUMBAIFORTC ACFEESCRAMMANFRUITS844TRANSFER29,0.0,3313.0,2065016.35,TRANSFER
2019-07-17,MUMBAIFORTC ACFEESCRLIMRASENTE8746TRANSFE120,0.0,1980.0,2066996.35,TRANSFER
2019-07-17,SERVICEBRANCHCHENNAIOUTCHQRETCRFundsinsufficient,1680.0,0.0,2065316.35,OUTWARD-RETURN
2019-07-17,SERVICEBRANCHCHENNAICHQDISHONOURCR,250.0,0.0,2065066.35,INWARD-CHARGES
2019-07-17,SERVICEBRANCHCHENNAIOUTCHQRETCRFundsinsufficient,4270.0,0.0,2060796.35,OUTWARD-RETURN
2019-07-17,SERVICEBRANCHCHENNAICHQDISHONOURCR,250.0,0.0,2060546.35,INWARD-CHARGES
2019-07-17,ATMSERVICEBYTRANSFERCRBRANCH IMPS 772 TRANSFE461,0.0,3363.0,2063909.35,IMPS
2019-07-17,CDPCCHENNAIISSUEOFMICRCRCA,400.0,0.0,2063509.35,BANK-CHARGES
2019-07-17,MUMBAIFORTC ACFEESCRKALIGAMBALFRUI8060TRANSFER28,0.0,10925.0,2074434.35,TRANSFER
2019-07-17,MUMBAIFORTC ACFEESCRKARUVALURMARIA1470TRANSFER26,0.0,3336.0,2077770.35,TRANSFER
2019-07-18,SERVICEBRANCHCHENNAICHEQUEDEPO00923561CRSYNDICATEBANK0446CTSG923561 SYB,0.0,1894.0,2079664.35,CHQ
2019-07-18,SERVICEBRANCHCHENNAICHEQUEDEPO00472740CRSYNDICATEBANK0446CTSG472740 SYB,0.0,934.0,2080598.35,CHQ
2019-07-18,SERVICEBRANCHCHENNAICHEQUEDEPO00997624CRINDIANOVERSEASBANK0446CTSG997624 IOB,0.0,4608.0,2085206.35,CHQ
2019-07-18,SERVICEBRANCHCHENNAICHEQUEDEPO00001181CR2400446CTSG,0.0,8082.0,2093288.35,CHQ
2019-07-18,SERVICEBRANCHCHENNAICHEQUEDEPO00179674CR2590446CTSG,0.0,760.0,2094048.35,CHQ
2019-07-18,SERVICEBRANCHCHENNAICHEQUEDEPO00296533CR2590446CTSG,0.0,2195.0,2096243.35,CHQ
2019-07-18,SERVICEBRANCHCHENNAICHEQUEDEPO00489148CRTAMILNADMERCANTILEBANK0446CTSG489148 TMB,0.0,3915.0,2100158.35,CHQ
2019-07-18,SERVICEBRANCHCHENNAICHEQUEDEPO00030439CRICICIBANKINGCORPORATION0446CTSG,0.0,716.0,2100874.35,CHQ
2019-07-18,MUMBAIFORTC ACFEESCRSANTHOSHSUPERM746TRANSFER27,0.0,12559.0,2113433.35,TRANSFER
2019-07-18,SERVICEBRANCHCHENNAICHEQUEDEPO00143057CRUNIONBANKOFINDIA0446CTSG143057 UBI,0.0,4960.0,2118393.35,OUTWARD-RETURN
2019-07-18,SERVICEBRANCHCHENNAICHEQUEDEPO00109154CRCENTRALBANKOFINDIA0446CTSCLG109154CLG109154 CBI,0.0,6464.0,2124857.35,CHQ
2019-07-18,SERVICEBRANCHCHENNAICHEQUEDEPO00041559CRBANKOFINDIA0446CTSG041559 BOI,0.0,5678.0,2130535.35,CHQ
2019-07-18,SERVICEBRANCHCHENNAICHEQUEDEPO00104962CRUTIBANKLTD0446CTSG,0.0,3828.0,2134363.35,CHQ
2019-07-18,SERVICEBRANCHCHENNAIOUTCHQRETCRFundsinsufficient,4960.0,0.0,2129403.35,OUTWARD-RETURN
2019-07-18,SERVICEBRANCHCHENNAICHQDISHONOURCR,250.0,0.0,2129153.35,INWARD-CHARGES
2019-07-19,COREBANKINGBYTRANSFERCRDATACENTRETransfer87844kishoreTRANSFE09,0.0,12427.0,2141580.35,TRANSFER
2019-07-19,SERVICEBRANCHCHENNAICHEQUEDEPO00888839CRUNITEDBANKOFINDIA0446CTSCLG888839CLG,0.0,900.0,2142480.35,CHQ
2019-07-19,SERVICEBRANCHCHENNAICHEQUEDEPO00092468CRTAMILNADMERCANTILEBANK0446CTSG092468 TMB,0.0,698.0,2143178.35,CHQ
2019-07-19,SERVICEBRANCHCHENNAICHEQUEDEPO00225673CRFEDERALBANKLTD0446CTSG225673 FBI,0.0,3414.0,2146592.35,CHQ
2019-07-19,SERVICEBRANCHCHENNAICHEQUEDEPO00000618CRUCOBANK0446CTSCLG000618CLG000618 UCO,0.0,4025.0,2150617.35,CHQ
2019-07-19,SERVICEBRANCHCHENNAICHEQUEDEPO00110083CRBANKOFMAHARASHTRA0446CTSG110083 BOM,0.0,8245.0,2158862.35,CHQ
2019-07-19,SERVICEBRANCHCHENNAICHEQUEDEPO00886375CRINDIANOVERSEASBANK0446CTSG886375 IOB,0.0,465.0,2159327.35,CHQ
2019-07-19,SERVICEBRANCHCHENNAICHEQUEDEPO00000758CRICICIBANKINGCORPORATION0446CTSG,0.0,1247.0,2160574.35,CHQ
2019-07-19,ATMSERVICEBYTRANSFERCRBRANCH IMPS 498 opbyJAYAPTRANSFE461,0.0,4140.0,2164714.35,IMPS
2019-07-19,MUMBAIFORTC ACFEESCRELLIOTFOODS586TRANSFER27,0.0,912.0,2165626.35,TRANSFER
2019-07-20,MUMBAIFORTC ACFEESCRHAWIEEXIM524TRANSFER24,0.0,19911.0,2185537.35,TRANSFER
2019-07-20,MUMBAIFORTC ACFEESCRAROCKIYASATRANSFE124,0.0,10000.0,2195537.35,TRANSFER
2019-07-20,MUMBAIFORTC ACFEESCRLIMRASENTE0225TRANSFE129,0.0,11094.0,2206631.35,TRANSFER
2019-07-22,SERVICEBRANCHCHENNAITOCLGCHQ00898743CRVIJAYAGENCIES,58401.0,0.0,2148230.35,CHQ
2019-07-22,MUMBAIFORTWITHDRAWALTRANSFERINBISCOCRINDIAPV390TRANSFER24,145013.0,0.0,2003217.35,TRANSFER
2019-07-22,MUMBAIFORTC ACFEESCRSANTHOSHSUPERM051TRANSFER24,0.0,3313.0,2006530.35,TRANSFER
2019-07-22,MUMBAIFORTC ACFEESCRSANTHOSHSUPERM516TRANSFER27,0.0,7184.0,2013714.35,TRANSFER
2019-07-23,MUMBAIFORTC ACFEESCRPONNUSUPERMAR3509TRANSFER28,0.0,13193.0,2026907.35,TRANSFER
2019-07-23,SERVICEBRANCHCHENNAICHEQUEDEPO00000166CRBANKOFBARODA0446CTSCLG000166CLG000166 BOB,0.0,1894.0,2028801.35,CHQ
2019-07-23,SERVICEBRANCHCHENNAICHEQUEDEPO00208883CRTAMILNADMERCANTILEBANK0446CTSG208883 TMB,0.0,1502.0,2030303.35,CHQ
2019-07-23,SERVICEBRANCHCHENNAICHEQUEDEPO00007468CRKARURVYSYABANKLTD0446CTSCLG007468CLG007468 KVB,0.0,4378.0,2034681.35,CHQ
2019-07-23,SERVICEBRANCHCHENNAICHEQUEDEPO00006317CRANDHRABANK0446CTSG006317 ANB,0.0,4143.0,2038824.35,CHQ
2019-07-23,SERVICEBRANCHCHENNAICHEQUEDEPO00293757CRUTIBANKLTD0446CTSG,0.0,11596.0,2050420.35,CHQ
2019-07-23,SERVICEBRANCHCHENNAICHEQUEDEPO00016842CRSOUTHINDIANBANKLTD0446CTSCLG016842CLG016842 SIB,0.0,4968.0,2055388.35,CHQ
2019-07-23,SERVICEBRANCHCHENNAICHEQUEDEPO00001724CRICICIBANKINGCORPORATION0446CTSG,0.0,1372.0,2056760.35,CHQ
2019-07-23,SERVICEBRANCHCHENNAICHEQUEDEPO00888840CRUNITEDBANKOFINDIA0446CTSCLG888840CLG,0.0,6149.0,2062909.35,CHQ
2019-07-23,COREBANKINGWITHDRAWALTRANSFERTECHPROCESS857752611 BharatCRDATACENTREPetroleumCorporationTRANSFERTO,10008.26,0.0,2052901.09,ONLINE-PAYMENT
2019-07-23,SERVICEBRANCHCHENNAICHEQUEDEPO00354293CRFEDERALBANKLTD0446CTSG354293 FBI,0.0,2325.0,2055226.09,CHQ
2019-07-23,SERVICEBRANCHCHENNAICHEQUEDEPO00002128CR2400446CTSG,0.0,9611.0,2064837.09,CHQ
2019-07-23,SERVICEBRANCHCHENNAICHEQUEDEPO00489150CRTAMILNADMERCANTILEBANK0446CTSG489150 TMB,0.0,3936.0,2068773.09,CHQ
2019-07-23,SERVICEBRANCHCHENNAICHEQUEDEPO00591661CRSTATEBANKOFINDIA0446CTSG591661 SBI,0.0,8016.0,2076789.09,CHQ
2019-07-23,SERVICEBRANCHCHENNAICHEQUEDEPO00457110CR2590446CTSG,0.0,6361.0,2083150.09,CHQ
2019-07-23,SERVICEBRANCHCHENNAICHEQUEDEPO00292481CRUTIBANKLTD0446CTSG,0.0,11590.0,2094740.09,CHQ
2019-07-23,SERVICEBRANCHCHENNAICHEQUEDEPO00884498CRTAMILNADUSTATEAPEXCOO0446CTSG,0.0,822.0,2095562.09,CHQ
2019-07-23,SERVICEBRANCHCHENNAICHEQUEDEPO00412951CRMADRASCENTRALCOOPBAN0446CTSCHQ412971,0.0,1680.0,2097242.09,CHQ
2019-07-23,SERVICEBRANCHCHENNAICHEQUEDEPO00007099CR2400446CTSG,0.0,5568.0,2102810.09,CHQ
2019-07-23,SERVICEBRANCHCHENNAICHEQUEDEPO00000522CRCITYUNIONBANKLTD0446CTSCLG000522CLG000522 CUB,0.0,4415.0,2107225.09,CHQ
2019-07-23,SERVICEBRANCHCHENNAICHEQUEDEPO00828144CRTAMILNADMERCANTILEBANK0446CTSG828144 TMB,0.0,1949.0,2109174.09,CHQ
2019-07-23,SERVICEBRANCHCHENNAICHEQUEDEPO00042002CRANDHRABANK0446CTSG042002 ANB,0.0,4510.0,2113684.09,CHQ
2019-07-23,SERVICEBRANCHCHENNAICHEQUEDEPO00774390CRUNITEDBANKOFINDIA0446CTSCLG774390CLG,0.0,922.0,2114606.09,CHQ
2019-07-23,SERVICEBRANCHCHENNAICHEQUEDEPO00004789CRCITYUNIONBANKLTD0446CTSCLG004789CLG004789 CUB,0.0,2291.0,2116897.09,CHQ
2019-07-23,SERVICEBRANCHCHENNAICHEQUEDEPO00025178CRUTIBANKLTD0446CTSG,0.0,2962.0,2119859.09,CHQ
2019-07-23,SERVICEBRANCHCHENNAICHEQUEDEPO00002368CRANDHRABANK,0.0,10000.0,2129859.09,CHQ
2019-07-23,SERVICEBRANCHCHENNAICHEQUEDEPO00293891CRUTIBANKLTD0446CTSG,0.0,2160.0,2132019.09,CHQ
2019-07-23,SERVICEBRANCHCHENNAICHEQUEDEPO00889042CRUNITEDBANKOFINDIA0446CTSCLG889042CLG,0.0,4543.0,2136562.09,CHQ
2019-07-23,SERVICEBRANCHCHENNAICHEQUEDEPO00000787CRKARURVYSYABANKLTD0446CTSCLG000787CLG000787 KVB,0.0,17317.0,2153879.09,CHQ
2019-07-23,SERVICEBRANCHCHENNAICHEQUEDEPO00588835CRCANARABANK0446CTSG588835 CAB,0.0,1503.0,2155382.09,CHQ
2019-07-23,SERVICEBRANCHCHENNAICHEQUEDEPO00000786CRKARURVYSYABANKLTD0446CTSCLG000786CLG000786 KVB,0.0,9840.0,2165222.09,CHQ
2019-07-23,SERVICEBRANCHCHENNAICHEQUEDEPO00735231CR2340446CTSG,0.0,4080.0,2169302.09,CHQ
2019-07-23,SERVICEBRANCHCHENNAICHEQUEDEPO00294957CRCANARABANK0446CTSG294957 CAB,0.0,1776.0,2171078.09,CHQ
2019-07-23,MUMBAIFORTC ACFEESCRVIKPRIHOME71DCTRANSFE125,0.0,5682.0,2176760.09,TRANSFER
2019-07-23,MUMBAIFORTC ACFEESCRVIKPRIHOME21DCTRANSFE129,0.0,5689.0,2182449.09,TRANSFER
2019-07-23,TIRUMANGALAMCASHDEPOSITCRDepositbySELF,0.0,230000.0,2412449.09,CASH
2019-07-23,MUMBAIFORTC ACFEESCRSANTHOSHSUPERM583TRANSFER27,0.0,5921.0,2418370.09,TRANSFER
2019-07-23,MUMBAIFORTC ACFEESCRSANTHOSHSUPERM330TRANSFER26,0.0,4910.0,2423280.09,TRANSFER
2019-07-23,MUMBAIFORTC ACFEESCRSANTHOSHSUPERM983TRANSFER29,0.0,504.0,2423784.09,TRANSFER
2019-07-23,MUMBAIFORTC ACFEESCRSANTHOSHSUPERM599TRANSFER21,0.0,4236.0,2428020.09,TRANSFER
2019-07-23,MUMBAIFORTC ACFEESCRSANTHOSHSUPERM168TRANSFER21,0.0,5374.0,2433394.09,TRANSFER
2019-07-23,CASHDEPCRCHRGSOTHER,100.0,0.0,2433294.09,DEPOSIT-CHARGES
2019-07-24,SERVICEBRANCHCHENNAITOCLGCHQ00898744CRCAVINKAREPVTLTD,92390.0,0.0,2340904.09,CHQ
2019-07-24,MUMBAIFORTC ACFEESCRORIENTPHARMAC7404TRANSFER20,0.0,607.0,2341511.09,TRANSFER
2019-07-24,SERVICEBRANCHCHENNAICHEQUEDEPO00000441CRCITYUNIONBANKLTD0446CTSCLG000441CLG000441 CUB,0.0,740.0,2342251.09,CHQ
2019-07-24,SERVICEBRANCHCHENNAICHEQUEDEPO00663059CRTAMILNADMERCANTILEBANK0446CTSG663059 TMB,0.0,4862.0,2347113.09,CHQ
2019-07-24,SERVICEBRANCHCHENNAICHEQUEDEPO00227584CRUTIBANKLTD0446CTSG,0.0,29414.0,2376527.09,CHQ
2019-07-24,SERVICEBRANCHCHENNAICHEQUEDEPO00001420CRKARURVYSYABANKLTD0446CTSCLG001420CLG001420 KVB,0.0,4570.0,2381097.09,CHQ
2019-07-24,SERVICEBRANCHCHENNAICHEQUEDEPO00003725CR4850446CTSG003725 KMB,0.0,1320.0,2382417.09,CHQ
2019-07-24,SERVICEBRANCHCHENNAICHEQUEDEPO00111383CR2590446CTSG,0.0,1000.0,2383417.09,CHQ
2019-07-24,SERVICEBRANCHCHENNAICHEQUEDEPO00458261CRTAMILNADMERCANTILEBANK0446CTSG458261 TMB,0.0,11354.0,2394771.09,CHQ
2019-07-24,SERVICEBRANCHCHENNAICHEQUEDEPO00118518CRUTIBANKLTD0446CTSG,0.0,4114.0,2398885.09,CHQ
2019-07-24,SERVICEBRANCHCHENNAICHEQUEDEPO00933342CR2340446CTSG,0.0,2558.0,2401443.09,CHQ
2019-07-24,SERVICEBRANCHCHENNAICHEQUEDEPO00022583CRANDHRABANK0446CTSG022583 ANB,0.0,11270.0,2412713.09,CHQ
2019-07-24,SERVICEBRANCHCHENNAICHEQUEDEPO00783426CRSTATEBANKOFINDIA0446CTSG783426 SBI,0.0,7800.0,2420513.09,CHQ
2019-07-24,SERVICEBRANCHCHENNAICHEQUEDEPO00001737CRKARURVYSYABANKLTD0446CTSCLG001737CLG001737 KVB,0.0,29519.0,2450032.09,CHQ
2019-07-24,MUMBAIFORTC ACFEESCRKARUVALURMARIA9369TRANSFER26,0.0,12161.0,2462193.09,TRANSFER
2019-07-24,ATMSERVICEBYTRANSFERCRBRANCH IMPS 428 ASsupermarketRedBullTRANSFER61,0.0,3000.0,2465193.09,IMPS
2019-07-24,MUMBAIFORTWITHDRAWALTRANSFERCRREDBULLINDIAP932TRANSFER24,200013.0,0.0,2265180.09,TRANSFER
2019-07-24,MUMBAIFORTWITHDRAWALTRANSFERMARSINTERNATIONAIDIBH19205313050CRTRANSFER24,500028.0,0.0,1765152.09,TRANSFER
2019-07-25,SERVICEBRANCHCHENNAICHEQUEDEPO00023693CR2400446CTSG,0.0,5296.0,1770448.09,CHQ
2019-07-25,SERVICEBRANCHCHENNAICHEQUEDEPO00294335CRUTIBANKLTD0446CTSG,0.0,720.0,1771168.09,CHQ
2019-07-25,SERVICEBRANCHCHENNAICHEQUEDEPO00095273CRTAMILNADMERCANTILEBANK0446CTSG095273 TMB,0.0,603.0,1771771.09,CHQ
2019-07-25,SERVICEBRANCHCHENNAICHEQUEDEPO00000121CR7560446CTSG,0.0,2601.0,1774372.09,CHQ
2019-07-25,SERVICEBRANCHCHENNAICHEQUEDEPO00294421CRUTIBANKLTD0446CTSG,0.0,6186.0,1780558.09,CHQ
2019-07-25,SERVICEBRANCHCHENNAICHEQUEDEPO00390423CRINDIANOVERSEASBANK0446CTSG390423 IOB,0.0,2083.0,1782641.09,CHQ
2019-07-25,SERVICEBRANCHCHENNAICHEQUEDEPO00642867CRTAMILNADMERCANTILEBANK0446CTSG642867 TMB,0.0,5058.0,1787699.09,OUTWARD-RETURN
2019-07-25,SERVICEBRANCHCHENNAICHEQUEDEPO00889119CRUNITEDBANKOFINDIA0446CTSCLG889119CLG,0.0,7905.0,1795604.09,CHQ
2019-07-25,TIRUMANGALAMBYCHQ TTTFRCRKISHOREMARKETING,0.0,1565.0,1797169.09,CHQ
2019-07-25,MUMBAIFORTC ACFEESCRVENKATESWARA193405TRANSFER24,0.0,3725.0,1800894.09,TRANSFER
2019-07-25,TIRUMANGALAMCASHDEPOSITCRDepositbySELF,0.0,319000.0,2119894.09,CASH
2019-07-25,MUMBAIFORTC ACFEESCRLIMRASENTE9302TRANSFE120,0.0,2844.0,2122738.09,TRANSFER
2019-07-25,MUMBAIFORTC ACFEESCRBANKOFBARODAFO235TRANSFER25,0.0,1170.0,2123908.09,TRANSFER
2019-07-25,SERVICEBRANCHCHENNAIOUTCHQRETCRExceedsarrangement,5058.0,0.0,2118850.09,OUTWARD-RETURN
2019-07-25,SERVICEBRANCHCHENNAICHQDISHONOURCR,250.0,0.0,2118600.09,INWARD-CHARGES
2019-07-25,MUMBAIFORTC ACFEESKPNCRFARMFRESH760TRANSFER29,0.0,764.0,2119364.09,TRANSFER
2019-07-25,MUMBAIFORTC ACFEESCRAMMANFRUITS111TRANSFER21,0.0,15724.0,2135088.09,TRANSFER
2019-07-25,MUMBAIFORTC ACFEESCRANNANAGARSUPE3672TRANSFER27,0.0,20813.0,2155901.09,TRANSFER
2019-07-25,CASHDEPCRCHRGSOTHER,119.0,0.0,2155782.09,DEPOSIT-CHARGES
2019-07-26,SERVICEBRANCHCHENNAITOCLGCHQ00898745CRCAVINKAREPVTLTD,368063.0,0.0,1787719.09,CHQ
2019-07-26,COREBANKINGWITHDRAWALTRANSFERCRDATACENTREGSTPAYATRANSFERTO,4348.0,0.0,1783371.09,GST
2019-07-26,COREBANKINGWITHDRAWALTRANSFERCRDATACENTREGSTPAYBTRANSFERTO,23947.0,0.0,1759424.09,GST
2019-07-26,COREBANKINGWITHDRAWALTRANSFERCRDATACENTREGSTPAYATRANSFERTO,42504.0,0.0,1716920.09,GST
2019-07-26,SERVICEBRANCHCHENNAICHEQUEDEPO00673221CRCORPORATIONBANK0446CTSG,0.0,21879.0,1738799.09,CHQ
2019-07-26,SERVICEBRANCHCHENNAICHEQUEDEPO00000634CRUCOBANK0446CTSCLG000634CLG000634 UCO,0.0,5941.0,1744740.09,CHQ
2019-07-26,SERVICEBRANCHCHENNAICHEQUEDEPO00000231CRCITYUNIONBANKLTD0446CTSCLG000231CLG000231 CUB,0.0,740.0,1745480.09,CHQ
2019-07-26,SERVICEBRANCHCHENNAICHEQUEDEPO00110143CRBANKOFMAHARASHTRA0446CTSG110143 BOM,0.0,14323.0,1759803.09,CHQ
2019-07-26,SERVICEBRANCHCHENNAICHEQUEDEPO00001240CR7500446CTSGAN,0.0,8301.0,1768104.09,CHQ
2019-07-26,SERVICEBRANCHCHENNAICHEQUEDEPO00294420CRUTIBANKLTD0446CTSG,0.0,10000.0,1778104.09,CHQ
2019-07-26,SERVICEBRANCHCHENNAICHEQUEDEPO00900316CRCANARABANK0446CTSG900316 CAB,0.0,1879.0,1779983.09,CHQ
2019-07-26,SERVICEBRANCHCHENNAICHEQUEDEPO00003777CRANDHRABANK0446CTSG003777 ANB,0.0,9704.0,1789687.09,CHQ
2019-07-26,TIRUMANGALAMBYCHQ TTTFRCRKOKPAZHAMUDIRTOKISHOREMKTG,0.0,3774.0,1793461.09,CHQ
2019-07-26,TIRUMANGALAMCASHDEPOSITCRDepositbySELF,0.0,150000.0,1943461.09,CASH
2019-07-26,MUMBAIFORTWITHDRAWALTRANSFERMARSINTERNATIONAIDIBH19207391616CRTRANSFER24,600028.0,0.0,1343433.09,TRANSFER
2019-07-26,MUMBAIFORTC ACFEESCRSANTHOSHSUPERM698TRANSFER23,0.0,433.0,1343866.09,TRANSFER
2019-07-28,ATMSERVICEBYTRANSFERCRBRANCH IMPS 044 MBKUMARANMEDICALSSTRANSFE461,0.0,1429.0,1345295.09,IMPS
2019-07-29,MUMBAIFORTC ACFEESCRSANTHOSHSUPERM085TRANSFER25,0.0,4671.0,1349966.09,TRANSFER
2019-07-29,MUMBAIFORTC ACFEESCRVIKPRIHOME01DCTRANSFE121,0.0,5439.0,1355405.09,TRANSFER
2019-07-29,MUMBAIFORTWITHDRAWALTRANSFERCRREDBULLINDIAP436TRANSFER24,86005.0,0.0,1269400.09,TRANSFER
2019-07-29,TIRUMANGALAMCASHDEPOSITCRDepositbySELF,0.0,140000.0,1409400.09,CASH
2019-07-29,TIRUMANGALAMBYCHQ TTTFRCRON5TOKISHOREMKTG,0.0,2457.0,1411857.09,CHQ
2019-07-29,TIRUMANGALAMBYCHQ TTTFRCRDHANATOKISHOREMKTG,0.0,2736.0,1414593.09,CHQ
2019-07-29,SERVICEBRANCHCHENNAICHEQUEDEPO00000048CR2400446CTSG,0.0,7385.0,1421978.09,CHQ
2019-07-29,SERVICEBRANCHCHENNAICHEQUEDEPO00001241CR7500446CTSGAN,0.0,8299.0,1430277.09,CHQ
2019-07-29,SERVICEBRANCHCHENNAICHEQUEDEPO00381228CRSYNDICATEBANK0446CTSG381228 SYB,0.0,7290.0,1437567.09,CHQ
2019-07-29,SERVICEBRANCHCHENNAICHEQUEDEPO00294419CRUTIBANKLTD0446CTSG,0.0,10000.0,1447567.09,CHQ
2019-07-29,SERVICEBRANCHCHENNAICHEQUEDEPO00925683CRSTATEBANKOFINDIA0446CTSG925683 SBI,0.0,2551.0,1450118.09,CHQ
2019-07-29,SERVICEBRANCHCHENNAICHEQUEDEPO00049946CRINDIANOVERSEASBANK0446CTSG049946 IOB,0.0,14598.0,1464716.09,CHQ
2019-07-29,SERVICEBRANCHCHENNAICHEQUEDEPO00001452CRKARURVYSYABANKLTD0446CTSCLG001452CLG001452 KVB,0.0,8718.0,1473434.09,CHQ
2019-07-29,SERVICEBRANCHCHENNAICHEQUEDEPO00020375CRORIENTALBANKOFCOMMERCE0446CTSG020375 OBC,0.0,3261.0,1476695.09,CHQ
2019-07-29,MUMBAIFORTC ACFEESCRSANTHOSHSUPERM657TRANSFER27,0.0,4203.0,1480898.09,TRANSFER
2019-07-29,MUMBAIFORTWITHDRAWALTRANSFERINBISCOCRINDIAPV010TRANSFER24,162013.0,0.0,1318885.09,TRANSFER
2019-07-29,MUMBAIFORTC ACFEESCRLIMRASENTE6072TRANSFE127,0.0,5277.0,1324162.09,TRANSFER
2019-07-29,MUMBAIFORTC ACFEESCRPONNUSUPER6569652TRANSFER27,0.0,3377.0,1327539.09,TRANSFER
2019-07-30,MUMBAIFORTC ACFEESCRSARAVANAST6756600TRANSFER23,0.0,42376.0,1369915.09,TRANSFER
2019-07-30,MUMBAIFORTWITHDRAWALTRANSFERHECTORBEVERAGESPIDIBH19211485804CRTRANSFER24,310228.0,0.0,1059687.09,TRANSFER
2019-07-30,TIRUMANGALAMCASHDEPOSITCRDepositbySELF,0.0,335000.0,1394687.09,CASH
2019-07-30,SERVICEBRANCHCHENNAICHEQUEDEPO00007373CRICICIBANKINGCORPORATION0446CTSG,0.0,5012.0,1399699.09,CHQ
2019-07-30,SERVICEBRANCHCHENNAICHEQUEDEPO00201497CRTAMILNADMERCANTILEBANK0446CTSG201497 TMB,0.0,5690.0,1405389.09,CHQ
2019-07-30,SERVICEBRANCHCHENNAICHEQUEDEPO00302688CRTAMILNADMERCANTILEBANK0446CTSG302688 TMB,0.0,2245.0,1407634.09,CHQ
2019-07-30,SERVICEBRANCHCHENNAICHEQUEDEPO00021942CR0720446CTSG021942 DCB,0.0,7770.0,1415404.09,CHQ
2019-07-30,SERVICEBRANCHCHENNAICHEQUEDEPO00000388CRANDHRABANK0446CTSG000388 ANB,0.0,10473.0,1425877.09,CHQ
2019-07-30,MUMBAIFORTC ACFEESCRSANTHOSHSUPERM334TRANSFER23,0.0,1904.0,1427781.09,TRANSFER
2019-07-30,MUMBAIFORTC ACFEESCRSANTHOSHSUPERM653TRANSFER20,0.0,1419.0,1429200.09,TRANSFER
2019-07-30,MUMBAIFORTC ACFEESCRSANTHOSHSUPERM875TRANSFER23,0.0,9034.0,1438234.09,TRANSFER
2019-07-30,MUMBAIFORTC ACFEESCRSANTHOSHSUPERM101TRANSFER21,0.0,209.0,1438443.09,TRANSFER
2019-07-30,SERVICEBRANCHCHENNAICHEQUEDEPO00000804CRKARURVYSYABANKLTD0446CTSCLG000804CLG000804 KVB,0.0,762.0,1439205.09,OUTWARD-RETURN
2019-07-30,SERVICEBRANCHCHENNAICHEQUEDEPO00214337CRINDIANOVERSEASBANK,0.0,8998.0,1448203.09,CHQ
2019-07-30,SERVICEBRANCHCHENNAICHEQUEDEPO00690298CRSTATEBANKOFINDIA0446CTSG690298 SBI,0.0,1064.0,1449267.09,CHQ
2019-07-30,SERVICEBRANCHCHENNAICHEQUEDEPO00185047CRTAMILNADMERCANTILEBANK0446CTSG185047 TMB,0.0,1287.0,1450554.09,CHQ
2019-07-30,SERVICEBRANCHCHENNAICHEQUEDEPO00002748CRKARURVYSYABANKLTD0446CTSCLG002748CLG002748 KVB,0.0,2717.0,1453271.09,CHQ
2019-07-30,SERVICEBRANCHCHENNAICHEQUEDEPO00764928CRSTATEBANKOFINDIA0446CTSG764928 SBI,0.0,2154.0,1455425.09,CHQ
2019-07-30,SERVICEBRANCHCHENNAICHEQUEDEPO00542900CR0290446CTSG542900 VJB,0.0,8910.0,1464335.09,CHQ
2019-07-30,SERVICEBRANCHCHENNAICHEQUEDEPO00042120CRANDHRABANK0446CTSG042120 ANB,0.0,7212.0,1471547.09,CHQ
2019-07-30,SERVICEBRANCHCHENNAICHEQUEDEPO00217692CRVIJAYABANK0446CTSG217692 VJB,0.0,29522.0,1501069.09,CHQ
2019-07-30,SERVICEBRANCHCHENNAICHEQUEDEPO00860493CRINDIANOVERSEASBANK0446CTSG860493 IOB,0.0,1395.0,1502464.09,CHQ
2019-07-30,SERVICEBRANCHCHENNAIOUTCHQRETCRFundsinsufficient,762.0,0.0,1501702.09,OUTWARD-RETURN
2019-07-30,SERVICEBRANCHCHENNAICHQDISHONOURCR,250.0,0.0,1501452.09,INWARD-CHARGES
2019-07-30,CASHDEPCRCHRGSOTHER,135.0,0.0,1501317.09,DEPOSIT-CHARGES
2019-07-31,MUMBAIFORTC ACFEESCRMCRENNETTF8020260TRANSFER23,0.0,2463.0,1503780.09,TRANSFER
2019-07-31,MUMBAIFORTWITHDRAWALTRANSFERINVENTZLIFESCIENIDIBH19212140985CRTRANSFER24,21285.0,0.0,1482495.09,TRANSFER
2019-07-31,TIRUMANGALAMCASHDEPOSITCRDepositbySELF,0.0,115000.0,1597495.09,CASH
2019-07-31,MUMBAIFORTC ACFEESCRBANKOFBARODAFO364TRANSFER23,0.0,7385.0,1604880.09,TRANSFER
2019-07-31,MUMBAIFORTWITHDRAWALTRANSFERHECTORBEVERAGESPIDIBH19212173173CRTRANSFER24,75005.0,0.0,1529875.09,TRANSFER
2019-08-01,SERVICEBRANCHCHENNAITOCLGCHQ00898742CRSECEDCWEST,3892.0,0.0,1525983.09,CHQ
2019-08-01,MUMBAIFORTC ACFEESCRELLIOTFOODS193TRANSFER26,0.0,1140.0,1527123.09,TRANSFER
2019-08-01,SERVICEBRANCHCHENNAICHEQUEDEPO00658758CRTAMILNADMERCANTILEBANK0446CTSG658758 TMB,0.0,70619.69,1597742.78,CHQ
2019-08-01,SERVICEBRANCHCHENNAICHEQUEDEPO00000329CR2400446CTSG,0.0,8839.0,1606581.78,CHQ
2019-08-01,SERVICEBRANCHCHENNAICHEQUEDEPO00021943CR0720446CTSG021943 DCB,0.0,7780.0,1614361.78,CHQ
2019-08-01,MUMBAIFORTC ACFEESCRSANTHOSHSUPERM922TRANSFER21,0.0,22602.0,1636963.78,TRANSFER
2019-08-01,MUMBAIFORTC ACFEESCRSANTHOSHSUPERM727TRANSFER21,0.0,4647.0,1641610.78,TRANSFER
2019-08-01,SERVICEBRANCHCHENNAICHEQUEDEPO00001946CRKARURVYSYABANKLTD0446CTSCLG001946CLG001946 KVB,0.0,1785.0,1643395.78,CHQ
2019-08-01,SERVICEBRANCHCHENNAICHEQUEDEPO00041451CRKARNATAKABANKLTD,0.0,13752.0,1657147.78,CHQ
2019-08-01,SERVICEBRANCHCHENNAICHEQUEDEPO00735241CR,0.0,5100.0,1662247.78,CHQ
2019-08-01,SERVICEBRANCHCHENNAICHEQUEDEPO00041639CRBANKOFINDIA0446CTSG041639 BOI,0.0,5298.0,1667545.78,CHQ
2019-08-01,SERVICEBRANCHCHENNAICHEQUEDEPO00986548CRINDIANOVERSEASBANK0446CTSG986548 IOB,0.0,3039.0,1670584.78,CHQ
2019-08-01,SERVICEBRANCHCHENNAICHEQUEDEPO00000606CRCITYUNIONBANKLTD0446CTSCLG000606CLG000606 CUB,0.0,1173.0,1671757.78,CHQ
2019-08-01,SERVICEBRANCHCHENNAICHEQUEDEPO00296542CR2590446CTSG,0.0,3003.0,1674760.78,CHQ
2019-08-01,SERVICEBRANCHCHENNAICHEQUEDEPO00022254CR0720446CTSG022254 DCB,0.0,473.0,1675233.78,CHQ
2019-08-01,SERVICEBRANCHCHENNAICHEQUEDEPO00000062CR4850446CTSG000062 KMB,0.0,1026.0,1676259.78,CHQ
2019-08-01,SERVICEBRANCHCHENNAICHEQUEDEPO00193025CR2590446CTSG,0.0,3097.0,1679356.78,CHQ
2019-08-01,SERVICEBRANCHCHENNAICHEQUEDEPO00022668CRANDHRABANK0446CTSCHQ02266,0.0,11618.0,1690974.78,CHQ
2019-08-01,SERVICEBRANCHCHENNAICHEQUEDEPO00021944CR0720446CTSG021944 DCB,0.0,7788.0,1698762.78,CHQ
2019-08-01,SERVICEBRANCHCHENNAICHEQUEDEPO00005011CR2400446CTSG,0.0,10150.0,1708912.78,CHQ
2019-08-01,SERVICEBRANCHCHENNAICHEQUEDEPO00042125CRANDHRABANK0446CTSG042125 ANB,0.0,1894.0,1710806.78,CHQ
2019-08-01,SERVICEBRANCHCHENNAICHEQUEDEPO00000039CR2400446CTSG,0.0,5504.0,1716310.78,CHQ
2019-08-01,SERVICEBRANCHCHENNAICHEQUEDEPO00000073CR4850446CTSG000073 KMB,0.0,1372.0,1717682.78,OUTWARD-RETURN
2019-08-01,SERVICEBRANCHCHENNAICHEQUEDEPO00214191CRINDIANOVERSEASBANK0446CTSG214191 IOB,0.0,1894.0,1719576.78,CHQ
2019-08-01,SERVICEBRANCHCHENNAICHEQUEDEPO00472748CRSYNDICATEBANK0446CTSG472748 SYB,0.0,1788.0,1721364.78,CHQ
2019-08-01,SERVICEBRANCHCHENNAICHEQUEDEPO00294376CRUTIBANKLTD0446CTSG,0.0,8132.0,1729496.78,CHQ
2019-08-01,SERVICEBRANCHCHENNAICHEQUEDEPO00233651CRUTIBANKLTD0446CTSG,0.0,7751.0,1737247.78,CHQ
2019-08-01,SERVICEBRANCHCHENNAICHEQUEDEPO00191860CRTAMILNADMERCANTILEBANK0446CTSG191860 TMB,0.0,2154.0,1739401.78,CHQ
2019-08-01,SERVICEBRANCHCHENNAICHEQUEDEPO00002292CRANDHRABANK0446CTSG002292 ANB,0.0,1081.0,1740482.78,OUTWARD-RETURN
2019-08-01,SERVICEBRANCHCHENNAICHEQUEDEPO00118522CRUTIBANKLTD0446CTSG,0.0,3771.0,1744253.78,CHQ
2019-08-01,SERVICEBRANCHCHENNAICHEQUEDEPO00002129CR2400446CTSG,0.0,9473.0,1753726.78,CHQ
2019-08-01,SERVICEBRANCHCHENNAIOUTCHQRETCRFundsinsufficient,1372.0,0.0,1752354.78,OUTWARD-RETURN
2019-08-01,SERVICEBRANCHCHENNAICHQDISHONOURCR,250.0,0.0,1752104.78,INWARD-CHARGES
2019-08-01,SERVICEBRANCHCHENNAIOUTCHQRETCRFundsinsufficient,1081.0,0.0,1751023.78,OUTWARD-RETURN
2019-08-01,SERVICEBRANCHCHENNAICHQDISHONOURCR,250.0,0.0,1750773.78,INWARD-CHARGES
2019-08-01,MUMBAIFORTC ACFEESCRAMMANFRUITS984TRANSFER25,0.0,30007.0,1780780.78,TRANSFER
2019-08-02,SERVICEBRANCHCHENNAITOCLGCHQ00898727CRSECEDCWEST,36719.0,0.0,1744061.78,CHQ
2019-08-02,SERVICEBRANCHCHENNAICHEQUEDEPO00002819CRKARURVYSYABANKLTD0446CTSCLG002819CLG002819 KVB,0.0,130.0,1744191.78,CHQ
2019-08-02,SERVICEBRANCHCHENNAICHEQUEDEPO00042344CRANDHRABANK0446CTSG042344 ANB,0.0,1298.0,1745489.78,CHQ
2019-08-02,SERVICEBRANCHCHENNAICHEQUEDEPO00003180CR4850446CTSG003180 KMB,0.0,8268.0,1753757.78,CHQ
2019-08-02,SERVICEBRANCHCHENNAICHEQUEDEPO00022648CRANDHRABANK,0.0,2067.0,1755824.78,CHQ
2019-08-02,SERVICEBRANCHCHENNAICHEQUEDEPO00216106CRFEDERALBANKLTD0446CTSG216106 FBI,0.0,8234.0,1764058.78,CHQ
2019-08-02,SERVICEBRANCHCHENNAICHEQUEDEPO00000036CR2400446CTSG,0.0,6905.0,1770963.78,CHQ
2019-08-02,SERVICEBRANCHCHENNAICHEQUEDEPO00005850CRANDHRABANK0446CTSG005850 ANB,0.0,3100.0,1774063.78,CHQ
2019-08-02,SERVICEBRANCHCHENNAICHEQUEDEPO00049950CRINDIANOVERSEASBANK0446CTSG049950 IOB,0.0,4186.0,1778249.78,CHQ
2019-08-02,TIRUMANGALAMCASHDEPOSITCRDepositbySELF,0.0,500000.0,2278249.78,CASH
2019-08-02,MUMBAIFORTC ACFEESCRSANTHOSHSUPERM003TRANSFER21,0.0,7681.0,2285930.78,TRANSFER
2019-08-02,MUMBAIFORTWITHDRAWALTRANSFERMARSINTERNATIONAIDIBH19214294091CRTRANSFER24,800028.0,0.0,1485902.78,TRANSFER
2019-08-02,MUMBAIFORTC ACFEESCRANNANAGARSUPE0071TRANSFER21,0.0,1880.0,1487782.78,TRANSFER
2019-08-02,CASHDEPCRCHRGSOTHER,300.0,0.0,1487482.78,DEPOSIT-CHARGES
2019-08-03,MUMBAIFORTC ACFEESCRPONNUSUPER2186318TRANSFER25,0.0,14273.0,1501755.78,TRANSFER
2019-08-03,MUMBAIFORTC ACFEESKPNCRFARMFRESH622TRANSFER23,0.0,4849.0,1506604.78,TRANSFER
2019-08-05,COREBANKINGWITHDRAWALTRANSFERTECHPROCESS867998298 BharatCRDATACENTREPetroleumCorporationTRANSFERTO,10008.26,0.0,1496596.52,ONLINE-PAYMENT
2019-08-05,SERVICEBRANCHCHENNAICHEQUEDEPO00003808CRUTIBANKLTD0446CTSG,0.0,28890.0,1525486.52,CHQ
2019-08-05,SERVICEBRANCHCHENNAICHEQUEDEPO00022167CRICICIBANKINGCORPORATION0446CTSG,0.0,120000.0,1645486.52,CHQ
2019-08-05,SERVICEBRANCHCHENNAICHEQUEDEPO00022715CRANDHRABANK0446CTSG022715 ANB,0.0,5820.0,1651306.52,CHQ
2019-08-05,SERVICEBRANCHCHENNAICHEQUEDEPO00471235CR2340446CTSG,0.0,4675.0,1655981.52,CHQ
2019-08-05,SERVICEBRANCHCHENNAICHEQUEDEPO00000900CR4850446CTSG000900 KMB,0.0,9460.0,1665441.52,CHQ
2019-08-05,SERVICEBRANCHCHENNAICHEQUEDEPO00023694CR2400446CTSG,0.0,8393.0,1673834.52,CHQ
2019-08-05,SERVICEBRANCHCHENNAICHEQUEDEPO00143057CRUNIONBANKOFINDIA0446CTSG143057 UBI,0.0,4960.0,1678794.52,OUTWARD-RETURN
2019-08-05,SERVICEBRANCHCHENNAICHEQUEDEPO00002824CRKARURVYSYABANKLTD0446CTSCLG002824CLG002824 KVB,0.0,4709.0,1683503.52,CHQ
2019-08-05,SERVICEBRANCHCHENNAICHEQUEDEPO00126802CRUTIBANKLTD0446CTSG,0.0,1396.0,1684899.52,CHQ
2019-08-05,SERVICEBRANCHCHENNAICHEQUEDEPO00004491CR2400446CTSG,0.0,10075.0,1694974.52,CHQ
2019-08-05,SERVICEBRANCHCHENNAICHEQUEDEPO00666676CRTAMILNADMERCANTILEBANK0446CTSG666676 TMB,0.0,360.0,1695334.52,CHQ
2019-08-05,SERVICEBRANCHCHENNAICHEQUEDEPO00591643CR2590446CTSG,0.0,698.0,1696032.52,CHQ
2019-08-05,SERVICEBRANCHCHENNAICHEQUEDEPO00000063CR2400446CTSG,0.0,487.0,1696519.52,CHQ
2019-08-05,SERVICEBRANCHCHENNAICHEQUEDEPO00004896CRANDHRABANK0446CTSG004896 ANB,0.0,1230.0,1697749.52,CHQ
2019-08-05,SERVICEBRANCHCHENNAICHEQUEDEPO00850538CRTAMILNADUSTATEAPEXCOO0446CTSG,0.0,1565.0,1699314.52,CHQ
2019-08-05,TIRUMANGALAMBYCHQ TTTFRCRACTFR,0.0,1933.0,1701247.52,CHQ
2019-08-05,TIRUMANGALAMBYCHQ TTTFRCRACTFR,0.0,2896.0,1704143.52,CHQ
2019-08-05,MUMBAIFORTWITHDRAWALTRANSFERBKarthikeyanIDIBH19217381793CRTRANSFER24,200013.0,0.0,1504130.52,TRANSFER
2019-08-05,MUMBAIFORTC ACFEESCRLIMRASENTE4125TRANSFE126,0.0,7712.0,1511842.52,TRANSFER
2019-08-05,MUMBAIFORTC ACFEESCRSANTHOSHSUPERM350TRANSFER27,0.0,9536.0,1521378.52,TRANSFER
2019-08-05,SERVICEBRANCHCHENNAIOUTCHQRETCRFundsinsufficient,4960.0,0.0,1516418.52,OUTWARD-RETURN
2019-08-05,SERVICEBRANCHCHENNAICHQDISHONOURCR,250.0,0.0,1516168.52,INWARD-CHARGES
2019-08-05,MUMBAIFORTC ACFEESMRCRVBALAKUMARQ566TRANSFER23,0.0,9533.0,1525701.52,TRANSFER
2019-08-06,MUMBAIFORTC ACFEESCRANNAISUPERMAR2457TRANSFER21,0.0,5082.0,1530783.52,TRANSFER
2019-08-06,SERVICEBRANCHCHENNAITOCLGCHQ00898749CRCAVINKAREPVTLTD,48636.0,0.0,1482147.52,CHQ
2019-08-06,SERVICEBRANCHCHENNAICHEQUEDEPO00003076CRKARURVYSYABANKLTD0446CTSCLG003076CLG003076 KVB,0.0,1278.0,1483425.52,CHQ
2019-08-06,SERVICEBRANCHCHENNAICHEQUEDEPO00023932CR,0.0,1256.0,1484681.52,CHQ
2019-08-06,SERVICEBRANCHCHENNAICHEQUEDEPO00472747CRSYNDICATEBANK0446CTSG472747 SYB,0.0,2721.0,1487402.52,OUTWARD-RETURN
2019-08-06,SERVICEBRANCHCHENNAICHEQUEDEPO00042262CRANDHRABANK0446CTSG042262 ANB,0.0,5073.0,1492475.52,CHQ
2019-08-06,SERVICEBRANCHCHENNAICHEQUEDEPO00000048CR2400446CTSG,0.0,2557.0,1495032.52,CHQ
2019-08-06,SERVICEBRANCHCHENNAICHEQUEDEPO00000003CR7560446CTSG,0.0,28250.0,1523282.52,CHQ
2019-08-06,SERVICEBRANCHCHENNAICHEQUEDEPO00001931CRUTIBANKLTD0446CTSG,0.0,1400.0,1524682.52,CHQ
2019-08-06,SERVICEBRANCHCHENNAICHEQUEDEPO00001595CRKARURVYSYABANKLTD0446CTSCLG001595CLG001595 KVB,0.0,18327.0,1543009.52,CHQ
2019-08-06,SERVICEBRANCHCHENNAICHEQUEDEPO00844054CRTAMILNADMERCANTILEBANK0446CTSG844054 TMB,0.0,1409.0,1544418.52,CHQ
2019-08-06,SERVICEBRANCHCHENNAICHEQUEDEPO00010774CRSOUTHINDIANBANKLTD0446CTSCLG010774CLG010774 SIB,0.0,3871.0,1548289.52,CHQ
2019-08-06,SERVICEBRANCHCHENNAICHEQUEDEPO00474522CRSOUTHINDIANBANKLTD0446CTSCLG474522CLG474522 SIB,0.0,13101.0,1561390.52,CHQ
2019-08-06,SERVICEBRANCHCHENNAICHEQUEDEPO00002382CRANDHRABANK0446CTSCHQ4082,0.0,12192.0,1573582.52,CHQ
2019-08-06,SERVICEBRANCHCHENNAICHEQUEDEPO00742278CRINDIANOVERSEASBANK0446CTSG742278 IOB,0.0,2301.0,1575883.52,CHQ
2019-08-06,SERVICEBRANCHCHENNAICHEQUEDEPO00668548CRSTATEBANKOFINDIA0446CTSG668548 SBI,0.0,41520.0,1617403.52,CHQ
2019-08-06,SERVICEBRANCHCHENNAICHEQUEDEPO00997640CRINDIANOVERSEASBANK0446CTSG997640 IOB,0.0,7064.0,1624467.52,CHQ
2019-08-06,SERVICEBRANCHCHENNAICHEQUEDEPO00774393CRUNITEDBANKOFINDIA0446CTSCLG774393CLG,0.0,961.0,1625428.52,CHQ
2019-08-06,SERVICEBRANCHCHENNAICHEQUEDEPO00900406CRCANARABANK0446CTSG900406 CAB,0.0,1367.0,1626795.52,CHQ
2019-08-06,SERVICEBRANCHCHENNAICHEQUEDEPO00293236CRUTIBANKLTD,0.0,14421.0,1641216.52,CHQ
2019-08-06,SERVICEBRANCHCHENNAICHEQUEDEPO00471238CR2340446CTSG,0.0,1200.0,1642416.52,CHQ
2019-08-06,SERVICEBRANCHCHENNAICHEQUEDEPO00002836CRKARURVYSYABANKLTD0446CTSCLG002836CLG002836 KVB,0.0,2491.0,1644907.52,CHQ
2019-08-06,SERVICEBRANCHCHENNAICHEQUEDEPO00806829CRUTIBANKLTD0446CTSG,0.0,550.0,1645457.52,CHQ
2019-08-06,SERVICEBRANCHCHENNAICHEQUEDEPO00001173CRBANKOFBARODA0446CTSCLG001173CLG001173 BOB,0.0,1909.0,1647366.52,CHQ
2019-08-06,SERVICEBRANCHCHENNAICHEQUEDEPO00217718CRVIJAYABANK0446CTSG217718 VJB,0.0,34560.0,1681926.52,CHQ
2019-08-06,SERVICEBRANCHCHENNAICHEQUEDEPO00010776CRSOUTHINDIANBANKLTD0446CTSCLG010776CLG010776 SIB,0.0,8987.0,1690913.52,CHQ
2019-08-06,MUMBAIFORTWITHDRAWALTRANSFERHECTORBEVERAGESPIDIBH19218432334CRTRANSFER24,100005.0,0.0,1590908.52,TRANSFER
2019-08-06,TIRUMANGALAMBYCHQ TTTFRCRACTFR,0.0,7501.0,1598409.52,CHQ
2019-08-06,MUMBAIFORTC ACFEESCRSANTHOSHSUPERM608TRANSFER20,0.0,2969.0,1601378.52,TRANSFER
2019-08-06,MUMBAIFORTC ACFEESCRSANTHOSHSUPERM366TRANSFER27,0.0,1979.0,1603357.52,TRANSFER
2019-08-06,SERVICEBRANCHCHENNAIOUTCHQRETCRFundsinsufficient,2721.0,0.0,1600636.52,OUTWARD-RETURN
2019-08-06,SERVICEBRANCHCHENNAICHQDISHONOURCR,250.0,0.0,1600386.52,INWARD-CHARGES
2019-08-07,SERVICEBRANCHCHENNAICHEQUEDEPO00900405CRCANARABANK0446CTSG900405 CAB,0.0,3421.0,1603807.52,CHQ
2019-08-07,SERVICEBRANCHCHENNAICHEQUEDEPO00001529CRKARURVYSYABANKLTD0446CTSCLG001529CLG001529 KVB,0.0,4394.0,1608201.52,CHQ
2019-08-07,SERVICEBRANCHCHENNAICHEQUEDEPO00000053CRUCOBANK0446CTSCLG000053CLG000053 UCO,0.0,1486.0,1609687.52,CHQ
2019-08-07,SERVICEBRANCHCHENNAICHEQUEDEPO00913926CRSYNDICATEBANK0446CTSG913926 SYB,0.0,1295.0,1610982.52,CHQ
2019-08-07,SERVICEBRANCHCHENNAICHEQUEDEPO00227623CRUTIBANKLTD0446CTSG,0.0,25156.0,1636138.52,CHQ
2019-08-07,SERVICEBRANCHCHENNAICHEQUEDEPO00000797CRICICIBANKINGCORPORATION0446CTSG,0.0,1432.0,1637570.52,CHQ
2019-08-07,SERVICEBRANCHCHENNAICHEQUEDEPO00002871CRUTIBANKLTD0446CTSG,0.0,2428.0,1639998.52,CHQ
2019-08-07,SERVICEBRANCHCHENNAICHEQUEDEPO00933361CR2340446CTSG,0.0,2140.0,1642138.52,CHQ
2019-08-07,SERVICEBRANCHCHENNAICHEQUEDEPO00000345CR7560446CTSG,0.0,1039.0,1643177.52,CHQ
2019-08-07,TIRUMANGALAMCASHDEPOSITCRDepositbySELF,0.0,220000.0,1863177.52,CASH
2019-08-07,ATMSERVICEBYTRANSFERCRBRANCH IMPS 206 ASsupermarketredbullTRANSFER61,0.0,2712.0,1865889.52,IMPS
2019-08-07,MUMBAIFORTC ACFEESCRHECTORBEVER1208385TRANSFER25,0.0,14032.0,1879921.52,TRANSFER
2019-08-07,MUMBAIFORTC ACFEESCRHECTORBEVER1208760TRANSFER26,0.0,11613.0,1891534.52,TRANSFER
2019-08-07,MUMBAIFORTC ACFEESCRHECTORBEVER1208455TRANSFER24,0.0,15000.0,1906534.52,TRANSFER
2019-08-07,MUMBAIFORTC ACFEESCRHECTORBEVER1208422TRANSFER23,0.0,5806.0,1912340.52,TRANSFER
2019-08-07,MUMBAIFORTC ACFEESCRHECTORBEVER1208501TRANSFER21,0.0,10161.0,1922501.52,TRANSFER
2019-08-07,MUMBAIFORTC ACFEESMACCRS071TRANSFER21,0.0,2777.0,1925278.52,TRANSFER
2019-08-07,CASHDEPCRCHRGSOTHER,100.0,0.0,1925178.52,DEPOSIT-CHARGES
2019-08-08,SERVICEBRANCHCHENNAITOCLGCHQ00898748CRCAVINKAREPVTLTD,553409.0,0.0,1371769.52,CHQ
2019-08-08,MUMBAIFORTWITHDRAWALTRANSFERMARSINTERNATIONAIDIBH19220145807CRTRANSFER24,600028.0,0.0,771741.52,TRANSFER
2019-08-08,TIRUMANGALAMCASHDEPOSITCRDepositbySELF,0.0,100000.0,871741.52,CASH
2019-08-08,MUMBAIFORTC ACFEESCRVIKPRIHOME81DCTRANSFE120,0.0,6471.0,878212.52,TRANSFER
2019-08-08,MUMBAIFORTWITHDRAWALTRANSFERCRSNJSugarsandp517TRANSFER24,122661.0,0.0,755551.52,TRANSFER
2019-08-08,MUMBAIFORTC ACFEESCRLIMRASENTE4876TRANSFE127,0.0,1385.0,756936.52,TRANSFER
2019-08-08,MUMBAIFORTC ACFEESKPNCRFARMFRESHP702TRANSFER24,0.0,1135.0,758071.52,TRANSFER
2019-08-09,SERVICEBRANCHCHENNAICHEQUEDEPO00007444CR0540446CTSG007444 CUB,0.0,2208.0,760279.52,CHQ
2019-08-09,SERVICEBRANCHCHENNAICHEQUEDEPO00002854CRKARURVYSYABANKLTD0446CTSCLG002854CLG002854 KVB,0.0,2606.0,762885.52,CHQ
2019-08-09,SERVICEBRANCHCHENNAICHEQUEDEPO00214508CRINDIANOVERSEASBANK0446CTSG214508 IOB,0.0,1596.0,764481.52,CHQ
2019-08-09,SERVICEBRANCHCHENNAICHEQUEDEPO00001989CR2400446CTSG,0.0,2250.0,766731.52,CHQ
2019-08-09,SERVICEBRANCHCHENNAICHEQUEDEPO00023350CRUTIBANKLTD0446CTSG,0.0,5375.0,772106.52,CHQ
2019-08-09,SERVICEBRANCHCHENNAICHEQUEDEPO00900465CRCANARABANK0446CTSG900465 CAB,0.0,1304.0,773410.52,CHQ
2019-08-09,SERVICEBRANCHCHENNAICHEQUEDEPO00001769CRKARURVYSYABANKLTD0446CTSCLG001769CLG001769 KVB,0.0,29519.0,802929.52,CHQ
2019-08-09,SERVICEBRANCHCHENNAICHEQUEDEPO00000271CRCITYUNIONBANKLTD0446CTSCLG000271CLG000271 CUB,0.0,465.0,803394.52,CHQ
2019-08-09,SERVICEBRANCHCHENNAICHEQUEDEPO00907135CRSTATEBANKOFINDIA0446CTSG907135 SBI,0.0,1478.0,804872.52,CHQ
2019-08-09,SERVICEBRANCHCHENNAICHEQUEDEPO00294377CRUTIBANKLTD0446CTSG,0.0,3025.0,807897.52,CHQ
2019-08-09,SERVICEBRANCHCHENNAICHEQUEDEPO00042363CRANDHRABANK0446CTSG042363 ANB,0.0,13565.0,821462.52,CHQ
2019-08-09,SERVICEBRANCHCHENNAICHEQUEDEPO00216107CRFEDERALBANKLTD0446CTSG216107 FBI,0.0,5002.0,826464.52,CHQ
2019-08-09,SERVICEBRANCHCHENNAICHEQUEDEPO00452087CR2590446CTSG,0.0,1264.0,827728.52,CHQ
2019-08-09,SERVICEBRANCHCHENNAICHEQUEDEPO00000223CRLAKSHMIVILASBANKLTD0446CTSCLG000223CLG000223 LVB,0.0,1260.0,828988.52,CHQ
2019-08-09,SERVICEBRANCHCHENNAICHEQUEDEPO00000123CRINDIANOVERSEASBANK0446CTSG000123 IOB,0.0,939.0,829927.52,CHQ
2019-08-09,SERVICEBRANCHCHENNAICHEQUEDEPO00030488CRICICIBANKINGCORPORATION0446CTSG,0.0,822.0,830749.52,CHQ
2019-08-09,SERVICEBRANCHCHENNAICHEQUEDEPO00000671CRKARURVYSYABANKLTD0446CTSCLG000671CLG000671 KVB,0.0,3406.0,834155.52,CHQ
2019-08-09,SERVICEBRANCHCHENNAICHEQUEDEPO00003249CR2400446CTSG,0.0,1374.0,835529.52,CHQ
2019-08-09,SERVICEBRANCHCHENNAICHEQUEDEPO00746376CRSYNDICATEBANK0446CTSG746376 SYB,0.0,690.0,836219.52,CHQ
2019-08-09,SERVICEBRANCHCHENNAICHEQUEDEPO00462516CRTAMILNADMERCANTILEBANK0446CTSG462516 TMB,0.0,9004.0,845223.52,CHQ
2019-08-09,SERVICEBRANCHCHENNAICHEQUEDEPO00011425CRICICIBANKINGCORPORATION0446CTSG,0.0,11091.0,856314.52,CHQ
2019-08-09,SERVICEBRANCHCHENNAICHEQUEDEPO00001981CRICICIBANKINGCORPORATION0446CTSG,0.0,9786.0,866100.52,CHQ
2019-08-09,SERVICEBRANCHCHENNAICHEQUEDEPO00457187CR2590446CTSG,0.0,5547.0,871647.52,CHQ
2019-08-09,TIRUMANGALAMBYCHQ TTTFRCRaliceflytokishoremktg,0.0,8621.0,880268.52,CHQ
2019-08-09,TIRUMANGALAMCASHDEPOSITCRDepositbySELF,0.0,500000.0,1380268.52,CASH
2019-08-09,MUMBAIFORTWITHDRAWALTRANSFERMARSINTERNATIONAIDIBH19221230839CRTRANSFER24,600028.0,0.0,780240.52,TRANSFER
2019-08-09,MUMBAIFORTWITHDRAWALTRANSFERINBISCOCRINDIAPV027TRANSFER24,200013.0,0.0,580227.52,TRANSFER
2019-08-09,MUMBAIFORTC ACFEESREDCRBULLINDIAP659TRANSFER20,0.0,28080.0,608307.52,TRANSFER
2019-08-09,CASHDEPCRCHRGSOTHER,300.0,0.0,608007.52,DEPOSIT-CHARGES
2019-08-12,COREBANKINGBYTRANSFERCRDATACENTRETransfer87844kishoreTRANSFE09,0.0,12123.0,620130.52,TRANSFER
2019-08-13,MUMBAIFORTC ACFEESCRPONNUSUPERMAR4762TRANSFER25,0.0,10034.0,630164.52,TRANSFER
2019-08-13,TIRUMANGALAMBYCHQ TTTFRCRSREEINDIRATOKISHOREMKTG,0.0,1307.0,631471.52,CHQ
2019-08-13,TIRUMANGALAMBYCHQ TTTFRCRKOKPAZHAMUDIRTOKISHOREMKTG,0.0,4049.0,635520.52,CHQ
2019-08-13,TIRUMANGALAMBYCHQ TTTFRCRALICEFLYTOKISHOREMKTG,0.0,42064.0,677584.52,CHQ
2019-08-13,TIRUMANGALAMBYCHQ TTTFRCRON5TOKISHOREMKTG,0.0,1061.0,678645.52,CHQ
2019-08-13,TIRUMANGALAMBYCHQ TTTFRCRVALUESUPERTOKISHOREMKTG,0.0,12455.0,691100.52,CHQ
2019-08-13,TIRUMANGALAMBYCHQ TTTFRCRAYYANARSUPTOKISHOREMKTG,0.0,1650.0,692750.52,CHQ
2019-08-13,TIRUMANGALAMBYCHQ TTTFRCRASRTOKISHOREMKTG,0.0,38661.0,731411.52,CHQ
2019-08-13,MUMBAIFORTC ACFEESCRSANTHOSHSUPERM967TRANSFER23,0.0,11145.0,742556.52,TRANSFER
2019-08-13,MUMBAIFORTC ACFEESCRLIMRASENTE9699TRANSFE121,0.0,8025.0,750581.52,TRANSFER
2019-08-13,MUMBAIFORTC ACFEESCRLIMRASENTE9749TRANSFE121,0.0,702.0,751283.52,TRANSFER
2019-08-13,MUMBAIFORTC ACFEESCRKARUVALURMARIA8035TRANSFER26,0.0,4242.0,755525.52,TRANSFER
2019-08-13,MUMBAIFORTC ACFEESCRAMMANFRUITS367TRANSFER24,0.0,6674.0,762199.52,TRANSFER
2019-08-14,MUMBAIFORTC ACFEESKSCRNSUPERMARK323TRANSFER26,0.0,2484.0,764683.52,TRANSFER
2019-08-14,MUMBAIFORTC ACFEESCRAMMANFRUITS448TRANSFER23,0.0,9943.0,774626.52,TRANSFER
2019-08-14,COREBANKINGWITHDRAWALTRANSFERTECHPROCESS875138794 BharatCRDATACENTREPetroleumCorporationTRANSFERTO,10008.26,0.0,764618.26,ONLINE-PAYMENT
2019-08-14,TIRUMANGALAMBYCHQ TTTFRCRALICEFLYTOKISHOREMKTG,0.0,9407.0,774025.26,CHQ
2019-08-14,TIRUMANGALAMBYCHQ TTTFRCRBOOBALANTOKISHOREMKTG,0.0,2557.0,776582.26,CHQ
2019-08-14,TIRUMANGALAMBYCHQ TTTFRCRCHFOODSTOKISHOREMKTG,0.0,10316.0,786898.26,CHQ
2019-08-14,TIRUMANGALAMBYCHQ TTTFRCRCHFOODSTOKISHOREMKTG,0.0,648.0,787546.26,CHQ
2019-08-14,MUMBAIFORTC ACFEESCRSANTHOSHSUPERM649TRANSFER24,0.0,5341.0,792887.26,TRANSFER
2019-08-14,TIRUMANGALAMCASHDEPOSITCRDepositbySELF,0.0,450000.0,1242887.26,CASH
2019-08-14,MUMBAIFORTWITHDRAWALTRANSFERINBISCOCRINDIAPV582TRANSFER24,100005.0,0.0,1142882.26,TRANSFER
2019-08-14,MUMBAIFORTC ACFEESCRMERCYSUPERMA3625178TRANSFER29,0.0,1350.0,1144232.26,TRANSFER
2019-08-14,MUMBAIFORTC ACFEESCRMERCYSUPERMA3625246TRANSFER23,0.0,680.0,1144912.26,TRANSFER
2019-08-14,SERVICEBRANCHCHENNAICHEQUEDEPO00000116CR2400446CTSG,0.0,3597.0,1148509.26,CHQ
2019-08-14,SERVICEBRANCHCHENNAICHEQUEDEPO00001557CRKARURVYSYABANKLTD0446CTSCLG001557CLG001557 KVB,0.0,5877.0,1154386.26,CHQ
2019-08-14,SERVICEBRANCHCHENNAICHEQUEDEPO00000904CR4850446CTSG000904 KMB,0.0,24452.0,1178838.26,CHQ
2019-08-14,SERVICEBRANCHCHENNAICHEQUEDEPO00000593CRKARURVYSYABANKLTD0446CTSCLG000593CLG000593 KVB,0.0,1300.0,1180138.26,CHQ
2019-08-14,SERVICEBRANCHCHENNAICHEQUEDEPO00000449CR,0.0,2520.0,1182658.26,CHQ
2019-08-14,SERVICEBRANCHCHENNAICHEQUEDEPO00598195CRANDHRABANK,0.0,10438.0,1193096.26,CHQ
2019-08-14,SERVICEBRANCHCHENNAICHEQUEDEPO00373619CR2590446CTSG,0.0,1830.0,1194926.26,CHQ
2019-08-14,SERVICEBRANCHCHENNAICHEQUEDEPO00045259CRSYNDICATEBANK0446CTSG045259 SYB,0.0,7915.0,1202841.26,CHQ
2019-08-14,SERVICEBRANCHCHENNAICHEQUEDEPO00021558CRKARURVYSYABANKLTD0446CTSCLG021558CLG021558 KVB,0.0,7054.0,1209895.26,CHQ
2019-08-14,SERVICEBRANCHCHENNAICHEQUEDEPO00000004CR2400446CTSG,0.0,1000.0,1210895.26,CHQ
2019-08-14,SERVICEBRANCHCHENNAICHEQUEDEPO00889120CRUNITEDBANKOFINDIA0446CTSCLG889120CLG,0.0,4231.0,1215126.26,CHQ
2019-08-14,SERVICEBRANCHCHENNAICHEQUEDEPO00023695CR2400446CTSG,0.0,6142.0,1221268.26,CHQ
2019-08-14,SERVICEBRANCHCHENNAICHEQUEDEPO00937954CRSTATEBANKOFINDIA0446CTSG937954 SBI,0.0,3653.0,1224921.26,CHQ
2019-08-14,SERVICEBRANCHCHENNAICHEQUEDEPO00001021CRICICIBANKINGCORPORATION0446CTSG,0.0,751.0,1225672.26,CHQ
2019-08-14,SERVICEBRANCHCHENNAICHEQUEDEPO00001794CRICICIBANKINGCORPORATION0446CTSCHQ001704,0.0,2000.0,1227672.26,CHQ
2019-08-14,SERVICEBRANCHCHENNAICHEQUEDEPO00000011CRINDIANOVERSEASBANK0446CTSG000011 IOB,0.0,11071.0,1238743.26,CHQ
2019-08-14,SERVICEBRANCHCHENNAICHEQUEDEPO00000128CRKARURVYSYABANKLTD0446CTSCLG000128CLG000128 KVB,0.0,1336.0,1240079.26,CHQ
2019-08-14,SERVICEBRANCHCHENNAICHEQUEDEPO00390598CRINDIANOVERSEASBANK0446CTSG390598 IOB,0.0,2511.0,1242590.26,CHQ
2019-08-14,SERVICEBRANCHCHENNAICHEQUEDEPO00001332CRKARURVYSYABANKLTD,0.0,7000.0,1249590.26,CHQ
2019-08-14,SERVICEBRANCHCHENNAICHEQUEDEPO00000130CRKARURVYSYABANKLTD0446CTSCLG000130CLG000130 KVB,0.0,5188.0,1254778.26,CHQ
2019-08-14,SERVICEBRANCHCHENNAICHEQUEDEPO00227636CRUTIBANKLTD0446CTSG,0.0,18248.0,1273026.26,CHQ
2019-08-14,SERVICEBRANCHCHENNAICHEQUEDEPO00000021CR2400446CTSCHQ00002,0.0,1760.0,1274786.26,CHQ
2019-08-14,SERVICEBRANCHCHENNAICHEQUEDEPO00832664CRCORPORATIONBANK0446CTSG,0.0,19679.0,1294465.26,CHQ
2019-08-14,SERVICEBRANCHCHENNAICHEQUEDEPO00216181CRFEDERALBANKLTD0446CTSG216181 FBI,0.0,7000.0,1301465.26,CHQ
2019-08-14,SERVICEBRANCHCHENNAICHEQUEDEPO00003317CR2400446CTSG,0.0,3083.0,1304548.26,CHQ
2019-08-14,SERVICEBRANCHCHENNAICHEQUEDEPO00959194CRUNITEDBANKOFINDIA0446CTSCLG959194CLG,0.0,2335.0,1306883.26,CHQ
2019-08-14,SERVICEBRANCHCHENNAICHEQUEDEPO00783457CRSTATEBANKOFINDIA0446CTSG783457 SBI,0.0,8568.0,1315451.26,CHQ
2019-08-14,SERVICEBRANCHCHENNAICHEQUEDEPO00004554CR,0.0,5109.0,1320560.26,CHQ
2019-08-14,SERVICEBRANCHCHENNAICHEQUEDEPO00801667CRSYNDICATEBANK0446CTSG801667 SYB,0.0,4568.0,1325128.26,CHQ
2019-08-14,SERVICEBRANCHCHENNAICHEQUEDEPO00000127CRKARURVYSYABANKLTD0446CTSCLG000127CLG000127 KVB,0.0,1661.0,1326789.26,CHQ
2019-08-14,SERVICEBRANCHCHENNAICHEQUEDEPO00002007CR2400446CTSG,0.0,5435.0,1332224.26,CHQ
2019-08-14,MUMBAIFORTC ACFEESKSCRNSUPERMARK268TRANSFER24,0.0,2079.0,1334303.26,TRANSFER
2019-08-14,MUMBAIFORTWITHDRAWALTRANSFERHECTORBEVERAGESPIDIBH19226413100CRTRANSFER24,310228.0,0.0,1024075.26,TRANSFER
2019-08-14,SERVICEBRANCHCHENNAINOFEESCRPapernotreceived,18248.0,0.0,1005827.26,TRANSFER
2019-08-14,SERVICEBRANCHCHENNAINOFEESCRPapernotreceived,5188.0,0.0,1000639.26,TRANSFER
2019-08-14,SERVICEBRANCHCHENNAINOFEESCRPapernotreceived,6142.0,0.0,994497.26,TRANSFER
2019-08-14,MUMBAIFORTC ACFEESCRANNANAGARS2688983TRANSFER25,0.0,1232.0,995729.26,TRANSFER
2019-08-14,CASHDEPCRCHRGSOTHER,250.0,0.0,995479.26,DEPOSIT-CHARGES
2019-08-16,SERVICEBRANCHCHENNAICHEQUEDEPO00002889CRKARURVYSYABANKLTD0446CTSCLG002889CLG002889 KVB,0.0,6457.0,1001936.26,CHQ
2019-08-16,SERVICEBRANCHCHENNAICHEQUEDEPO00226171CRFEDERALBANKLTD0446CTSG226171 FBI,0.0,3259.0,1005195.26,CHQ
2019-08-16,SERVICEBRANCHCHENNAICHEQUEDEPO00666918CRTAMILNADMERCANTILEBANK0446CTSG666918 TMB,0.0,14729.0,1019924.26,CHQ
2019-08-16,SERVICEBRANCHCHENNAICHEQUEDEPO00862324CRVIJAYABANK0446CTSG862324 VJB,0.0,1388.0,1021312.26,CHQ
2019-08-16,SERVICEBRANCHCHENNAICHEQUEDEPO00923832CRSYNDICATEBANK0446CTSG923832 SYB,0.0,2288.0,1023600.26,CHQ
2019-08-16,SERVICEBRANCHCHENNAICHEQUEDEPO00501416CRINDIANOVERSEASBANK0446CTSG501416 IOB,0.0,1953.0,1025553.26,CHQ
2019-08-16,SERVICEBRANCHCHENNAICHEQUEDEPO00004708CRUTIBANKLTD0446CTSG,0.0,5137.0,1030690.26,CHQ
2019-08-16,SERVICEBRANCHCHENNAICHEQUEDEPO00000260CRICICIBANKINGCORPORATION0446CTSG,0.0,8069.0,1038759.26,CHQ
2019-08-16,SERVICEBRANCHCHENNAICHEQUEDEPO00009734CRKARURVYSYABANKLTD0446CTSCLG009734CLG009734 KVB,0.0,8744.0,1047503.26,CHQ
2019-08-16,SERVICEBRANCHCHENNAICHEQUEDEPO00986575CRINDIANOVERSEASBANK0446CTSG986575 IOB,0.0,4102.0,1051605.26,CHQ
2019-08-16,SERVICEBRANCHCHENNAICHEQUEDEPO00070027CR2400446CTSG,0.0,127042.0,1178647.26,CHQ
2019-08-16,SERVICEBRANCHCHENNAICHEQUEDEPO00000691CRCITYUNIONBANKLTD0446CTSCLG000691CLG000691 CUB,0.0,490.0,1179137.26,CHQ
2019-08-16,SERVICEBRANCHCHENNAICHEQUEDEPO00196803CRSYNDICATEBANK0446CTSG196803 SYB,0.0,2259.0,1181396.26,CHQ
2019-08-16,SERVICEBRANCHCHENNAICHEQUEDEPO00023696CR2400446CTSG,0.0,10433.0,1191829.26,CHQ
2019-08-16,SERVICEBRANCHCHENNAICHEQUEDEPO00001360CRICICIBANKINGCORPORATION0446CTSG,0.0,3342.0,1195171.26,CHQ
2019-08-16,SERVICEBRANCHCHENNAICHEQUEDEPO00001227CR2400446CTSG,0.0,13000.0,1208171.26,CHQ
2019-08-16,SERVICEBRANCHCHENNAICHEQUEDEPO00986576CRINDIANOVERSEASBANK0446CTSG986576 IOB,0.0,2300.0,1210471.26,CHQ
2019-08-16,SERVICEBRANCHCHENNAICHEQUEDEPO00001796CRICICIBANKINGCORPORATION0446CTSG,0.0,4481.0,1214952.26,CHQ
2019-08-16,SERVICEBRANCHCHENNAICHEQUEDEPO00923898CRSYNDICATEBANK0446CTSG923898 SYB,0.0,3654.0,1218606.26,CHQ
2019-08-16,SERVICEBRANCHCHENNAICHEQUEDEPO00038180CRSOUTHINDIANBANKLTD0446CTSCLG038180CLG038180 SIB,0.0,3999.0,1222605.26,CHQ
2019-08-16,SERVICEBRANCHCHENNAICHEQUEDEPO00217541CRTAMILNADMERCANTILEBANK0446CTSG217541 TMB,0.0,1563.0,1224168.26,CHQ
2019-08-16,SERVICEBRANCHCHENNAICHEQUEDEPO00126816CRUTIBANKLTD0446CTSG,0.0,2825.0,1226993.26,CHQ
2019-08-16,SERVICEBRANCHCHENNAICHEQUEDEPO00001018CRICICIBANKINGCORPORATION0446CTSG,0.0,1278.0,1228271.26,CHQ
2019-08-16,SERVICEBRANCHCHENNAICHEQUEDEPO00844457CRKARURVYSYABANKLTD0446CTSCLG844457CLG844457 KVB,0.0,1686.0,1229957.26,CHQ
2019-08-16,MUMBAIFORTWITHDRAWALTRANSFERCRREDBULLINDIAP120TRANSFER24,200013.0,0.0,1029944.26,TRANSFER
2019-08-16,TIRUMANGALAMBYCHQ TTTFRCRCHFOODSTOKISHOREMKTG,0.0,4231.0,1034175.26,CHQ
2019-08-17,SERVICEBRANCHCHENNAITOCLGCHQ00898750CRCAVINKAREPVTLTD,471789.0,0.0,562386.26,CHQ
2019-08-17,MUMBAIFORTC ACFEESCRKALIGAMBALFRUI0940TRANSFER24,0.0,6944.0,569330.26,TRANSFER
2019-08-17,SERVICEBRANCHCHENNAICHEQUEDEPO00005658CRCITYUNIONBANKLTD0446CTSCLG005658CLG005658 CUB,0.0,2809.0,572139.26,CHQ
2019-08-17,SERVICEBRANCHCHENNAICHEQUEDEPO00042576CRBANKOFINDIA0446CTSG042576 BOI,0.0,2189.0,574328.26,CHQ
2019-08-17,SERVICEBRANCHCHENNAICHEQUEDEPO00009294CRVIJAYABANK0446CTSG009294 VJB,0.0,29519.0,603847.26,CHQ
2019-08-17,SERVICEBRANCHCHENNAICHEQUEDEPO00358105CRFEDERALBANKLTD0446CTSG358105 FBI,0.0,2586.0,606433.26,CHQ
2019-08-17,SERVICEBRANCHCHENNAICHEQUEDEPO00002854CR2400446CTSG,0.0,3635.0,610068.26,CHQ
2019-08-17,SERVICEBRANCHCHENNAICHEQUEDEPO00001228CR2400446CTSG,0.0,13379.0,623447.26,CHQ
2019-08-17,SERVICEBRANCHCHENNAICHEQUEDEPO00000457CR7500446CTSGAN,0.0,2280.0,625727.26,CHQ
2019-08-17,SERVICEBRANCHCHENNAICHEQUEDEPO00000461CRANDHRABANK0446CTSG000461 ANB,0.0,9841.0,635568.26,CHQ
2019-08-17,SERVICEBRANCHCHENNAICHEQUEDEPO00147994CRUNITEDBANKOFINDIA0446CTSCLG147994CLG,0.0,14861.0,650429.26,CHQ
2019-08-17,SERVICEBRANCHCHENNAICHEQUEDEPO00042575CRBANKOFINDIA0446CTSG042575 BOI,0.0,5187.0,655616.26,CHQ
2019-08-17,SERVICEBRANCHCHENNAICHEQUEDEPO00110371CRBANKOFMAHARASHTRA0446CTSG110371 BOM,0.0,8828.0,664444.26,CHQ
2019-08-17,TIRUMANGALAMCASHDEPOSITCRDepositbySELF,0.0,116000.0,780444.26,CASH
2019-08-17,MUMBAIFORTC ACFEESCRPONNUSUPER4046492TRANSFER24,0.0,4486.0,784930.26,TRANSFER
2019-08-17,MUMBAIFORTC ACFEESCRMCRENNETTF4237509TRANSFER29,0.0,1140.0,786070.26,TRANSFER
2019-08-19,SERVICEBRANCHCHENNAICHEQUEDEPO00007489CRCITYUNIONBANKLTD0446CTSCLG007489CLG007489 CUB,0.0,963.0,787033.26,CHQ
2019-08-19,SERVICEBRANCHCHENNAICHEQUEDEPO00226219CRFEDERALBANKLTD0446CTSG226219 FBI,0.0,3075.0,790108.26,CHQ
2019-08-19,SERVICEBRANCHCHENNAICHEQUEDEPO00855990CRTAMILNADMERCANTILEBANK0446CTSG855990 TMB,0.0,3115.0,793223.26,CHQ
2019-08-19,SERVICEBRANCHCHENNAICHEQUEDEPO00000037CRUCOBANK0446CTSCLG000037CLG000037 UCO,0.0,52204.0,845427.26,CHQ
2019-08-19,SERVICEBRANCHCHENNAICHEQUEDEPO00742313CRINDIANOVERSEASBANK0446CTSG742313 IOB,0.0,2971.0,848398.26,CHQ
2019-08-19,SERVICEBRANCHCHENNAICHEQUEDEPO00042614CRANDHRABANK0446CTSG042614 ANB,0.0,9101.0,857499.26,CHQ
2019-08-19,SERVICEBRANCHCHENNAICHEQUEDEPO00909301CRINDIANOVERSEASBANK0446CTSG909301 IOB,0.0,5660.0,863159.26,CHQ
2019-08-19,SERVICEBRANCHCHENNAICHEQUEDEPO00000671CR7560446CTSG,0.0,1983.0,865142.26,CHQ
2019-08-19,SERVICEBRANCHCHENNAICHEQUEDEPO00002381CRANDHRABANK0446CTSCHQ092381,0.0,12192.0,877334.26,CHQ
2019-08-19,SERVICEBRANCHCHENNAICHEQUEDEPO00216182CRFEDERALBANKLTD0446CTSG216182 FBI,0.0,8237.0,885571.26,CHQ
2019-08-19,SERVICEBRANCHCHENNAICHEQUEDEPO00214561CRINDIANOVERSEASBANK0446CTSG214561 IOB,0.0,2557.0,888128.26,CHQ
2019-08-19,TIRUMANGALAMBYCHQ TTTFRCRACTFR,0.0,550.0,888678.26,CHQ
2019-08-19,SERVICEBRANCHCHENNAICHEQUEDEPO00214544CRINDIANOVERSEASBANK0446CTSG214544 IOB,0.0,6883.0,895561.26,CHQ
2019-08-19,SERVICEBRANCHCHENNAICHEQUEDEPO00038164CRSOUTHINDIANBANKLTD,0.0,17228.0,912789.26,CHQ
2019-08-19,SERVICEBRANCHCHENNAICHEQUEDEPO00293245CRUTIBANKLTD0446CTSG,0.0,630.0,913419.26,CHQ
2019-08-19,SERVICEBRANCHCHENNAICHEQUEDEPO00103627CRSTATEBANKOFINDIA0446CTSG103627 SBI,0.0,17350.0,930769.26,CHQ
2019-08-19,SERVICEBRANCHCHENNAICHEQUEDEPO00000129CR4850446CTSG000129 KMB,0.0,2240.0,933009.26,CHQ
2019-08-19,SERVICEBRANCHCHENNAICHEQUEDEPO00004924CRANDHRABANK0446CTSG004924 ANB,0.0,1112.0,934121.26,CHQ
2019-08-19,MUMBAIFORTC ACFEESCRLIMRASENTE1272TRANSFE120,0.0,18660.0,952781.26,TRANSFER
2019-08-19,MUMBAIFORTC ACFEESCRLIMRASENTE2604TRANSFE127,0.0,3093.0,955874.26,TRANSFER
2019-08-20,SERVICEBRANCHCHENNAICHEQUEDEPO00132716CRANDHRABANK0446CTSG132716 ANB,0.0,282.0,956156.26,CHQ
2019-08-20,SERVICEBRANCHCHENNAICHEQUEDEPO00757266CRCANARABANK0446CTSG757266 CAB,0.0,2666.0,958822.26,CHQ
2019-08-20,SERVICEBRANCHCHENNAICHEQUEDEPO00001995CRKARURVYSYABANKLTD0446CTSCLG001995CLG001995 KVB,0.0,1313.0,960135.26,CHQ
2019-08-20,SERVICEBRANCHCHENNAICHEQUEDEPO00237451CRCANARABANK0446CTSG237451 CAB,0.0,7014.0,967149.26,OUTWARD-RETURN
2019-08-20,SERVICEBRANCHCHENNAICHEQUEDEPO00294479CRUTIBANKLTD0446CTSG,0.0,10000.0,977149.26,CHQ
2019-08-20,SERVICEBRANCHCHENNAICHEQUEDEPO00285570CRUTIBANKLTD0446CTSG,0.0,1440.0,978589.26,CHQ
2019-08-20,SERVICEBRANCHCHENNAICHEQUEDEPO00003096CRKARURVYSYABANKLTD0446CTSCLG003096CLG003096 KVB,0.0,1278.0,979867.26,CHQ
2019-08-20,SERVICEBRANCHCHENNAICHEQUEDEPO00192352CRTAMILNADMERCANTILEBANK0446CTSG192352 TMB,0.0,1915.0,981782.26,CHQ
2019-08-20,SERVICEBRANCHCHENNAICHEQUEDEPO00063919CRSYNDICATEBANK0446CTSG063919 SYB,0.0,4270.0,986052.26,CHQ
2019-08-20,SERVICEBRANCHCHENNAICHEQUEDEPO00022168CRICICIBANKINGCORPORATION0446CTSG,0.0,40000.0,1026052.26,CHQ
2019-08-20,MUMBAIFORTWITHDRAWALTRANSFERMARSINTERNATIONAIDIBH19232179556CRTRANSFER24,500028.0,0.0,526024.26,TRANSFER
2019-08-20,MUMBAIFORTC ACFEESCRPONNUSUPER5540789TRANSFER20,0.0,1442.0,527466.26,TRANSFER
2019-08-20,TIRUMANGALAMCASHDEPOSITCRDepositbySELF,0.0,100000.0,627466.26,CASH
2019-08-20,MUMBAIFORTC ACFEESCRSANTHOSHSUPERM324TRANSFER27,0.0,4594.0,632060.26,TRANSFER
2019-08-20,MUMBAIFORTC ACFEESCRSANTHOSHSUPERM420TRANSFER26,0.0,8602.0,640662.26,TRANSFER
2019-08-20,SERVICEBRANCHCHENNAIOUTCHQRETCRFundsinsufficient,7014.0,0.0,633648.26,OUTWARD-RETURN
2019-08-20,SERVICEBRANCHCHENNAICHQDISHONOURCR,250.0,0.0,633398.26,INWARD-CHARGES
2019-08-20,MUMBAIFORTC ACFEESCRAMMANFRUITS920TRANSFER23,0.0,7683.0,641081.26,TRANSFER
2019-08-21,COREBANKINGWITHDRAWALTRANSFERTECHPROCESS880204865 BharatCRDATACENTREPetroleumCorporationTRANSFERTO,10008.26,0.0,631073.0,ONLINE-PAYMENT
2019-08-21,SERVICEBRANCHCHENNAICHEQUEDEPO00666925CRTAMILNADMERCANTILEBANK0446CTSG666925 TMB,0.0,3532.0,634605.0,CHQ
2019-08-21,SERVICEBRANCHCHENNAICHEQUEDEPO00002227CRKARURVYSYABANKLTD0446CTSCLG002227CLG002227 KVB,0.0,6026.0,640631.0,CHQ
2019-08-21,SERVICEBRANCHCHENNAICHEQUEDEPO00004570CR2400446CTSG,0.0,3863.0,644494.0,CHQ
2019-08-21,SERVICEBRANCHCHENNAICHEQUEDEPO00000010CRINDIANOVERSEASBANK0446CTSG000010 IOB,0.0,15202.0,659696.0,CHQ
2019-08-21,SERVICEBRANCHCHENNAICHEQUEDEPO00004752CRUTIBANKLTD0446CTSG,0.0,2875.0,662571.0,CHQ
2019-08-21,SERVICEBRANCHCHENNAICHEQUEDEPO00022517CR0720446CTSG022517 DCB,0.0,13753.0,676324.0,CHQ
2019-08-21,SERVICEBRANCHCHENNAICHEQUEDEPO00858857CRTAMILNADMERCANTILEBANK0446CTSG858857 TMB,0.0,3414.0,679738.0,CHQ
2019-08-21,SERVICEBRANCHCHENNAICHEQUEDEPO00294480CRUTIBANKLTD0446CTSG,0.0,10987.0,690725.0,CHQ
2019-08-21,SERVICEBRANCHCHENNAICHEQUEDEPO00774394CRUNITEDBANKOFINDIA0446CTSCLG774394CLG,0.0,1543.0,692268.0,CHQ
2019-08-21,SERVICEBRANCHCHENNAICHEQUEDEPO00198516CRFEDERALBANKLTD0446CTSG198516 FBI,0.0,5473.0,697741.0,CHQ
2019-08-21,SERVICEBRANCHCHENNAICHEQUEDEPO00000466CR2400446CTSG,0.0,20000.0,717741.0,CHQ
2019-08-21,SERVICEBRANCHCHENNAICHEQUEDEPO00000467CR2400446CTSG,0.0,20000.0,737741.0,CHQ
2019-08-21,SERVICEBRANCHCHENNAICHEQUEDEPO00001033CRICICIBANKINGCORPORATION0446CTSG,0.0,1278.0,739019.0,CHQ
2019-08-21,SERVICEBRANCHCHENNAICHEQUEDEPO00040577CRUTIBANKLTD0446CTSG,0.0,980.0,739999.0,OUTWARD-RETURN
2019-08-21,SERVICEBRANCHCHENNAICHEQUEDEPO00000137CR4850446CTSG000137 KMB,0.0,1377.0,741376.0,OUTWARD-RETURN
2019-08-21,SERVICEBRANCHCHENNAICHEQUEDEPO00598281CRANDHRABANK0446CTSCHQ59281,0.0,5560.0,746936.0,CHQ
2019-08-21,SERVICEBRANCHCHENNAICHEQUEDEPO00777772CRINDIANOVERSEASBANK0446CTSG777772 IOB,0.0,2440.0,749376.0,CHQ
2019-08-21,MUMBAIFORTC ACFEESCRHAWIEEXIM896TRANSFER27,0.0,39813.0,789189.0,TRANSFER
2019-08-21,MUMBAIFORTC ACFEESCRAROCKIYASATRANSFE123,0.0,10000.0,799189.0,TRANSFER
2019-08-21,MUMBAIFORTC ACFEESCRSANTHOSHSUPERM033TRANSFER25,0.0,11575.0,810764.0,TRANSFER
2019-08-21,TIRUMANGALAMBYCHQ TTTFRCRKISHOREMARKETING,0.0,1695.0,812459.0,CHQ
2019-08-21,TIRUMANGALAMCASHDEPOSITCRDepositbySELF,0.0,457000.0,1269459.0,CASH
2019-08-21,MUMBAIFORTWITHDRAWALTRANSFERINVENTZLIFESCIENIDIBH19233255963CRTRANSFER24,200013.0,0.0,1069446.0,TRANSFER
2019-08-21,SERVICEBRANCHCHENNAIOUTCHQRETCRFundsinsufficient,980.0,0.0,1068466.0,OUTWARD-RETURN
2019-08-21,SERVICEBRANCHCHENNAICHQDISHONOURCR,250.0,0.0,1068216.0,INWARD-CHARGES
2019-08-21,SERVICEBRANCHCHENNAIOUTCHQRETCRFundsinsufficient,1377.0,0.0,1066839.0,OUTWARD-RETURN
2019-08-21,SERVICEBRANCHCHENNAICHQDISHONOURCR,250.0,0.0,1066589.0,INWARD-CHARGES
2019-08-21,CASHDEPCRCHRGSOTHER,257.0,0.0,1066332.0,DEPOSIT-CHARGES
2019-08-22,MUMBAIFORTWITHDRAWALTRANSFERINBISCOCRINDIAPV516TRANSFER24,215028.0,0.0,851304.0,TRANSFER
2019-08-22,TIRUMANGALAMCASHDEPOSITCRDepositbySELF,0.0,100000.0,951304.0,CASH
2019-08-22,TIRUMANGALAMCASHDEPOSITCRDepositbySELF,0.0,920000.0,1871304.0,CASH
2019-08-22,MUMBAIFORTWITHDRAWALTRANSFERMARSINTERNATIONAIDIBH19234301359CRTRANSFER24,700028.0,0.0,1171276.0,TRANSFER
2019-08-22,MUMBAIFORTC ACFEESCRKALIGAMBALFRUI6939TRANSFER24,0.0,2520.0,1173796.0,TRANSFER
2019-08-22,CASHDEPCRCHRGSOTHER,820.0,0.0,1172976.0,DEPOSIT-CHARGES
2019-08-23,SERVICEBRANCHCHENNAICHEQUEDEPO00030515CRICICIBANKINGCORPORATION0446CTSG,0.0,1873.0,1174849.0,CHQ
2019-08-23,SERVICEBRANCHCHENNAICHEQUEDEPO00003298CR2400446CTSG,0.0,1030.0,1175879.0,CHQ
2019-08-23,SERVICEBRANCHCHENNAICHEQUEDEPO00735291CR,0.0,1020.0,1176899.0,CHQ
2019-08-23,SERVICEBRANCHCHENNAICHEQUEDEPO00764726CRSTATEBANKOFINDIA0446CTSG764726 SBI,0.0,2722.0,1179621.0,CHQ
2019-08-23,SERVICEBRANCHCHENNAICHEQUEDEPO00844082CRTAMILNADMERCANTILEBANK0446CTSG844082 TMB,0.0,1602.0,1181223.0,CHQ
2019-08-23,SERVICEBRANCHCHENNAICHEQUEDEPO00002494CR2400446CTSG,0.0,20495.0,1201718.0,CHQ
2019-08-23,SERVICEBRANCHCHENNAICHEQUEDEPO00000664CRICICIBANKINGCORPORATION0446CTSG,0.0,5751.0,1207469.0,CHQ
2019-08-23,SERVICEBRANCHCHENNAICHEQUEDEPO00015725CRSOUTHINDIANBANKLTD0446CTSCLG015725CLG015725 SIB,0.0,10000.0,1217469.0,CHQ
2019-08-23,SERVICEBRANCHCHENNAICHEQUEDEPO00148128CRUNITEDBANKOFINDIA0446CTSCLG148128CLG,0.0,6034.0,1223503.0,CHQ
2019-08-23,SERVICEBRANCHCHENNAICHEQUEDEPO00000049CRSTANDARDCHARTEREDBANK0446CTSG000049 SCB,0.0,13218.0,1236721.0,CHQ
2019-08-23,SERVICEBRANCHCHENNAICHEQUEDEPO00020279CRSOUTHINDIANBANKLTD0446CTSCLG020279CLG020279 SIB,0.0,865.0,1237586.0,CHQ
2019-08-23,SERVICEBRANCHCHENNAICHEQUEDEPO00004818CRCITYUNIONBANKLTD0446CTSCLG004818CLG004818 CUB,0.0,3186.0,1240772.0,CHQ
2019-08-23,SERVICEBRANCHCHENNAICHEQUEDEPO00015726CRSOUTHINDIANBANKLTD0446CTSCLG015726CLG015726 SIB,0.0,4164.0,1244936.0,OUTWARD-RETURN
2019-08-23,SERVICEBRANCHCHENNAIOUTCHQRETCRFundsinsufficient,4164.0,0.0,1240772.0,OUTWARD-RETURN
2019-08-23,SERVICEBRANCHCHENNAICHQDISHONOURCR,250.0,0.0,1240522.0,INWARD-CHARGES
2019-08-26,MUMBAIFORTC ACFEESCRKARUVALURMARIA6664TRANSFER24,0.0,6855.0,1247377.0,TRANSFER
2019-08-26,TIRUMANGALAMBYCHQ TTTFRCRON5GREENTOKISHOREMKTG,0.0,1278.0,1248655.0,CHQ
2019-08-26,TIRUMANGALAMCASHDEPOSITCRDepositbySELF,0.0,410000.0,1658655.0,CASH
2019-08-26,MUMBAIFORTWITHDRAWALTRANSFERCRREDBULLINDIAP138TRANSFER24,200013.0,0.0,1458642.0,TRANSFER
2019-08-26,MUMBAIFORTC ACFEESCRVENKATESWARA429983TRANSFER28,0.0,3704.0,1462346.0,TRANSFER
2019-08-26,MUMBAIFORTC ACFEESCRLIMRASENTE3488TRANSFE126,0.0,8686.0,1471032.0,TRANSFER
2019-08-26,MUMBAIFORTC ACFEESCRLIMRASENTE3567TRANSFE121,0.0,1020.0,1472052.0,TRANSFER
2019-08-26,MUMBAIFORTC ACFEESCRANNANAGARSUPE5025TRANSFER25,0.0,4731.0,1476783.0,TRANSFER
2019-08-26,CASHDEPCRCHRGSOTHER,210.0,0.0,1476573.0,DEPOSIT-CHARGES
2019-08-27,TIRUMANGALAMBYCHQ TTTFRCRINDRAMEDTOKISHOREMKTG,0.0,1138.0,1477711.0,CHQ
2019-08-27,TIRUMANGALAMCASHDEPOSITCRDepositbySELF,0.0,115000.0,1592711.0,CASH
2019-08-27,MUMBAIFORTC ACFEESCRSANTHOSHSUPERM937TRANSFER28,0.0,7018.0,1599729.0,TRANSFER
2019-08-27,MUMBAIFORTWITHDRAWALTRANSFERHECTORBEVERAGESPIDIBH19239437459CRTRANSFER24,150013.0,0.0,1449716.0,TRANSFER
2019-08-27,MUMBAIFORTC ACFEESCRELLIOTFOODS136TRANSFER21,0.0,1472.0,1451188.0,TRANSFER
2019-08-28,SERVICEBRANCHCHENNAICHEQUEDEPO00844462CRKARURVYSYABANKLTD0446CTSCLG844462CLG844462 KVB,0.0,4025.0,1455213.0,CHQ
2019-08-28,SERVICEBRANCHCHENNAICHEQUEDEPO00148089CRUNITEDBANKOFINDIA0446CTSCLG148089CLG,0.0,1536.0,1456749.0,CHQ
2019-08-28,SERVICEBRANCHCHENNAICHEQUEDEPO00000185CR2400446CTSG,0.0,5204.0,1461953.0,CHQ
2019-08-28,SERVICEBRANCHCHENNAICHEQUEDEPO00070660CRORIENTALBANKOFCOMMERCE0446CTSG070660 OBC,0.0,2059.0,1464012.0,CHQ
2019-08-28,SERVICEBRANCHCHENNAICHEQUEDEPO00000646CRUCOBANK0446CTSCLG000646CLG000646 UCO,0.0,2526.0,1466538.0,CHQ
2019-08-28,SERVICEBRANCHCHENNAICHEQUEDEPO00001872CRKARURVYSYABANKLTD0446CTSCLG001872CLG001872 KVB,0.0,7539.0,1474077.0,CHQ
2019-08-28,SERVICEBRANCHCHENNAICHEQUEDEPO00304552CRUNIONBANKOFINDIA0446CTSG304552 UBI,0.0,1196.0,1475273.0,CHQ
2019-08-28,SERVICEBRANCHCHENNAICHEQUEDEPO00885521CRTAMILNADUSTATEAPEXCOO0446CTSG,0.0,1413.0,1476686.0,CHQ
2019-08-28,SERVICEBRANCHCHENNAICHEQUEDEPO00110470CRBANKOFMAHARASHTRA0446CTSG110470 BOM,0.0,6118.0,1482804.0,CHQ
2019-08-28,SERVICEBRANCHCHENNAICHEQUEDEPO00041605CRKARNATAKABANKLTD,0.0,11070.0,1493874.0,CHQ
2019-08-28,SERVICEBRANCHCHENNAICHEQUEDEPO00011682CRSOUTHINDIANBANKLTD0446CTSCLG011682CLG011682 SIB,0.0,1968.0,1495842.0,CHQ
2019-08-28,SERVICEBRANCHCHENNAICHEQUEDEPO00358305CRFEDERALBANKLTD0446CTSG358305 FBI,0.0,1829.0,1497671.0,CHQ
2019-08-28,SERVICEBRANCHCHENNAICHEQUEDEPO00001225CR2400446CTSG,0.0,2196.0,1499867.0,CHQ
2019-08-28,SERVICEBRANCHCHENNAICHEQUEDEPO00002370CRANDHRABANK0446CTSCHQ00270,0.0,10783.0,1510650.0,OUTWARD-RETURN
2019-08-28,SERVICEBRANCHCHENNAICHEQUEDEPO00000277CRUCOBANK0446CTSCLG000277CLG000277 UCO,0.0,1477.0,1512127.0,CHQ
2019-08-28,MUMBAIFORTWITHDRAWALTRANSFERINBISCOCRINDIAPV682TRANSFER24,247028.0,0.0,1265099.0,TRANSFER
2019-08-28,MUMBAIFORTWITHDRAWALTRANSFERMARSINTERNATIONAIDIBH19240478820CRTRANSFER24,700028.0,0.0,565071.0,TRANSFER
2019-08-28,TIRUMANGALAMCASHDEPOSITCRDepositbySELF,0.0,80000.0,645071.0,CASH
2019-08-28,SERVICEBRANCHCHENNAICHEQUEDEPO00042732CRANDHRABANK0446CTSG042732 ANB,0.0,6725.0,651796.0,CHQ
2019-08-28,SERVICEBRANCHCHENNAICHEQUEDEPO00096244CRTAMILNADMERCANTILEBANK0446CTSG096244 TMB,0.0,433.0,652229.0,CHQ
2019-08-28,SERVICEBRANCHCHENNAICHEQUEDEPO00000016CRANDHRABANK0446CTSG000016 ANB,0.0,12141.0,664370.0,CHQ
2019-08-28,SERVICEBRANCHCHENNAICHEQUEDEPO00001333CRKARURVYSYABANKLTD0446CTSCLG001333CLG001333 KVB,0.0,7000.0,671370.0,CHQ
2019-08-28,SERVICEBRANCHCHENNAICHEQUEDEPO00753249CRUTIBANKLTD0446CTSG,0.0,2058.0,673428.0,CHQ
2019-08-28,SERVICEBRANCHCHENNAICHEQUEDEPO00937971CRSTATEBANKOFINDIA0446CTSG937971 SBI,0.0,5161.0,678589.0,CHQ
2019-08-28,SERVICEBRANCHCHENNAICHEQUEDEPO00087931CRSTATEBANKOFINDIA0446CTSG087931 SBI,0.0,2466.0,681055.0,CHQ
2019-08-28,SERVICEBRANCHCHENNAICHEQUEDEPO00000732CRKARURVYSYABANKLTD0446CTSCLG000732CLG000732 KVB,0.0,2900.0,683955.0,CHQ
2019-08-28,SERVICEBRANCHCHENNAICHEQUEDEPO00925688CRSTATEBANKOFINDIA0446CTSG925688 SBI,0.0,3971.0,687926.0,CHQ
2019-08-28,SERVICEBRANCHCHENNAICHEQUEDEPO00294528CRUTIBANKLTD0446CTSG,0.0,10519.0,698445.0,CHQ
2019-08-28,SERVICEBRANCHCHENNAICHEQUEDEPO00925687CRSTATEBANKOFINDIA0446CTSG925687 SBI,0.0,3972.0,702417.0,CHQ
2019-08-28,SERVICEBRANCHCHENNAICHEQUEDEPO00004922CRANDHRABANK0446CTSG004922 ANB,0.0,3549.0,705966.0,OUTWARD-RETURN
2019-08-28,SERVICEBRANCHCHENNAICHEQUEDEPO00947034CRSYNDICATEBANK0446CTSG947034 SYB,0.0,3196.0,709162.0,CHQ
2019-08-28,SERVICEBRANCHCHENNAICHEQUEDEPO00002392CR2400446CTSG,0.0,7633.0,716795.0,CHQ
2019-08-28,SERVICEBRANCHCHENNAICHEQUEDEPO00000470CR2400446CTSG,0.0,33750.0,750545.0,CHQ
2019-08-28,SERVICEBRANCHCHENNAIOUTCHQRETCRFundsinsufficient,10783.0,0.0,739762.0,OUTWARD-RETURN
2019-08-28,SERVICEBRANCHCHENNAICHQDISHONOURCR,250.0,0.0,739512.0,INWARD-CHARGES
2019-08-28,SERVICEBRANCHCHENNAIOUTCHQRETCRFundsinsufficient,3549.0,0.0,735963.0,OUTWARD-RETURN
2019-08-28,SERVICEBRANCHCHENNAICHQDISHONOURCR,250.0,0.0,735713.0,INWARD-CHARGES
2019-08-28,MUMBAIFORTC ACFEESKPNCRFARMFRESH372TRANSFER21,0.0,5211.0,740924.0,TRANSFER
2019-08-29,MUMBAIFORTC ACFEESCRAMMANFRUITS431TRANSFER20,0.0,26199.0,767123.0,TRANSFER
2019-08-29,ATMSERVICEBYTRANSFERCRBRANCH IMPS 403 KishoreMarketiTRANSFE461,0.0,6775.0,773898.0,INTER-FIRM
2019-08-29,TIRUMANGALAMCASHDEPOSITCRDepositbySELF,0.0,115000.0,888898.0,CASH
2019-08-29,TIRUMANGALAMBYCHQ TTTFRCRSUPERSTORETOKISHOREMKTG,0.0,1917.0,890815.0,CHQ
2019-08-29,TIRUMANGALAMBYCHQ TTTFRCRKOKPAZHAMUDIRTOKISHOREMKTG,0.0,6048.0,896863.0,CHQ
2019-08-29,TIRUMANGALAMBYCHQ TTTFRCRVALUESUPERMKTTOKISHOREMKTG,0.0,6250.0,903113.0,CHQ
2019-08-29,MUMBAIFORTC ACFEESCRSANTHOSHSUPERM007TRANSFER26,0.0,1255.0,904368.0,TRANSFER
2019-08-29,MUMBAIFORTWITHDRAWALTRANSFERINBISCOCRINDIAPV465TRANSFER24,40005.0,0.0,864363.0,TRANSFER
2019-08-29,MUMBAIFORTC ACFEESSRICRMEENAKSHIAM361TRANSFER21,0.0,1440.0,865803.0,TRANSFER
2019-08-29,MUMBAIFORTWITHDRAWALTRANSFERCRREDBULLINDIAP831TRANSFER24,77005.0,0.0,788798.0,TRANSFER
2019-08-29,MUMBAIFORTC ACFEESCRANNAISUPERMAR4023TRANSFER26,0.0,1902.0,790700.0,TRANSFER
2019-08-30,SERVICEBRANCHCHENNAITOCLGCHQ00898751CRCAVINKAREPVTLTD,70755.0,0.0,719945.0,CHQ
2019-08-30,COREBANKINGWITHDRAWALTRANSFERTECHPROCESS886888820 BharatCRDATACENTREPetroleumCorporationTRANSFERTO,10008.26,0.0,709936.74,ONLINE-PAYMENT
2019-08-30,MUMBAIFORTC ACFEESCRPONNUSUPER3497742TRANSFER26,0.0,2402.0,712338.74,TRANSFER
2019-08-30,TIRUMANGALAMCASHDEPOSITCRDepositbySELF,0.0,640000.0,1352338.74,CASH
2019-08-30,MUMBAIFORTC ACFEESCRSANTHOSHSUPERM200TRANSFER23,0.0,1181.0,1353519.74,TRANSFER
2019-08-30,MUMBAIFORTC ACFEESCRSANTHOSHSUPERM192TRANSFER28,0.0,18013.0,1371532.74,TRANSFER
2019-08-30,MUMBAIFORTC ACFEESKPNCRFARMFRESHP757TRANSFER21,0.0,4214.0,1375746.74,TRANSFER
2019-08-30,CASHDEPCRCHRGSOTHER,440.0,0.0,1375306.74,DEPOSIT-CHARGES
2019-08-31,SERVICEBRANCHCHENNAITOCLGCHQ00898746CRCAVINKAREPVTLTD,394000.0,0.0,981306.74,CHQ
2019-08-31,MUMBAIFORTC ACFEESCRMCRENNETTF4615243TRANSFER25,0.0,1802.0,983108.74,TRANSFER
2019-08-31,MUMBAIFORTWITHDRAWALTRANSFERMARSINTERNATIONAIDIBH19243213147CRTRANSFER24,700028.0,0.0,283080.74,TRANSFER
2019-08-31,SERVICEBRANCHCHENNAICHEQUEDEPO00229162CRFEDERALBANKLTD0446CTSG229162 FBI,0.0,3908.0,286988.74,CHQ
2019-08-31,SERVICEBRANCHCHENNAICHEQUEDEPO00000318CRCITYUNIONBANKLTD0446CTSCLG000318CLG000318 CUB,0.0,553.0,287541.74,CHQ
2019-08-31,SERVICEBRANCHCHENNAICHEQUEDEPO00000430CRINDIANOVERSEASBANK0446CTSG000430 IOB,0.0,7172.0,294713.74,CHQ
2019-08-31,SERVICEBRANCHCHENNAICHEQUEDEPO00000307CRKARURVYSYABANKLTD0446CTSCLG000307CLG000307 KVB,0.0,2763.0,297476.74,CHQ
2019-08-31,SERVICEBRANCHCHENNAICHEQUEDEPO00937760CR2340446CTSG,0.0,1737.0,299213.74,CHQ
2019-08-31,SERVICEBRANCHCHENNAICHEQUEDEPO00289380CRUTIBANKLTD0446CTSG,0.0,10000.0,309213.74,CHQ
2019-08-31,SERVICEBRANCHCHENNAICHEQUEDEPO00295491CRUTIBANKLTD0446CTSG,0.0,9000.0,318213.74,CHQ
2019-08-31,SERVICEBRANCHCHENNAICHEQUEDEPO00022839CRANDHRABANK0446CTSG022839 ANB,0.0,14521.0,332734.74,CHQ
2019-08-31,SERVICEBRANCHCHENNAICHEQUEDEPO00000466CR7500446CTSGAN,0.0,3263.0,335997.74,CHQ
2019-08-31,SERVICEBRANCHCHENNAICHEQUEDEPO00003110CRKARURVYSYABANKLTD0446CTSCLG003110CLG003110 KVB,0.0,639.0,336636.74,CHQ
2019-08-31,SERVICEBRANCHCHENNAICHEQUEDEPO00357111CRFEDERALBANKLTD0446CTSG357111 FBI,0.0,3196.0,339832.74,CHQ
2019-08-31,SERVICEBRANCHCHENNAICHEQUEDEPO00022169CRICICIBANKINGCORPORATION0446CTSG,0.0,55000.0,394832.74,CHQ
2019-08-31,SERVICEBRANCHCHENNAICHEQUEDEPO00000007CR2400446CTSG,0.0,384.0,395216.74,CHQ
2019-08-31,SERVICEBRANCHCHENNAICHEQUEDEPO00022122CRKARURVYSYABANKLTD0446CTSCLG022122CLG022122 KVB,0.0,11455.0,406671.74,CHQ
2019-08-31,SERVICEBRANCHCHENNAICHEQUEDEPO00000212CRKARURVYSYABANKLTD0446CTSCLG000212CLG000212 KVB,0.0,3767.0,410438.74,CHQ
2019-08-31,SERVICEBRANCHCHENNAICHEQUEDEPO00000213CRKARURVYSYABANKLTD0446CTSCLG000213CLG000213 KVB,0.0,4306.0,414744.74,CHQ
2019-08-31,SERVICEBRANCHCHENNAICHEQUEDEPO00042625CRANDHRABANK0446CTSG042625 ANB,0.0,4122.0,418866.74,CHQ
2019-08-31,SERVICEBRANCHCHENNAICHEQUEDEPO00022883CR0720446CTSG022883 DCB,0.0,1250.0,420116.74,CHQ
2019-08-31,SERVICEBRANCHCHENNAICHEQUEDEPO00022882CR0720446CTSG022882 DCB,0.0,611.0,420727.74,CHQ
2019-08-31,SERVICEBRANCHCHENNAICHEQUEDEPO00844579CRKARURVYSYABANKLTD0446CTSCLG844579CLG844579 KVB,0.0,6192.0,426919.74,CHQ
2019-08-31,SERVICEBRANCHCHENNAICHEQUEDEPO00591674CR2590446CTSG,0.0,566.0,427485.74,CHQ
2019-08-31,SERVICEBRANCHCHENNAICHEQUEDEPO00000586CRKARURVYSYABANKLTD0446CTSCLG000586CLG000586 KVB,0.0,1707.0,429192.74,CHQ
2019-08-31,TIRUMANGALAMCASHDEPOSITCRDepositbySELF,0.0,170000.0,599192.74,CASH
2019-08-31,TIRUMANGALAMCHQTRANSFE00898738CRHECTORBEVERAGES,310228.0,0.0,288964.74,CHQ
2019-08-31,SERVICEBRANCHCHENNAINOFEESCRPresentwithdocument,4306.0,0.0,284658.74,TRANSFER
2019-08-31,MUMBAIFORTC ACFEESCRnavasakthivinay297TRANSFER26,0.0,2160.0,286818.74,TRANSFER
2019-09-02,SERVICEBRANCHCHENNAICHEQUEDEPO00190321CRTAMILNADMERCANTILEBANK0446CTSG190321 TMB,0.0,29196.0,316014.74,CHQ
2019-09-02,SERVICEBRANCHCHENNAICHEQUEDEPO00452115CR2590446CTSG,0.0,1522.0,317536.74,CHQ
2019-09-02,SERVICEBRANCHCHENNAICHEQUEDEPO00833546CRSYNDICATEBANK0446CTSG833546 SYB,0.0,1240.0,318776.74,OUTWARD-RETURN
2019-09-02,SERVICEBRANCHCHENNAICHEQUEDEPO00001938CRICICIBANKINGCORPORATION0446CTSG,0.0,1154.0,319930.74,CHQ
2019-09-02,SERVICEBRANCHCHENNAICHEQUEDEPO00215210CRINDIANOVERSEASBANK0446CTSG215210 IOB,0.0,8748.0,328678.74,CHQ
2019-09-02,SERVICEBRANCHCHENNAICHEQUEDEPO00002311CRKARURVYSYABANKLTD0446CTSCLG002311CLG002311 KVB,0.0,5628.0,334306.74,CHQ
2019-09-02,SERVICEBRANCHCHENNAICHEQUEDEPO00148129CRUNITEDBANKOFINDIA0446CTSCLG148129CLG,0.0,11755.0,346061.74,CHQ
2019-09-02,SERVICEBRANCHCHENNAICHEQUEDEPO00227880CRUTIBANKLTD0446CTSG,0.0,14169.0,360230.74,CHQ
2019-09-02,SERVICEBRANCHCHENNAICHEQUEDEPO00295492CRUTIBANKLTD0446CTSG,0.0,8474.0,368704.74,CHQ
2019-09-02,SERVICEBRANCHCHENNAICHEQUEDEPO00184573CR2590446CTSG,0.0,639.0,369343.74,CHQ
2019-09-02,SERVICEBRANCHCHENNAICHEQUEDEPO00273336CRUTIBANKLTD0446CTSG,0.0,2000.0,371343.74,CHQ
2019-09-02,MUMBAIFORTC ACFEESCRSANTHOSHSUPERM485TRANSFER28,0.0,2837.0,374180.74,TRANSFER
2019-09-02,MUMBAIFORTC ACFEESCRSANTHOSHSUPERM195TRANSFER21,0.0,7945.0,382125.74,TRANSFER
2019-09-02,SERVICEBRANCHCHENNAIOUTCHQRETCRFundsinsufficient,1240.0,0.0,380885.74,OUTWARD-RETURN
2019-09-02,SERVICEBRANCHCHENNAICHQDISHONOURCR,250.0,0.0,380635.74,INWARD-CHARGES
2019-09-03,MUMBAIFORTC ACFEESCRPONNUSUPER7658761TRANSFER28,0.0,7042.0,387677.74,TRANSFER
2019-09-03,MUMBAIFORTC ACFEESSRICRGAYATHRIBHA091TRANSFER21,0.0,1238.0,388915.74,TRANSFER
2019-09-03,MUMBAIFORTC ACFEESCRLIMRASENTE0274TRANSFE124,0.0,1136.0,390051.74,TRANSFER
2019-09-03,MUMBAIFORTC ACFEESCRLIMRASENTE0382TRANSFE129,0.0,6893.0,396944.74,TRANSFER
2019-09-04,MUMBAIFORTC ACFEESMRCRVBALAKUMAR903TRANSFER29,0.0,9000.0,405944.74,TRANSFER
2019-09-04,TIRUMANGALAMBYCHQ TTTFRCRSUPERTOKISHOREMKTG,0.0,2351.0,408295.74,CHQ
2019-09-04,TIRUMANGALAMCASHDEPOSITCRDepositbySELF,0.0,200000.0,608295.74,CASH
2019-09-04,MUMBAIFORTC ACFEESCRSANTHOSHSUPERM744TRANSFER25,0.0,8212.0,616507.74,TRANSFER
2019-09-04,MUMBAIFORTC ACFEESCRSANTHOSHSUPERM745TRANSFER21,0.0,2999.0,619506.74,TRANSFER
2019-09-04,MUMBAIFORTC ACFEESCRVIKPRIHOME41DCTRANSFE126,0.0,9182.0,628688.74,TRANSFER
2019-09-05,MUMBAIFORTC ACFEESCRSARAVANAST9097960TRANSFER23,0.0,41527.0,670215.74,TRANSFER
2019-09-05,MUMBAIFORTWITHDRAWALTRANSFERBKarthikeyanIDIBH19248412070CRTRANSFER24,200013.0,0.0,470202.74,TRANSFER
2019-09-05,SERVICEBRANCHCHENNAICHEQUEDEPO00002074CR2400446CTSG,0.0,2166.0,472368.74,CHQ
2019-09-05,SERVICEBRANCHCHENNAICHEQUEDEPO00001856CRKARURVYSYABANKLTD0446CTSCLG001856CLG001856 KVB,0.0,2781.0,475149.74,CHQ
2019-09-05,SERVICEBRANCHCHENNAICHEQUEDEPO00013244CRSOUTHINDIANBANKLTD0446CTSCLG013244CLG013244 SIB,0.0,9549.0,484698.74,CHQ
2019-09-05,SERVICEBRANCHCHENNAICHEQUEDEPO00126927CRUTIBANKLTD0446CTSG,0.0,1837.0,486535.74,CHQ
2019-09-05,SERVICEBRANCHCHENNAICHEQUEDEPO00000040CR2400446CTSG,0.0,7646.0,494181.74,CHQ
2019-09-05,SERVICEBRANCHCHENNAICHEQUEDEPO00774396CRUNITEDBANKOFINDIA0446CTSCLG774396CLG,0.0,1617.0,495798.74,CHQ
2019-09-05,SERVICEBRANCHCHENNAICHEQUEDEPO00462435CRTAMILNADMERCANTILEBANK0446CTSG462435 TMB,0.0,13610.0,509408.74,CHQ
2019-09-05,SERVICEBRANCHCHENNAICHEQUEDEPO00000012CRINDIANOVERSEASBANK0446CTSG000012 IOB,0.0,7850.0,517258.74,CHQ
2019-09-05,SERVICEBRANCHCHENNAICHEQUEDEPO00003121CRKARURVYSYABANKLTD0446CTSCLG003121CLG003121 KVB,0.0,1278.0,518536.74,CHQ
2019-09-05,SERVICEBRANCHCHENNAICHEQUEDEPO00148268CRUNITEDBANKOFINDIA0446CTSCLG148268CLG,0.0,6047.0,524583.74,CHQ
2019-09-05,SERVICEBRANCHCHENNAICHEQUEDEPO00307807CR2590446CTSG,0.0,963.0,525546.74,CHQ
2019-09-05,SERVICEBRANCHCHENNAICHEQUEDEPO00001226CR2400446CTSG,0.0,4551.0,530097.74,CHQ
2019-09-05,SERVICEBRANCHCHENNAICHEQUEDEPO00001870CRICICIBANKINGCORPORATION0446CTSG,0.0,1593.0,531690.74,CHQ
2019-09-05,SERVICEBRANCHCHENNAICHEQUEDEPO00001933CRICICIBANKINGCORPORATION0446CTSG,0.0,3469.0,535159.74,CHQ
2019-09-05,SERVICEBRANCHCHENNAICHEQUEDEPO00282470CRSYNDICATEBANK0446CTSG282470 SYB,0.0,5400.0,540559.74,CHQ
2019-09-05,SERVICEBRANCHCHENNAICHEQUEDEPO00001202CR7560446CTSG,0.0,4432.0,544991.74,CHQ
2019-09-05,SERVICEBRANCHCHENNAICHEQUEDEPO00000471CR2400446CTSG,0.0,33750.0,578741.74,CHQ
2019-09-05,SERVICEBRANCHCHENNAICHEQUEDEPO00004614CR2400446CTSG,0.0,30006.0,608747.74,CHQ
2019-09-05,SERVICEBRANCHCHENNAICHEQUEDEPO00042928CRANDHRABANK0446CTSG042928 ANB,0.0,9565.0,618312.74,CHQ
2019-09-05,SERVICEBRANCHCHENNAICHEQUEDEPO00087964CRSTATEBANKOFINDIA0446CTSG087964 SBI,0.0,1244.0,619556.74,CHQ
2019-09-05,SERVICEBRANCHCHENNAICHEQUEDEPO00003884CRANDHRABANK0446CTSCHQ003884,0.0,32388.0,651944.74,OUTWARD-RETURN
2019-09-05,SERVICEBRANCHCHENNAICHEQUEDEPO00357058CR5320446CTSG357058 YES,0.0,5200.0,657144.74,CHQ
2019-09-05,SERVICEBRANCHCHENNAICHEQUEDEPO00000369CR7560446CTSG,0.0,2421.0,659565.74,CHQ
2019-09-05,SERVICEBRANCHCHENNAICHEQUEDEPO00005968CRANDHRABANK0446CTSG005968 ANB,0.0,1477.0,661042.74,CHQ
2019-09-05,SERVICEBRANCHCHENNAICHEQUEDEPO00228016CRSTATEBANKOFINDIA0446CTSG228016 SBI,0.0,7800.0,668842.74,CHQ
2019-09-05,MUMBAIFORTC ACFEESCRSANTHOSHSUPERM302TRANSFER21,0.0,1541.0,670383.74,TRANSFER
2019-09-05,MUMBAIFORTC ACFEESCRSANTHOSHSUPERM169TRANSFER24,0.0,7470.0,677853.74,TRANSFER
2019-09-05,SERVICEBRANCHCHENNAIOUTCHQRETCRFundsinsufficient,32388.0,0.0,645465.74,OUTWARD-RETURN
2019-09-05,SERVICEBRANCHCHENNAICHQDISHONOURCR,250.0,0.0,645215.74,INWARD-CHARGES
2019-09-06,MUMBAIFORTC ACFEESCRAMMANFRUITS822TRANSFER28,0.0,7578.0,652793.74,TRANSFER
2019-09-06,SERVICEBRANCHCHENNAICHEQUEDEPO00000701CRUCOBANK0446CTSCLG000701CLG000701 UCO,0.0,23421.0,676214.74,CHQ
2019-09-06,SERVICEBRANCHCHENNAICHEQUEDEPO00000253CR2400446CTSG,0.0,3397.0,679611.74,CHQ
2019-09-06,SERVICEBRANCHCHENNAICHEQUEDEPO00913975CRSYNDICATEBANK0446CTSG913975 SYB,0.0,1684.0,681295.74,CHQ
2019-09-06,SERVICEBRANCHCHENNAICHEQUEDEPO00000336CR2400446CTSG,0.0,3797.0,685092.74,CHQ
2019-09-06,SERVICEBRANCHCHENNAICHEQUEDEPO00850668CRTAMILNADUSTATEAPEXCOO0446CTSG,0.0,1050.0,686142.74,CHQ
2019-09-06,SERVICEBRANCHCHENNAICHEQUEDEPO00043127CRBANKOFINDIA0446CTSG043127 BOI,0.0,3438.0,689580.74,CHQ
2019-09-06,MUMBAIFORTC ACFEESCRSANTHOSHSUPERM681TRANSFER25,0.0,5761.0,695341.74,TRANSFER
2019-09-06,TIRUMANGALAMBYCHQ TTTFRCRKISHOREMARKETING,0.0,6419.0,701760.74,CHQ
2019-09-06,MUMBAIFORTC ACFEESCRSANTHOSHSUPERM447TRANSFER24,0.0,18924.0,720684.74,TRANSFER
2019-09-06,MUMBAIFORTC ACFEESCRANNAISUPERMAR8984TRANSFER28,0.0,4693.0,725377.74,TRANSFER
2019-09-06,MUMBAIFORTC ACFEESKPNCRFARMFRESH484TRANSFER27,0.0,576.0,725953.74,TRANSFER
2019-09-07,MUMBAIFORTC ACFEESCRSARAVANAST1777853TRANSFER25,0.0,103926.0,829879.74,TRANSFER
2019-09-07,SERVICEBRANCHCHENNAICHEQUEDEPO00002358CRKARURVYSYABANKLTD0446CTSCLG002358CLG002358 KVB,0.0,9508.0,839387.74,CHQ
2019-09-07,SERVICEBRANCHCHENNAICHEQUEDEPO00220484CRTAMILNADMERCANTILEBANK0446CTSG220484 TMB,0.0,825.0,840212.74,CHQ
2019-09-07,SERVICEBRANCHCHENNAICHEQUEDEPO00043050CRANDHRABANK0446CTSG043050 ANB,0.0,1508.0,841720.74,CHQ
2019-09-07,SERVICEBRANCHCHENNAICHEQUEDEPO00986602CRINDIANOVERSEASBANK0446CTSG986602 IOB,0.0,5952.0,847672.74,CHQ
2019-09-07,SERVICEBRANCHCHENNAICHEQUEDEPO00791272CRSOUTHINDIANBANKLTD0446CTSCLG791272CLG791272 SIB,0.0,9680.0,857352.74,CHQ
2019-09-07,SERVICEBRANCHCHENNAICHEQUEDEPO00604221CR2590446CTSG,0.0,3410.0,860762.74,CHQ
2019-09-07,SERVICEBRANCHCHENNAICHEQUEDEPO00000041CRUCOBANK0446CTSCLG000041CLG000041 UCO,0.0,166635.0,1027397.74,CHQ
2019-09-07,SERVICEBRANCHCHENNAICHEQUEDEPO00004895CRUTIBANKLTD0446CTSG,0.0,3554.0,1030951.74,CHQ
2019-09-07,SERVICEBRANCHCHENNAICHEQUEDEPO00289381CRUTIBANKLTD0446CTSG,0.0,9297.0,1040248.74,CHQ
2019-09-07,SERVICEBRANCHCHENNAICHEQUEDEPO00094928CRSYNDICATEBANK0446CTSG094928 SYB,0.0,6108.0,1046356.74,OUTWARD-RETURN
2019-09-07,TIRUMANGALAMCASHDEPOSITCRDepositbySELF,0.0,100000.0,1146356.74,CASH
2019-09-07,MUMBAIFORTC ACFEESCRKARPAG0460TRANSFER29,0.0,2521.0,1148877.74,TRANSFER
2019-09-07,SERVICEBRANCHCHENNAIOUTCHQRETCRFundsinsufficient,6108.0,0.0,1142769.74,OUTWARD-RETURN
2019-09-07,SERVICEBRANCHCHENNAICHQDISHONOURCR,250.0,0.0,1142519.74,INWARD-CHARGES
2019-09-09,SERVICEBRANCHCHENNAICHEQUEDEPO00030175CR4110446CTSG,0.0,14598.0,1157117.74,CHQ
2019-09-09,SERVICEBRANCHCHENNAICHEQUEDEPO00885831CRTAMILNADUSTATEAPEXCOO0446CTSG,0.0,1388.0,1158505.74,CHQ
2019-09-09,SERVICEBRANCHCHENNAICHEQUEDEPO00201528CRTAMILNADMERCANTILEBANK0446CTSG201528 TMB,0.0,3096.0,1161601.74,OUTWARD-RETURN
2019-09-09,SERVICEBRANCHCHENNAICHEQUEDEPO00015749CRSOUTHINDIANBANKLTD0446CTSCLG015749CLG015749 SIB,0.0,2300.0,1163901.74,CHQ
2019-09-09,SERVICEBRANCHCHENNAICHEQUEDEPO00004012CRICICIBANKINGCORPORATION0446CTSG,0.0,1077.0,1164978.74,CHQ
2019-09-09,SERVICEBRANCHCHENNAICHEQUEDEPO00742349CRINDIANOVERSEASBANK0446CTSG742349 IOB,0.0,2452.0,1167430.74,CHQ
2019-09-09,MUMBAIFORTC ACFEESCRPONNUSUPER3157316TRANSFER25,0.0,6032.0,1173462.74,TRANSFER
2019-09-09,ATMSERVICEBYTRANSFERCRBRANCH IMPS 760 TRANSFE461,0.0,13500.0,1186962.74,IMPS
2019-09-09,TIRUMANGALAMBYCHQ TTTFRCRACTFR,0.0,470.0,1187432.74,CHQ
2019-09-09,TIRUMANGALAMCASHDEPOSITCRDepositbySELF,0.0,960000.0,2147432.74,CASH
2019-09-09,MUMBAIFORTC ACFEESCRLIMRASENTE7277TRANSFE121,0.0,11391.0,2158823.74,TRANSFER
2019-09-09,SERVICEBRANCHCHENNAIOUTCHQRETCRFundsinsufficient,3096.0,0.0,2155727.74,OUTWARD-RETURN
2019-09-09,SERVICEBRANCHCHENNAICHQDISHONOURCR,250.0,0.0,2155477.74,INWARD-CHARGES
2019-09-09,CASHDEPCRCHRGSOTHER,760.0,0.0,2154717.74,DEPOSIT-CHARGES
2019-09-10,MUMBAIFORTC ACFEESKPNCRFARMFRESHP248TRANSFER29,0.0,520.0,2155237.74,TRANSFER
2019-09-10,TIRUMANGALAMBYCHQ TTTFRCRKISHOREMARKETING,0.0,1024.0,2156261.74,CHQ
2019-09-10,TIRUMANGALAMCASHDEPOSITCRDepositbySELF,0.0,170000.0,2326261.74,CASH
2019-09-10,MUMBAIFORTC ACFEESCRHECTORBEVER5306548TRANSFER21,0.0,6923.0,2333184.74,TRANSFER
2019-09-10,MUMBAIFORTC ACFEESCRHECTORBEVER5305923TRANSFER29,0.0,15000.0,2348184.74,TRANSFER
2019-09-10,MUMBAIFORTC ACFEESCRHECTORBEVER5305917TRANSFER24,0.0,15000.0,2363184.74,TRANSFER
2019-09-10,MUMBAIFORTC ACFEESCRHECTORBEVER5306553TRANSFER25,0.0,5192.0,2368376.74,TRANSFER
2019-09-10,MUMBAIFORTC ACFEESCRHECTORBEVER5305920TRANSFER23,0.0,5769.0,2374145.74,TRANSFER
2019-09-11,COREBANKINGWITHDRAWALTRANSFERTECHPROCESS895834376 BharatCRDATACENTREPetroleumCorporationTRANSFERTO,10008.26,0.0,2364137.48,ONLINE-PAYMENT
2019-09-11,SERVICEBRANCHCHENNAICHEQUEDEPO00674686CRTAMILNADMERCANTILEBANK0446CTSG674686 TMB,0.0,6886.0,2371023.48,CHQ
2019-09-11,SERVICEBRANCHCHENNAICHEQUEDEPO00000349CR2400446CTSG,0.0,8832.0,2379855.48,CHQ
2019-09-11,SERVICEBRANCHCHENNAICHEQUEDEPO00000304CR2400446CTSG,0.0,11146.0,2391001.48,CHQ
2019-09-11,SERVICEBRANCHCHENNAICHEQUEDEPO00000004CRUCOBANK0446CTSCLG000004CLG000004 UCO,0.0,1238.0,2392239.48,OUTWARD-RETURN
2019-09-11,SERVICEBRANCHCHENNAICHEQUEDEPO00015726CRSOUTHINDIANBANKLTD0446CTSCLG015726CLG015726 SIB,0.0,4164.0,2396403.48,CHQ
2019-09-11,SERVICEBRANCHCHENNAICHEQUEDEPO00004889CRUTIBANKLTD0446CTSG,0.0,3752.0,2400155.48,CHQ
2019-09-11,SERVICEBRANCHCHENNAICHEQUEDEPO00000241CRKARURVYSYABANKLTD0446CTSCLG000241CLG000241 KVB,0.0,3725.0,2403880.48,CHQ
2019-09-11,SERVICEBRANCHCHENNAICHEQUEDEPO00233843CRUTIBANKLTD0446CTSG,0.0,1727.0,2405607.48,CHQ
2019-09-11,SERVICEBRANCHCHENNAICHEQUEDEPO00496913CRTAMILNADMERCANTILEBANK0446CTSG496913 TMB,0.0,1991.0,2407598.48,CHQ
2019-09-11,SERVICEBRANCHCHENNAICHEQUEDEPO00772851CR5320446CTSG772851 YES,0.0,957.0,2408555.48,CHQ
2019-09-11,SERVICEBRANCHCHENNAICHEQUEDEPO00219136CRSYNDICATEBANK0446CTSG219136 SYB,0.0,7384.0,2415939.48,CHQ
2019-09-11,SERVICEBRANCHCHENNAICHEQUEDEPO00005720CRCITYUNIONBANKLTD0446CTSCLG005720CLG005720 CUB,0.0,1894.0,2417833.48,CHQ
2019-09-11,SERVICEBRANCHCHENNAICHEQUEDEPO00098779CRSYNDICATEBANK0446CTSG098779 SYB,0.0,7915.0,2425748.48,CHQ
2019-09-11,SERVICEBRANCHCHENNAICHEQUEDEPO00294618CRUTIBANKLTD0446CTSG,0.0,10519.0,2436267.48,CHQ
2019-09-11,SERVICEBRANCHCHENNAICHEQUEDEPO00013242CRALLAHABADBANK0446CTSG013242 ALB,0.0,2400.0,2438667.48,CHQ
2019-09-11,SERVICEBRANCHCHENNAICHEQUEDEPO00471245CR2340446CTSG,0.0,7000.0,2445667.48,OUTWARD-RETURN
2019-09-11,SERVICEBRANCHCHENNAICHEQUEDEPO00042938CRANDHRABANK0446CTSG042938 ANB,0.0,3103.0,2448770.48,CHQ
2019-09-11,SERVICEBRANCHCHENNAICHEQUEDEPO00022957CRANDHRABANK0446CTSG022957 ANB,0.0,1904.0,2450674.48,CHQ
2019-09-11,SERVICEBRANCHCHENNAICHEQUEDEPO00265888CRINDIANOVERSEASBANK0446CTSG265888 IOB,0.0,2129.0,2452803.48,CHQ
2019-09-11,SERVICEBRANCHCHENNAICHEQUEDEPO00177035CRSYNDICATEBANK,0.0,5728.0,2458531.48,OUTWARD-RETURN
2019-09-11,SERVICEBRANCHCHENNAICHEQUEDEPO00010258CR4850446CTSG010258 KMB,0.0,8795.0,2467326.48,CHQ
2019-09-11,SERVICEBRANCHCHENNAICHEQUEDEPO00000042CRUCOBANK0446CTSCLG000042CLG000042 UCO,0.0,82798.0,2550124.48,CHQ
2019-09-11,SERVICEBRANCHCHENNAICHEQUEDEPO00002059CRICICIBANKINGCORPORATION0446CTSG,0.0,5968.0,2556092.48,CHQ
2019-09-11,SERVICEBRANCHCHENNAICHEQUEDEPO00015719CRSOUTHINDIANBANKLTD0446CTSCLG015719CLG015719 SIB,0.0,10000.0,2566092.48,CHQ
2019-09-11,SERVICEBRANCHCHENNAICHEQUEDEPO00000574CRANDHRABANK0446CTSG000574 ANB,0.0,5904.0,2571996.48,CHQ
2019-09-11,SERVICEBRANCHCHENNAICHEQUEDEPO00445127CRKARNATAKABANKLTD0446CTSCLG445127CLG,0.0,1173.0,2573169.48,CHQ
2019-09-11,SERVICEBRANCHCHENNAICHEQUEDEPO00001055CRICICIBANKINGCORPORATION0446CTSG,0.0,1105.0,2574274.48,CHQ
2019-09-11,SERVICEBRANCHCHENNAICHEQUEDEPO00039955CRCENTRALBANKOFINDIA0446CTSCLG039955CLG039955 CBI,0.0,550.0,2574824.48,CHQ
2019-09-11,SERVICEBRANCHCHENNAICHEQUEDEPO00099254CRTAMILNADMERCANTILEBANK0446CTSG099254 TMB,0.0,316.0,2575140.48,CHQ
2019-09-11,SERVICEBRANCHCHENNAICHEQUEDEPO00451531CRALLAHABADBANK0446CTSG451531 ALB,0.0,250000.0,2825140.48,CHQ
2019-09-11,SERVICEBRANCHCHENNAICHEQUEDEPO00451739CRALLAHABADBANK0446CTSG451739 ALB,0.0,500000.0,3325140.48,CHQ
2019-09-11,SERVICEBRANCHCHENNAICHEQUEDEPO00004283CRALLAHABADBANK0446CTSG004283 ALB,0.0,600000.0,3925140.48,CHQ
2019-09-11,SERVICEBRANCHCHENNAICHEQUEDEPO00479541CRALLAHABADBANK0446CTSG479541 ALB,0.0,300000.0,4225140.48,CHQ
2019-09-11,SERVICEBRANCHCHENNAICHEQUEDEPO00326199CRKARNATAKABANKLTD0446CTSCLG326199CLG,0.0,2624.0,4227764.48,CHQ
2019-09-11,SERVICEBRANCHCHENNAICHEQUEDEPO00001052CRICICIBANKINGCORPORATION0446CTSG,0.0,639.0,4228403.48,CHQ
2019-09-11,SERVICEBRANCHCHENNAICHEQUEDEPO00000116CRKARURVYSYABANKLTD0446CTSCHQ000116,0.0,2700.0,4231103.48,CHQ
2019-09-11,SERVICEBRANCHCHENNAICHEQUEDEPO00000604CRKARURVYSYABANKLTD0446CTSCLG000604CLG000604 KVB,0.0,2793.0,4233896.48,CHQ
2019-09-11,SERVICEBRANCHCHENNAICHEQUEDEPO00569088CRSYNDICATEBANK0446CTSG569088 SYB,0.0,16128.0,4250024.48,CHQ
2019-09-11,SERVICEBRANCHCHENNAICHEQUEDEPO00003386CR2400446CTSG,0.0,4337.0,4254361.48,CHQ
2019-09-11,SERVICEBRANCHCHENNAICHEQUEDEPO00000249CRKARURVYSYABANKLTD0446CTSCLG000249CLG000249 KVB,0.0,2627.0,4256988.48,CHQ
2019-09-11,SERVICEBRANCHCHENNAICHEQUEDEPO00023568CRUTIBANKLTD0446CTSG,0.0,4825.0,4261813.48,CHQ
2019-09-11,MUMBAIFORTC ACFEESCRSANTHOSHSUPERM130TRANSFER24,0.0,3788.0,4265601.48,TRANSFER
2019-09-11,SERVICEBRANCHCHENNAIOUTCHQRETCRFundsinsufficient,5728.0,0.0,4259873.48,OUTWARD-RETURN
2019-09-11,SERVICEBRANCHCHENNAICHQDISHONOURCR,250.0,0.0,4259623.48,INWARD-CHARGES
2019-09-11,SERVICEBRANCHCHENNAIOUTCHQRETCRFundsinsufficient,7000.0,0.0,4252623.48,OUTWARD-RETURN
2019-09-11,SERVICEBRANCHCHENNAICHQDISHONOURCR,250.0,0.0,4252373.48,INWARD-CHARGES
2019-09-11,SERVICEBRANCHCHENNAINOFEESCRKindlycontactDrawer DraweeBankandpleasepre,300000.0,0.0,3952373.48,TRANSFER
2019-09-11,SERVICEBRANCHCHENNAIOUTCHQRETCRFundsinsufficient,1238.0,0.0,3951135.48,OUTWARD-RETURN
2019-09-11,SERVICEBRANCHCHENNAICHQDISHONOURCR,250.0,0.0,3950885.48,INWARD-CHARGES
2019-09-12,SERVICEBRANCHCHENNAIECSMANDATECRDEBITRANSFERTO,1170849.05,0.0,2780036.43,EMI-DEBIT
2019-09-12,MUMBAIFORTWITHDRAWALTRANSFERCRSNJSugarsandp868TRANSFER24,164013.0,0.0,2616023.43,TRANSFER
2019-09-12,MUMBAIFORTWITHDRAWALTRANSFERINVENTZLIFESCIENIDIBH19255365291CRTRANSFER24,110949.0,0.0,2505074.43,TRANSFER
2019-09-12,TIRUMANGALAMCASHDEPOSITCRDepositbySELF,0.0,240000.0,2745074.43,CASH
2019-09-12,ATMSERVICEBYTRANSFERCRBRANCH IMPS 996 PURCHASESPAYMETRANSFE461,0.0,3188.0,2748262.43,IMPS
2019-09-12,MUMBAIFORTC ACFEESCRHAWIEEXIM094TRANSFER23,0.0,9953.0,2758215.43,TRANSFER
2019-09-12,TIRUMANGALAMBYCHQ TTTFRCRKISHOREMARKETING,0.0,3814.0,2762029.43,CHQ
2019-09-12,MUMBAIFORTWITHDRAWALTRANSFERINBISCOCRINDIAPV767TRANSFER24,218028.0,0.0,2544001.43,TRANSFER
2019-09-12,MUMBAIFORTC ACFEESCRSHREEENTERPRI10TRANSFE128,0.0,10399.0,2554400.43,TRANSFER
2019-09-12,MUMBAIFORTC ACFEESMACCRS164TRANSFER21,0.0,3257.0,2557657.43,TRANSFER
2019-09-12,MUMBAIFORTC ACFEESCRAMMANFRUITS724TRANSFER20,0.0,9801.0,2567458.43,TRANSFER
2019-09-12,MUMBAIFORTC ACFEESSRICRMEENAKSHIAM508TRANSFER28,0.0,923.0,2568381.43,TRANSFER
2019-09-12,CASHDEPCRCHRGSOTHER,100.0,0.0,2568281.43,DEPOSIT-CHARGES
2019-09-13,SERVICEBRANCHCHENNAITOCLGCHQ00898752CRCAVINKAREPVTLTD,54697.0,0.0,2513584.43,CHQ
2019-09-13,TIRUMANGALAMBYCHQ TTTFRCRKISHOREMARKETING,0.0,5054.0,2518638.43,CHQ
2019-09-13,TIRUMANGALAMCASHDEPOSITCRDepositbySELF,0.0,40000.0,2558638.43,CASH
2019-09-13,MUMBAIFORTC ACFEESCRKALIGAMBALFRUI8816TRANSFER24,0.0,15527.0,2574165.43,TRANSFER
2019-09-16,MUMBAIFORTC ACFEESCRKARUVALURMARIA4865TRANSFER24,0.0,1094.0,2575259.43,TRANSFER
2019-09-16,SERVICEBRANCHCHENNAICHEQUEDEPO00288078CRUTIBANKLTD0446CTSG,0.0,100000.0,2675259.43,CHQ
2019-09-16,SERVICEBRANCHCHENNAICHEQUEDEPO00001503CRKARURVYSYABANKLTD0446CTSCLG001503CLG001503 KVB,0.0,2910.0,2678169.43,OUTWARD-RETURN
2019-09-16,SERVICEBRANCHCHENNAICHEQUEDEPO00047279CRSYNDICATEBANK0446CTSG047279 SYB,0.0,5445.0,2683614.43,CHQ
2019-09-16,SERVICEBRANCHCHENNAICHEQUEDEPO00000130CR2400446CTSG,0.0,6000.0,2689614.43,CHQ
2019-09-16,SERVICEBRANCHCHENNAICHEQUEDEPO00289439CRUTIBANKLTD0446CTSG,0.0,9040.0,2698654.43,CHQ
2019-09-16,SERVICEBRANCHCHENNAICHEQUEDEPO00001227CR7560446CTSG,0.0,1278.0,2699932.43,CHQ
2019-09-16,SERVICEBRANCHCHENNAICHEQUEDEPO00000501CR2400446CTSG,0.0,12500.0,2712432.43,CHQ
2019-09-16,SERVICEBRANCHCHENNAICHEQUEDEPO00000478CR7500446CTSGAN,0.0,1931.0,2714363.43,CHQ
2019-09-16,SERVICEBRANCHCHENNAICHEQUEDEPO00000356CRKARURVYSYABANKLTD0446CTSCLG000356CLG000356 KVB,0.0,2354.0,2716717.43,CHQ
2019-09-16,SERVICEBRANCHCHENNAICHEQUEDEPO00000127CR2400446CTSG,0.0,5834.0,2722551.43,OUTWARD-RETURN
2019-09-16,SERVICEBRANCHCHENNAICHEQUEDEPO00608876CR2340446CTSG,0.0,2040.0,2724591.43,CHQ
2019-09-16,SERVICEBRANCHCHENNAICHEQUEDEPO00501483CRINDIANOVERSEASBANK0446CTSG501483 IOB,0.0,2388.0,2726979.43,CHQ
2019-09-16,SERVICEBRANCHCHENNAICHEQUEDEPO00023107CRANDHRABANK0446CTSG023107 ANB,0.0,595.0,2727574.43,CHQ
2019-09-16,SERVICEBRANCHCHENNAICHEQUEDEPO00316239CRTAMILNADMERCANTILEBANK0446CTSG316239 TMB,0.0,2594.0,2730168.43,OUTWARD-RETURN
2019-09-16,SERVICEBRANCHCHENNAICHEQUEDEPO00126995CRCENTRALBANKOFINDIA0446CTSCLG126995CLG126995 CBI,0.0,2280.0,2732448.43,CHQ
2019-09-16,SERVICEBRANCHCHENNAICHEQUEDEPO00111644CRBANKOFMAHARASHTRA0446CTSG111644 BOM,0.0,12976.0,2745424.43,CHQ
2019-09-16,SERVICEBRANCHCHENNAICHEQUEDEPO00022400CRORIENTALBANKOFCOMMERCE0446CTSG022400 OBC,0.0,2614.0,2748038.43,CHQ
2019-09-16,SERVICEBRANCHCHENNAICHEQUEDEPO00000129CRKARURVYSYABANKLTD0446CTSCLG000129CLG000129 KVB,0.0,2000.0,2750038.43,CHQ
2019-09-16,SERVICEBRANCHCHENNAICHEQUEDEPO00002065CRKARURVYSYABANKLTD0446CTSCLG002065CLG002065 KVB,0.0,4556.0,2754594.43,CHQ
2019-09-16,SERVICEBRANCHCHENNAICHEQUEDEPO00218032CRFEDERALBANKLTD0446CTSG218032 FBI,0.0,10036.0,2764630.43,CHQ
2019-09-16,SERVICEBRANCHCHENNAICHEQUEDEPO00295600CRUTIBANKLTD0446CTSG,0.0,6473.0,2771103.43,CHQ
2019-09-16,MUMBAIFORTWITHDRAWALTRANSFERCRREDBULLINDIAP892TRANSFER24,300028.0,0.0,2471075.43,TRANSFER
2019-09-16,SERVICEBRANCHCHENNAICHEQUEDEPO00023022CRANDHRABANK0446CTSG023022 ANB,0.0,10545.0,2481620.43,CHQ
2019-09-16,SERVICEBRANCHCHENNAICHEQUEDEPO00005749CRCITYUNIONBANKLTD0446CTSCLG005749CLG005749 CUB,0.0,4610.0,2486230.43,CHQ
2019-09-16,SERVICEBRANCHCHENNAICHEQUEDEPO00005898CRKARURVYSYABANKLTD0446CTSCLG005898CLG005898 KVB,0.0,708.0,2486938.43,CHQ
2019-09-16,SERVICEBRANCHCHENNAICHEQUEDEPO00103771CRSTATEBANKOFINDIA0446CTSG103771 SBI,0.0,18703.0,2505641.43,CHQ
2019-09-16,SERVICEBRANCHCHENNAICHEQUEDEPO00000096CR2400446CTSG,0.0,8646.0,2514287.43,CHQ
2019-09-16,SERVICEBRANCHCHENNAICHEQUEDEPO00002113CR2400446CTSG,0.0,4058.0,2518345.43,CHQ
2019-09-16,SERVICEBRANCHCHENNAICHEQUEDEPO00000766CRCITYUNIONBANKLTD0446CTSCLG000766CLG000766 CUB,0.0,1562.0,2519907.43,CHQ
2019-09-16,SERVICEBRANCHCHENNAICHEQUEDEPO00862363CRVIJAYABANK0446CTSG862363 VJB,0.0,348.0,2520255.43,CHQ
2019-09-16,SERVICEBRANCHCHENNAICHEQUEDEPO00030540CRICICIBANKINGCORPORATION0446CTSG,0.0,964.0,2521219.43,CHQ
2019-09-16,SERVICEBRANCHCHENNAICHEQUEDEPO00844712CRKARURVYSYABANKLTD0446CTSCLG844712CLG844712 KVB,0.0,1686.0,2522905.43,CHQ
2019-09-16,SERVICEBRANCHCHENNAICHEQUEDEPO00030557CRICICIBANKINGCORPORATION0446CTSCHQ030557,0.0,716.0,2523621.43,CHQ
2019-09-16,SERVICEBRANCHCHENNAICHEQUEDEPO00000724CRUCOBANK0446CTSCLG000724CLG000724 UCO,0.0,7999.0,2531620.43,CHQ
2019-09-16,SERVICEBRANCHCHENNAICHEQUEDEPO00759221CRSYNDICATEBANK0446CTSG759221 SYB,0.0,607.0,2532227.43,CHQ
2019-09-16,SERVICEBRANCHCHENNAICHEQUEDEPO00862426CRVIJAYABANK0446CTSG862426 VJB,0.0,1203.0,2533430.43,CHQ
2019-09-16,SERVICEBRANCHCHENNAICHEQUEDEPO00002971CRKARURVYSYABANKLTD0446CTSCLG002971CLG002971 KVB,0.0,916.0,2534346.43,CHQ
2019-09-16,MUMBAIFORTC ACFEESCRRATHNATRADER4338TRANSFER29,0.0,3480.0,2537826.43,TRANSFER
2019-09-16,TIRUMANGALAMCASHDEPOSITCRDepositbySELF,0.0,170000.0,2707826.43,CASH
2019-09-16,MUMBAIFORTC ACFEESCRSANTHOSHSUPERM711TRANSFER26,0.0,22924.0,2730750.43,TRANSFER
2019-09-16,SERVICEBRANCHCHENNAIOUTCHQRETCRFundsinsufficient,2910.0,0.0,2727840.43,OUTWARD-RETURN
2019-09-16,SERVICEBRANCHCHENNAICHQDISHONOURCR,250.0,0.0,2727590.43,INWARD-CHARGES
2019-09-16,SERVICEBRANCHCHENNAINOFEESCRPresentwithdocument,2000.0,0.0,2725590.43,TRANSFER
2019-09-16,SERVICEBRANCHCHENNAIOUTCHQRETCRFundsinsufficient,2594.0,0.0,2722996.43,OUTWARD-RETURN
2019-09-16,SERVICEBRANCHCHENNAICHQDISHONOURCR,250.0,0.0,2722746.43,INWARD-CHARGES
2019-09-16,SERVICEBRANCHCHENNAIOUTCHQRETCRFundsinsufficient,5834.0,0.0,2716912.43,OUTWARD-RETURN
2019-09-16,SERVICEBRANCHCHENNAICHQDISHONOURCR,250.0,0.0,2716662.43,INWARD-CHARGES
2019-09-16,MUMBAIFORTC ACFEESCRBANKOFBARODAFO960TRANSFER26,0.0,3621.0,2720283.43,TRANSFER
2019-09-16,MUMBAIFORTC ACFEESCRANNANAGARSUPE4520TRANSFER21,0.0,20000.0,2740283.43,TRANSFER
2019-09-16,MUMBAIFORTC ACFEESCRLIMRASENTE3921TRANSFE123,0.0,1395.0,2741678.43,TRANSFER
2019-09-16,MUMBAIFORTC ACFEESCRLIMRASENTE4494TRANSFE126,0.0,7373.0,2749051.43,TRANSFER
2019-09-16,MUMBAIFORTC ACFEESCRANNANAGARS9177082TRANSFER29,0.0,2645.0,2751696.43,TRANSFER
2019-09-17,SERVICEBRANCHCHENNAITOCLGCHQ00898747CRCAVINKAREPVTLTD,385959.0,0.0,2365737.43,CHQ
2019-09-17,MUMBAIFORTWITHDRAWALTRANSFERINBISCOCRINDIAPV617TRANSFER24,135013.0,0.0,2230724.43,TRANSFER
2019-09-17,TIRUMANGALAMCASHDEPOSITCRDepositbySELF,0.0,175000.0,2405724.43,CASH
2019-09-17,SERVICEBRANCHCHENNAICHEQUEDEPO00043169CRBANKOFINDIA0446CTSG043169 BOI,0.0,3809.0,2409533.43,CHQ
2019-09-17,SERVICEBRANCHCHENNAICHEQUEDEPO00000302CRKARURVYSYABANKLTD0446CTSCLG000302CLG000302 KVB,0.0,4306.0,2413839.43,CHQ
2019-09-17,MUMBAIFORTC ACFEESCRSANTHOSHSUPERM200TRANSFER27,0.0,22309.0,2436148.43,TRANSFER
2019-09-17,SERVICEBRANCHCHENNAICHEQUEDEPO00000206CR4850446CTSG000206 KMB,0.0,3123.0,2439271.43,OUTWARD-RETURN
2019-09-17,SERVICEBRANCHCHENNAICHEQUEDEPO00001255CR2400446CTSG,0.0,10000.0,2449271.43,CHQ
2019-09-17,SERVICEBRANCHCHENNAICHEQUEDEPO00004740CRKARURVYSYABANKLTD0446CTSCLG004740CLG004740 KVB,0.0,1770.0,2451041.43,CHQ
2019-09-17,SERVICEBRANCHCHENNAICHEQUEDEPO00855109CRTAMILNADMERCANTILEBANK0446CTSG855109 TMB,0.0,3134.0,2454175.43,CHQ
2019-09-17,SERVICEBRANCHCHENNAICHEQUEDEPO00676020CRTAMILNADMERCANTILEBANK0446CTSG676020 TMB,0.0,10044.35,2464219.78,CHQ
2019-09-17,SERVICEBRANCHCHENNAICHEQUEDEPO00000128CR2400446CTSG,0.0,6812.0,2471031.78,CHQ
2019-09-17,SERVICEBRANCHCHENNAICHEQUEDEPO00043166CRBANKOFINDIA0446CTSG043166 BOI,0.0,5559.0,2476590.78,CHQ
2019-09-17,SERVICEBRANCHCHENNAICHEQUEDEPO00791792CRSOUTHINDIANBANKLTD0446CTSCLG791792CLG791792 SIB,0.0,2934.0,2479524.78,CHQ
2019-09-17,SERVICEBRANCHCHENNAICHEQUEDEPO00622598CRTAMILNADMERCANTILEBANK0446CTSG622598 TMB,0.0,5763.0,2485287.78,CHQ
2019-09-17,SERVICEBRANCHCHENNAICHEQUEDEPO00382389CRUNIONBANKOFINDIA0446CTSCHQ382389,0.0,1980.0,2487267.78,CHQ
2019-09-17,SERVICEBRANCHCHENNAICHEQUEDEPO00165609CRUTIBANKLTD0446CTSG,0.0,1260.0,2488527.78,CHQ
2019-09-17,SERVICEBRANCHCHENNAICHEQUEDEPO00461890CR2590446CTSG,0.0,2104.0,2490631.78,CHQ
2019-09-17,SERVICEBRANCHCHENNAICHEQUEDEPO00858432CRTAMILNADMERCANTILEBANK0446CTSG858432 TMB,0.0,3147.0,2493778.78,CHQ
2019-09-17,SERVICEBRANCHCHENNAICHEQUEDEPO00148399CRUNITEDBANKOFINDIA0446CTSCLG148399CLG,0.0,9146.0,2502924.78,CHQ
2019-09-17,SERVICEBRANCHCHENNAICHEQUEDEPO00000502CR2400446CTSG,0.0,30000.0,2532924.78,CHQ
2019-09-17,SERVICEBRANCHCHENNAICHEQUEDEPO00126926CRUTIBANKLTD0446CTSG,0.0,5211.0,2538135.78,CHQ
2019-09-17,SERVICEBRANCHCHENNAICHEQUEDEPO00009355CRVIJAYABANK0446CTSG009355 VJB,0.0,29519.0,2567654.78,CHQ
2019-09-17,SERVICEBRANCHCHENNAICHEQUEDEPO00374108CRSTATEBANKOFINDIA0446CTSG374108 SBI,0.0,4292.0,2571946.78,CHQ
2019-09-17,MUMBAIFORTC ACFEESCRSANTHOSHSUPERM069TRANSFER24,0.0,4984.0,2576930.78,TRANSFER
2019-09-17,SERVICEBRANCHCHENNAIOUTCHQRETCRFundsinsufficient,3123.0,0.0,2573807.78,OUTWARD-RETURN
2019-09-17,SERVICEBRANCHCHENNAICHQDISHONOURCR,250.0,0.0,2573557.78,INWARD-CHARGES
2019-09-18,SERVICEBRANCHCHENNAITOCLGCHQ00898740CRSECEDCWEST,3364.0,0.0,2570193.78,CHQ
2019-09-18,COREBANKINGWITHDRAWALTRANSFERBILLDESKQINB7993097944 BPCLSMTFLT TRANSFERCRDATACENTRETO,10008.26,0.0,2560185.52,ONLINE-PAYMENT
2019-09-18,TIRUMANGALAMBYCHQ TTTFRCRCHFOODSTOKISHOREMKTG,0.0,8863.0,2569048.52,CHQ
2019-09-18,TIRUMANGALAMBYCHQ TTTFRCRCHFOODSTOKISHOREMKTG,0.0,2444.0,2571492.52,CHQ
2019-09-18,COREBANKINGBYTRANSFERCRDATACENTRETransfer87844kishoreTRANSFE09,0.0,12474.0,2583966.52,TRANSFER
2019-09-18,SERVICEBRANCHCHENNAICHEQUEDEPO00003937CRANDHRABANK0446CTSCHQ003937,0.0,32388.0,2616354.52,CHQ
2019-09-18,MUMBAIFORTC ACFEESCRVIKPRIHOME61DCTRANSFE127,0.0,11176.0,2627530.52,TRANSFER
2019-09-18,MUMBAIFORTC ACFEESCRSANTHOSHSUPERM032TRANSFER24,0.0,27258.0,2654788.52,TRANSFER
2019-09-18,MUMBAIFORTC ACFEESCRANNAISUPERMAR0160TRANSFER21,0.0,4102.0,2658890.52,TRANSFER
2019-09-18,MUMBAIFORTC ACFEESKPNCR6857459TRANSFER20,0.0,3335.0,2662225.52,TRANSFER
2019-09-19,SERVICEBRANCHCHENNAICHEQUEDEPO00023313CRSYNDICATEBANK0446CTSG023313 SYB,0.0,1858.0,2664083.52,CHQ
2019-09-19,SERVICEBRANCHCHENNAICHEQUEDEPO00844012CRTAMILNADMERCANTILEBANK0446CTSG844012 TMB,0.0,4874.0,2668957.52,CHQ
2019-09-19,SERVICEBRANCHCHENNAICHEQUEDEPO00001560CR7500446CTSGAN,0.0,9650.0,2678607.52,CHQ
2019-09-19,SERVICEBRANCHCHENNAICHEQUEDEPO00063620CRCENTRALBANKOFINDIA0446CTSCLG063620CLG063620 CBI,0.0,2423.0,2681030.52,CHQ
2019-09-19,SERVICEBRANCHCHENNAICHEQUEDEPO00000090CR2400446CTSG,0.0,35547.0,2716577.52,CHQ
2019-09-19,SERVICEBRANCHCHENNAICHEQUEDEPO00000425CR2400446CTSG,0.0,619.0,2717196.52,CHQ
2019-09-19,SERVICEBRANCHCHENNAICHEQUEDEPO00002424CRKARURVYSYABANKLTD0446CTSCLG002424CLG002424 KVB,0.0,7614.0,2724810.52,CHQ
2019-09-19,MUMBAIFORTWITHDRAWALTRANSFERHECTORBEVERAGESPIDIBH19262244674CRTRANSFER24,125013.0,0.0,2599797.52,TRANSFER
2019-09-19,SERVICEBRANCHCHENNAICHEQUEDEPO00020505CRSOUTHINDIANBANKLTD0446CTSCLG020505CLG020505 SIB,0.0,650.0,2600447.52,CHQ
2019-09-19,SERVICEBRANCHCHENNAICHEQUEDEPO00002404CRKARURVYSYABANKLTD0446CTSCLG002404CLG002404 KVB,0.0,2082.0,2602529.52,CHQ
2019-09-19,SERVICEBRANCHCHENNAICHEQUEDEPO00455788CR2590446CTSG,0.0,656.0,2603185.52,CHQ
2019-09-19,SERVICEBRANCHCHENNAICHEQUEDEPO00444831CRINDIANOVERSEASBANK0446CTSG444831 IOB,0.0,544.0,2603729.52,CHQ
2019-09-19,ATMSERVICEBYTRANSFERCRBRANCH IMPS 621 P2AfundtransferTRANSFE461,0.0,10000.0,2613729.52,IMPS
2019-09-19,MUMBAIFORTWITHDRAWALTRANSFERHECTORBEVERAGESPIDIBH19262248102CRTRANSFER24,310228.0,0.0,2303501.52,TRANSFER
2019-09-19,SERVICEBRANCHCHENNAICHEQUEDEPO00001422CRICICIBANKINGCORPORATION0446CTSG,0.0,1429.0,2304930.52,CHQ
2019-09-19,SERVICEBRANCHCHENNAICHEQUEDEPO00550944CR2340446CTSG,0.0,12159.0,2317089.52,CHQ
2019-09-19,SERVICEBRANCHCHENNAICHEQUEDEPO00001561CR7500446CTSGAN,0.0,9656.0,2326745.52,CHQ
2019-09-19,SERVICEBRANCHCHENNAICHEQUEDEPO00289607CRUTIBANKLTD0446CTSG,0.0,7629.0,2334374.52,CHQ
2019-09-19,SERVICEBRANCHCHENNAICHEQUEDEPO00000069CR2400446CTSG,0.0,4096.0,2338470.52,OUTWARD-RETURN
2019-09-19,SERVICEBRANCHCHENNAICHEQUEDEPO00043208CRANDHRABANK0446CTSG043208 ANB,0.0,13097.0,2351567.52,CHQ
2019-09-19,SERVICEBRANCHCHENNAICHEQUEDEPO00007600CRCITYUNIONBANKLTD0446CTSCLG007600CLG007600 CUB,0.0,9805.0,2361372.52,CHQ
2019-09-19,SERVICEBRANCHCHENNAICHEQUEDEPO00791807CRSOUTHINDIANBANKLTD0446CTSCLG791807CLG791807 SIB,0.0,10634.0,2372006.52,CHQ
2019-09-19,TIRUMANGALAMCASHDEPOSITCRDepositbySELF,0.0,250000.0,2622006.52,CASH
2019-09-19,MUMBAIFORTC ACFEESKPNCRFARMFRESHP702TRANSFER27,0.0,540.0,2622546.52,TRANSFER
2019-09-19,SERVICEBRANCHCHENNAIOUTCHQRETCRExceedsarrangement,4096.0,0.0,2618450.52,OUTWARD-RETURN
2019-09-19,SERVICEBRANCHCHENNAICHQDISHONOURCR,250.0,0.0,2618200.52,INWARD-CHARGES
2019-09-19,MUMBAIFORTC ACFEESCRAMMANFRUITS451TRANSFER26,0.0,7835.0,2626035.52,TRANSFER
2019-09-19,CASHDEPCRCHRGSOTHER,100.0,0.0,2625935.52,DEPOSIT-CHARGES
2019-09-20,MUMBAIFORTC ACFEESCRSHREEENTERPRI95TRANSFE126,0.0,3164.0,2629099.52,TRANSFER
2019-09-20,MUMBAIFORTC ACFEESCRSANTHOSHSUPERM547TRANSFER23,0.0,420.0,2629519.52,TRANSFER
2019-09-20,MUMBAIFORTC ACFEESCRSAINATHKIYER475TRANSFER26,0.0,121500.0,2751019.52,TRANSFER
2019-09-20,MUMBAIFORTWITHDRAWALTRANSFERHECTORBEVERAGESPIDIBH19263334352CRTRANSFER24,75005.0,0.0,2676014.52,TRANSFER
2019-09-21,MUMBAIFORTC ACFEESCRSARAVANAST3071706TRANSFER28,0.0,60522.0,2736536.52,TRANSFER
2019-09-21,MUMBAIFORTC ACFEESCRSARAVANAST3071062TRANSFER20,0.0,95090.0,2831626.52,TRANSFER
2019-09-21,SERVICEBRANCHCHENNAICHEQUEDEPO00924393CRINDIANOVERSEASBANK0446CTSG924393 IOB,0.0,10722.0,2842348.52,CHQ
2019-09-21,SERVICEBRANCHCHENNAICHEQUEDEPO00000336CRCITYUNIONBANKLTD0446CTSCLG000336CLG000336 CUB,0.0,1442.0,2843790.52,CHQ
2019-09-21,SERVICEBRANCHCHENNAICHEQUEDEPO00000647CRICICIBANKINGCORPORATION0446CTSG,0.0,1157.0,2844947.52,CHQ
2019-09-21,SERVICEBRANCHCHENNAICHEQUEDEPO00023243CRANDHRABANK0446CTSCHQ023243,0.0,1536.0,2846483.52,CHQ
2019-09-21,SERVICEBRANCHCHENNAICHEQUEDEPO00332458CRCANARABANK0446CTSG332458 CAB,0.0,2169.0,2848652.52,CHQ
2019-09-21,SERVICEBRANCHCHENNAICHEQUEDEPO00001254CR2400446CTSG,0.0,8929.0,2857581.52,CHQ
2019-09-21,SERVICEBRANCHCHENNAICHEQUEDEPO00777477CR2340446CTSG,0.0,1770.0,2859351.52,CHQ
2019-09-21,SERVICEBRANCHCHENNAICHEQUEDEPO00000503CR2400446CTSG,0.0,35500.0,2894851.52,CHQ
2019-09-21,SERVICEBRANCHCHENNAICHEQUEDEPO00004847CRCITYUNIONBANKLTD0446CTSCLG004847CLG004847 CUB,0.0,2308.0,2897159.52,CHQ
2019-09-21,TIRUMANGALAMCASHDEPOSITCRDepositbySELF,0.0,100000.0,2997159.52,CASH
2019-09-21,MUMBAIFORTC ACFEESCRLIMR4560TRANSFE127,0.0,1680.0,2998839.52,TRANSFER
2019-09-21,MUMBAIFORTC ACFEESCRLIMR4550TRANSFE126,0.0,15812.0,3014651.52,TRANSFER
2019-09-22,TIRUMANGALAMBULKCHARGESCRSMSALERTCHARGESQ,15.0,0.0,3014636.52,BANK-CHARGES
2019-09-23,SERVICEBRANCHCHENNAIECSMANDATECRDEBITRANSFERTO,1399036.0,0.0,1615600.52,EMI-DEBIT
2019-09-23,SERVICEBRANCHCHENNAICHEQUEDEPO00001958CRICICIBANKINGCORPORATION0446CTSG,0.0,3122.0,1618722.52,CHQ
2019-09-23,SERVICEBRANCHCHENNAICHEQUEDEPO00865480CRSYNDICATEBANK0446CTSG865480 SYB,0.0,1968.0,1620690.52,CHQ
2019-09-23,SERVICEBRANCHCHENNAICHEQUEDEPO00002589CR2400446CTSG,0.0,10313.0,1631003.52,CHQ
2019-09-23,SERVICEBRANCHCHENNAICHEQUEDEPO00023255CRANDHRABANK0446CTSG023255 ANB,0.0,3241.0,1634244.52,CHQ
2019-09-23,SERVICEBRANCHCHENNAICHEQUEDEPO00000046CRUCOBANK0446CTSCLG000046CLG000046 UCO,0.0,87477.0,1721721.52,CHQ
2019-09-23,SERVICEBRANCHCHENNAICHEQUEDEPO00001160CRKARURVYSYABANKLTD0446CTSCLG001160CLG001160 KVB,0.0,7000.0,1728721.52,CHQ
2019-09-23,SERVICEBRANCHCHENNAICHEQUEDEPO00287868CRCORPORATIONBANK0446CTSG,0.0,39000.0,1767721.52,CHQ
2019-09-23,SERVICEBRANCHCHENNAICHEQUEDEPO00003490CR2400446CTSG,0.0,3867.0,1771588.52,CHQ
2019-09-23,SERVICEBRANCHCHENNAICHEQUEDEPO00288077CRUTIBANKLTD0446CTSG,0.0,100000.0,1871588.52,CHQ
2019-09-23,TIRUMANGALAMBYCHQ TTTFRCRCHFOODSTOKISHOREMKTG,0.0,5109.0,1876697.52,CHQ
2019-09-23,TIRUMANGALAMBYCHQ TTTFRCRDHANATOKISHOREMKTG,0.0,1752.0,1878449.52,CHQ
2019-09-23,MUMBAIFORTC ACFEESCRVIKPRIHOME21DCTRANSFE124,0.0,13098.0,1891547.52,TRANSFER
2019-09-23,TIRUMANGALAMCASHDEPOSITCRDepositbySELF,0.0,125000.0,2016547.52,CASH
2019-09-23,MUMBAIFORTC ACFEESCRANNANAGARS4118657TRANSFER21,0.0,2278.0,2018825.52,TRANSFER
2019-09-24,SERVICEBRANCHCHENNAICHEQUEDEPO00043312CRANDHRABANK0446CTSG043312 ANB,0.0,1632.0,2020457.52,CHQ
2019-09-24,SERVICEBRANCHCHENNAICHEQUEDEPO00088059CRSTATEBANKOFINDIA0446CTSG088059 SBI,0.0,4277.0,2024734.52,CHQ
2019-09-24,SERVICEBRANCHCHENNAICHEQUEDEPO00002493CRKARURVYSYABANKLTD0446CTSCLG002493CLG002493 KVB,0.0,4228.0,2028962.52,CHQ
2019-09-24,SERVICEBRANCHCHENNAICHEQUEDEPO00002470CRANDHRABANK0446CTSG002470 ANB,0.0,7000.0,2035962.52,OUTWARD-RETURN
2019-09-24,SERVICEBRANCHCHENNAICHEQUEDEPO00070997CR2400446CTSG,0.0,2993.0,2038955.52,CHQ
2019-09-24,SERVICEBRANCHCHENNAICHEQUEDEPO00672313CRPUNJABNATIONALBANK0446CTSG672313 PNB,0.0,2093.0,2041048.52,CHQ
2019-09-24,SERVICEBRANCHCHENNAICHEQUEDEPO00000043CRUCOBANK0446CTSCLG000043CLG000043 UCO,0.0,8759.0,2049807.52,OUTWARD-RETURN
2019-09-24,SERVICEBRANCHCHENNAICHEQUEDEPO00000026CRANDHRABANK0446CTSG000026 ANB,0.0,12545.0,2062352.52,CHQ
2019-09-24,SERVICEBRANCHCHENNAICHEQUEDEPO00294686CRUTIBANKLTD0446CTSG,0.0,1440.0,2063792.52,CHQ
2019-09-24,SERVICEBRANCHCHENNAICHEQUEDEPO00506073CRSYNDICATEBANK0446CTSG506073 SYB,0.0,4197.0,2067989.52,CHQ
2019-09-24,SERVICEBRANCHCHENNAICHEQUEDEPO00013034CRSOUTHINDIANBANKLTD0446CTSCLG013034CLG013034 SIB,0.0,1968.0,2069957.52,CHQ
2019-09-24,SERVICEBRANCHCHENNAICHEQUEDEPO00002150CR2400446CTSG,0.0,2018.0,2071975.52,CHQ
2019-09-24,SERVICEBRANCHCHENNAICHEQUEDEPO00148531CRUNITEDBANKOFINDIA0446CTSCLG148531CLG,0.0,5613.0,2077588.52,CHQ
2019-09-24,SERVICEBRANCHCHENNAICHEQUEDEPO00177133CRVIJAYABANK0446CTSG177133 VJB,0.0,29519.0,2107107.52,CHQ
2019-09-24,SERVICEBRANCHCHENNAICHEQUEDEPO00000580CRANDHRABANK0446CTSG000580 ANB,0.0,7467.0,2114574.52,CHQ
2019-09-24,SERVICEBRANCHCHENNAICHEQUEDEPO00000490CR7500446CTSGAN,0.0,2652.0,2117226.52,CHQ
2019-09-24,SERVICEBRANCHCHENNAICHEQUEDEPO00002232CRKARURVYSYABANKLTD0446CTSCLG002232CLG002232 KVB,0.0,5978.0,2123204.52,CHQ
2019-09-24,SERVICEBRANCHCHENNAICHEQUEDEPO00742371CRINDIANOVERSEASBANK0446CTSG742371 IOB,0.0,3339.0,2126543.52,CHQ
2019-09-24,SERVICEBRANCHCHENNAICHEQUEDEPO00043348CRANDHRABANK0446CTSG043348 ANB,0.0,2169.0,2128712.52,CHQ
2019-09-24,SERVICEBRANCHCHENNAICHEQUEDEPO00003796CRKARURVYSYABANKLTD0446CTSCLG003796CLG003796 KVB,0.0,9692.0,2138404.52,CHQ
2019-09-24,SERVICEBRANCHCHENNAICHEQUEDEPO00126953CRUTIBANKLTD0446CTSG,0.0,1256.0,2139660.52,CHQ
2019-09-24,SERVICEBRANCHCHENNAICHEQUEDEPO00499005CRTAMILNADMERCANTILEBANK0446CTSG499005 TMB,0.0,6108.0,2145768.52,CHQ
2019-09-24,SERVICEBRANCHCHENNAICHEQUEDEPO00003155CRKARURVYSYABANKLTD0446CTSCLG003155CLG003155 KVB,0.0,1920.0,2147688.52,CHQ
2019-09-24,SERVICEBRANCHCHENNAICHEQUEDEPO00043243CRANDHRABANK0446CTSG043243 ANB,0.0,4255.0,2151943.52,CHQ
2019-09-24,SERVICEBRANCHCHENNAICHEQUEDEPO00000658CRBANKOFBARODA0446CTSCLG000658CLG000658 BOB,0.0,1894.0,2153837.52,CHQ
2019-09-24,SERVICEBRANCHCHENNAICHEQUEDEPO00003108CRKARURVYSYABANKLTD0446CTSCLG003108CLG003108 KVB,0.0,3308.0,2157145.52,CHQ
2019-09-24,SERVICEBRANCHCHENNAICHEQUEDEPO00000004CRUCOBANK0446CTSCLG000004CLG000004 UCO,0.0,1238.0,2158383.52,CHQ
2019-09-24,SERVICEBRANCHCHENNAICHEQUEDEPO00022231CRKARURVYSYABANKLTD0446CTSCHQ022231,0.0,8305.0,2166688.52,CHQ
2019-09-24,SERVICEBRANCHCHENNAICHEQUEDEPO00452226CRSYNDICATEBANK0446CTSG452226 SYB,0.0,3100.0,2169788.52,CHQ
2019-09-24,TIRUMANGALAMCASHDEPOSITCRDepositbySELF,0.0,190000.0,2359788.52,CASH
2019-09-24,COREBANKINGBYTRANSFERCRDATACENTRETransfer87844kishoreTRANSFE09,0.0,9540.0,2369328.52,TRANSFER
2019-09-24,SERVICEBRANCHCHENNAIOUTCHQRETCRFundsinsufficient,7000.0,0.0,2362328.52,OUTWARD-RETURN
2019-09-24,SERVICEBRANCHCHENNAICHQDISHONOURCR,250.0,0.0,2362078.52,INWARD-CHARGES
2019-09-24,SERVICEBRANCHCHENNAIOUTCHQRETCRFundsinsufficient,8759.0,0.0,2353319.52,OUTWARD-RETURN
2019-09-24,SERVICEBRANCHCHENNAICHQDISHONOURCR,250.0,0.0,2353069.52,INWARD-CHARGES
2019-09-24,MUMBAIFORTC ACFEESCRKALIGAMBALFRUI9053TRANSFER26,0.0,5112.0,2358181.52,TRANSFER
2019-09-24,MUMBAIFORTC ACFEESCRSHREEENTERPRI78TRANSFE129,0.0,6902.0,2365083.52,TRANSFER
2019-09-24,MUMBAIFORTC ACFEESCRSANTHOSHSUPERM896TRANSFER24,0.0,3140.0,2368223.52,TRANSFER
2019-09-24,MUMBAIFORTC ACFEESCRSANTHOSHSUPERM674TRANSFER25,0.0,8999.0,2377222.52,TRANSFER
2019-09-24,MUMBAIFORTC ACFEESRSCRPHARMACY442TRANSFER27,0.0,698.0,2377920.52,TRANSFER
2019-09-25,SERVICEBRANCHCHENNAICHEQUEDEPO00222054CRTAMILNADMERCANTILEBANK0446CTSG222054 TMB,0.0,1554.0,2379474.52,CHQ
2019-09-25,SERVICEBRANCHCHENNAIECSMANDATECRDEBITRANSFERTO,90991.0,0.0,2288483.52,EMI-DEBIT
2019-09-25,TIRUMANGALAMCASHDEPOSITCRDepositbySELF,0.0,300000.0,2588483.52,CASH
2019-09-25,MUMBAIFORTC ACFEESCRSANTHOSHSUPERM685TRANSFER27,0.0,14330.0,2602813.52,TRANSFER
2019-09-25,MUMBAIFORTC ACFEESCRAMMANFRUITS888TRANSFER29,0.0,25983.0,2628796.52,TRANSFER
2019-09-25,CASHDEPCRCHRGSOTHER,100.0,0.0,2628696.52,DEPOSIT-CHARGES
2019-09-26,SERVICEBRANCHCHENNAITOCLGCHQ00898754CRCAVINKAREPVTLTD,38317.0,0.0,2590379.52,CHQ
2019-09-26,SERVICEBRANCHCHENNAICHEQUEDEPO00070714CR2400446CTSG,0.0,178355.0,2768734.52,CHQ
2019-09-26,SERVICEBRANCHCHENNAICHEQUEDEPO00288079CRUTIBANKLTD0446CTSG,0.0,50000.0,2818734.52,CHQ
2019-09-26,SERVICEBRANCHCHENNAICHEQUEDEPO00307812CR2590446CTSG,0.0,1894.0,2820628.52,CHQ
2019-09-26,SERVICEBRANCHCHENNAICHEQUEDEPO00316239CRTAMILNADMERCANTILEBANK0446CTSG316239 TMB,0.0,2594.0,2823222.52,CHQ
2019-09-26,SERVICEBRANCHCHENNAICHEQUEDEPO00403267CRANDHRABANK0446CTSG403267 ANB,0.0,4255.0,2827477.52,CHQ
2019-09-26,SERVICEBRANCHCHENNAICHEQUEDEPO00681186CRTAMILNADMERCANTILEBANK0446CTSG681186 TMB,0.0,6075.7,2833553.22,CHQ
2019-09-26,SERVICEBRANCHCHENNAICHEQUEDEPO00675527CRTAMILNADMERCANTILEBANK0446CTSG675527 TMB,0.0,14208.0,2847761.22,CHQ
2019-09-26,SERVICEBRANCHCHENNAICHEQUEDEPO00004687CR2400446CTSG,0.0,6607.0,2854368.22,CHQ
2019-09-26,SERVICEBRANCHCHENNAICHEQUEDEPO00004731CR2400446CTSG,0.0,6197.0,2860565.22,CHQ
2019-09-26,SERVICEBRANCHCHENNAICHEQUEDEPO00000325CRKARURVYSYABANKLTD0446CTSCLG000325CLG000325 KVB,0.0,2074.0,2862639.22,CHQ
2019-09-26,MUMBAIFORTC ACFEESCRANNAISUPERMAR0856TRANSFER21,0.0,3026.0,2865665.22,TRANSFER
2019-09-26,SERVICEBRANCHCHENNAICHEQUEDEPO00013081CRSOUTHINDIANBANKLTD0446CTSCLG013081CLG013081 SIB,0.0,1968.0,2867633.22,CHQ
2019-09-26,SERVICEBRANCHCHENNAICHEQUEDEPO00000391CRKARURVYSYABANKLTD0446CTSCLG000391CLG000391 KVB,0.0,3253.0,2870886.22,CHQ
2019-09-26,SERVICEBRANCHCHENNAICHEQUEDEPO00043332CRANDHRABANK0446CTSG043332 ANB,0.0,4150.0,2875036.22,CHQ
2019-09-26,SERVICEBRANCHCHENNAICHEQUEDEPO00842238CRCORPORATIONBANK0446CTSG,0.0,19681.0,2894717.22,CHQ
2019-09-26,SERVICEBRANCHCHENNAICHEQUEDEPO00001853CRKARURVYSYABANKLTD0446CTSCLG001853CLG001853 KVB,0.0,29519.0,2924236.22,CHQ
2019-09-26,SERVICEBRANCHCHENNAICHEQUEDEPO00030578CRICICIBANKINGCORPORATION0446CTSG,0.0,2003.0,2926239.22,CHQ
2019-09-26,SERVICEBRANCHCHENNAICHEQUEDEPO00023314CRSYNDICATEBANK0446CTSG023314 SYB,0.0,4099.0,2930338.22,CHQ
2019-09-26,SERVICEBRANCHCHENNAICHEQUEDEPO00001084CRICICIBANKINGCORPORATION0446CTSG,0.0,639.0,2930977.22,CHQ
2019-09-26,SERVICEBRANCHCHENNAICHEQUEDEPO00002471CRANDHRABANK,0.0,7164.0,2938141.22,CHQ
2019-09-26,SERVICEBRANCHCHENNAICHEQUEDEPO00035828CR4110446CTSG,0.0,17518.0,2955659.22,CHQ
2019-09-26,TIRUMANGALAMBYCHQ TTTFRCRKISHOREMARKETING,0.0,2623.0,2958282.22,CHQ
2019-09-26,TIRUMANGALAMCASHDEPOSITCRDepositbySELF,0.0,150000.0,3108282.22,CASH
2019-09-26,MUMBAIFORTC ACFEESCRANNANAGARSUPE6167TRANSFER27,0.0,2488.0,3110770.22,TRANSFER
2019-09-26,ATMSERVICEBYTRANSFERCRBRANCHUPITRAN2241 PaperboatTRANSFER66,0.0,7067.0,3117837.22,UPI
2019-09-26,COREBANKINGWITHDRAWALTRANSFERBILLDESKRINB8022702177 BPCLSMTFLT TRANSFERCRDATACENTRETO,10008.26,0.0,3107828.96,ONLINE-PAYMENT
2019-09-27,SERVICEBRANCHCHENNAICHEQUEDEPO00022170CRICICIBANKINGCORPORATION0446CTSG,0.0,230000.0,3337828.96,CHQ
2019-09-27,SERVICEBRANCHCHENNAICHEQUEDEPO00001965CRICICIBANKINGCORPORATION0446CTSG,0.0,2093.0,3339921.96,CHQ
2019-09-27,SERVICEBRANCHCHENNAICHEQUEDEPO00759090CRSYNDICATEBANK0446CTSG759090 SYB,0.0,1894.0,3341815.96,CHQ
2019-09-27,SERVICEBRANCHCHENNAICHEQUEDEPO00003135CRKARURVYSYABANKLTD0446CTSCLG003135CLG003135 KVB,0.0,7828.0,3349643.96,CHQ
2019-09-27,SERVICEBRANCHCHENNAICHEQUEDEPO00001971CRICICIBANKINGCORPORATION0446CTSG,0.0,858.0,3350501.96,CHQ
2019-09-27,SERVICEBRANCHCHENNAICHEQUEDEPO00190334CRTAMILNADMERCANTILEBANK0446CTSG190334 TMB,0.0,35035.0,3385536.96,CHQ
2019-09-27,SERVICEBRANCHCHENNAICHEQUEDEPO00023279CRANDHRABANK0446CTSCHQ023279,0.0,7133.0,3392669.96,CHQ
2019-09-27,SERVICEBRANCHCHENNAICHEQUEDEPO00218060CRFEDERALBANKLTD0446CTSG218060 FBI,0.0,3435.0,3396104.96,CHQ
2019-09-27,SERVICEBRANCHCHENNAICHEQUEDEPO00227943CRUTIBANKLTD0446CTSG,0.0,13117.0,3409221.96,CHQ
2019-09-27,SERVICEBRANCHCHENNAICHEQUEDEPO00362797CRALLAHABADBANK0446CTSCHQ362797,0.0,2436.0,3411657.96,CHQ
2019-09-27,SERVICEBRANCHCHENNAICHEQUEDEPO00872636CRCANARABANK0446CTSG872636 CAB,0.0,14598.0,3426255.96,CHQ
2019-09-27,MUMBAIFORTWITHDRAWALTRANSFERHECTORBEVERAGESPIDIBH19270171997CRTRANSFER24,490028.0,0.0,2936227.96,TRANSFER
2019-09-27,TIRUMANGALAMCASHDEPOSITCRDepositbySELF,0.0,200000.0,3136227.96,CASH
2019-09-27,MUMBAIFORTC ACFEESCRSANTHOSHSUPERM714TRANSFER25,0.0,13959.0,3150186.96,TRANSFER
2019-09-27,MUMBAIFORTC ACFEESCRSAARALRESORTSA807TRANSFER25,0.0,5588.0,3155774.96,TRANSFER
2019-09-27,MUMBAIFORTWITHDRAWALTRANSFERCRREDBULLINDIAP654TRANSFER24,260028.0,0.0,2895746.96,TRANSFER
2019-09-27,SERVICEBRANCHCHENNAINOFEESCRRequiredinformationnotlegible correct,2436.0,0.0,2893310.96,TRANSFER
2019-09-27,MUMBAIFORTC ACFEESCRKARPAG7486TRANSFER29,0.0,945.0,2894255.96,TRANSFER
2019-09-27,MUMBAIFORTC ACFEESM SCRMADRASAGRO923TRANSFER25,0.0,2511.0,2896766.96,TRANSFER
2019-09-30,SERVICEBRANCHCHENNAITOCLGCHQ00898755CRCAVINKAREPVTLTD,288324.0,0.0,2608442.96,CHQ
2019-09-30,MUMBAIFORTWITHDRAWALTRANSFERINBISCOCRINDIAPV889TRANSFER24,345028.0,0.0,2263414.96,TRANSFER
2019-09-30,MUMBAIFORTC ACFEESCRPONNUSUPER9004391TRANSFER24,0.0,18054.0,2281468.96,TRANSFER
2019-09-30,TIRUMANGALAMBYCHQ TTTFRCRksretailtokishoremktg,0.0,5540.0,2287008.96,CHQ
2019-09-30,TIRUMANGALAMBYCHQ TTTFRCRwilliyamstokishoremktg,0.0,2102.0,2289110.96,CHQ
2019-09-30,MUMBAIFORTC ACFEESKPNCRFARMFRESHP038TRANSFER21,0.0,2621.0,2291731.96,TRANSFER
2019-09-30,TIRUMANGALAMCASHDEPOSITCRDepositbySELF,0.0,390000.0,2681731.96,CASH
2019-09-30,MUMBAIFORTWITHDRAWALTRANSFERHECTORBEVERAGESPIDIBH19273241097CRTRANSFER24,75005.0,0.0,2606726.96,TRANSFER
2019-09-30,MUMBAIFORTC ACFEESCRSANTHOSHSUPERM469TRANSFER23,0.0,3472.0,2610198.96,TRANSFER
2019-09-30,MUMBAIFORTC ACFEESCRANNANAGARSUPE6695TRANSFER29,0.0,10017.0,2620215.96,TRANSFER
2019-09-30,CASHDEPCRCHRGSOTHER,190.0,0.0,2620025.96,DEPOSIT-CHARGES
2019-10-01,MUMBAIFORTC ACFEESCRSARAVANAST0723599TRANSFER25,0.0,59519.0,2679544.96,TRANSFER
2019-10-01,TIRUMANGALAMCASHDEPOSITCRDepositbySELF,0.0,110000.0,2789544.96,CASH
2019-10-01,SERVICEBRANCHCHENNAIECSMANDATECRDEBITRANSFERTO,1433809.0,0.0,1355735.96,EMI-DEBIT
2019-10-01,MUMBAIFORTWITHDRAWALTRANSFERINVENTZLIFESCIENIDIBH19274300955CRTRANSFER24,72005.0,0.0,1283730.96,TRANSFER
2019-10-01,MUMBAIFORTC ACFEESCRSANTHOSHSUPERM806TRANSFER21,0.0,719.0,1284449.96,TRANSFER
2019-10-01,MUMBAIFORTC ACFEESCRSANTHOSHSUPERM133TRANSFER21,0.0,7963.0,1292412.96,TRANSFER
2019-10-01,MUMBAIFORTC ACFEESCRDRUGSPARKPHAR5358TRANSFER25,0.0,3278.0,1295690.96,TRANSFER
2019-10-01,SERVICEBRANCHCHENNAICHEQUEDEPO00006204CRANDHRABANK0446CTSG006204 ANB,0.0,1597.0,1297287.96,CHQ
2019-10-01,SERVICEBRANCHCHENNAICHEQUEDEPO00117502CR2400446CTSG,0.0,4128.0,1301415.96,CHQ
2019-10-01,SERVICEBRANCHCHENNAICHEQUEDEPO00127048CRUTIBANKLTD0446CTSG,0.0,2112.0,1303527.96,CHQ
2019-10-01,SERVICEBRANCHCHENNAICHEQUEDEPO00445149CRKARNATAKABANKLTD0446CTSCLG445149CLG,0.0,981.0,1304508.96,CHQ
2019-10-01,SERVICEBRANCHCHENNAICHEQUEDEPO00228260CRUTIBANKLTD0446CTSG,0.0,43700.0,1348208.96,CHQ
2019-10-01,SERVICEBRANCHCHENNAICHEQUEDEPO00127316CRUTIBANKLTD0446CTSG,0.0,4648.0,1352856.96,CHQ
2019-10-01,SERVICEBRANCHCHENNAICHEQUEDEPO00272288CRCANARABANK0446CTSG272288 CAB,0.0,4025.0,1356881.96,CHQ
2019-10-01,SERVICEBRANCHCHENNAICHEQUEDEPO00000110CRLAKSHMIVILASBANKLTD0446CTSCLG000110CLG000110 LVB,0.0,353.0,1357234.96,CHQ
2019-10-01,SERVICEBRANCHCHENNAICHEQUEDEPO00043482CRANDHRABANK0446CTSG043482 ANB,0.0,7607.0,1364841.96,CHQ
2019-10-01,SERVICEBRANCHCHENNAICHEQUEDEPO00894040CRUNITEDBANKOFINDIA0446CTSCLG894040CLG,0.0,2205.0,1367046.96,CHQ
2019-10-01,SERVICEBRANCHCHENNAICHEQUEDEPO00608912CR2340446CTSG,0.0,2040.0,1369086.96,CHQ
2019-10-01,SERVICEBRANCHCHENNAICHEQUEDEPO00381397CRSTATEBANKOFINDIA0446CTSG381397 SBI,0.0,13139.0,1382225.96,CHQ
2019-10-01,SERVICEBRANCHCHENNAICHEQUEDEPO00002531CRKARURVYSYABANKLTD0446CTSCLG002531CLG002531 KVB,0.0,11787.0,1394012.96,CHQ
2019-10-01,SERVICEBRANCHCHENNAICHEQUEDEPO00005696CRICICIBANKINGCORPORATION0446CTSG,0.0,5682.0,1399694.96,CHQ
2019-10-01,SERVICEBRANCHCHENNAICHEQUEDEPO00442636CRSTATEBANKOFINDIA0446CTSG442636 SBI,0.0,4674.0,1404368.96,CHQ
2019-10-01,SERVICEBRANCHCHENNAICHEQUEDEPO00581280CRSYNDICATEBANK,0.0,1218.0,1405586.96,CHQ
2019-10-01,SERVICEBRANCHCHENNAICHEQUEDEPO00041184CRSOUTHINDIANBANKLTD0446CTSCLG041184CLG041184 SIB,0.0,8838.0,1414424.96,CHQ
2019-10-01,SERVICEBRANCHCHENNAICHEQUEDEPO00003169CRKARURVYSYABANKLTD0446CTSCLG003169CLG003169 KVB,0.0,2557.0,1416981.96,CHQ
2019-10-01,MUMBAIFORTC ACFEESCRAMMANFRUITS804TRANSFER24,0.0,12268.0,1429249.96,TRANSFER
2019-10-01,MUMBAIFORTC ACFEESCRLIMR9159TRANSFE121,0.0,4743.0,1433992.96,TRANSFER
2019-10-01,MUMBAIFORTC ACFEESCRLIMR9182TRANSFE120,0.0,1178.0,1435170.96,TRANSFER
2019-10-01,SERVICEBRANCHCHENNAINOFEESCROtherreaonsConnectivityfailure,1218.0,0.0,1433952.96,TRANSFER
2019-10-01,MUMBAIFORTC ACFEESRBLCR709TRANSFE126,0.0,1948340.0,3382292.96,TRANSFER
2019-10-01,MUMBAIFORTC ACFEESCRANNANAGARSUPE1385TRANSFER27,0.0,18918.0,3401210.96,TRANSFER
2019-10-03,MUMBAIFORTC ACFEESCRMERCYSUPERMA7763817TRANSFER24,0.0,1410.0,3402620.96,TRANSFER
2019-10-03,MUMBAIFORTC ACFEESCRPONNUSUPERMAR0227TRANSFER21,0.0,36884.0,3439504.96,TRANSFER
2019-10-03,SERVICEBRANCHCHENNAICHEQUEDEPO00000931CRCITYUNIONBANKLTD0446CTSCLG000931CLG000931 CUB,0.0,694.0,3440198.96,CHQ
2019-10-03,SERVICEBRANCHCHENNAICHEQUEDEPO00000357CR2400446CTSG,0.0,4780.0,3444978.96,CHQ
2019-10-03,SERVICEBRANCHCHENNAICHEQUEDEPO00594730CRINDIANOVERSEASBANK0446CTSG594730 IOB,0.0,3879.0,3448857.96,CHQ
2019-10-03,SERVICEBRANCHCHENNAICHEQUEDEPO00088108CRSTATEBANKOFINDIA0446CTSG088108 SBI,0.0,1435.0,3450292.96,CHQ
2019-10-03,SERVICEBRANCHCHENNAICHEQUEDEPO00327353CRKARNATAKABANKLTD0446CTSCLG327353CLG,0.0,2560.0,3452852.96,CHQ
2019-10-03,SERVICEBRANCHCHENNAICHEQUEDEPO00000050CRSTANDARDCHARTEREDBANK0446CTSG000050 SCB,0.0,6875.0,3459727.96,CHQ
2019-10-03,SERVICEBRANCHCHENNAICHEQUEDEPO00516315CR5320446CTSG516315 YES,0.0,3074.0,3462801.96,CHQ
2019-10-03,MUMBAIFORTC ACFEESCRANNAISUPERMAR5336TRANSFER21,0.0,4003.0,3466804.96,TRANSFER
2019-10-03,TIRUMANGALAMCASHDEPOSITCRDepositbySELF,0.0,300000.0,3766804.96,CASH
2019-10-03,ATMSERVICEBYTRANSFERCRBRANCH IMPS 761 PURCHASEPAYKITRANSFE461,0.0,9101.0,3775905.96,IMPS
2019-10-03,COREBANKINGBYTRANSFERCRDATACENTRETransfer87844paymentTRANSFE85,0.0,2453.0,3778358.96,TRANSFER
2019-10-03,MUMBAIFORTC ACFEESCRSANTHOSHSUPERM449TRANSFER28,0.0,1894.0,3780252.96,TRANSFER
2019-10-03,MUMBAIFORTC ACFEESCRSANTHOSHSUPERM671TRANSFER25,0.0,17066.0,3797318.96,TRANSFER
2019-10-03,ATMSERVICEBYTRANSFERCRBRANCH IMPS 699 PaperboatTRANSFER61,0.0,70070.0,3867388.96,IMPS
2019-10-03,MUMBAIFORTC ACFEESSRICRMEENAKSHIAM496TRANSFER24,0.0,1305.0,3868693.96,TRANSFER
2019-10-03,CASHDEPCRCHRGSOTHER,100.0,0.0,3868593.96,DEPOSIT-CHARGES
2019-10-03,CASHDEPCRCHRGSOTHER,100.0,0.0,3868493.96,DEPOSIT-CHARGES
2019-10-04,MUMBAIFORTC ACFEESCRSANTHOSHSUPERM947TRANSFER21,0.0,4787.0,3873280.96,TRANSFER
2019-10-04,MUMBAIFORTWITHDRAWALTRANSFERBKarthikeyanIDIBH19277102981CRTRANSFER24,100005.0,0.0,3773275.96,TRANSFER
2019-10-04,ATMSERVICEWITHDRAWALTRANSFER IMPS P2A 927716252539 037634885423 SBIN kishoreCRBRANCHTRANSFER60,100000.0,0.0,3673275.96,INTER-FIRM
2019-10-04,ATMSERVICEWITHDRAWALTRANSFER IMPSCOMMISSIONCHARGES 927716252539 TRANSFERCRBRANCHTO,6.0,0.0,3673269.96,BANK-CHARGES
2019-10-04,MUMBAIFORTC ACFEESKPNCRFARMFRESHP762TRANSFER20,0.0,3092.0,3676361.96,TRANSFER
2019-10-04,MUMBAIFORTC ACFEESCRKALIGAMBALFRUI4876TRANSFER27,0.0,563.0,3676924.96,TRANSFER
2019-10-05,SERVICEBRANCHCHENNAICHEQUEDEPO00000016CRINDIANOVERSEASBANK0446CTSG000016 IOB,0.0,11273.0,3688197.96,CHQ
2019-10-05,SERVICEBRANCHCHENNAICHEQUEDEPO00986645CRINDIANOVERSEASBANK0446CTSG986645 IOB,0.0,5175.0,3693372.96,CHQ
2019-10-05,SERVICEBRANCHCHENNAICHEQUEDEPO00126215CRUNIONBANKOFINDIA0446CTSG126215 UBI,0.0,861.0,3694233.96,CHQ
2019-10-05,SERVICEBRANCHCHENNAICHEQUEDEPO00342853CRSTATEBANKOFINDIA0446CTSG342853 SBI,0.0,7800.0,3702033.96,CHQ
2019-10-05,SERVICEBRANCHCHENNAICHEQUEDEPO00872641CRCANARABANK0446CTSG872641 CAB,0.0,14598.0,3716631.96,CHQ
2019-10-05,SERVICEBRANCHCHENNAICHEQUEDEPO00044123CRBANKOFINDIA0446CTSG044123 BOI,0.0,5557.0,3722188.96,CHQ
2019-10-05,SERVICEBRANCHCHENNAICHEQUEDEPO00397791CRUNIONBANKOFINDIA0446CTSG397791 UBI,0.0,661.0,3722849.96,CHQ
2019-10-05,SERVICEBRANCHCHENNAICHEQUEDEPO00041668CRKARNATAKABANKLTD,0.0,32730.0,3755579.96,CHQ
2019-10-05,SERVICEBRANCHCHENNAICHEQUEDEPO00003439CR2400446CTSG,0.0,2398.0,3757977.96,CHQ
2019-10-05,SERVICEBRANCHCHENNAICHEQUEDEPO00000153CRINDIANOVERSEASBANK0446CTSG000153 IOB,0.0,938.0,3758915.96,CHQ
2019-10-05,SERVICEBRANCHCHENNAICHEQUEDEPO00758802CRSYNDICATEBANK0446CTSG758802 SYB,0.0,433.0,3759348.96,CHQ
2019-10-05,SERVICEBRANCHCHENNAICHEQUEDEPO00002478CRANDHRABANK0446CTSCHQ002478,0.0,2477.0,3761825.96,CHQ
2019-10-05,SERVICEBRANCHCHENNAICHEQUEDEPO00049978CRINDIANOVERSEASBANK0446CTSG049978 IOB,0.0,11678.0,3773503.96,OUTWARD-RETURN
2019-10-05,SERVICEBRANCHCHENNAICHEQUEDEPO00013080CRSOUTHINDIANBANKLTD0446CTSCLG013080CLG013080 SIB,0.0,5356.0,3778859.96,CHQ
2019-10-05,MUMBAIFORTC ACFEESCRKARUVALURMARIA6489TRANSFER29,0.0,6277.0,3785136.96,TRANSFER
2019-10-05,SERVICEBRANCHCHENNAIOUTCHQRETCRFundsinsufficient,11678.0,0.0,3773458.96,OUTWARD-RETURN
2019-10-05,SERVICEBRANCHCHENNAICHQDISHONOURCR,250.0,0.0,3773208.96,INWARD-CHARGES
2019-10-05,MUMBAIFORTC ACFEESMRCRVBALAKUMARD417TRANSFER25,0.0,10000.0,3783208.96,TRANSFER
2019-10-07,SERVICEBRANCHCHENNAICHEQUEDEPO00000076CR2400446CTSG,0.0,1915.0,3785123.96,CHQ
2019-10-07,SERVICEBRANCHCHENNAICHEQUEDEPO00127314CRUTIBANKLTD0446CTSG,0.0,4886.0,3790009.96,CHQ
2019-10-07,SERVICEBRANCHCHENNAICHEQUEDEPO00007888CRANDHRABANK0446CTSG007888 ANB,0.0,1920.0,3791929.96,CHQ
2019-10-07,SERVICEBRANCHCHENNAICHEQUEDEPO00413419CRMADRASCENTRALCOOPBAN0446CTSCLG413419CLG,0.0,3888.0,3795817.96,CHQ
2019-10-07,SERVICEBRANCHCHENNAICHEQUEDEPO00194499CRUNIONBANKOFINDIA0446CTSG194499 UBI,0.0,869.0,3796686.96,CHQ
2019-10-07,SERVICEBRANCHCHENNAICHEQUEDEPO00785860CRPUNJABNATIONALBANK0446CTSG785860 PNB,0.0,2069.0,3798755.96,CHQ
2019-10-07,SERVICEBRANCHCHENNAICHEQUEDEPO00949693CRINDIANOVERSEASBANK0446CTSG949693 IOB,0.0,800.0,3799555.96,CHQ
2019-10-07,SERVICEBRANCHCHENNAICHEQUEDEPO00005823CRCITYUNIONBANKLTD0446CTSCLG005823CLG005823 CUB,0.0,3264.0,3802819.96,CHQ
2019-10-07,SERVICEBRANCHCHENNAICHEQUEDEPO00000053CRANDHRABANK0446CTSG000053 ANB,0.0,779.0,3803598.96,CHQ
2019-10-07,SERVICEBRANCHCHENNAICHEQUEDEPO00201528CRTAMILNADMERCANTILEBANK0446CTSG201528 TMB,0.0,3096.0,3806694.96,CHQ
2019-10-07,SERVICEBRANCHCHENNAICHEQUEDEPO00165924CRUTIBANKLTD0446CTSG,0.0,1894.0,3808588.96,CHQ
2019-10-07,SERVICEBRANCHCHENNAICHEQUEDEPO00000116CR2400446CTSG,0.0,6142.0,3814730.96,CHQ
2019-10-07,SERVICEBRANCHCHENNAICHEQUEDEPO00952506CRPUNJABNATIONALBANK0446CTSG952506 PNB,0.0,5962.0,3820692.96,CHQ
2019-10-07,SERVICEBRANCHCHENNAICHEQUEDEPO00023168CRANDHRABANK0446CTSG023168 ANB,0.0,4043.0,3824735.96,CHQ
2019-10-07,SERVICEBRANCHCHENNAICHEQUEDEPO00233968CRUTIBANKLTD0446CTSG,0.0,1852.0,3826587.96,CHQ
2019-10-07,SERVICEBRANCHCHENNAICHEQUEDEPO00005161CR2400446CTSG,0.0,7283.0,3833870.96,CHQ
2019-10-07,SERVICEBRANCHCHENNAICHEQUEDEPO00227955CRUTIBANKLTD0446CTSG,0.0,18248.0,3852118.96,CHQ
2019-10-07,SERVICEBRANCHCHENNAICHEQUEDEPO00742408CRINDIANOVERSEASBANK0446CTSG742408 IOB,0.0,1537.0,3853655.96,CHQ
2019-10-07,SERVICEBRANCHCHENNAICHEQUEDEPO00022424CRORIENTALBANKOFCOMMERCE0446CTSG022424 OBC,0.0,2340.0,3855995.96,CHQ
2019-10-07,SERVICEBRANCHCHENNAICHEQUEDEPO00068698CR2400446CTSG,0.0,75647.0,3931642.96,CHQ
2019-10-07,SERVICEBRANCHCHENNAICHEQUEDEPO00075811CR2400446CTSG,0.0,77374.0,4009016.96,CHQ
2019-10-07,SERVICEBRANCHCHENNAICHEQUEDEPO00020155CRSOUTHINDIANBANKLTD0446CTSCLG020155CLG020155 SIB,0.0,8487.0,4017503.96,CHQ
2019-10-07,SERVICEBRANCHCHENNAICHEQUEDEPO00111844CRBANKOFMAHARASHTRA0446CTSG111844 BOM,0.0,12757.0,4030260.96,CHQ
2019-10-07,SERVICEBRANCHCHENNAICHEQUEDEPO00003964CRANDHRABANK0446CTSG003964 ANB,0.0,27343.0,4057603.96,CHQ
2019-10-07,SERVICEBRANCHCHENNAICHEQUEDEPO00000049CRUCOBANK0446CTSCLG000049CLG000049 UCO,0.0,43590.0,4101193.96,CHQ
2019-10-07,SERVICEBRANCHCHENNAICHEQUEDEPO00229767CRFEDERALBANKLTD0446CTSG229767 FBI,0.0,2437.0,4103630.96,CHQ
2019-10-07,SERVICEBRANCHCHENNAICHEQUEDEPO00023391CRANDHRABANK0446CTSG023391 ANB,0.0,12267.0,4115897.96,CHQ
2019-10-08,COREBANKINGWITHDRAWALTRANSFERCRDATACENTREGSTPAYATRANSFERTO,25961.0,0.0,4089936.96,GST
2019-10-09,MUMBAIFORTC ACFEESCRSANTHOSHSUPERM824TRANSFER26,0.0,4012.0,4093948.96,TRANSFER
2019-10-09,MUMBAIFORTC ACFEESCRPONNUSUPER8556841TRANSFER20,0.0,4366.0,4098314.96,TRANSFER
2019-10-09,SERVICEBRANCHCHENNAIECSMANDATECRDEBITRANSFERTO,1528082.0,0.0,2570232.96,EMI-DEBIT
2019-10-09,TIRUMANGALAMBYCHQ TTTFRCRON5TOKISHOREMKTG,0.0,2436.0,2572668.96,CHQ
2019-10-09,TIRUMANGALAMBYCHQ TTTFRCRVALUETOKISHOREMKTG,0.0,10396.0,2583064.96,CHQ
2019-10-09,TIRUMANGALAMBYCHQ TTTFRCRKOKPAZHAMUDIRTOKISHOREMKTG,0.0,4383.0,2587447.96,CHQ
2019-10-09,MUMBAIFORTWITHDRAWALTRANSFERINVENTZLIFESCIENIDIBH19282260767CRTRANSFER24,21245.0,0.0,2566202.96,TRANSFER
2019-10-09,MUMBAIFORTC ACFEESCRLIMR8184TRANSFE129,0.0,9496.0,2575698.96,TRANSFER
2019-10-09,COREBANKINGWITHDRAWALTRANSFERBILLDESKRINB8074838017 BPCLSMTFLT TRANSFERCRDATACENTRETO,10008.26,0.0,2565690.7,ONLINE-PAYMENT
2019-10-09,MUMBAIFORTC ACFEESCRHECTORBEVER9541174TRANSFER21,0.0,15000.0,2580690.7,TRANSFER
2019-10-09,MUMBAIFORTC ACFEESCRHECTORBEVER9540656TRANSFER26,0.0,15000.0,2595690.7,TRANSFER
2019-10-09,MUMBAIFORTC ACFEESCRHECTORBEVER9541192TRANSFER25,0.0,4000.0,2599690.7,TRANSFER
2019-10-09,MUMBAIFORTC ACFEESCRHECTORBEVER9541163TRANSFER24,0.0,13500.0,2613190.7,TRANSFER
2019-10-09,MUMBAIFORTC ACFEESCRHECTORBEVER9541168TRANSFER23,0.0,15000.0,2628190.7,TRANSFER
2019-10-10,MUMBAIFORTC ACFEESMACCRS916TRANSFER25,0.0,2897.0,2631087.7,TRANSFER
2019-10-10,MUMBAIFORTC ACFEESCRVIKPRIHOME11DCTRANSFE124,0.0,13038.0,2644125.7,TRANSFER
2019-10-10,MUMBAIFORTWITHDRAWALTRANSFERINBISCOCRINDIAPV662TRANSFER24,120013.0,0.0,2524112.7,TRANSFER
2019-10-10,TIRUMANGALAMCASHDEPOSITCRDepositbySELF,0.0,300000.0,2824112.7,CASH
2019-10-10,MUMBAIFORTC ACFEESCRSANTHOSHSUPERM467TRANSFER21,0.0,16455.0,2840567.7,TRANSFER
2019-10-10,SERVICEBRANCHCHENNAICHEQUEDEPO00850729CRTAMILNADUSTATEAPEXCOO0446CTSG,0.0,2085.0,2842652.7,CHQ
2019-10-10,SERVICEBRANCHCHENNAICHEQUEDEPO00000139CRKARURVYSYABANKLTD0446CTSCLG000139CLG000139 KVB,0.0,1127.0,2843779.7,CHQ
2019-10-10,SERVICEBRANCHCHENNAICHEQUEDEPO00501556CRINDIANOVERSEASBANK0446CTSG501556 IOB,0.0,1117.0,2844896.7,CHQ
2019-10-10,SERVICEBRANCHCHENNAICHEQUEDEPO00000052CRUCOBANK0446CTSCLG000052CLG000052 UCO,0.0,71780.0,2916676.7,CHQ
2019-10-10,SERVICEBRANCHCHENNAICHEQUEDEPO00001152CRCITYUNIONBANKLTD0446CTSCLG001152CLG001152 CUB,0.0,4498.0,2921174.7,CHQ
2019-10-10,SERVICEBRANCHCHENNAICHEQUEDEPO00004056CRICICIBANKINGCORPORATION0446CTSG,0.0,1823.0,2922997.7,CHQ
2019-10-10,SERVICEBRANCHCHENNAICHEQUEDEPO00001209CRBANKOFBARODA0446CTSCLG001209CLG001209 BOB,0.0,1333.0,2924330.7,CHQ
2019-10-10,MUMBAIFORTC ACFEESRSCRPHARMACY551TRANSFER21,0.0,548.0,2924878.7,TRANSFER
2019-10-10,SERVICEBRANCHCHENNAICHEQUEDEPO00274397CRUNITEDBANKOFINDIA0446CTSCLG274397CLG,0.0,8735.0,2933613.7,CHQ
2019-10-10,SERVICEBRANCHCHENNAICHEQUEDEPO00161878CR2590446CTSG,0.0,39999.0,2973612.7,CHQ
2019-10-10,SERVICEBRANCHCHENNAICHEQUEDEPO00002142CRICICIBANKINGCORPORATION0446CTSG,0.0,6866.0,2980478.7,CHQ
2019-10-10,SERVICEBRANCHCHENNAICHEQUEDEPO00099811CRTAMILNADMERCANTILEBANK0446CTSG099811 TMB,0.0,637.0,2981115.7,CHQ
2019-10-10,SERVICEBRANCHCHENNAICHEQUEDEPO00022980CR0720446CTSG022980 DCB,0.0,9301.0,2990416.7,CHQ
2019-10-10,SERVICEBRANCHCHENNAICHEQUEDEPO00000510CR2400446CTSG,0.0,2500.0,2992916.7,CHQ
2019-10-10,SERVICEBRANCHCHENNAICHEQUEDEPO00099332CR2400446CTSG,0.0,3637.0,2996553.7,CHQ
2019-10-10,SERVICEBRANCHCHENNAICHEQUEDEPO00002979CRUTIBANKLTD0446CTSG,0.0,14598.0,3011151.7,OUTWARD-RETURN
2019-10-10,SERVICEBRANCHCHENNAICHEQUEDEPO00759399CRSYNDICATEBANK0446CTSG759399 SYB,0.0,5128.0,3016279.7,CHQ
2019-10-10,SERVICEBRANCHCHENNAICHEQUEDEPO00885758CRTAMILNADUSTATEAPEXCOO0446CTSG,0.0,1271.0,3017550.7,CHQ
2019-10-10,SERVICEBRANCHCHENNAICHEQUEDEPO00000210CRKARURVYSYABANKLTD0446CTSCLG000210CLG000210 KVB,0.0,2038.0,3019588.7,CHQ
2019-10-10,SERVICEBRANCHCHENNAICHEQUEDEPO00000379CR2400446CTSG,0.0,3537.0,3023125.7,CHQ
2019-10-10,SERVICEBRANCHCHENNAICHEQUEDEPO00000719CR7560446CTSG,0.0,846.0,3023971.7,CHQ
2019-10-10,SERVICEBRANCHCHENNAICHEQUEDEPO00177174CRVIJAYABANK0446CTSG177174 VJB,0.0,29519.0,3053490.7,CHQ
2019-10-10,MUMBAIFORTC ACFEESCRLIMR6541TRANSFE126,0.0,1868.0,3055358.7,TRANSFER
2019-10-10,MUMBAIFORTC ACFEESCRAMMANFRUITS738TRANSFER24,0.0,7685.0,3063043.7,TRANSFER
2019-10-10,ATMSERVICEBYTRANSFERCRBRANCH IMPS 593 CrystalTRANSFE461,0.0,17518.0,3080561.7,IMPS
2019-10-10,SERVICEBRANCHCHENNAIOUTCHQRETCRFundsinsufficient,14598.0,0.0,3065963.7,OUTWARD-RETURN
2019-10-10,SERVICEBRANCHCHENNAICHQDISHONOURCR,250.0,0.0,3065713.7,INWARD-CHARGES
2019-10-10,SERVICEBRANCHCHENNAINOFEESCROtherReasons,2500.0,0.0,3063213.7,TRANSFER
2019-10-10,MUMBAIFORTC ACFEESKPNCRFARMFRESHP976TRANSFER20,0.0,5055.0,3068268.7,TRANSFER
2019-10-10,CASHDEPCRCHRGSOTHER,100.0,0.0,3068168.7,DEPOSIT-CHARGES
2019-10-11,TIRUMANGALAMBYCHQ TTTFRCRKISHOREMARKETING,0.0,673.0,3068841.7,CHQ
2019-10-11,TIRUMANGALAMCASHDEPOSITCRDepositbySELF,0.0,380000.0,3448841.7,CASH
2019-10-11,MUMBAIFORTC ACFEESCRSANTHOSHSUPERM434TRANSFER21,0.0,9565.0,3458406.7,TRANSFER
2019-10-11,ATMSERVICEBYTRANSFERCRBRANCH IMPS 656 PURCHESFORKISTRANSFE461,0.0,7238.0,3465644.7,IMPS
2019-10-11,CASHDEPCRCHRGSOTHER,180.0,0.0,3465464.7,DEPOSIT-CHARGES
2019-10-12,MADRASHIGH OnlineDirecCRCOURTCIN21853TRANSFERTO,41780.0,0.0,3423684.7,TRANSFER
2019-10-14,SERVICEBRANCHCHENNAITOCLGCHQ00898736CRSECEDCWEST,22347.0,0.0,3401337.7,CHQ
2019-10-14,SERVICEBRANCHCHENNAITOCLGCHQ00898756CRCAVINKAREPVTLTD,340729.0,0.0,3060608.7,CHQ
2019-10-14,SERVICEBRANCHCHENNAITOCLGCHQ00898739CRNATIONALINSURANCECOMPAN,19990.0,0.0,3040618.7,INSURANCE
2019-10-14,SERVICEBRANCHCHENNAITOCLGCHQ00898741CRNATIONALINSURANCECOMPAN,7494.0,0.0,3033124.7,INSURANCE
2019-10-14,SERVICEBRANCHCHENNAICHEQUEDEPO00844038CRTAMILNADMERCANTILEBANK0446CTSG844038 TMB,0.0,4242.0,3037366.7,CHQ
2019-10-14,SERVICEBRANCHCHENNAICHEQUEDEPO00000017CRINDIANOVERSEASBANK0446CTSG000017 IOB,0.0,15160.0,3052526.7,CHQ
2019-10-14,SERVICEBRANCHCHENNAICHEQUEDEPO00452254CRSYNDICATEBANK0446CTSG452254 SYB,0.0,5728.0,3058254.7,CHQ
2019-10-14,SERVICEBRANCHCHENNAICHEQUEDEPO00208979CRTAMILNADMERCANTILEBANK0446CTSG208979 TMB,0.0,1894.0,3060148.7,CHQ
2019-10-14,SERVICEBRANCHCHENNAICHEQUEDEPO00045812CRCANARABANK0446CTSG045812 CAB,0.0,992.0,3061140.7,CHQ
2019-10-14,SERVICEBRANCHCHENNAICHEQUEDEPO00000219CRKARURVYSYABANKLTD0446CTSCLG000219CLG000219 KVB,0.0,3000.0,3064140.7,CHQ
2019-10-14,SERVICEBRANCHCHENNAICHEQUEDEPO00000534CR7500446CTSGAN,0.0,1894.0,3066034.7,CHQ
2019-10-14,SERVICEBRANCHCHENNAICHEQUEDEPO00000335CRKARURVYSYABANKLTD0446CTSCLG000335CLG000335 KVB,0.0,4306.0,3070340.7,CHQ
2019-10-14,SERVICEBRANCHCHENNAICHEQUEDEPO00208729CRINDIANOVERSEASBANK0446CTSG208729 IOB,0.0,3779.0,3074119.7,CHQ
2019-10-14,SERVICEBRANCHCHENNAICHEQUEDEPO00274344CRUNITEDBANKOFINDIA0446CTSCLG274344CLG,0.0,6009.0,3080128.7,CHQ
2019-10-14,SERVICEBRANCHCHENNAICHEQUEDEPO00198523CRFEDERALBANKLTD0446CTSG198523 FBI,0.0,6599.0,3086727.7,OUTWARD-RETURN
2019-10-14,SERVICEBRANCHCHENNAICHEQUEDEPO00043506CRANDHRABANK0446CTSG043506 ANB,0.0,5035.0,3091762.7,CHQ
2019-10-14,SERVICEBRANCHCHENNAICHEQUEDEPO00204933CR2590446CTSG,0.0,5202.0,3096964.7,CHQ
2019-10-14,SERVICEBRANCHCHENNAICHEQUEDEPO00002557CRKARURVYSYABANKLTD0446CTSCLG002557CLG002557 KVB,0.0,8369.0,3105333.7,CHQ
2019-10-14,SERVICEBRANCHCHENNAICHEQUEDEPO00485401CR5320446CTSG485401 YES,0.0,1000.0,3106333.7,CHQ
2019-10-14,SERVICEBRANCHCHENNAICHEQUEDEPO00000129CRCITYUNIONBANKLTD0446CTSCLG000129CLG000129 CUB,0.0,2504.0,3108837.7,CHQ
2019-10-14,SERVICEBRANCHCHENNAICHEQUEDEPO00003265CRKARURVYSYABANKLTD0446CTSCLG003265CLG003265 KVB,0.0,2504.0,3111341.7,CHQ
2019-10-14,SERVICEBRANCHCHENNAICHEQUEDEPO00000435CR2400446CTSG,0.0,3879.0,3115220.7,CHQ
2019-10-14,SERVICEBRANCHCHENNAICHEQUEDEPO00381445CRSTATEBANKOFINDIA0446CTSG381445 SBI,0.0,15437.0,3130657.7,CHQ
2019-10-14,SERVICEBRANCHCHENNAICHEQUEDEPO00000218CR2400446CTSG,0.0,450.0,3131107.7,CHQ
2019-10-14,SERVICEBRANCHCHENNAICHEQUEDEPO00004806CR2400446CTSG,0.0,20637.0,3151744.7,CHQ
2019-10-14,SERVICEBRANCHCHENNAICHEQUEDEPO00499025CRTAMILNADMERCANTILEBANK0446CTSG499025 TMB,0.0,3800.0,3155544.7,CHQ
2019-10-14,SERVICEBRANCHCHENNAICHEQUEDEPO00022979CR0720446CTSCHQ02297,0.0,9250.0,3164794.7,CHQ
2019-10-14,SERVICEBRANCHCHENNAICHEQUEDEPO00865308CRSYNDICATEBANK0446CTSG865308 SYB,0.0,1968.0,3166762.7,CHQ
2019-10-14,SERVICEBRANCHCHENNAICHEQUEDEPO00289608CRUTIBANKLTD0446CTSG,0.0,8340.0,3175102.7,CHQ
2019-10-14,SERVICEBRANCHCHENNAICHEQUEDEPO00455814CR2590446CTSG,0.0,1907.0,3177009.7,CHQ
2019-10-14,SERVICEBRANCHCHENNAICHEQUEDEPO00002290CR2400446CTSG,0.0,3257.0,3180266.7,CHQ
2019-10-14,SERVICEBRANCHCHENNAICHEQUEDEPO00227967CRUTIBANKLTD0446CTSG,0.0,3387.0,3183653.7,CHQ
2019-10-14,SERVICEBRANCHCHENNAICHEQUEDEPO00065656CRCENTRALBANKOFINDIA0446CTSCLG065656CLG065656 CBI,0.0,1346.0,3184999.7,CHQ
2019-10-14,SERVICEBRANCHCHENNAICHEQUEDEPO00374114CRSTATEBANKOFINDIA0446CTSG374114 SBI,0.0,1680.0,3186679.7,CHQ
2019-10-14,SERVICEBRANCHCHENNAICHEQUEDEPO00001097CRICICIBANKINGCORPORATION0446CTSG,0.0,770.0,3187449.7,CHQ
2019-10-14,MUMBAIFORTC ACFEESCRSANTHOSHSUPERM157TRANSFER21,0.0,3483.0,3190932.7,TRANSFER
2019-10-14,TIRUMANGALAMCASHDEPOSITCRDepositbySELF,0.0,470000.0,3660932.7,CASH
2019-10-14,TIRUMANGALAMBYCHQ TTTFRCRWILLIYAMSTOKISHOREMKTG,0.0,1548.0,3662480.7,CHQ
2019-10-14,TIRUMANGALAMBYCHQ TTTFRCRKSRETAILTOKISHOREMKTG,0.0,1260.0,3663740.7,CHQ
2019-10-14,TIRUMANGALAMBYCHQ TTTFRCRCHFOODSTOKISHOREMKTG,0.0,8484.0,3672224.7,CHQ
2019-10-14,TIRUMANGALAMBYCHQ TTTFRCRSREEINDIRAAMEDITOKISHOREMKTG,0.0,1130.0,3673354.7,CHQ
2019-10-14,TIRUMANGALAMBYCHQ TTTFRCRKOKPAZHAMUDIRTOKISHOREMKTG,0.0,9315.0,3682669.7,CHQ
2019-10-14,TIRUMANGALAMBYCHQ TTTFRCRKSRETAILTOKISHOREMKTG,0.0,7083.0,3689752.7,CHQ
2019-10-14,SERVICEBRANCHCHENNAINOFEESCROtherreaonsConnectivityfailure,1968.0,0.0,3687784.7,TRANSFER
2019-10-14,SERVICEBRANCHCHENNAIOUTCHQRETCRFundsinsufficient,6599.0,0.0,3681185.7,OUTWARD-RETURN
2019-10-14,SERVICEBRANCHCHENNAICHQDISHONOURCR,250.0,0.0,3680935.7,INWARD-CHARGES
2019-10-14,MUMBAIFORTC ACFEESCRLIMR4023TRANSFE121,0.0,17288.0,3698223.7,TRANSFER
2019-10-14,CASHDEPCRCHRGSOTHER,270.0,0.0,3697953.7,DEPOSIT-CHARGES
2019-10-15,MUMBAIFORTC ACFEESCRSARAVANAST4038730TRANSFER23,0.0,88941.0,3786894.7,TRANSFER
2019-10-15,MUMBAIFORTC ACFEESCRSARAVANAST4093838TRANSFER26,0.0,60201.0,3847095.7,TRANSFER
2019-10-15,SERVICEBRANCHCHENNAIECSMANDATECRDEBITRANSFERTO,527088.0,0.0,3320007.7,EMI-DEBIT
2019-10-15,MUMBAIFORTC ACFEESCRKARUVALURMARIA3208TRANSFER25,0.0,3770.0,3323777.7,TRANSFER
2019-10-15,MUMBAIFORTWITHDRAWALTRANSFERINBISCOCRINDIAPV280TRANSFER24,185013.0,0.0,3138764.7,TRANSFER
2019-10-15,MUMBAIFORTWITHDRAWALTRANSFERHECTORBEVERAGESPIDIBH19288132938CRTRANSFER24,423028.0,0.0,2715736.7,TRANSFER
2019-10-15,MUMBAIFORTC ACFEESCRVIKPRIHOME91DCTRANSFE121,0.0,16868.0,2732604.7,TRANSFER
2019-10-15,MUMBAIFORTWITHDRAWALTRANSFERCRREDBULLINDIAP956TRANSFER24,300028.0,0.0,2432576.7,TRANSFER
2019-10-15,MUMBAIFORTC ACFEESCRSANTHOSHSUPERM872TRANSFER20,0.0,10313.0,2442889.7,TRANSFER
2019-10-15,MUMBAIFORTRTGSINWICICICRBANKRAROGRTGSTRANSFE120,0.0,953508.0,3396397.7,RTGS
2019-10-15,MUMBAIFORTC ACFEESCRKALIGAMBALFRUI8336TRANSFER25,0.0,7507.0,3403904.7,TRANSFER
2019-10-16,COREBANKINGWITHDRAWALTRANSFERBILLDESKRINB8099975564 BPCLSMTFLT TRANSFERCRDATACENTRETO,10008.26,0.0,3393896.44,ONLINE-PAYMENT
2019-10-16,SERVICEBRANCHCHENNAICHEQUEDEPO00274462CRUNITEDBANKOFINDIA0446CTSCLG274462CLG,0.0,14772.0,3408668.44,CHQ
2019-10-16,SERVICEBRANCHCHENNAICHEQUEDEPO00035831CR4110446CTSG,0.0,17518.0,3426186.44,CHQ
2019-10-16,SERVICEBRANCHCHENNAICHEQUEDEPO00296604CRUTIBANKLTD0446CTSG,0.0,5575.0,3431761.44,CHQ
2019-10-16,SERVICEBRANCHCHENNAICHEQUEDEPO00043635CRANDHRABANK0446CTSG043635 ANB,0.0,6040.0,3437801.44,CHQ
2019-10-16,SERVICEBRANCHCHENNAICHEQUEDEPO00189703CR2590446CTSG,0.0,680.0,3438481.44,CHQ
2019-10-16,SERVICEBRANCHCHENNAICHEQUEDEPO00228171CRUTIBANKLTD0446CTSG,0.0,6181.0,3444662.44,CHQ
2019-10-16,SERVICEBRANCHCHENNAICHEQUEDEPO00003509CR2400446CTSG,0.0,1913.0,3446575.44,CHQ
2019-10-16,SERVICEBRANCHCHENNAICHEQUEDEPO00316478CRTAMILNADMERCANTILEBANK0446CTSG316478 TMB,0.0,3657.0,3450232.44,CHQ
2019-10-16,SERVICEBRANCHCHENNAICHEQUEDEPO00894080CRUNITEDBANKOFINDIA0446CTSCLG894080CLG,0.0,1096.0,3451328.44,OUTWARD-RETURN
2019-10-16,SERVICEBRANCHCHENNAICHEQUEDEPO00294617CRUTIBANKLTD0446CTSG,0.0,2678.0,3454006.44,CHQ
2019-10-16,SERVICEBRANCHCHENNAICHEQUEDEPO00765680CR2340446CTSG,0.0,1718.0,3455724.44,CHQ
2019-10-16,SERVICEBRANCHCHENNAICHEQUEDEPO00221172CRFEDERALBANKLTD0446CTSG221172 FBI,0.0,6507.0,3462231.44,CHQ
2019-10-16,SERVICEBRANCHCHENNAICHEQUEDEPO00003191CRKARURVYSYABANKLTD0446CTSCLG003191CLG003191 KVB,0.0,3261.0,3465492.44,CHQ
2019-10-16,SERVICEBRANCHCHENNAICHEQUEDEPO00608940CR2340446CTSG,0.0,2448.0,3467940.44,CHQ
2019-10-16,SERVICEBRANCHCHENNAICHEQUEDEPO00296602CRUTIBANKLTD0446CTSG,0.0,1659.0,3469599.44,CHQ
2019-10-16,SERVICEBRANCHCHENNAICHEQUEDEPO00461980CR2590446CTSG,0.0,2911.0,3472510.44,CHQ
2019-10-16,SERVICEBRANCHCHENNAICHEQUEDEPO00126997CRUTIBANKLTD0446CTSG,0.0,3206.0,3475716.44,CHQ
2019-10-16,MUMBAIFORTWITHDRAWALTRANSFERCRREDBULLINDIAP200TRANSFER24,300028.0,0.0,3175688.44,TRANSFER
2019-10-16,SERVICEBRANCHCHENNAICHEQUEDEPO00000251CR4850446CTSG000251 KMB,0.0,872.0,3176560.44,CHQ
2019-10-16,SERVICEBRANCHCHENNAICHEQUEDEPO00000951CR4850446CTSCHQ000951,0.0,9332.0,3185892.44,CHQ
2019-10-16,SERVICEBRANCHCHENNAICHEQUEDEPO00289546CRUTIBANKLTD0446CTSG,0.0,10461.0,3196353.44,CHQ
2019-10-16,SERVICEBRANCHCHENNAICHEQUEDEPO00002759CR2400446CTSG,0.0,11453.0,3207806.44,CHQ
2019-10-16,SERVICEBRANCHCHENNAICHEQUEDEPO00013254CRALLAHABADBANK0446CTSG013254 ALB,0.0,1788.0,3209594.44,CHQ
2019-10-16,SERVICEBRANCHCHENNAICHEQUEDEPO00000392CRKARURVYSYABANKLTD0446CTSCLG000392CLG000392 KVB,0.0,5188.0,3214782.44,CHQ
2019-10-16,SERVICEBRANCHCHENNAICHEQUEDEPO00000149CRLAKSHMIVILASBANKLTD0446CTSCLG000149CLG000149 LVB,0.0,1894.0,3216676.44,CHQ
2019-10-16,SERVICEBRANCHCHENNAICHEQUEDEPO00296598CRUTIBANKLTD0446CTSG,0.0,16287.0,3232963.44,CHQ
2019-10-16,TIRUMANGALAMCASHDEPOSITCRDepositbySELF,0.0,265000.0,3497963.44,CASH
2019-10-16,MUMBAIFORTC ACFEESCRSANTHOSHSUPERM484TRANSFER21,0.0,18733.0,3516696.44,TRANSFER
2019-10-16,MUMBAIFORTC ACFEESCRSANTHOSHSUPERM633TRANSFER21,0.0,4255.0,3520951.44,TRANSFER
2019-10-16,MUMBAIFORTC ACFEESCRSANTHOSHSUPERM379TRANSFER26,0.0,4154.0,3525105.44,TRANSFER
2019-10-16,MUMBAIFORTC ACFEESCRSANTHOSHSUPERM346TRANSFER23,0.0,8099.0,3533204.44,TRANSFER
2019-10-16,SERVICEBRANCHCHENNAIOUTCHQRETCRFundsinsufficient,1096.0,0.0,3532108.44,OUTWARD-RETURN
2019-10-16,SERVICEBRANCHCHENNAICHQDISHONOURCR,250.0,0.0,3531858.44,INWARD-CHARGES
2019-10-16,CASHDEPCRCHRGSOTHER,100.0,0.0,3531758.44,DEPOSIT-CHARGES
2019-10-17,TIRUMANGALAMCASHDEPOSITCRDepositbySELF,0.0,220000.0,3751758.44,CASH
2019-10-17,MUMBAIFORTC ACFEESCRSANTHOSHSUPERM795TRANSFER20,0.0,4871.0,3756629.44,TRANSFER
2019-10-17,SERVICEBRANCHCHENNAICHEQUEDEPO00023331CRSYNDICATEBANK0446CTSG023331 SYB,0.0,2665.0,3759294.44,CHQ
2019-10-17,SERVICEBRANCHCHENNAICHEQUEDEPO00307826CR2590446CTSG,0.0,1565.0,3760859.44,CHQ
2019-10-17,SERVICEBRANCHCHENNAICHEQUEDEPO00000305CRUTIBANKLTD0446CTSG,0.0,3147.0,3764006.44,CHQ
2019-10-17,SERVICEBRANCHCHENNAICHEQUEDEPO00452255CRSYNDICATEBANK0446CTSG452255 SYB,0.0,5402.0,3769408.44,CHQ
2019-10-17,SERVICEBRANCHCHENNAICHEQUEDEPO00014505CRSOUTHINDIANBANKLTD0446CTSCLG014505CLG014505 SIB,0.0,5759.0,3775167.44,CHQ
2019-10-17,SERVICEBRANCHCHENNAICHEQUEDEPO00334114CRFEDERALBANKLTD0446CTSCHQ334114,0.0,5945.0,3781112.44,CHQ
2019-10-17,SERVICEBRANCHCHENNAICHEQUEDEPO00791470CRSOUTHINDIANBANKLTD0446CTSCLG791470CLG791470 SIB,0.0,12071.0,3793183.44,CHQ
2019-10-17,SERVICEBRANCHCHENNAICHEQUEDEPO00023567CRANDHRABANK0446CTSG023567 ANB,0.0,9356.0,3802539.44,CHQ
2019-10-17,SERVICEBRANCHCHENNAICHEQUEDEPO00000625CRANDHRABANK0446CTSG000625 ANB,0.0,7206.0,3809745.44,CHQ
2019-10-17,SERVICEBRANCHCHENNAICHEQUEDEPO00100081CRCATHOLICSYRIANBANKLTD0446CTSG100081 CSB,0.0,2572.0,3812317.44,CHQ
2019-10-17,SERVICEBRANCHCHENNAICHEQUEDEPO00000512CR2400446CTSG,0.0,7500.0,3819817.44,CHQ
2019-10-17,SERVICEBRANCHCHENNAICHEQUEDEPO00001271CR2400446CTSG,0.0,10000.0,3829817.44,CHQ
2019-10-17,SERVICEBRANCHCHENNAICHEQUEDEPO00000442CRKARURVYSYABANKLTD0446CTSCLG000442CLG000442 KVB,0.0,4544.0,3834361.44,CHQ
2019-10-17,SERVICEBRANCHCHENNAICHEQUEDEPO00360661CRFEDERALBANKLTD0446CTSG360661 FBI,0.0,2104.0,3836465.44,CHQ
2019-10-17,SERVICEBRANCHCHENNAICHEQUEDEPO00684337CRTAMILNADMERCANTILEBANK0446CTSG684337 TMB,0.0,2987.0,3839452.44,CHQ
2019-10-17,SERVICEBRANCHCHENNAICHEQUEDEPO00150110CRTAMILNADMERCANTILEBANK0446CTSG150110 TMB,0.0,58392.0,3897844.44,CHQ
2019-10-17,SERVICEBRANCHCHENNAICHEQUEDEPO00043636CRANDHRABANK0446CTSG043636 ANB,0.0,6682.0,3904526.44,CHQ
2019-10-17,SERVICEBRANCHCHENNAICHEQUEDEPO00684857CRTAMILNADMERCANTILEBANK0446CTSG684857 TMB,0.0,15422.0,3919948.44,CHQ
2019-10-17,SERVICEBRANCHCHENNAICHEQUEDEPO00336596CRFEDERALBANKLTD0446CTSCHQ336596,0.0,1935.0,3921883.44,CHQ
2019-10-17,SERVICEBRANCHCHENNAICHEQUEDEPO00003722CRKARURVYSYABANKLTD0446CTSCLG003722CLG003722 KVB,0.0,16385.0,3938268.44,CHQ
2019-10-17,SERVICEBRANCHCHENNAICHEQUEDEPO00296603CRUTIBANKLTD0446CTSG,0.0,1800.0,3940068.44,CHQ
2019-10-17,SERVICEBRANCHCHENNAICHEQUEDEPO00681347CRTAMILNADMERCANTILEBANK0446CTSG681347 TMB,0.0,17540.94,3957609.38,CHQ
2019-10-17,SERVICEBRANCHCHENNAICHEQUEDEPO00003473CR2400446CTSG,0.0,2146.0,3959755.38,CHQ
2019-10-17,SERVICEBRANCHCHENNAICHEQUEDEPO00000675CRICICIBANKINGCORPORATION0446CTSG,0.0,1381.0,3961136.38,CHQ
2019-10-17,SERVICEBRANCHCHENNAICHEQUEDEPO00030626CRICICIBANKINGCORPORATION0446CTSG,0.0,1820.0,3962956.38,CHQ
2019-10-17,MUMBAIFORTC ACFEESCRVENKATESWARA504526TRANSFER26,0.0,3704.0,3966660.38,TRANSFER
2019-10-17,MUMBAIFORTWITHDRAWALTRANSFERINVENTZLIFESCIENIDIBH19290279634CRTRANSFER24,21245.0,0.0,3945415.38,TRANSFER
2019-10-17,CASHDEPCRCHRGSOTHER,100.0,0.0,3945315.38,DEPOSIT-CHARGES
2019-10-18,TIRUMANGALAMCASHDEPOSITCRDepositbySELF,0.0,165000.0,4110315.38,CASH
2019-10-18,MUMBAIFORTC ACFEESCRSHREEENTERPRI30TRANSFE123,0.0,12016.0,4122331.38,TRANSFER
2019-10-18,MUMBAIFORTC ACFEESCRORIENTPHARMAC7633TRANSFER23,0.0,887.0,4123218.38,TRANSFER
2019-10-18,MUMBAIFORTC ACFEESCRAMMANFRUITS698TRANSFER28,0.0,8092.0,4131310.38,TRANSFER
2019-10-19,MUMBAIFORTRTGSINWIDFCCRFirstBankRTGSTRANSFE120,0.0,2465932.0,6597242.38,RTGS
2019-10-19,MUMBAIFORTC ACFEESCRSARAVANAST8317558TRANSFER20,0.0,107563.0,6704805.38,TRANSFER
2019-10-19,ATMSERVICEBYTRANSFERCRBRANCH IMPS 001 TAXTRANSFE461,0.0,1800.0,6706605.38,IMPS
2019-10-19,TIRUMANGALAMCASHDEPOSITCRDepositbySELF,0.0,180000.0,6886605.38,CASH
2019-10-19,MUMBAIFORTC ACFEESTHECRKARURVYSYA153TRANSFER28,0.0,1441.0,6888046.38,TRANSFER
2019-10-19,MUMBAIFORTC ACFEESSRICRMEENAKSHIAM716TRANSFER29,0.0,825.0,6888871.38,TRANSFER
2019-10-21,MUMBAIFORTC ACFEESCRPONNUSUPER9245732TRANSFER21,0.0,7837.0,6896708.38,TRANSFER
2019-10-21,SERVICEBRANCHCHENNAICHEQUEDEPO00581280CRSYNDICATEBANK0446CTSCHQ581280,0.0,1218.0,6897926.38,CHQ
2019-10-21,MUMBAIFORTC ACFEESKCRRANJITRANSFE120,0.0,10000.0,6907926.38,TRANSFER
2019-10-21,TIRUMANGALAMCASHDEPOSITCRDepositbySELF,0.0,250000.0,7157926.38,CASH
2019-10-21,MUMBAIFORTC ACFEESCRELLIOTFOODS731TRANSFER26,0.0,1095.0,7159021.38,TRANSFER
2019-10-21,MUMBAIFORTC ACFEESCRSANTHOSHSUPERM390TRANSFER26,0.0,6402.0,7165423.38,TRANSFER
2019-10-21,MUMBAIFORTC ACFEESCRLIMR8506TRANSFE126,0.0,8816.0,7174239.38,TRANSFER
2019-10-21,MUMBAIFORTC ACFEESCRLIMR8445TRANSFE129,0.0,1770.0,7176009.38,TRANSFER
2019-10-21,CASHDEPCRCHRGSOTHER,100.0,0.0,7175909.38,DEPOSIT-CHARGES
2019-10-22,SERVICEBRANCHCHENNAIECSMANDATECRDEBITRANSFERTO,847259.6,0.0,6328649.78,EMI-DEBIT
2019-10-22,MUMBAIFORTWITHDRAWALTRANSFERCRSNJSugarsandp838TRANSFER24,127748.0,0.0,6200901.78,TRANSFER
2019-10-23,SERVICEBRANCHCHENNAITOCLGCHQ00898757CRCAVINKAREPVTLTD,33984.0,0.0,6166917.78,CHQ
2019-10-23,MUMBAIFORTC ACFEESCRANNAISUPERMAR5740TRANSFER20,0.0,8512.0,6175429.78,TRANSFER
2019-10-23,TIRUMANGALAMCASHDEPOSITCRDepositbySELF,0.0,250000.0,6425429.78,CASH
2019-10-23,MUMBAIFORTWITHDRAWALTRANSFERINBISCOCRINDIAPV864TRANSFER24,160013.0,0.0,6265416.78,TRANSFER
2019-10-23,MUMBAIFORTC ACFEESCRAMMANFRUITS080TRANSFER23,0.0,7061.0,6272477.78,TRANSFER
2019-10-23,MUMBAIFORTC ACFEESTHECRKARURVYSYA087TRANSFER24,0.0,1800.0,6274277.78,TRANSFER
2019-10-23,ATMSERVICEBYTRANSFERCRBRANCH IMPS 910 MBKUMARANMEDICALSSTRANSFE461,0.0,1118.0,6275395.78,IMPS
2019-10-23,CASHDEPCRCHRGSOTHER,100.0,0.0,6275295.78,DEPOSIT-CHARGES
2019-10-24,MUMBAIFORTC ACFEESCRSANTHOSHSUPERM478TRANSFER27,0.0,20907.0,6296202.78,TRANSFER
2019-10-24,MUMBAIFORTC ACFEESCRSANTHOSHSUPERM696TRANSFER28,0.0,14644.0,6310846.78,TRANSFER
2019-10-24,TIRUMANGALAMCASHDEPOSITCRDepositbySELF,0.0,100000.0,6410846.78,CASH
2019-10-24,MUMBAIFORTWITHDRAWALTRANSFERINVENTZLIFESCIENIDIBH19297187526CRTRANSFER24,26539.0,0.0,6384307.78,TRANSFER
2019-10-24,MUMBAIFORTC ACFEESCRZENITHFOOD91DCTRANSFE127,0.0,13370.0,6397677.78,TRANSFER
2019-10-25,SERVICEBRANCHCHENNAITOCLGCHQ00898758CRCAVINKAREPVTLTD,45311.0,0.0,6352366.78,CHQ
2019-10-25,MUMBAIFORTC ACFEESCRADITYABIRLA18TRANSFE121,0.0,1428850.0,7781216.78,TRANSFER
2019-10-25,TIRUMANGALAMCASHDEPOSITCRDepositbySELF,0.0,300000.0,8081216.78,CASH
2019-10-25,MUMBAIFORTC ACFEESCRKARUVALURMARIA7903TRANSFER27,0.0,8141.0,8089357.78,TRANSFER
2019-10-25,MUMBAIFORTC ACFEESRSCRPHARMACY481TRANSFER25,0.0,698.0,8090055.78,TRANSFER
2019-10-25,MUMBAIFORTC ACFEESCRSANTHOSHSUPERM005TRANSFER24,0.0,13522.0,8103577.78,TRANSFER
2019-10-25,MUMBAIFORTC ACFEESCRKALIGAMBALFRUI9185TRANSFER29,0.0,2115.0,8105692.78,TRANSFER
2019-10-25,MUMBAIFORTC ACFEESCRSANTHOSHSUPERM102TRANSFER28,0.0,4050.0,8109742.78,TRANSFER
2019-10-25,MUMBAIFORTC ACFEESCRSANTHOSHSUPERM283TRANSFER27,0.0,7931.0,8117673.78,TRANSFER
2019-10-25,MUMBAIFORTC ACFEESKPNCRFARMFRESHP042TRANSFER25,0.0,698.0,8118371.78,TRANSFER
2019-10-25,MUMBAIFORTWITHDRAWALTRANSFERCRREDBULLINDIAP233TRANSFER24,72005.0,0.0,8046366.78,TRANSFER
2019-10-25,MUMBAIFORTC ACFEESCRnavasakthivinay073TRANSFER28,0.0,1666.0,8048032.78,TRANSFER
2019-10-25,CASHDEPCRCHRGSOTHER,100.0,0.0,8047932.78,DEPOSIT-CHARGES
2019-10-26,ATMSERVICEBYTRANSFERCRBRANCH IMPS R2TRANSFER61,0.0,29835.0,8077767.78,IMPS
2019-10-28,MUMBAIFORTC ACFEESCRPONNUSUPER5071764TRANSFER25,0.0,4586.0,8082353.78,TRANSFER
2019-10-28,SERVICEBRANCHCHENNAIECSMANDATECRDEBITRANSFERTO,136486.0,0.0,7945867.78,EMI-DEBIT
2019-10-28,SERVICEBRANCHCHENNAICHEQUEDEPO00002979CRUTIBANKLTD0446CTSG,0.0,14598.0,7960465.78,CHQ
2019-10-28,MUMBAIFORTC ACFEESCRSANTHOSHSUPERM457TRANSFER29,0.0,1532.0,7961997.78,TRANSFER
2019-10-28,MUMBAIFORTC ACFEESCRLIMR4564TRANSFE124,0.0,14131.0,7976128.78,TRANSFER
2019-10-29,COREBANKINGWITHDRAWALTRANSFERBILLDESKRINB8145928478 BPCLSMTFLT TRANSFERCRDATACENTRETO,10008.26,0.0,7966120.52,ONLINE-PAYMENT
2019-10-29,MUMBAIFORTWITHDRAWALTRANSFERINBISCOCRINDIAPV416TRANSFER24,286028.0,0.0,7680092.52,TRANSFER
2019-10-29,ATMSERVICEBYTRANSFERCRBRANCH IMPS 423 kishoreTRANSFE461,0.0,70362.0,7750454.52,INTER-FIRM
2019-10-30,SERVICEBRANCHCHENNAITOCLGCHQ00898759CRCAVINKAREPVTLTD,358218.0,0.0,7392236.52,CHQ
2019-10-30,SERVICEBRANCHCHENNAIECSMANDATECRDEBITRANSFERTO,424751.0,0.0,6967485.52,EMI-DEBIT
2019-10-30,SERVICEBRANCHCHENNAICHEQUEDEPO00022171CRICICIBANKINGCORPORATION0446CTSG,0.0,650000.0,7617485.52,CHQ
2019-10-30,MUMBAIFORTWITHDRAWALTRANSFERHECTORBEVERAGESPIDIBH19303394408CRTRANSFER24,800028.0,0.0,6817457.52,TRANSFER
2019-10-30,TIRUMANGALAMCASHDEPOSITCRDepositbySELF,0.0,150000.0,6967457.52,CASH
2019-10-30,MUMBAIFORTC ACFEESCRSANTHOSHSUPERM425TRANSFER29,0.0,4139.0,6971596.52,TRANSFER
2019-10-30,TIRUMANGALAMCHEQUEWDL00865738CRSDHATCHAYANI,140000.0,0.0,6831596.52,CHQ
2019-10-31,MUMBAIFORTC ACFEESCRSARAVANAST7536400TRANSFER28,0.0,27829.0,6859425.52,TRANSFER
2019-10-31,MUMBAIFORTC ACFEESRSCRPHARMACY944TRANSFER24,0.0,708.0,6860133.52,TRANSFER
2019-10-31,TIRUMANGALAMCASHDEPOSITCRDepositbySELF,0.0,395000.0,7255133.52,CASH
2019-10-31,ATMSERVICEBYTRANSFERCRBRANCH IMPS 7314TRANSFE461,0.0,15000.0,7270133.52,IMPS
2019-10-31,MUMBAIFORTC ACFEESCRSANTHOSHSUPERM958TRANSFER21,0.0,359.0,7270492.52,TRANSFER
2019-10-31,MUMBAIFORTC ACFEESSRICRMEENAKSHIAM128TRANSFER25,0.0,768.0,7271260.52,TRANSFER
2019-10-31,MUMBAIFORTC ACFEESCRAMMANFRUITS747TRANSFER28,0.0,6516.0,7277776.52,TRANSFER
2019-10-31,CASHDEPCRCHRGSOTHER,195.0,0.0,7277581.52,DEPOSIT-CHARGES
2019-11-01,SERVICEBRANCHCHENNAICHEQUEDEPO00865308CRSYNDICATEBANK0446CTSG865308 SYB,0.0,1968.0,7279549.52,CHQ
2019-11-01,MUMBAIFORTC ACFEESCRANNAISUPERMAR0119TRANSFER28,0.0,3001.0,7282550.52,TRANSFER
2019-11-01,MUMBAIFORTC ACFEESCRSUDHARSANAG632293TRANSFE121,0.0,14598.0,7297148.52,TRANSFER
2019-11-01,TIRUMANGALAMCASHDEPOSITCRDepositbySELF,0.0,90000.0,7387148.52,CASH
2019-11-01,MUMBAIFORTC ACFEESCRSANTHOSHSUPERM307TRANSFER29,0.0,8108.0,7395256.52,TRANSFER
2019-11-01,MUMBAIFORTC ACFEESCRSANTHOSHSUPERM653TRANSFER21,0.0,1546.0,7396802.52,TRANSFER
2019-11-01,MUMBAIFORTC ACFEESCRSANTHOSHSUPERM747TRANSFER21,0.0,607.0,7397409.52,TRANSFER
2019-11-01,MUMBAIFORTC ACFEESCRSANTHOSHSUPERM056TRANSFER24,0.0,2654.0,7400063.52,TRANSFER
2019-11-01,SERVICEBRANCHCHENNAINOFEESCRIMAGENOTCLEARPRESENTAGAIN,1968.0,0.0,7398095.52,TRANSFER
2019-11-02,SERVICEBRANCHDELHICHEQUEWDL00865740CRIDFCFIRSTBANKLTD,93151.0,0.0,7304944.52,EMI-DEBIT
2019-11-02,MUMBAIFORTC ACFEESCRBANKOFBARODAFO379TRANSFER26,0.0,1305.0,7306249.52,TRANSFER
2019-11-02,MUMBAIFORTC ACFEESCRLIMR9994TRANSFE128,0.0,5133.0,7311382.52,TRANSFER
2019-11-02,MUMBAIFORTC ACFEESCRLIMR0009TRANSFE120,0.0,2813.0,7314195.52,TRANSFER
2019-11-04,MUMBAIFORTC ACFEESCRSANTHOSHSUPERM831TRANSFER24,0.0,7925.0,7322120.52,TRANSFER
2019-11-04,MUMBAIFORTC ACFEESCRELLIOTFOODS034TRANSFER29,0.0,1655.0,7323775.52,TRANSFER
2019-11-04,MUMBAIFORTC ACFEESCRBANKOFBARODAFO754TRANSFER29,0.0,1842.0,7325617.52,TRANSFER
2019-11-04,MUMBAIFORTC ACFEESKPNCRFARMFRESHP107TRANSFER26,0.0,2726.0,7328343.52,TRANSFER
2019-11-05,SERVICEBRANCHCHENNAITOCLGCHQ00898765CRVANDHANA,10000.0,0.0,7318343.52,CHQ
2019-11-05,SERVICEBRANCHCHENNAITOCLGCHQ00898764CRSUJITHKUMARHUF,5000.0,0.0,7313343.52,CHQ
2019-11-05,SERVICEBRANCHCHENNAITOCLGCHQ00865746CRSUMANKUMARHUF,12000.0,0.0,7301343.52,CHQ
2019-11-05,MUMBAIFORTWITHDRAWALTRANSFERBKarthikeyanIDIBH19309250338CRTRANSFER24,200013.0,0.0,7101330.52,TRANSFER
2019-11-05,SERVICEBRANCHCHENNAIECSMANDATECRDEBITRANSFERTO,73354.0,0.0,7027976.52,EMI-DEBIT
2019-11-05,MUMBAIFORTC ACFEESCRANNANAGARSUPE1637TRANSFER27,0.0,8599.0,7036575.52,TRANSFER
2019-11-05,MUMBAIFORTC ACFEESCRANNANAGARSUPE1469TRANSFER28,0.0,8119.0,7044694.52,TRANSFER
2019-11-05,MUMBAIFORTC ACFEESCRSANTHOSHSUPERM107TRANSFER24,0.0,2374.0,7047068.52,TRANSFER
2019-11-05,MUMBAIFORTC ACFEESCRSANTHOSHSUPERM995TRANSFER20,0.0,2113.0,7049181.52,TRANSFER
2019-11-05,MUMBAIFORTC ACFEESCRSANTHOSHSUPERM984TRANSFER29,0.0,1888.0,7051069.52,TRANSFER
2019-11-05,MUMBAIFORTC ACFEESCRSANTHOSHSUPERM815TRANSFER21,0.0,28126.0,7079195.52,TRANSFER
2019-11-05,MUMBAIFORTC ACFEESCRKALIGAMBALFRUI2211TRANSFER27,0.0,3897.0,7083092.52,TRANSFER
2019-11-06,SERVICEBRANCHCHENNAIECSMANDATECRDEBITRANSFERTO,1100000.0,0.0,5983092.52,EMI-DEBIT
2019-11-06,ATMSERVICEBYTRANSFERCRBRANCH IMPS 155 noTRANSFE461,0.0,50000.0,6033092.52,IMPS
2019-11-06,MUMBAIFORTC ACFEESCRSANTHOSHSUPERM808TRANSFER24,0.0,2531.0,6035623.52,TRANSFER
2019-11-06,TIRUMANGALAMCASHDEPOSITCRDepositbySELF,0.0,200000.0,6235623.52,CASH
2019-11-06,MUMBAIFORTC ACFEESCRAMMANFRUITS319TRANSFER29,0.0,10447.0,6246070.52,TRANSFER
2019-11-06,MUMBAIFORTC ACFEESSRICRMEENAKSHIAM117TRANSFER24,0.0,1596.0,6247666.52,TRANSFER
2019-11-06,MUMBAIFORTC ACFEESTHECRKARURVYSYA740TRANSFER28,0.0,3516.0,6251182.52,TRANSFER
2019-11-07,SERVICEBRANCHCHENNAIECSMANDATECRDEBITRANSFERTO,1295384.0,0.0,4955798.52,EMI-DEBIT
2019-11-07,TIRUMANGALAMCASHDEPOSITCRDepositbySELF,0.0,135000.0,5090798.52,CASH
2019-11-07,MUMBAIFORTC ACFEESCRSANTHOSHSUPERM726TRANSFER26,0.0,320.0,5091118.52,TRANSFER
2019-11-07,MUMBAIFORTC ACFEESKPNCRFARMFRESHP221TRANSFER21,0.0,634.0,5091752.52,TRANSFER
2019-11-08,SERVICEBRANCHCHENNAICHEQUEDEPO00022172CRICICIBANKINGCORPORATION0446CTSG,0.0,700000.0,5791752.52,CHQ
2019-11-08,SERVICEBRANCHCHENNAICHEQUEDEPO00791838CRSOUTHINDIANBANKLTD0446CTSCLG791838CLG791838 SIB,0.0,6047.0,5797799.52,CHQ
2019-11-08,TIRUMANGALAMCASHDEPOSITCRDepositbySELF,0.0,120000.0,5917799.52,CASH
2019-11-08,MUMBAIFORTWITHDRAWALTRANSFERINBISCOCRINDIAPV711TRANSFER24,145013.0,0.0,5772786.52,TRANSFER
2019-11-08,SERVICEBRANCHCHENNAIWITHDRAWALTRANSFER0059055MandateReg11500CRChgsTRANSFERTO,115.0,0.0,5772671.52,BANK-CHARGES
2019-11-11,SERVICEBRANCHCHENNAITOCLGCHQ00865728CRICICIBANKLtd,35447.0,0.0,5737224.52,EMI-DEBIT
2019-11-11,MUMBAIFORTC ACFEESCRSAARALRESORTSA424TRANSFER23,0.0,10799.0,5748023.52,TRANSFER
2019-11-11,COREBANKINGWITHDRAWALTRANSFERBILLDESKRINB8189471341 BPCLSMTFLT TRANSFERCRDATACENTRETO,10008.26,0.0,5738015.26,ONLINE-PAYMENT
2019-11-11,TIRUMANGALAMCASHDEPOSITCRDepositbySELF,0.0,345000.0,6083015.26,CASH
2019-11-11,MUMBAIFORTC ACFEESRGCRNENTERPRITRANSFE129,0.0,4800.0,6087815.26,TRANSFER
2019-11-11,MUMBAIFORTC ACFEESCRSANTHOSHSUPERM324TRANSFER20,0.0,3806.0,6091621.26,TRANSFER
2019-11-11,MUMBAIFORTC ACFEESCRLIMR9648TRANSFE128,0.0,13937.0,6105558.26,TRANSFER
2019-11-11,MUMBAIFORTC ACFEESCRHECTORBEVER6578579TRANSFER21,0.0,6290.0,6111848.26,TRANSFER
2019-11-11,MUMBAIFORTC ACFEESCRHECTORBEVER6578843TRANSFER25,0.0,15000.0,6126848.26,TRANSFER
2019-11-11,MUMBAIFORTC ACFEESCRHECTORBEVER6578805TRANSFER26,0.0,15000.0,6141848.26,TRANSFER
2019-11-11,MUMBAIFORTC ACFEESCRHECTORBEVER6578577TRANSFER23,0.0,15000.0,6156848.26,TRANSFER
2019-11-11,MUMBAIFORTC ACFEESCRHECTORBEVER6578573TRANSFER24,0.0,15000.0,6171848.26,TRANSFER
2019-11-11,CASHDEPCRCHRGSOTHER,145.0,0.0,6171703.26,DEPOSIT-CHARGES
2019-11-12,SERVICEBRANCHCHENNAIECSMANDATECRDEBITRANSFERTO,223319.0,0.0,5948384.26,EMI-DEBIT
2019-11-12,TIRUMANGALAMCASHDEPOSITCRDepositbySELF,0.0,50000.0,5998384.26,CASH
2019-11-12,MUMBAIFORTC ACFEESCRSANTHOSHSUPERM531TRANSFER24,0.0,23488.0,6021872.26,TRANSFER
2019-11-12,SERVICEBRANCHCHENNAIWITHDRAWALTRANSFER0059055MandateReg11500CRChgsTRANSFERTO,115.0,0.0,6021757.26,BANK-CHARGES
2019-11-12,MUMBAIFORTC ACFEESCRKALIGAMBALFRUI0659TRANSFER20,0.0,8038.0,6029795.26,TRANSFER
2019-11-12,MUMBAIFORTC ACFEESSRICRMEENAKSHIAM164TRANSFER27,0.0,13128.0,6042923.26,TRANSFER
2019-11-12,MUMBAIFORTC ACFEESKPNCRFARMFRESHP954TRANSFER28,0.0,4071.0,6046994.26,TRANSFER
2019-11-13,ATMSERVICEBYTRANSFERCRBRANCH IMPS 581 CrystalTRANSFE461,0.0,17518.0,6064512.26,IMPS
2019-11-13,TIRUMANGALAMCASHDEPOSITCRDepositbySELF,0.0,420000.0,6484512.26,CASH
2019-11-13,MUMBAIFORTC ACFEESCRSANTHOSHSUPERM854TRANSFER24,0.0,8606.0,6493118.26,TRANSFER
2019-11-13,MUMBAIFORTWITHDRAWALTRANSFERHECTORBEVERAGESPIDIBH19317246039CRTRANSFER24,250028.0,0.0,6243090.26,TRANSFER
2019-11-13,MUMBAIFORTC ACFEESTHECRKARURVYSYA617TRANSFER28,0.0,2137.0,6245227.26,TRANSFER
2019-11-13,MUMBAIFORTC ACFEESCRANNAISUPERMAR5094TRANSFER28,0.0,7905.0,6253132.26,TRANSFER
2019-11-13,CASHDEPCRCHRGSOTHER,220.0,0.0,6252912.26,DEPOSIT-CHARGES
2019-11-14,TIRUMANGALAMCASHDEPOSITCRDepositbySELF,0.0,270000.0,6522912.26,CASH
2019-11-14,MUMBAIFORTC ACFEESCRAMMANFRUITS525TRANSFER27,0.0,23941.0,6546853.26,TRANSFER
2019-11-14,ATMSERVICEBYTRANSFERCRBRANCH IMPS 503 KishoreMktgTRANSFER61,0.0,14000.0,6560853.26,INTER-FIRM
2019-11-14,SERVICEBRANCHCHENNAIWITHDRAWALTRANSFER0059055MandateReg11500CRChgsTRANSFERTO,115.0,0.0,6560738.26,BANK-CHARGES
2019-11-14,CASHDEPCRCHRGSOTHER,100.0,0.0,6560638.26,DEPOSIT-CHARGES
2019-11-15,SERVICEBRANCHCHENNAIECSMANDATECRDEBITRANSFERTO,73930.0,0.0,6486708.26,EMI-DEBIT
2019-11-15,MUMBAIFORTWITHDRAWALTRANSFERINVENTZLIFESCIENIDIBH19319336548CRTRANSFER24,200013.0,0.0,6286695.26,TRANSFER
2019-11-15,TIRUMANGALAMCASHDEPOSITCRDepositbySELF,0.0,210000.0,6496695.26,CASH
2019-11-15,ATMSERVICEBYTRANSFERCRBRANCHUPITRAN8330 PaperboatTRANSFER66,0.0,25277.0,6521972.26,UPI
2019-11-15,ATMSERVICEBYTRANSFERCRBRANCH IMPS 684 ASsupermarketRedBullTRANSFER61,0.0,2000.0,6523972.26,IMPS
2019-11-15,MUMBAIFORTWITHDRAWALTRANSFERINBISCOCRINDIAPV170TRANSFER24,200013.0,0.0,6323959.26,TRANSFER
2019-11-15,MUMBAIFORTC ACFEESCRSUDHARSANAG737175TRANSFE121,0.0,10219.0,6334178.26,TRANSFER
2019-11-15,MUMBAIFORTC ACFEESCRKARUVALURMARIA3268TRANSFER23,0.0,7093.0,6341271.26,TRANSFER
2019-11-15,CASHDEPCRCHRGSOTHER,100.0,0.0,6341171.26,DEPOSIT-CHARGES
2019-11-16,SERVICEBRANCHCHENNAIECSMANDATECRDEBITRANSFERTO,124157.6,0.0,6217013.66,EMI-DEBIT
2019-11-16,MUMBAIFORTC ACFEESCRANNANAGARS3266726TRANSFER29,0.0,4053.0,6221066.66,TRANSFER
2019-11-16,TIRUMANGALAMCASHDEPOSITCRDepositbySELF,0.0,125000.0,6346066.66,CASH
2019-11-18,MUMBAIFORTC ACFEESMRCRVBALAKUMAR666TRANSFER25,0.0,10000.0,6356066.66,TRANSFER
2019-11-18,SERVICEBRANCHCHENNAICHEQUEDEPO00022173CRICICIBANKINGCORPORATION0446CTSG,0.0,800000.0,7156066.66,CHQ
2019-11-18,COREBANKINGWITHDRAWALTRANSFERBILLDESKRINB8212932330 BPCLSMTFLT TRANSFERCRDATACENTRETO,10008.26,0.0,7146058.4,ONLINE-PAYMENT
2019-11-18,TIRUMANGALAMCASHDEPOSITCRDepositbySELF,0.0,120000.0,7266058.4,CASH
2019-11-18,MUMBAIFORTC ACFEESCRSANTHOSHSUPERM946TRANSFER25,0.0,2695.0,7268753.4,TRANSFER
2019-11-18,MUMBAIFORTC ACFEESCRHAWIEEXIM550TRANSFER23,0.0,32970.0,7301723.4,TRANSFER
2019-11-18,COREBANKINGWITHDRAWALTRANSFERTransferCRDATACENTREKishoremarketingTRANSFERTO,71573.0,0.0,7230150.4,TRANSFER
2019-11-18,MUMBAIFORTC ACFEESCRLIMR7380TRANSFE125,0.0,3801.0,7233951.4,TRANSFER
2019-11-18,MUMBAIFORTC ACFEESCRLIMR7399TRANSFE121,0.0,1688.0,7235639.4,TRANSFER
2019-11-19,SERVICEBRANCHCHENNAITOCLGCHQ00865750CRSUMANKUMARHUF,600000.0,0.0,6635639.4,EMI-DEBIT
2019-11-19,SERVICEBRANCHCHENNAITOCLGCHQ00865749CRSUMANKUMARHUF,12000.0,0.0,6623639.4,CHQ
2019-11-19,SERVICEBRANCHCHENNAITOCLGCHQ00865748CRVANDHANA,10000.0,0.0,6613639.4,CHQ
2019-11-19,SERVICEBRANCHCHENNAITOCLGCHQ00865747CRSUJITHKUMARHUF,5000.0,0.0,6608639.4,CHQ
2019-11-19,MUMBAIFORTC ACFEESCRPONNUSUPER4790778TRANSFER29,0.0,9049.0,6617688.4,TRANSFER
2019-11-19,MUMBAIFORTC ACFEESCRSARAVANAST4793387TRANSFER21,0.0,92042.0,6709730.4,TRANSFER
2019-11-19,MUMBAIFORTC ACFEESCRSARAVANAST4794241TRANSFER23,0.0,54833.0,6764563.4,TRANSFER
2019-11-19,SERVICEBRANCHCHENNAIECSMANDATECRDEBITRANSFERTO,636876.0,0.0,6127687.4,EMI-DEBIT
2019-11-19,TIRUMANGALAMCASHDEPOSITCRDepositbySELF,0.0,170000.0,6297687.4,CASH
2019-11-19,MUMBAIFORTC ACFEESCRDRUGSPARKPHAR1747TRANSFER21,0.0,2806.0,6300493.4,TRANSFER
2019-11-19,MUMBAIFORTC ACFEESCRSANTHOSHSUPERM389TRANSFER28,0.0,2339.0,6302832.4,TRANSFER
2019-11-19,MUMBAIFORTC ACFEESCRSANTHOSHSUPERM217TRANSFER21,0.0,1035.0,6303867.4,TRANSFER
2019-11-19,MUMBAIFORTC ACFEESCRSANTHOSHSUPERM165TRANSFER20,0.0,1350.0,6305217.4,TRANSFER
2019-11-19,MUMBAIFORTC ACFEESCRSANTHOSHSUPERM057TRANSFER23,0.0,360.0,6305577.4,TRANSFER
2019-11-20,TIRUMANGALAMCASHDEPOSITCRDepositbySELF,0.0,250000.0,6555577.4,CASH
2019-11-20,TIRUMANGALAMCHQTRANSFE00865751CR,82889.0,0.0,6472688.4,CHQ
2019-11-20,MUMBAIFORTC ACFEESRSCRPHARMACY456TRANSFER21,0.0,1031.0,6473719.4,TRANSFER
2019-11-20,ATMSERVICEBYTRANSFERCRBRANCH IMPS 899 KishoreTRANSFE461,0.0,70000.0,6543719.4,INTER-FIRM
2019-11-20,CASHDEPCRCHRGSOTHER,100.0,0.0,6543619.4,DEPOSIT-CHARGES
2019-11-21,MUMBAIFORTC ACFEESCRnavasakthivinay868TRANSFER20,0.0,1710.0,6545329.4,TRANSFER
2019-11-21,MUMBAIFORTC ACFEESCRAROCKIYASATRANSFE120,0.0,10000.0,6555329.4,TRANSFER
2019-11-21,TIRUMANGALAMCASHDEPOSITCRDepositbySELF,0.0,425000.0,6980329.4,CASH
2019-11-21,MUMBAIFORTC ACFEESCRKALIGAMBALFRUI4692TRANSFER21,0.0,2929.0,6983258.4,TRANSFER
2019-11-21,MUMBAIFORTC ACFEESCRVENKATESWARA811677TRANSFER29,0.0,3668.0,6986926.4,TRANSFER
2019-11-21,CASHDEPCRCHRGSOTHER,225.0,0.0,6986701.4,DEPOSIT-CHARGES
2019-11-22,MUMBAIFORTC ACFEESCRMCRENNETTF7627363TRANSFER23,0.0,3957.0,6990658.4,TRANSFER
2019-11-22,TIRUMANGALAMCASHDEPOSITCRDepositbySELF,0.0,120000.0,7110658.4,CASH
2019-11-22,MUMBAIFORTC ACFEESCRSANTHOSHSUPERM704TRANSFER27,0.0,21593.0,7132251.4,TRANSFER
2019-11-22,MUMBAIFORTC ACFEESCRSANTHOSHSUPERM986TRANSFER29,0.0,5666.0,7137917.4,TRANSFER
2019-11-22,MUMBAIFORTWITHDRAWALTRANSFERINBISCOCRINDIAPV694TRANSFER24,200013.0,0.0,6937904.4,TRANSFER
2019-11-25,SERVICEBRANCHCHENNAITOCLGCHQ00898760CRCAVINKAREPVTLTD,319907.0,0.0,6617997.4,CHQ
2019-11-25,TIRUMANGALAMCASHDEPOSITCRDepositbySELF,0.0,110000.0,6727997.4,CASH
2019-11-25,MUMBAIFORTC ACFEESCRSANTHOSHSUPERM831TRANSFER20,0.0,5861.0,6733858.4,TRANSFER
2019-11-25,MUMBAIFORTC ACFEESCRZENITHFOOD21DCTRANSFE120,0.0,4644.0,6738502.4,TRANSFER
2019-11-25,MUMBAIFORTC ACFEESCRSANTHOSHSUPERM369TRANSFER24,0.0,18390.0,6756892.4,TRANSFER
2019-11-25,MUMBAIFORTC ACFEESCRANNANAGARSUPE3798TRANSFER21,0.0,11795.0,6768687.4,TRANSFER
2019-11-25,MUMBAIFORTC ACFEESCRAMMANFRUITS562TRANSFER23,0.0,10290.0,6778977.4,TRANSFER
2019-11-26,SERVICEBRANCHCHENNAIECSMANDATECRDEBITRANSFERTO,441920.11,0.0,6337057.29,EMI-DEBIT
2019-11-26,SERVICEBRANCHCHENNAIECSMANDATECRDEBITRANSFERTO,396540.89,0.0,5940516.4,EMI-DEBIT
2019-11-26,TIRUMANGALAMCASHDEPOSITCRDepositbySELF,0.0,300000.0,6240516.4,CASH
2019-11-26,MUMBAIFORTC ACFEESCRSANTHOSHSUPERM283TRANSFER20,0.0,2170.0,6242686.4,TRANSFER
2019-11-26,MUMBAIFORTC ACFEESRSCRPHARMACY833TRANSFER24,0.0,1489.0,6244175.4,TRANSFER
2019-11-26,MUMBAIFORTC ACFEESCRPONNUSUPERMARK443TRANSFER26,0.0,1620.0,6245795.4,TRANSFER
2019-11-26,CASHDEPCRCHRGSOTHER,100.0,0.0,6245695.4,DEPOSIT-CHARGES
2019-11-27,COREBANKINGWITHDRAWALTRANSFERCRDATACENTREGSTPAYATRANSFERTO,63500.0,0.0,6182195.4,GST
2019-11-27,MUMBAIFORTC ACFEESCRSANTHOSHSUPERM642TRANSFER24,0.0,1932.0,6184127.4,TRANSFER
2019-11-27,MUMBAIFORTC ACFEESCRSANTHOSHSUPERM670TRANSFER29,0.0,2399.0,6186526.4,TRANSFER
2019-11-27,ATMSERVICEBYTRANSFERCRBRANCH IMPS 982 KishoreTRANSFE461,0.0,17588.0,6204114.4,INTER-FIRM
2019-11-27,MUMBAIFORTC ACFEESCRLIMR2333TRANSFE121,0.0,11552.0,6215666.4,TRANSFER
2019-11-27,MUMBAIFORTC ACFEESCRLIMR2288TRANSFE120,0.0,882.0,6216548.4,TRANSFER
2019-11-28,SERVICEBRANCHCHENNAITOCLGCHQ00898762CRCAVINKAREPVTLTD,187365.0,0.0,6029183.4,CHQ
2019-11-28,COREBANKINGWITHDRAWALTRANSFERBILLDESKRINB8245766158 BPCLSMTFLT TRANSFERCRDATACENTRETO,10008.26,0.0,6019175.14,ONLINE-PAYMENT
2019-11-28,SERVICEBRANCHCHENNAIECSMANDATECRDEBITRANSFERTO,91377.0,0.0,5927798.14,EMI-DEBIT
2019-11-28,MUMBAIFORTC ACFEESMACCRS852TRANSFER28,0.0,2517.0,5930315.14,TRANSFER
2019-11-28,MUMBAIFORTC ACFEESCRPONNUSUPER2388716TRANSFER23,0.0,4771.0,5935086.14,TRANSFER
2019-11-28,MUMBAIFORTWITHDRAWALTRANSFERINBISCOCRINDIAPV921TRANSFER24,283028.0,0.0,5652058.14,TRANSFER
2019-11-28,MUMBAIFORTWITHDRAWALTRANSFERCRREDBULLINDIAP257TRANSFER24,300028.0,0.0,5352030.14,TRANSFER
2019-11-28,TIRUMANGALAMCASHDEPOSITCRDepositbySELF,0.0,100000.0,5452030.14,CASH
2019-11-28,MUMBAIFORTC ACFEESTHECRKARURVYSYA296TRANSFER29,0.0,5436.0,5457466.14,TRANSFER
2019-11-28,MUMBAIFORTC ACFEESCRAMMANFRUITS092TRANSFER21,0.0,6339.0,5463805.14,TRANSFER
2019-11-28,MUMBAIFORTC ACFEESSRICRMEENAKSHIAM998TRANSFER24,0.0,3044.0,5466849.14,TRANSFER
2019-11-28,COREBANKINGBYTRANSFERCRDATACENTRETransfer87844KishoreTRANSFE09,0.0,16075.0,5482924.14,TRANSFER
2019-11-28,MUMBAIFORTC ACFEESMACCRS203TRANSFER20,0.0,2517.0,5485441.14,TRANSFER
2019-11-29,MUMBAIFORTC ACFEESKPNCRFARMFRESHP253TRANSFER27,0.0,5538.0,5490979.14,TRANSFER
2019-11-29,COREBANKINGWITHDRAWALTRANSFERCRDATACENTREGSTPAYATRANSFERTO,95953.0,0.0,5395026.14,GST
2019-11-29,MUMBAIFORTC ACFEESCRSANTHOSHSUPERM806TRANSFER27,0.0,8589.0,5403615.14,TRANSFER
2019-11-29,MUMBAIFORTC ACFEESCRSANTHOSHSUPERM306TRANSFER21,0.0,10455.0,5414070.14,TRANSFER
2019-11-29,MUMBAIFORTC ACFEESCRSANTHOSHSUPERM274TRANSFER21,0.0,1250.0,5415320.14,TRANSFER
2019-11-29,MUMBAIFORTC ACFEESCRSANTHOSHSUPERM118TRANSFER26,0.0,7917.0,5423237.14,TRANSFER
2019-11-29,TIRUMANGALAMCASHDEPOSITCRDepositbySELF,0.0,100000.0,5523237.14,CASH
2019-11-29,MUMBAIFORTWITHDRAWALTRANSFERHECTORBEVERAGESPIDIBH19333496461CRTRANSFER24,500028.0,0.0,5023209.14,TRANSFER
2019-11-30,SERVICEBRANCHCHENNAITOCLGCHQ00898735CRSECEDCWEST,3100.0,0.0,5020109.14,CHQ
2019-11-30,SERVICEBRANCHCHENNAIECSMANDATECRDEBITRANSFERTO,334960.0,0.0,4685149.14,EMI-DEBIT
2019-11-30,SERVICEBRANCHCHENNAICHEQUEDEPO00022174CRICICIBANKINGCORPORATION0446CTSG,0.0,800000.0,5485149.14,CHQ
2019-11-30,TIRUMANGALAMCASHDEPOSITCRDepositbySELF,0.0,165000.0,5650149.14,CASH
2019-12-02,SERVICEBRANCHCHENNAITOCLGCHQ00898734CRSECEDCWEST,19564.0,0.0,5630585.14,CHQ
2019-12-02,SERVICEBRANCHCHENNAIECSMANDATECRDEBITRANSFERTO,93151.0,0.0,5537434.14,EMI-DEBIT
2019-12-02,TIRUMANGALAMCASHDEPOSITCRDepositbySELF,0.0,100000.0,5637434.14,CASH
2019-12-02,MUMBAIFORTC ACFEESCRLIMR7290TRANSFE121,0.0,1476.0,5638910.14,TRANSFER
2019-12-02,MUMBAIFORTC ACFEESCRLIMR7951TRANSFE128,0.0,11966.0,5650876.14,TRANSFER
2019-12-02,MUMBAIFORTC ACFEESSRICRMEENAKSHIAM538TRANSFER29,0.0,1907.0,5652783.14,TRANSFER
2019-12-02,MUMBAIFORTC ACFEESCRKALIGAMBALFRUI8369TRANSFER28,0.0,2368.0,5655151.14,TRANSFER
2019-12-03,TIRUMANGALAMCASHDEPOSITCRDepositbySELF,0.0,110000.0,5765151.14,CASH
2019-12-03,MUMBAIFORTC ACFEESCRPONNUSUPERMARK487TRANSFER20,0.0,3642.0,5768793.14,TRANSFER
2019-12-04,SERVICEBRANCHCHENNAIECSMANDATECRDEBITRANSFERTO,1000000.0,0.0,4768793.14,EMI-DEBIT
2019-12-04,MUMBAIFORTC ACFEESCRPONNUSUPER8619478TRANSFER21,0.0,3781.0,4772574.14,TRANSFER
2019-12-04,MUMBAIFORTC ACFEESCRSANTHOSHSUPERM117TRANSFER21,0.0,6183.0,4778757.14,TRANSFER
2019-12-04,MUMBAIFORTC ACFEESCRSANTHOSHSUPERM800TRANSFER20,0.0,1821.0,4780578.14,TRANSFER
2019-12-04,ATMSERVICEBYTRANSFERCRBRANCH IMPS 349 kishorwTRANSFE461,0.0,10829.0,4791407.14,INTER-FIRM
2019-12-05,MUMBAIFORTC ACFEESCRSARAVANAST9406405TRANSFER23,0.0,70910.0,4862317.14,TRANSFER
2019-12-05,SERVICEBRANCHCHENNAITOCLGCHQ00898761CRCAVINKAREPVTLTD,326616.0,0.0,4535701.14,CHQ
2019-12-05,MUMBAIFORTC ACFEESM SCRMADRASAGRO553TRANSFER21,0.0,4508.0,4540209.14,TRANSFER
2019-12-05,MUMBAIFORTWITHDRAWALTRANSFERBKarthikeyanIDIBH19339350280CRTRANSFER24,200013.0,0.0,4340196.14,TRANSFER
2019-12-05,SERVICEBRANCHCHENNAIECSMANDATECRDEBITRANSFERTO,73354.0,0.0,4266842.14,EMI-DEBIT
2019-12-05,MUMBAIFORTC ACFEESCRSANTHOSHSUPERM330TRANSFER24,0.0,2372.0,4269214.14,TRANSFER
2019-12-05,ATMSERVICEBYTRANSFERCRBRANCH IMPS 960 ASsupermarketGalaxypTRANSFE461,0.0,1000.0,4270214.14,IMPS
2019-12-05,SERVICEBRANCHCHENNAIECSMANDATECRDEBITRANSFERTO,942757.0,0.0,3327457.14,EMI-DEBIT
2019-12-05,MUMBAIFORTC ACFEESCRSANTHOSHSUPERM442TRANSFER23,0.0,27183.0,3354640.14,TRANSFER
2019-12-05,MUMBAIFORTC ACFEESCRSUDHARSANAG788895TRANSFE129,0.0,14598.0,3369238.14,TRANSFER
2019-12-06,SERVICEBRANCHMUMBAICHEQUEWDL00865733CRADITYABIRLAFINANCE,56513.0,0.0,3312725.14,EMI-DEBIT
2019-12-06,MUMBAIFORTC ACFEESCRSARAVANAST0852713TRANSFER23,0.0,58339.0,3371064.14,TRANSFER
2019-12-06,MUMBAIFORTC ACFEESCRSARAVANAST0827050TRANSFER29,0.0,62078.0,3433142.14,TRANSFER
2019-12-06,MUMBAIFORTC ACFEESCRAMMANFRUITS975TRANSFER24,0.0,3855.0,3436997.14,TRANSFER
2019-12-06,MUMBAIFORTC ACFEESCRANNAISUPERMAR9990TRANSFER25,0.0,4904.0,3441901.14,TRANSFER
2019-12-07,MUMBAIFORTC ACFEESTHECRKARURVYSYA049TRANSFER20,0.0,2390.0,3444291.14,TRANSFER
2019-12-07,MUMBAIFORTC ACFEESCRSANTHOSHSUPERM722TRANSFER23,0.0,6300.0,3450591.14,TRANSFER
2019-12-07,MUMBAIFORTWITHDRAWALTRANSFERINVENTZLIFESCIENIDIBH19341122487CRTRANSFER24,25693.0,0.0,3424898.14,TRANSFER
2019-12-09,SERVICEBRANCHCHENNAITOCLGCHQ00865752CRSJINFOTECH,5310.0,0.0,3419588.14,CHQ
2019-12-09,MUMBAIFORTC ACFEESCRSREESUPERB2996699TRANSFER21,0.0,4024.0,3423612.14,TRANSFER
2019-12-09,COREBANKINGWITHDRAWALTRANSFERBILLDESKRINB8286139803 BPCLSMTFLT TRANSFERCRDATACENTRETO,10008.26,0.0,3413603.88,ONLINE-PAYMENT
2019-12-09,MUMBAIFORTC ACFEESCRPONNUSUPERMAR0522TRANSFER21,0.0,35916.0,3449519.88,TRANSFER
2019-12-09,MUMBAIFORTC ACFEESKPNCRFARMFRESHP229TRANSFER20,0.0,3300.0,3452819.88,TRANSFER
2019-12-09,MUMBAIFORTC ACFEESCRPONNUSUPERMARK901TRANSFER28,0.0,1260.0,3454079.88,TRANSFER
2019-12-09,MUMBAIFORTC ACFEESCRNavasakthiVinay406TRANSFER26,0.0,833.0,3454912.88,TRANSFER
2019-12-10,MUMBAIFORTC ACFEESCRSREESUPERB4378568TRANSFER20,0.0,7378.0,3462290.88,TRANSFER
2019-12-10,SERVICEBRANCHCHENNAIECSMANDATECRDEBITRANSFERTO,35447.0,0.0,3426843.88,EMI-DEBIT
2019-12-10,SERVICEBRANCHCHENNAIECSMANDATECRDEBITRANSFERTO,634315.0,0.0,2792528.88,EMI-DEBIT
2019-12-10,MUMBAIFORTC ACFEESCRKARUVALURMARIA0677TRANSFER26,0.0,4163.0,2796691.88,TRANSFER
2019-12-10,MUMBAIFORTC ACFEESCRHECTORBEVER2474213TRANSFER21,0.0,14000.0,2810691.88,TRANSFER
2019-12-10,MUMBAIFORTC ACFEESCRHECTORBEVER2474069TRANSFER23,0.0,5200.0,2815891.88,TRANSFER
2019-12-10,MUMBAIFORTC ACFEESCRHECTORBEVER2474220TRANSFER24,0.0,15000.0,2830891.88,TRANSFER
2019-12-10,MUMBAIFORTC ACFEESCRHECTORBEVER2474028TRANSFER24,0.0,7500.0,2838391.88,TRANSFER
2019-12-10,MUMBAIFORTC ACFEESCRHECTORBEVER2474062TRANSFER25,0.0,4500.0,2842891.88,TRANSFER
2019-12-10,MUMBAIFORTC ACFEESCRHECTORBEVER2474204TRANSFER26,0.0,15000.0,2857891.88,TRANSFER
2019-12-10,ATMSERVICEBYTRANSFERCRBRANCH IMPS 601 TRANSFERTRANSFER61,0.0,6001.0,2863892.88,IMPS
2019-12-10,TIRUMANGALAMCASHDEPOSITCRDepositbySELF,0.0,130000.0,2993892.88,CASH
2019-12-10,MUMBAIFORTC ACFEESCRDRUGSPARKPHAR3759TRANSFER28,0.0,1388.0,2995280.88,TRANSFER
2019-12-10,MUMBAIFORTC ACFEESCRSANTHOSHSUPERM754TRANSFER21,0.0,2543.0,2997823.88,TRANSFER
2019-12-10,MUMBAIFORTC ACFEESCRSANTHOSHSUPERM266TRANSFER28,0.0,2309.0,3000132.88,TRANSFER
2019-12-10,MUMBAIFORTC ACFEESCRSANTHOSHSUPERM936TRANSFER24,0.0,4361.0,3004493.88,TRANSFER
2019-12-10,MUMBAIFORTC ACFEESCRSANTHOSHSUPERM860TRANSFER21,0.0,4837.0,3009330.88,TRANSFER
2019-12-10,MUMBAIFORTC ACFEESCRSANTHOSHSUPERM853TRANSFER25,0.0,4517.0,3013847.88,TRANSFER
2019-12-10,MUMBAIFORTC ACFEESCRKALIGAMBALFRUI9138TRANSFER21,0.0,2986.0,3016833.88,TRANSFER
2019-12-10,MUMBAIFORTC ACFEESCRLIMR8007TRANSFE126,0.0,1928.0,3018761.88,TRANSFER
2019-12-10,MUMBAIFORTC ACFEESCRLIMR7996TRANSFE125,0.0,10261.0,3029022.88,TRANSFER
2019-12-11,MUMBAIFORTC ACFEESCRPONNUSUPER5768480TRANSFER21,0.0,5981.0,3035003.88,TRANSFER
2019-12-11,MUMBAIFORTWITHDRAWALTRANSFERINVENTZLIFESCIENIDIBH19345256420CRTRANSFER24,26559.0,0.0,3008444.88,TRANSFER
2019-12-11,MUMBAIFORTC ACFEESCRANNAISUPERMAR3397TRANSFER23,0.0,2159.0,3010603.88,TRANSFER
2019-12-11,TIRUMANGALAMCASHDEPOSITCRDepositbySELF,0.0,200000.0,3210603.88,CASH
2019-12-11,MUMBAIFORTC ACFEESRSCRPHARMACY972TRANSFER26,0.0,1235.0,3211838.88,TRANSFER
2019-12-11,MUMBAIFORTC ACFEESCRSANTHOSHSUPERM446TRANSFER23,0.0,474.0,3212312.88,TRANSFER
2019-12-11,ATMSERVICEBYTRANSFERCRBRANCH IMPS 916 transferTRANSFE461,0.0,3298.0,3215610.88,IMPS
2019-12-11,MUMBAIFORTC ACFEESCRSANTHOSHSUPERM999TRANSFER25,0.0,5091.0,3220701.88,TRANSFER
2019-12-11,MUMBAIFORTC ACFEESCRANNACHIENTE6321154TRANSFER20,0.0,24591.0,3245292.88,TRANSFER
2019-12-12,TIRUMANGALAMCASHDEPOSITCRDepositbySELF,0.0,250000.0,3495292.88,CASH
2019-12-12,MUMBAIFORTC ACFEESCRSANTHOSHSUPERM682TRANSFER25,0.0,22236.0,3517528.88,TRANSFER
2019-12-12,COREBANKINGBYTRANSFERCRDATACENTRETransfer87844kishoreTRANSFE09,0.0,2635.0,3520163.88,TRANSFER
2019-12-12,ATMSERVICEBYTRANSFERCRBRANCH IMPS 400 3billspendingpaymentTRANSFE461,0.0,1615.0,3521778.88,IMPS
2019-12-12,MUMBAIFORTC ACFEESRSCRPHARMACY781TRANSFER26,0.0,811.0,3522589.88,TRANSFER
2019-12-12,CASHDEPCRCHRGSOTHER,100.0,0.0,3522489.88,DEPOSIT-CHARGES
2019-12-13,MUMBAIFORTC ACFEESCRSANTHOSHSUPERM935TRANSFER27,0.0,5871.0,3528360.88,TRANSFER
2019-12-13,TIRUMANGALAMCASHDEPOSITCRDepositbySELF,0.0,100000.0,3628360.88,CASH
2019-12-13,MUMBAIFORTWITHDRAWALTRANSFERINBISCOCRINDIAPV382TRANSFER24,322028.0,0.0,3306332.88,TRANSFER
2019-12-13,MUMBAIFORTC ACFEESSRICRMEENAKSHIAM453TRANSFER29,0.0,4937.0,3311269.88,TRANSFER
2019-12-13,MUMBAIFORTC ACFEESTHECRKARURVYSYA550TRANSFER25,0.0,3832.0,3315101.88,TRANSFER
2019-12-16,SERVICEBRANCHCHENNAICHEQUEDEPO00022175CRICICIBANKINGCORPORATION0446CTSG,0.0,800000.0,4115101.88,CHQ
2019-12-16,TIRUMANGALAMCASHDEPOSITCRDepositbySELF,0.0,275000.0,4390101.88,CASH
2019-12-16,MUMBAIFORTWITHDRAWALTRANSFERCRSNJSugarsandp343TRANSFER24,112190.0,0.0,4277911.88,TRANSFER
2019-12-16,MUMBAIFORTC ACFEESCRSANTHOSHSUPERM981TRANSFER26,0.0,2249.0,4280160.88,TRANSFER
2019-12-16,MUMBAIFORTC ACFEESCRPONNUSUPER9494026TRANSFER29,0.0,3016.0,4283176.88,TRANSFER
2019-12-16,MUMBAIFORTC ACFEESCRANNANAGARSUPE6217TRANSFER20,0.0,8967.0,4292143.88,TRANSFER
2019-12-16,MUMBAIFORTC ACFEESCRKALIGAMBALFRUI9829TRANSFER21,0.0,9438.0,4301581.88,TRANSFER
2019-12-16,MUMBAIFORTC ACFEESCRSREESUPERB0212643TRANSFER24,0.0,1695.0,4303276.88,TRANSFER
2019-12-16,CASHDEPCRCHRGSOTHER,100.0,0.0,4303176.88,DEPOSIT-CHARGES
2019-12-17,ATMSERVICEBYTRANSFERCRBRANCH IMPS E461,0.0,10000.0,4313176.88,IMPS
2019-12-17,MUMBAIFORTC ACFEESCRMCRENNETTF0236940TRANSFER23,0.0,2053.0,4315229.88,TRANSFER
2019-12-17,SERVICEBRANCHCHENNAIECSMANDATECRDEBITRANSFERTO,211662.0,0.0,4103567.88,EMI-DEBIT
2019-12-17,MUMBAIFORTC ACFEESCRHAWIEEXIM691TRANSFER28,0.0,45858.0,4149425.88,TRANSFER
2019-12-17,MUMBAIFORTC ACFEESSSSCRSUPERMARKET665TRANSFER28,0.0,9042.0,4158467.88,TRANSFER
2019-12-17,TIRUMANGALAMCASHDEPOSITCRDepositbySELF,0.0,140000.0,4298467.88,CASH
2019-12-17,MUMBAIFORTC ACFEESCRSANTHOSHSUPERM320TRANSFER29,0.0,3698.0,4302165.88,TRANSFER
2019-12-17,MUMBAIFORTC ACFEESCRLIMR6832TRANSFE128,0.0,8300.0,4310465.88,TRANSFER
2019-12-17,MUMBAIFORTC ACFEESCRLIMR7068TRANSFE120,0.0,1915.0,4312380.88,TRANSFER
2019-12-17,MUMBAIFORTWITHDRAWALTRANSFERINVENTZLIFESCIENIDIBH19351122848CRTRANSFER24,53112.0,0.0,4259268.88,TRANSFER
2019-12-17,MUMBAIFORTWITHDRAWALTRANSFERHECTORBEVERAGESPIDIBH19351124710CRTRANSFER24,100005.0,0.0,4159263.88,TRANSFER
2019-12-17,MUMBAIFORTC ACFEESCRKARUVALURMARIA1942TRANSFER20,0.0,6388.0,4165651.88,TRANSFER
2019-12-17,MUMBAIFORTC ACFEESCRAMMANFRUITS340TRANSFER23,0.0,4926.0,4170577.88,TRANSFER
2019-12-18,MUMBAIFORTC ACFEESKPNCRFARMFRESHP542TRANSFER21,0.0,5698.0,4176275.88,TRANSFER
2019-12-18,TIRUMANGALAMCASHDEPOSITCRDepositbySELF,0.0,300000.0,4476275.88,CASH
2019-12-18,MUMBAIFORTC ACFEESCRRAMKUMARMEDICA0562TRANSFER23,0.0,2043.0,4478318.88,TRANSFER
2019-12-18,MUMBAIFORTC ACFEESCRSANTHOSHSUPERM675TRANSFER20,0.0,9628.0,4487946.88,TRANSFER
2019-12-18,MUMBAIFORTC ACFEESCRSANTHOSHSUPERM167TRANSFER29,0.0,299.0,4488245.88,TRANSFER
2019-12-18,MUMBAIFORTC ACFEESCRSANTHOSHSUPERM359TRANSFER23,0.0,11466.0,4499711.88,TRANSFER
2019-12-18,MUMBAIFORTC ACFEESCRSANTHOSHSUPERM845TRANSFER28,0.0,14399.0,4514110.88,TRANSFER
2019-12-18,MUMBAIFORTC ACFEESCRKALIGAMBALFRUI1902TRANSFER26,0.0,3091.0,4517201.88,TRANSFER
2019-12-18,CASHDEPCRCHRGSOTHER,100.0,0.0,4517101.88,DEPOSIT-CHARGES
2019-12-19,SERVICEBRANCHCHENNAITOCLGCHQ00865759CRSUJITHKUMARHUF,5000.0,0.0,4512101.88,CHQ
2019-12-19,SERVICEBRANCHCHENNAITOCLGCHQ00865758CRVANDHANA,10000.0,0.0,4502101.88,CHQ
2019-12-19,SERVICEBRANCHCHENNAITOCLGCHQ00865757CRVANDHANA,500000.0,0.0,4002101.88,CHQ
2019-12-19,MUMBAIFORTC ACFEESCRSANTHOSHSUPERM715TRANSFER21,0.0,1188.0,4003289.88,TRANSFER
2019-12-19,TIRUMANGALAMCASHDEPOSITCRDepositbySELF,0.0,100000.0,4103289.88,CASH
2019-12-19,MUMBAIFORTC ACFEESCRAMMANFRUITS230TRANSFER29,0.0,9712.0,4113001.88,TRANSFER
2019-12-19,MUMBAIFORTC ACFEESCRZENITHFOOD91DCTRANSFE128,0.0,4644.0,4117645.88,TRANSFER
2019-12-20,ATMSERVICEBYTRANSFERCRBRANCH IMPS 153 P2AfundtransferTRANSFE461,0.0,10000.0,4127645.88,IMPS
2019-12-20,TIRUMANGALAMCASHDEPOSITCRDepositbySELF,0.0,150000.0,4277645.88,CASH
2019-12-20,MUMBAIFORTC ACFEESCRSANTHOSHSUPERM599TRANSFER28,0.0,359.0,4278004.88,TRANSFER
2019-12-20,MUMBAIFORTC ACFEESCRKARUVALURMARIA8418TRANSFER21,0.0,1666.0,4279670.88,TRANSFER
2019-12-20,MUMBAIFORTC ACFEESSRICRMEENAKSHIAM291TRANSFER21,0.0,1530.0,4281200.88,TRANSFER
2019-12-20,COREBANKINGBYTRANSFERCRDATACENTRETransfer87844PurchasesTRANSFE7,0.0,12102.0,4293302.88,TRANSFER
2019-12-20,MUMBAIFORTC ACFEESCRANNANAGARSUPE0290TRANSFER27,0.0,7913.0,4301215.88,TRANSFER
2019-12-20,COREBANKINGWITHDRAWALTRANSFERTransferCRDATACENTREKishoremarketingTRANSFERTO,48870.0,0.0,4252345.88,TRANSFER
2019-12-20,MUMBAIFORTC ACFEESKPNCRFARMFRESHP236TRANSFER21,0.0,15162.0,4267507.88,TRANSFER
2019-12-20,MUMBAIFORTC ACFEESCRkarpag0529TRANSFER25,0.0,3105.0,4270612.88,TRANSFER
2019-12-21,SERVICEBRANCHCHENNAIECSMANDATECRDEBITRANSFERTO,231809.6,0.0,4038803.28,EMI-DEBIT
2019-12-21,COREBANKINGWITHDRAWALTRANSFERBILLDESKRINB8327501681 BPCLSMTFLT TRANSFERCRDATACENTRETO,10008.26,0.0,4028795.02,ONLINE-PAYMENT
2019-12-21,MUMBAIFORTWITHDRAWALTRANSFERINBISCOCRINDIAPV611TRANSFER24,215028.0,0.0,3813767.02,TRANSFER
2019-12-21,MUMBAIFORTC ACFEESTHECRKARURVYSYA216TRANSFER28,0.0,2076.0,3815843.02,TRANSFER
2019-12-22,TIRUMANGALAMBULKCHARGESCRSMSALERTCHARGESQ,15.0,0.0,3815828.02,BANK-CHARGES
2019-12-23,MUMBAIFORTC ACFEESCRELLIOTFOODS139TRANSFER29,0.0,2281.0,3818109.02,TRANSFER
2019-12-23,SERVICEBRANCHCHENNAICHEQUEDEPO00022176CRICICIBANKINGCORPORATION0446CTSG,0.0,950000.0,4768109.02,CHQ
2019-12-23,MUMBAIFORTC ACFEESCRSANTHOSHSUPERM761TRANSFER27,0.0,3152.0,4771261.02,TRANSFER
2019-12-23,MUMBAIFORTC ACFEESCRLIMR5983TRANSFE125,0.0,1868.0,4773129.02,TRANSFER
2019-12-23,MUMBAIFORTC ACFEESCRLIMR5930TRANSFE124,0.0,9270.0,4782399.02,TRANSFER
2019-12-24,SERVICEBRANCHCHENNAITOCLGCHQ00865755CRSRIAYYANARVEHICLEBODYBUIL,20000.0,0.0,4762399.02,CHQ
2019-12-24,TIRUMANGALAMCASHDEPOSITCRDepositbySELF,0.0,185000.0,4947399.02,CASH
2019-12-24,MUMBAIFORTC ACFEESCRSREESUPERB5997903TRANSFER21,0.0,2880.0,4950279.02,TRANSFER
2019-12-24,MUMBAIFORTC ACFEESCRSANTHOSHSUPERM238TRANSFER27,0.0,6019.0,4956298.02,TRANSFER
2019-12-24,MUMBAIFORTC ACFEESTHECRKARURVYSYA637TRANSFER27,0.0,4423.0,4960721.02,TRANSFER
2019-12-24,ATMSERVICEBYTRANSFERCRBRANCH IMPS 591 MBKISHORETRANSFE461,0.0,10.0,4960731.02,INTER-FIRM
2019-12-24,MUMBAIFORTC ACFEESCRAMMANFRUITS613TRANSFER23,0.0,6264.0,4966995.02,TRANSFER
2019-12-25,ATMSERVICEBYTRANSFERCRBRANCH IMPS 818 MBWRINGLESTRANSFE461,0.0,23510.0,4990505.02,IMPS
2019-12-25,MUMBAIFORTC ACFEESCRRAMKUMARMEDICA4486TRANSFER27,0.0,1736.0,4992241.02,TRANSFER
2019-12-26,MUMBAIFORTC ACFEESCRSANTHOSHSUPERM651TRANSFER21,0.0,563.0,4992804.02,TRANSFER
2019-12-26,MUMBAIFORTWITHDRAWALTRANSFERINBISCOCRINDIAPV969TRANSFER24,192013.0,0.0,4800791.02,TRANSFER
2019-12-26,TIRUMANGALAMCASHDEPOSITCRDepositbySELF,0.0,345000.0,5145791.02,CASH
2019-12-26,MUMBAIFORTWITHDRAWALTRANSFERCRREDBULLINDIAP793TRANSFER24,350028.0,0.0,4795763.02,TRANSFER
2019-12-26,MUMBAIFORTC ACFEESCRSREESUPERB7439257TRANSFER21,0.0,6923.0,4802686.02,TRANSFER
2019-12-26,MUMBAIFORTC ACFEESCRnavasakthivinay231TRANSFER20,0.0,2648.0,4805334.02,TRANSFER
2019-12-26,CASHDEPCRCHRGSOTHER,145.0,0.0,4805189.02,DEPOSIT-CHARGES
2019-12-27,SERVICEBRANCHCHENNAITOCLGCHQ00898763CRCAVINKAREPVTLTD,33606.0,0.0,4771583.02,CHQ
2019-12-27,SERVICEBRANCHCHENNAITOCLGCHQ00865756CRANUBHAVENTERPRISES,7200.0,0.0,4764383.02,CHQ
2019-12-27,SERVICEBRANCHCHENNAIECSMANDATECRDEBITRANSFERTO,1000000.0,0.0,3764383.02,EMI-DEBIT
2019-12-27,ATMSERVICEBYTRANSFERCRBRANCH IMPS TRANSFE461,0.0,2600.0,3766983.02,IMPS
2019-12-27,TIRUMANGALAMCASHDEPOSITCRDepositbySELF,0.0,100000.0,3866983.02,CASH
2019-12-27,MUMBAIFORTWITHDRAWALTRANSFERINVENTZLIFESCIENIDIBH19361141475CRTRANSFER24,52544.0,0.0,3814439.02,TRANSFER
2019-12-30,SERVICEBRANCHCHENNAIECSMANDATECRDEBITRANSFERTO,1334731.0,0.0,2479708.02,EMI-DEBIT
2019-12-30,MUMBAIFORTC ACFEESCRANNAISUPERMAR4232TRANSFER23,0.0,6562.0,2486270.02,TRANSFER
2019-12-30,TIRUMANGALAMCASHDEPOSITCRDepositbySELF,0.0,150000.0,2636270.02,CASH
2019-12-30,MUMBAIFORTC ACFEESCRPONNUSUPER9711904TRANSFER21,0.0,3287.0,2639557.02,TRANSFER
2019-12-30,MUMBAIFORTC ACFEESCRPONNUSUPER9715947TRANSFER24,0.0,3779.0,2643336.02,TRANSFER
2019-12-30,MUMBAIFORTWITHDRAWALTRANSFERINBISCOCRINDIAPV500TRANSFER24,100005.0,0.0,2543331.02,TRANSFER
2019-12-30,MUMBAIFORTC ACFEESCRLIMR7769TRANSFE121,0.0,10691.0,2554022.02,TRANSFER
2019-12-30,MUMBAIFORTC ACFEESCRLIMR7789TRANSFE121,0.0,1827.0,2555849.02,TRANSFER
2019-12-30,MUMBAIFORTC ACFEESSRICRMEENAKSHIAM445TRANSFER21,0.0,8859.0,2564708.02,TRANSFER
2019-12-30,MUMBAIFORTC ACFEESkpnCRfarmfreshp079TRANSFER23,0.0,6209.0,2570917.02,TRANSFER
2019-12-30,MUMBAIFORTC ACFEESCRkarpag7490TRANSFER29,0.0,1800.0,2572717.02,TRANSFER
2019-12-31,MUMBAIFORTC ACFEESCRPONNUSUPERMARK060TRANSFER21,0.0,1666.0,2574383.02,TRANSFER
2019-12-31,TIRUMANGALAMCASHDEPOSITCRDepositbySELF,0.0,200000.0,2774383.02,CASH
2019-12-31,MUMBAIFORTC ACFEESCRSANTHOSHSUPERM919TRANSFER21,0.0,8453.0,2782836.02,TRANSFER
2019-12-31,MUMBAIFORTC ACFEESKPNCRFARMFRESHP050TRANSFER21,0.0,4501.0,2787337.02,TRANSFER
2019-12-31,MUMBAIFORTC ACFEESTHECRKARURVYSYA928TRANSFER23,0.0,5217.0,2792554.02,TRANSFER
2020-01-02,SERVICEBRANCHCHENNAIECSMANDATECRDEBITRANSFERTO,93151.0,0.0,2699403.02,EMI-DEBIT
2020-01-02,COREBANKINGWITHDRAWALTRANSFERBILLDESKRINB8368858712 BPCLSMTFLT TRANSFERCRDATACENTRETO,10008.26,0.0,2689394.76,ONLINE-PAYMENT
2020-01-02,MUMBAIFORTC ACFEESCROMSAKTHIJUICEC436TRANSFER29,0.0,1547.0,2690941.76,TRANSFER
2020-01-02,TIRUMANGALAMCASHDEPOSITCRDepositbySELF,0.0,130000.0,2820941.76,CASH
2020-01-03,MUMBAIFORTC ACFEESCRSARAVANAST5072632TRANSFER21,0.0,1469.0,2822410.76,TRANSFER
2020-01-03,SERVICEBRANCHCHENNAIECSMANDATECRDEBITRANSFERTO,357488.0,0.0,2464922.76,EMI-DEBIT
2020-01-03,MUMBAIFORTC ACFEESRSCRPHARMACY073TRANSFER27,0.0,447.0,2465369.76,TRANSFER
2020-01-03,MUMBAIFORTC ACFEESCRSANTHOSHSUPERM416TRANSFER21,0.0,1709.0,2467078.76,TRANSFER
2020-01-03,MUMBAIFORTC ACFEESJPCRVENDTECH17173TRANSFE124,0.0,35014.0,2502092.76,TRANSFER
2020-01-04,SERVICEBRANCHCHENNAITOCLGCHQ00865753CRSJINFOTECH,5310.0,0.0,2496782.76,CHQ
2020-01-04,MUMBAIFORTWITHDRAWALTRANSFERBKarthikeyanIDIBH20004443694CRTRANSFER24,200013.0,0.0,2296769.76,TRANSFER
2020-01-04,MUMBAIFORTC ACFEESCRAMMANFRUITS838TRANSFER23,0.0,7873.0,2304642.76,TRANSFER
2020-01-04,MUMBAIFORTC ACFEESCRLIMR4284TRANSFE124,0.0,9460.0,2314102.76,TRANSFER
2020-01-04,MUMBAIFORTC ACFEESCRLIMR5712TRANSFE127,0.0,908.0,2315010.76,TRANSFER
2020-01-04,MUMBAIFORTC ACFEESCRANNANAGARSUPE5099TRANSFER26,0.0,5543.0,2320553.76,TRANSFER
2020-01-06,SERVICEBRANCHCHENNAIECSMANDATECRDEBITRANSFERTO,73354.0,0.0,2247199.76,EMI-DEBIT
2020-01-06,MUMBAIFORTC ACFEESKPNCRFARMFRESHP570TRANSFER27,0.0,3444.0,2250643.76,TRANSFER
2020-01-06,MUMBAIFORTC ACFEESCRKARUVALURMARIA8715TRANSFER25,0.0,8629.0,2259272.76,TRANSFER
2020-01-06,ATMSERVICEBYTRANSFERCRBRANCH IMPS 260 RedbullTRANSFE461,0.0,4173.0,2263445.76,IMPS
2020-01-07,MUMBAIFORTC ACFEESCRPONNUSUPERMARK469TRANSFER21,0.0,4364.0,2267809.76,TRANSFER
2020-01-07,MUMBAIFORTC ACFEESCRSARAVANAST8764981TRANSFER28,0.0,71986.0,2339795.76,TRANSFER
2020-01-07,SERVICEBRANCHMUMBAICHEQUEWDL00865734CRCMSADITYABIRLAFINANCE,56513.0,0.0,2283282.76,EMI-DEBIT
2020-01-07,MUMBAIFORTC ACFEESCRSANTHOSHSUPERM142TRANSFER25,0.0,2757.0,2286039.76,TRANSFER
2020-01-07,MUMBAIFORTC ACFEESCRSARAVANAST9277452TRANSFER25,0.0,85765.0,2371804.76,TRANSFER
2020-01-07,ATMSERVICEBYTRANSFERCRBRANCH IMPS 842 KishoreTRANSFE461,0.0,38545.0,2410349.76,INTER-FIRM
2020-01-08,MUMBAIFORTC ACFEESCRMCRENNETTF0242102TRANSFER24,0.0,1550.0,2411899.76,TRANSFER
2020-01-08,SERVICEBRANCHCHENNAIECSMANDATECRDEBITRANSFERTO,131165.0,0.0,2280734.76,EMI-DEBIT
2020-01-08,MUMBAIFORTWITHDRAWALTRANSFERHECTORBEVERAGESPIDIBH20008245081CRTRANSFER24,310228.0,0.0,1970506.76,TRANSFER
2020-01-08,MUMBAIFORTC ACFEESCRSANTHOSHSUPERM651TRANSFER21,0.0,2784.0,1973290.76,TRANSFER
2020-01-08,MUMBAIFORTC ACFEESCRSANTHOSHSUPERM733TRANSFER25,0.0,1154.0,1974444.76,TRANSFER
2020-01-08,MUMBAIFORTC ACFEESCRRAMKUMARMEDICA3031TRANSFER21,0.0,3930.0,1978374.76,TRANSFER
2020-01-08,MUMBAIFORTC ACFEESCRSANTHOSHSUPERM569TRANSFER24,0.0,1439.0,1979813.76,TRANSFER
2020-01-08,MUMBAIFORTWITHDRAWALTRANSFERcavinkareprivateIDIBH20008259580CRTRANSFER24,100005.0,0.0,1879808.76,TRANSFER
2020-01-08,MUMBAIFORTWITHDRAWALTRANSFERINVENTZLIFESCIENIDIBH20008260033CRTRANSFER24,132493.0,0.0,1747315.76,TRANSFER
2020-01-08,MUMBAIFORTC ACFEESCRCHAAICEN7024925TRANSFER23,0.0,944.0,1748259.76,TRANSFER
2020-01-08,MUMBAIFORTC ACFEESCRANNANAGARSUPE2892TRANSFER28,0.0,8512.0,1756771.76,TRANSFER
2020-01-09,SERVICEBRANCHCHENNAIECSMANDATECRDEBITRANSFERTO,142448.0,0.0,1614323.76,EMI-DEBIT
2020-01-09,MUMBAIFORTC ACFEESSRICRMEENAKSHIAM642TRANSFER26,0.0,4736.0,1619059.76,TRANSFER
2020-01-09,MUMBAIFORTC ACFEESCRANNAISUPERMAR3372TRANSFER25,0.0,9084.0,1628143.76,TRANSFER
2020-01-09,MUMBAIFORTWITHDRAWALTRANSFERINBISCOCRINDIAPV878TRANSFER24,200013.0,0.0,1428130.76,TRANSFER
2020-01-09,COREBANKINGBYTRANSFERCRDATACENTRETransfer87844PAYMENTTRANSFE7,0.0,9297.0,1437427.76,TRANSFER
2020-01-09,MUMBAIFORTC ACFEESRSCRPHARMACY617TRANSFER23,0.0,1205.0,1438632.76,TRANSFER
2020-01-09,MUMBAIFORTC ACFEESCRSAARALRESORTSA925TRANSFER29,0.0,5713.0,1444345.76,TRANSFER
2020-01-10,SERVICEBRANCHCHENNAICHEQUEDEPO00006406CRICICIBANKINGCORPORATION0446CTSG,0.0,10789.0,1455134.76,CHQ
2020-01-10,SERVICEBRANCHCHENNAICHEQUEDEPO00022179CRICICIBANKINGCORPORATION0446CTSG,0.0,1300000.0,2755134.76,CHQ
2020-01-10,SERVICEBRANCHCHENNAIECSMANDATECRDEBITRANSFERTO,35447.0,0.0,2719687.76,EMI-DEBIT
2020-01-10,MUMBAIFORTC ACFEESCRHAWIEEXIM926TRANSFER24,0.0,8179.0,2727866.76,TRANSFER
2020-01-10,MUMBAIFORTC ACFEESCRSANTHOSHSUPERM972TRANSFER23,0.0,4540.0,2732406.76,TRANSFER
2020-01-10,TIRUMANGALAMCASHDEPOSITCRDepositbySELF,0.0,320000.0,3052406.76,CASH
2020-01-10,CASHDEPCRCHRGSOTHER,120.0,0.0,3052286.76,DEPOSIT-CHARGES
2020-01-12,MUMBAIFORTC ACFEESCRSANGAMITHR741DCTRANSFE126,0.0,2249.0,3054535.76,TRANSFER
2020-01-13,MUMBAIFORTC ACFEESCRPONNUSUPER4804409TRANSFER28,0.0,2851.0,3057386.76,TRANSFER
2020-01-13,TIRUMANGALAMCASHDEPOSITCRDepositbySELF,0.0,100000.0,3157386.76,CASH
2020-01-13,MUMBAIFORTC ACFEESCRSANTHOSHSUPERM337TRANSFER25,0.0,32417.0,3189803.76,TRANSFER
2020-01-13,MUMBAIFORTC ACFEESCRSANTHOSHSUPERM478TRANSFER26,0.0,8104.0,3197907.76,TRANSFER
2020-01-13,MUMBAIFORTC ACFEESCRSANTHOSHSUPERM604TRANSFER25,0.0,2814.0,3200721.76,TRANSFER
2020-01-13,MUMBAIFORTC ACFEESkpnCRfarmfreshp835TRANSFER27,0.0,5296.0,3206017.76,TRANSFER
2020-01-13,MUMBAIFORTC ACFEESCRLIMR2580TRANSFE121,0.0,1698.0,3207715.76,TRANSFER
2020-01-13,MUMBAIFORTC ACFEESCRLIMR2714TRANSFE126,0.0,16822.0,3224537.76,TRANSFER
2020-01-13,MUMBAIFORTC ACFEESCRKaligambalFruitTRANSFE125,0.0,10025.0,3234562.76,TRANSFER
2020-01-14,COREBANKINGWITHDRAWALTRANSFERBILLDESKRINB8414556533 BPCLSMTFLT TRANSFERCRDATACENTRETO,10008.26,0.0,3224554.5,ONLINE-PAYMENT
2020-01-14,SERVICEBRANCHCHENNAICHEQUEDEPO00001381CRICICIBANKINGCORPORATION0446CTSG,0.0,6289.0,3230843.5,CHQ
2020-01-14,SERVICEBRANCHCHENNAICHEQUEDEPO00001257CRICICIBANKINGCORPORATION0446CTSG,0.0,1312.0,3232155.5,CHQ
2020-01-14,TIRUMANGALAMCASHDEPOSITCRDepositbySELF,0.0,215000.0,3447155.5,CASH
2020-01-14,MUMBAIFORTC ACFEESKPNCRFARMFRESHP192TRANSFER26,0.0,4243.0,3451398.5,TRANSFER
2020-01-14,MUMBAIFORTC ACFEESCRSANTHOSHSUPERM595TRANSFER29,0.0,7149.0,3458547.5,TRANSFER
2020-01-14,MUMBAIFORTC ACFEESSRICRMEENAKSHIAM318TRANSFER24,0.0,2683.0,3461230.5,TRANSFER
2020-01-14,MUMBAIFORTC ACFEESTHECRKARURVYSYA070TRANSFER24,0.0,803.0,3462033.5,TRANSFER
2020-01-14,MUMBAIFORTC ACFEESCRAMMANFRUITS616TRANSFER29,0.0,11116.0,3473149.5,TRANSFER
2020-01-14,MUMBAIFORTC ACFEESCRAMMANFRUITS147TRANSFER26,0.0,5568.0,3478717.5,TRANSFER
2020-01-14,CASHDEPCRCHRGSOTHER,100.0,0.0,3478617.5,DEPOSIT-CHARGES
2020-01-15,MUMBAIFORTC ACFEESCRHECTORBEVER3467478TRANSFER28,0.0,14516.0,3493133.5,TRANSFER
2020-01-15,MUMBAIFORTC ACFEESCRHECTORBEVER3467687TRANSFER28,0.0,15000.0,3508133.5,TRANSFER
2020-01-15,MUMBAIFORTC ACFEESCRHECTORBEVER3467475TRANSFER29,0.0,14032.0,3522165.5,TRANSFER
2020-01-15,MUMBAIFORTC ACFEESCRHECTORBEVER3467689TRANSFER21,0.0,14516.0,3536681.5,TRANSFER
2020-01-15,MUMBAIFORTC ACFEESCRHECTORBEVER3467695TRANSFER29,0.0,10645.0,3547326.5,TRANSFER
2020-01-18,SERVICEBRANCHCHENNAIECSMANDATECRDEBITRANSFERTO,328147.6,0.0,3219178.9,EMI-DEBIT
2020-01-18,MUMBAIFORTC ACFEESCRPONNUSUPERMAR0046TRANSFER23,0.0,15466.0,3234644.9,TRANSFER
2020-01-18,MUMBAIFORTC ACFEESCRSANTHOSHSUPERM804TRANSFER20,0.0,6503.0,3241147.9,TRANSFER
2020-01-19,MUMBAIFORTC ACFEESMRCRVBALAKUMAR563TRANSFER21,0.0,9500.0,3250647.9,TRANSFER
2020-01-20,MUMBAIFORTC ACFEESCRAROCKIYASATRANSFE121,0.0,10000.0,3260647.9,TRANSFER
2020-01-20,MUMBAIFORTC ACFEESCRSANTHOSHSUPERM549TRANSFER26,0.0,7042.0,3267689.9,TRANSFER
2020-01-20,COREBANKINGBYTRANSFERCRDATACENTRETransfer87844kishoremarketingTRANSFE09,0.0,6917.66,3274607.56,TRANSFER
2020-01-20,MUMBAIFORTC ACFEESCRANNANAGARSUPE4902TRANSFER25,0.0,12992.0,3287599.56,TRANSFER
2020-01-20,MUMBAIFORTC ACFEESCRLIMR3772TRANSFE121,0.0,1598.0,3289197.56,TRANSFER
2020-01-20,MUMBAIFORTC ACFEESCRLIMR4951TRANSFE126,0.0,14560.0,3303757.56,TRANSFER
2020-01-21,SERVICEBRANCHCHENNAIECSMANDATECRDEBITRANSFERTO,253395.0,0.0,3050362.56,EMI-DEBIT
2020-01-21,COREBANKINGWITHDRAWALTRANSFERCRDATACENTREGSTPAYATRANSFERTO,26849.0,0.0,3023513.56,GST
2020-01-21,TIRUMANGALAMCASHDEPOSITCRDepositbySELF,0.0,200000.0,3223513.56,CASH
2020-01-21,MUMBAIFORTC ACFEESCRSANTHOSHSUPERM168TRANSFER28,0.0,6624.0,3230137.56,TRANSFER
2020-01-21,MUMBAIFORTWITHDRAWALTRANSFERINVENTZLIFESCIENIDIBH20021404260CRTRANSFER24,47807.0,0.0,3182330.56,TRANSFER
2020-01-21,COREBANKINGWITHDRAWALTRANSFERCRDATACENTREGSTPAYBTRANSFERTO,31727.0,0.0,3150603.56,GST
2020-01-21,ATMSERVICEBYTRANSFERCRBRANCHUPITRAN3190 UPITRANSFE466,0.0,242.0,3150845.56,UPI
2020-01-21,MUMBAIFORTC ACFEESTHECRKARURVYSYA868TRANSFER28,0.0,4386.0,3155231.56,TRANSFER
2020-01-21,MUMBAIFORTC ACFEESCRCHAAICEN9346880TRANSFER24,0.0,996.0,3156227.56,TRANSFER
2020-01-21,MUMBAIFORTC ACFEESCRZENITHFOOD21DCTRANSFE121,0.0,3096.0,3159323.56,TRANSFER
2020-01-21,MUMBAIFORTC ACFEESKPNCRFARMFRESHP547TRANSFER28,0.0,11384.0,3170707.56,TRANSFER
2020-01-21,MUMBAIFORTWITHDRAWALTRANSFERINBISCOCRINDIAPV234TRANSFER24,150013.0,0.0,3020694.56,TRANSFER
2020-01-22,SERVICEBRANCHCHENNAICHEQUEDEPO00022180CRICICIBANKINGCORPORATION0446CTSG,0.0,800000.0,3820694.56,CHQ
2020-01-22,SERVICEBRANCHCHENNAICHEQUEDEPO00001303CRICICIBANKINGCORPORATION0446CTSG,0.0,5450.0,3826144.56,CHQ
2020-01-22,MUMBAIFORTWITHDRAWALTRANSFERCRSNJSugarsandp903TRANSFER24,128933.0,0.0,3697211.56,TRANSFER
2020-01-22,MUMBAIFORTC ACFEESCRPONNUSUPER2282549TRANSFER24,0.0,3016.0,3700227.56,TRANSFER
2020-01-22,TIRUMANGALAMCASHDEPOSITCRDepositbySELF,0.0,150000.0,3850227.56,CASH
2020-01-22,MUMBAIFORTWITHDRAWALTRANSFERHECTORBEVERAGESPIDIBH20022455381CRTRANSFER24,620028.0,0.0,3230199.56,TRANSFER
2020-01-22,MUMBAIFORTC ACFEESCRSANTHOSHSUPERM843TRANSFER29,0.0,989.0,3231188.56,TRANSFER
2020-01-22,MUMBAIFORTC ACFEESCRKaligambalFruitTRANSFE124,0.0,8209.0,3239397.56,TRANSFER
2020-01-22,MUMBAIFORTC ACFEESSRICRMEENAKSHIAM779TRANSFER28,0.0,2405.0,3241802.56,TRANSFER
2020-01-23,SERVICEBRANCHCHENNAITOCLGCHQ00865761CRSUJITHKUMARHUF,250000.0,0.0,2991802.56,CHQ
2020-01-23,SERVICEBRANCHCHENNAITOCLGCHQ00865760CRSUJITHKUMARHUF,5000.0,0.0,2986802.56,CHQ
2020-01-23,SERVICEBRANCHCHENNAICHEQUEDEPO00030784CRICICIBANKINGCORPORATION0446CTSG,0.0,2079.0,2988881.56,CHQ
2020-01-23,ATMSERVICEBYTRANSFERCRBRANCH IMPS TRANSFER61,0.0,1961.0,2990842.56,IMPS
2020-01-23,TIRUMANGALAMCASHDEPOSITCRDepositbySELF,0.0,340000.0,3330842.56,CASH
2020-01-23,MUMBAIFORTC ACFEESRSCRPHARMACY236TRANSFER21,0.0,716.0,3331558.56,TRANSFER
2020-01-23,ATMSERVICEBYTRANSFERCRBRANCH IMPS 603 TRANSFE461,0.0,1802.0,3333360.56,IMPS
2020-01-23,ATMSERVICEBYTRANSFERCRBRANCH IMPS 993 kishoreTRANSFE461,0.0,24501.0,3357861.56,INTER-FIRM
2020-01-23,MUMBAIFORTC ACFEESCRSANGAMITHR761DCTRANSFE124,0.0,1444.0,3359305.56,TRANSFER
2020-01-23,MUMBAIFORTC ACFEESJPCRVENDTECH70097TRANSFE126,0.0,22127.0,3381432.56,TRANSFER
2020-01-23,CASHDEPCRCHRGSOTHER,140.0,0.0,3381292.56,DEPOSIT-CHARGES
2020-01-24,SERVICEBRANCHCHENNAIECSMANDATECRDEBITRANSFERTO,482002.0,0.0,2899290.56,EMI-DEBIT
2020-01-24,SERVICEBRANCHCHENNAIECSMANDATECRDEBITRANSFERTO,483817.0,0.0,2415473.56,EMI-DEBIT
2020-01-24,MUMBAIFORTC ACFEESCRELLIOTFOODS274TRANSFER27,0.0,1140.0,2416613.56,TRANSFER
2020-01-24,MUMBAIFORTC ACFEESCRSANTHOSHSUPERM030TRANSFER29,0.0,10373.0,2426986.56,TRANSFER
2020-01-24,MUMBAIFORTC ACFEESCRSANTHOSHSUPERM413TRANSFER20,0.0,4541.0,2431527.56,TRANSFER
2020-01-24,VINAYAGAPURAMBYTRANSFERCRDepositbytrfTRANSFE66,0.0,18571.0,2450098.56,TRANSFER
2020-01-24,ATMSERVICEBYTRANSFERCRBRANCH IMPS 411 CrystalTRANSFE461,0.0,4379.0,2454477.56,IMPS
2020-01-24,MUMBAIFORTC ACFEESCRkarpag0672TRANSFER23,0.0,1305.0,2455782.56,TRANSFER
2020-01-24,MUMBAIFORTC ACFEESCRAMMANFRUITS022TRANSFER29,0.0,9099.0,2464881.56,TRANSFER
2020-01-25,ATMSERVICEBYTRANSFERCRBRANCHUPITRAN6792 UPITRANSFE466,0.0,603.0,2465484.56,UPI
2020-01-26,MUMBAIFORTC ACFEESCRSREESUPERB5087611TRANSFER29,0.0,3032.0,2468516.56,TRANSFER
2020-01-27,SERVICEBRANCHCHENNAITOCLGCHQ00865766CRSECEDCWEST,2308.0,0.0,2466208.56,CHQ
2020-01-27,SERVICEBRANCHCHENNAITOCLGCHQ00865754CRMEENAKSHIMARKETING,50000.0,0.0,2416208.56,CHQ
2020-01-27,MUMBAIFORTC ACFEESCRKARUVALURMARIA0039TRANSFER20,0.0,9339.0,2425547.56,TRANSFER
2020-01-27,TIRUMANGALAMCASHDEPOSITCRDepositbySELF,0.0,410000.0,2835547.56,CASH
2020-01-27,MUMBAIFORTC ACFEESCRSANTHOSHSUPERM009TRANSFER20,0.0,3116.0,2838663.56,TRANSFER
2020-01-27,COREBANKINGWITHDRAWALTRANSFERBILLDESKRINB8462294679 BPCLSMTFLT TRANSFERCRDATACENTRETO,10008.26,0.0,2828655.3,ONLINE-PAYMENT
2020-01-27,CASHDEPCRCHRGSOTHER,210.0,0.0,2828445.3,DEPOSIT-CHARGES
2020-01-28,SERVICEBRANCHCHENNAIECSMANDATECRDEBITRANSFERTO,1000000.0,0.0,1828445.3,EMI-DEBIT
2020-01-28,MUMBAIFORTC ACFEESCRnavasakthivinay445TRANSFER21,0.0,2091.0,1830536.3,TRANSFER
2020-01-28,TIRUMANGALAMCASHDEPOSITCRDepositbySELF,0.0,160000.0,1990536.3,CASH
2020-01-28,MUMBAIFORTC ACFEESCRANNAISUPERMAR0733TRANSFER21,0.0,6551.0,1997087.3,TRANSFER
2020-01-28,MUMBAIFORTC ACFEESCRSANTHOSHSUPERM045TRANSFER29,0.0,1363.0,1998450.3,TRANSFER
2020-01-28,MUMBAIFORTC ACFEESCRSANTHOSHSUPERM541TRANSFER29,0.0,9313.0,2007763.3,TRANSFER
2020-01-28,MUMBAIFORTC ACFEESCRSANTHOSHSUPERM801TRANSFER25,0.0,1972.0,2009735.3,TRANSFER
2020-01-28,MUMBAIFORTC ACFEESCRSUDHARSANAG080301TRANSFE129,0.0,14472.0,2024207.3,TRANSFER
2020-01-28,MUMBAIFORTC ACFEESCRLIMR2175TRANSFE123,0.0,1350.0,2025557.3,TRANSFER
2020-01-28,MUMBAIFORTC ACFEESCRLIMR2227TRANSFE126,0.0,11496.0,2037053.3,TRANSFER
2020-01-29,ATMSERVICEBYTRANSFERCRBRANCH IMPS 111 ASSMGalaxypaymentTRANSFE461,0.0,2631.0,2039684.3,IMPS
2020-01-29,SERVICEBRANCHCHENNAICHEQUEDEPO00006415CRICICIBANKINGCORPORATION0446CTSG,0.0,8860.0,2048544.3,CHQ
2020-01-29,MUMBAIFORTWITHDRAWALTRANSFERINBISCOCRINDIAPV079TRANSFER24,170013.0,0.0,1878531.3,TRANSFER
2020-01-29,SERVICEBRANCHCHENNAIECSMANDATECRDEBITRANSFERTO,674996.0,0.0,1203535.3,EMI-DEBIT
2020-01-29,MUMBAIFORTC ACFEESCRSANTHOSHSUPERM043TRANSFER21,0.0,5069.0,1208604.3,TRANSFER
2020-01-29,TIRUMANGALAMCASHDEPOSITCRDepositbySELF,0.0,1300000.0,2508604.3,CASH
2020-01-29,MUMBAIFORTWITHDRAWALTRANSFERCRREDBULLINDIAP096TRANSFER24,670028.0,0.0,1838576.3,TRANSFER
2020-01-29,MUMBAIFORTC ACFEESCRAMMANFRUITS764TRANSFER27,0.0,22933.0,1861509.3,TRANSFER
2020-01-29,MUMBAIFORTC ACFEESKPNCRFarmFreshP880TRANSFER26,0.0,3416.0,1864925.3,TRANSFER
2020-01-29,CASHDEPCRCHRGSOTHER,1100.0,0.0,1863825.3,DEPOSIT-CHARGES
2020-01-30,SERVICEBRANCHCHENNAICHEQUEDEPO00001366CRICICIBANKINGCORPORATION0446CTSG,0.0,1536.0,1865361.3,CHQ
2020-01-30,SERVICEBRANCHCHENNAICHEQUEDEPO00006543CRICICIBANKINGCORPORATION0446CTSG,0.0,1224.0,1866585.3,CHQ
2020-01-30,SERVICEBRANCHCHENNAICHEQUEDEPO00006482CRICICIBANKINGCORPORATION0446CTSG,0.0,8783.0,1875368.3,CHQ
2020-01-30,SERVICEBRANCHCHENNAICHEQUEDEPO00022181CRICICIBANKINGCORPORATION0446CTSG,0.0,800000.0,2675368.3,CHQ
2020-01-30,SERVICEBRANCHCHENNAIECSMANDATECRDEBITRANSFERTO,600000.0,0.0,2075368.3,EMI-DEBIT
2020-01-30,SERVICEBRANCHCHENNAICHEQUEWDL00865762CRCAVINKAREPVTLTD,320870.0,0.0,1754498.3,CHQ
2020-01-30,MUMBAIFORTWITHDRAWALTRANSFERHECTORBEVERAGESPIDIBH20030384620CRTRANSFER24,200013.0,0.0,1554485.3,TRANSFER
2020-01-30,ATMSERVICEBYTRANSFERCRBRANCHUPITRAN9092 UPITRANSFE466,0.0,2165.0,1556650.3,UPI
2020-01-30,TIRUMANGALAMCASHDEPOSITCRDepositbySELF,0.0,235000.0,1791650.3,CASH
2020-01-30,MUMBAIFORTC ACFEESCRSANTHOSHSUPERM098TRANSFER28,0.0,2267.0,1793917.3,TRANSFER
2020-01-30,MUMBAIFORTC ACFEESCRSANTHOSHSUPERM106TRANSFER29,0.0,450.0,1794367.3,TRANSFER
2020-01-30,MUMBAIFORTC ACFEESCRANNACHIENTE8891674TRANSFER26,0.0,5587.0,1799954.3,TRANSFER
2020-01-30,MUMBAIFORTC ACFEESKPNCRFARMFRESHP437TRANSFER20,0.0,3438.0,1803392.3,TRANSFER
2020-01-30,CASHDEPCRCHRGSOTHER,100.0,0.0,1803292.3,DEPOSIT-CHARGES
2020-01-31,SERVICEBRANCHCHENNAICHEQUEDEPO00000387CRICICIBANKINGCORPORATION0446CTSG,0.0,1569.0,1804861.3,CHQ
2020-01-31,SERVICEBRANCHCHENNAICHEQUEDEPO00001264CRICICIBANKINGCORPORATION0446CTSG,0.0,2151.0,1807012.3,CHQ
2020-01-31,ATMSERVICEWITHDRAWALTRANSFER IMPS P2A 003112153339 050200024179741 HDFC 386405TRANSFER3132000CRBRANCHTO,31320.0,0.0,1775692.3,IMPS
2020-01-31,ATMSERVICEWITHDRAWALTRANSFER IMPSCOMMISSIONCHARGES 003112153339 TRANSFERCRBRANCHTO,6.0,0.0,1775686.3,BANK-CHARGES
2020-01-31,MUMBAIFORTC ACFEESM SCRMADRASAGRO273TRANSFER23,0.0,2486.0,1778172.3,TRANSFER
2020-01-31,ATMSERVICEBYTRANSFERCRBRANCH/IMPS/027/PersonalTRANSFE461,0.0,10092.0,1788264.3,IMPS
